# Generated from base_link.STL
o base_link
v 0.0466690473 0.0242058448 0.00999999978
v 0.0466690473 0.0242058448 0.00249999994
v 0.0461266935 0.0243296325 0.00999999978
vn 0.22251913 0.974928319 2.79002991e-16
f 1//1 2//1 3//1
v 0.0461266935 0.0243296325 0.00999999978
v 0.0466690473 0.0242058448 0.00249999994
v 0.0460440479 0.0243733115 0.00249999994
vn 0.258816063 0.965922654 0.00277340855
f 4//2 5//2 6//2
v 0.0461266935 0.0243296325 0.00999999978
v 0.0460440479 0.0243733115 0.00249999994
v 0.0460548848 0.0243868995 0.00999999978
vn 0.623498142 0.78182143 -0.00231735385
f 7//3 8//3 9//3
v 0.0460548848 0.0243868995 0.00999999978
v 0.0460440479 0.0243733115 0.00249999994
v 0.0456917584 0.0246764813 0.00999999978
vn 0.623485625 0.781831384 -0.00231735385
f 10//4 11//4 12//4
v 0.0456917584 0.0246764813 0.00999999978
v 0.0460440479 0.0243733115 0.00249999994
v 0.0455865152 0.0248308443 0.00249999994
vn 0.707099199 0.707099199 0.00463101082
f 13//5 14//5 15//5
v 0.0456917584 0.0246764813 0.00999999978
v 0.0455865152 0.0248308443 0.00249999994
v 0.045611605 0.0248429254 0.00999999978
vn 0.900966704 0.433872342 -0.00371290185
f 16//6 17//6 18//6
v 0.045611605 0.0248429254 0.00999999978
v 0.0455865152 0.0248308443 0.00249999994
v 0.0454503894 0.025177693 0.00999999978
vn 0.900962591 0.433880895 -0.00371290185
f 19//7 20//7 21//7
v 0.0454503894 0.025177693 0.00999999978
v 0.0455865152 0.0248308443 0.00249999994
v 0.0454190485 0.0254558437 0.00249999994
vn 0.965911448 0.258813053 0.00556220254
f 22//8 23//8 24//8
v 0.0454503894 0.025177693 0.00999999978
v 0.0454190485 0.0254558437 0.00249999994
v 0.0454503894 0.0254558437 0.00999999978
vn 0.999991298 7.77477501e-19 -0.00417874614
f 25//9 26//9 27//9
v 0.0454503894 0.0254558437 0.00999999978
v 0.0454190485 0.0254558437 0.00249999994
v 0.0454503894 0.0257339962 0.00999999978
vn 0.999991298 7.77477501e-19 -0.00417874614
f 28//10 29//10 30//10
v 0.0454503894 0.0257339962 0.00999999978
v 0.0454190485 0.0254558437 0.00249999994
v 0.0455865152 0.0260808449 0.00249999994
vn 0.965911627 -0.258812338 0.00556223933
f 31//11 32//11 33//11
v 0.0454503894 0.0257339962 0.00999999978
v 0.0455865152 0.0260808449 0.00249999994
v 0.045611605 0.0260687619 0.00999999978
vn 0.900961637 -0.433882862 -0.00371300965
f 34//12 35//12 36//12
v 0.045611605 0.0260687619 0.00999999978
v 0.0455865152 0.0260808449 0.00249999994
v 0.0456917584 0.0262352061 0.00999999978
vn 0.900966704 -0.433872342 -0.00371300965
f 37//13 38//13 39//13
v 0.0456917584 0.0262352061 0.00999999978
v 0.0455865152 0.0260808449 0.00249999994
v 0.0460440479 0.0265383758 0.00249999994
vn 0.707097769 -0.70710063 0.00463088509
f 40//14 41//14 42//14
v 0.0456917584 0.0262352061 0.00999999978
v 0.0460440479 0.0265383758 0.00249999994
v 0.0460548848 0.0265247896 0.00999999978
vn 0.623488069 -0.781829417 -0.0023171599
f 43//15 44//15 45//15
v 0.0460548848 0.0265247896 0.00999999978
v 0.0460440479 0.0265383758 0.00249999994
v 0.0461266935 0.0265820548 0.00999999978
vn 0.623485744 -0.781831324 -0.0023171599
f 46//16 47//16 48//16
v 0.0461266935 0.0265820548 0.00999999978
v 0.0460440479 0.0265383758 0.00249999994
v 0.0466690473 0.0267058443 0.00249999994
vn 0.258818746 -0.965921938 0.00277337478
f 49//17 50//17 51//17
v 0.0461266935 0.0265820548 0.00999999978
v 0.0466690473 0.0267058443 0.00249999994
v 0.0466690473 0.0267058443 0.00999999978
vn 0.222522318 -0.974927604 -8.37764951e-17
f 52//18 53//18 54//18
v 0.0466690473 0.0254558437 0.010751076
v 0.0466690473 0.0242058448 0.00999999978
v 0.0461266935 0.0243296325 0.00999999978
vn 0.116749324 0.511516571 -0.851305127
f 55//19 56//19 57//19
v 0.0460548848 0.0243868995 0.00999999978
v 0.0456917584 0.0246764813 0.00999999978
v 0.0466690473 0.0254558437 0.010751076
vn 0.327125728 0.410205394 -0.851305068
f 58//20 59//20 60//20
v 0.045611605 0.0248429254 0.00999999978
v 0.0454503894 0.025177693 0.00999999978
v 0.0466690473 0.0254558437 0.010751076
vn 0.472712517 0.227646455 -0.851304889
f 61//21 62//21 63//21
v 0.0454503894 0.0254558437 0.00999999978
v 0.0454503894 0.0257339962 0.00999999978
v 0.0466690473 0.0254558437 0.010751076
vn 0.524671316 1.58389722e-16 -0.851304889
f 64//22 65//22 66//22
v 0.045611605 0.0260687619 0.00999999978
v 0.0456917584 0.0262352061 0.00999999978
v 0.0466690473 0.0254558437 0.010751076
vn 0.472714931 -0.227642089 -0.85130471
f 67//23 68//23 69//23
v 0.0466690473 0.0254558437 0.010751076
v 0.0461266935 0.0265820548 0.00999999978
v 0.0466690473 0.0267058443 0.00999999978
vn 0.116750926 -0.511515915 -0.851305306
f 70//24 71//24 72//24
v 0.0460548848 0.0265247896 0.00999999978
v 0.0461266935 0.0265820548 0.00999999978
v 0.0466690473 0.0254558437 0.010751076
vn 0.32712552 -0.410205007 -0.851305306
f 73//25 74//25 75//25
v 0.0456917584 0.0262352061 0.00999999978
v 0.0460548848 0.0265247896 0.00999999978
v 0.0466690473 0.0254558437 0.010751076
vn 0.327126831 -0.410204172 -0.851305187
f 76//26 77//26 78//26
v 0.0454503894 0.0257339962 0.00999999978
v 0.045611605 0.0260687619 0.00999999978
v 0.0466690473 0.0254558437 0.010751076
vn 0.47271198 -0.227647454 -0.851304889
f 79//27 80//27 81//27
v 0.0454503894 0.025177693 0.00999999978
v 0.0454503894 0.0254558437 0.00999999978
v 0.0466690473 0.0254558437 0.010751076
vn 0.524671316 1.58389722e-16 -0.851304889
f 82//28 83//28 84//28
v 0.0456917584 0.0246764813 0.00999999978
v 0.045611605 0.0248429254 0.00999999978
v 0.0466690473 0.0254558437 0.010751076
vn 0.472714931 0.227642089 -0.85130471
f 85//29 86//29 87//29
v 0.0461266935 0.0243296325 0.00999999978
v 0.0460548848 0.0243868995 0.00999999978
v 0.0466690473 0.0254558437 0.010751076
vn 0.327132881 0.410200894 -0.851304471
f 88//30 89//30 90//30
v 0.0254558437 0.0454190485 0.00999999978
v 0.0254558437 0.0454190485 0.00249999994
v 0.0248308443 0.0455865152 0.00999999978
vn 0.258817047 0.965926349 2.93250933e-16
f 91//31 92//31 93//31
v 0.0248308443 0.0455865152 0.00999999978
v 0.0254558437 0.0454190485 0.00249999994
v 0.0248308443 0.0455865152 0.00249999994
vn 0.258817047 0.965926349 2.93250933e-16
f 94//32 95//32 96//32
v 0.0248308443 0.0455865152 0.00999999978
v 0.0248308443 0.0455865152 0.00249999994
v 0.0243733115 0.0460440479 0.00999999978
vn 0.707106769 0.707106769 4.41747481e-16
f 97//33 98//33 99//33
v 0.0243733115 0.0460440479 0.00999999978
v 0.0248308443 0.0455865152 0.00249999994
v 0.0243733115 0.0460440479 0.00249999994
vn 0.707106769 0.707106769 4.41747481e-16
f 100//34 101//34 102//34
v 0.0243733115 0.0460440479 0.00999999978
v 0.0243733115 0.0460440479 0.00249999994
v 0.024205843 0.0466690473 0.00999999978
vn 0.965925634 0.258819729 4.71877449e-16
f 103//35 104//35 105//35
v 0.024205843 0.0466690473 0.00999999978
v 0.0243733115 0.0460440479 0.00249999994
v 0.024205843 0.0466690473 0.00249999994
vn 0.965925634 0.258819729 4.71877449e-16
f 106//36 107//36 108//36
v 0.024205843 0.0466690473 0.00999999978
v 0.024205843 0.0466690473 0.00249999994
v 0.0243733115 0.0472940467 0.00999999978
vn 0.965925634 -0.258819729 3.75567897e-16
f 109//37 110//37 111//37
v 0.0243733115 0.0472940467 0.00999999978
v 0.024205843 0.0466690473 0.00249999994
v 0.0243733115 0.0472940467 0.00249999994
vn 0.965925634 -0.258819729 3.75567897e-16
f 112//38 113//38 114//38
v 0.0243733115 0.0472940467 0.00999999978
v 0.0243733115 0.0472940467 0.00249999994
v 0.0248308443 0.0477515794 0.00999999978
vn 0.707106769 -0.707106769 1.7862567e-16
f 115//39 116//39 117//39
v 0.0248308443 0.0477515794 0.00999999978
v 0.0243733115 0.0472940467 0.00249999994
v 0.0248308443 0.0477515794 0.00249999994
vn 0.707106769 -0.707106769 1.7862567e-16
f 118//40 119//40 120//40
v 0.0248308443 0.0477515794 0.00999999978
v 0.0248308443 0.0477515794 0.00249999994
v 0.0254558437 0.0479190461 0.00999999978
vn 0.258817047 -0.965926349 -6.61803518e-17
f 121//41 122//41 123//41
v 0.0254558437 0.0479190461 0.00999999978
v 0.0248308443 0.0477515794 0.00249999994
v 0.0254558437 0.0479190461 0.00249999994
vn 0.258817047 -0.965926349 -6.61803518e-17
f 124//42 125//42 126//42
v 0.0254558437 0.0466690473 0.010751076
v 0.0243733115 0.0460440479 0.00999999978
v 0.024205843 0.0466690473 0.00999999978
vn 0.510202587 0.136708751 -0.849119544
f 127//43 128//43 129//43
v 0.0248308443 0.0455865152 0.00999999978
v 0.0243733115 0.0460440479 0.00999999978
v 0.0254558437 0.0466690473 0.010751076
vn 0.373494416 0.373494416 -0.849119484
f 130//44 131//44 132//44
v 0.0254558437 0.0454190485 0.00999999978
v 0.0248308443 0.0455865152 0.00999999978
v 0.0254558437 0.0466690473 0.010751076
vn 0.13670741 0.510203242 -0.849119425
f 133//45 134//45 135//45
v 0.0254558437 0.0466690473 0.010751076
v 0.0248308443 0.0477515794 0.00999999978
v 0.0254558437 0.0479190461 0.00999999978
vn 0.13670741 -0.510203242 -0.849119425
f 136//46 137//46 138//46
v 0.0243733115 0.0472940467 0.00999999978
v 0.0248308443 0.0477515794 0.00999999978
v 0.0254558437 0.0466690473 0.010751076
vn 0.373494416 -0.373494416 -0.849119484
f 139//47 140//47 141//47
v 0.024205843 0.0466690473 0.00999999978
v 0.0243733115 0.0472940467 0.00999999978
v 0.0254558437 0.0466690473 0.010751076
vn 0.510202587 -0.136708751 -0.849119544
f 142//48 143//48 144//48
v 0.0449012816 -0.0282591451 0.00999999978
v 0.0449012816 -0.0282591451 1.44390861e-17
v 0.045857992 -0.028449446 0.00999999978
vn -0.195089668 -0.980785429 -2.68060252e-16
f 145//49 146//49 147//49
v 0.045857992 -0.028449446 0.00999999978
v 0.0449012816 -0.0282591451 1.44390861e-17
v 0.045857992 -0.028449446 1.48233595e-17
vn -0.195089668 -0.980785429 -2.68060252e-16
f 148//50 149//50 150//50
v 0.045857992 -0.028449446 0.00999999978
v 0.045857992 -0.028449446 1.48233595e-17
v 0.0466690473 -0.0289913788 0.00999999978
vn -0.555572391 -0.831468165 -3.98411979e-16
f 151//51 152//51 153//51
v 0.0466690473 -0.0289913788 0.00999999978
v 0.045857992 -0.028449446 1.48233595e-17
v 0.0466690473 -0.0289913788 1.50783164e-17
vn -0.555572391 -0.831468165 -3.98411979e-16
f 154//52 155//52 156//52
v -0.0318198055 0.0434619412 0.00999999978
v -0.0318198055 0.0434619412 -5.87207535e-18
v -0.0330698043 0.0437968783 0.00999999978
vn 0.258819729 0.965925634 2.93251991e-16
f 157//53 158//53 159//53
v -0.0330698043 0.0437968783 0.00999999978
v -0.0318198055 0.0434619412 -5.87207535e-18
v -0.0330698043 0.0437968783 -6.35809565e-18
vn 0.258819729 0.965925634 2.93251991e-16
f 160//54 161//54 162//54
v -0.0330698043 0.0437968783 0.00999999978
v -0.0330698043 0.0437968783 -6.35809565e-18
v -0.033984866 0.04471194 0.00999999978
vn 0.707106769 0.707106769 4.41747481e-16
f 163//55 164//55 165//55
v -0.033984866 0.04471194 0.00999999978
v -0.0330698043 0.0437968783 -6.35809565e-18
v -0.033984866 0.04471194 -6.58925376e-18
vn 0.707106769 0.707106769 4.41747481e-16
f 166//56 167//56 168//56
v -0.033984866 0.04471194 0.00999999978
v -0.033984866 0.04471194 -6.58925376e-18
v -0.0343198031 0.0459619425 0.00999999978
vn 0.965925813 0.258819014 4.71877396e-16
f 169//57 170//57 171//57
v -0.0343198031 0.0459619425 0.00999999978
v -0.033984866 0.04471194 -6.58925376e-18
v -0.0343198031 0.0459619425 -6.5036112e-18
vn 0.965925813 0.258819014 4.71877396e-16
f 172//58 173//58 174//58
v -0.0343198031 0.0459619425 0.00999999978
v -0.0343198031 0.0459619425 -6.5036112e-18
v -0.033984866 0.0472119413 0.00999999978
vn 0.965925634 -0.258819729 3.75567897e-16
f 175//59 176//59 177//59
v -0.033984866 0.0472119413 0.00999999978
v -0.0343198031 0.0459619425 -6.5036112e-18
v -0.033984866 0.0472119413 -6.12411562e-18
vn 0.965925634 -0.258819729 3.75567897e-16
f 178//60 179//60 180//60
v -0.033984866 0.0472119413 0.00999999978
v -0.033984866 0.0472119413 -6.12411562e-18
v -0.0330698043 0.048127003 0.00999999978
vn 0.707106769 -0.707106769 1.7862567e-16
f 181//61 182//61 183//61
v -0.0330698043 0.048127003 0.00999999978
v -0.033984866 0.0472119413 -6.12411562e-18
v -0.0330698043 0.048127003 -5.55245317e-18
vn 0.707106769 -0.707106769 1.7862567e-16
f 184//62 185//62 186//62
v -0.0330698043 0.048127003 0.00999999978
v -0.0330698043 0.048127003 -5.55245317e-18
v -0.0318198055 0.0484619401 0.00999999978
vn 0.258819729 -0.965925634 -6.61790415e-17
f 187//63 188//63 189//63
v -0.0318198055 0.0484619401 0.00999999978
v -0.0330698043 0.048127003 -5.55245317e-18
v -0.0318198055 0.0484619401 -4.94179949e-18
vn 0.258819729 -0.965925634 -6.61790415e-17
f 190//64 191//64 192//64
v -2.97549863e-16 0.0636828989 0.0139428508
v -2.99056629e-16 0.0627416447 0.0173776969
v 0.000985502964 0.0627339035 0.0173776969
vn 0.00757551705 0.964416265 0.264279902
f 193//65 194//65 195//65
v -2.95993758e-16 0.064000003 0.0103955166
v -2.97549863e-16 0.0636828989 0.0139428508
v 0.00100028748 0.0636750385 0.0139428508
vn 0.00782665424 0.995997787 0.0890344754
f 196//66 197//66 198//66
v -2.95993758e-16 0.064000003 0.0103955166
v 0.00100028748 0.0636750385 0.0139428508
v 0.00100526831 0.0639921054 0.0103955166
vn 0.00782478414 0.995997787 0.0890350044
f 199//67 200//67 201//67
v 0.00100526831 0.0639921054 0.0103955166
v 0.00100028748 0.0636750385 0.0139428508
v 0.00649084477 0.0633512437 0.0139428508
vn 0.0586373582 0.994308114 0.0889553279
f 202//68 203//68 204//68
v 0.00100526831 0.0639921054 0.0103955166
v 0.00649084477 0.0633512437 0.0139428508
v 0.00652316539 0.0636666939 0.0103955166
vn 0.0586381666 0.994308174 0.0889540836
f 205//69 206//69 207//69
v 0.00652316539 0.0636666939 0.0103955166
v 0.00649084477 0.0633512437 0.0139428508
v 0.00772471121 0.0634908751 0.0103955166
vn 0.144211367 0.985540569 0.0889540985
f 208//70 209//70 210//70
v 0.00772471121 0.0634908751 0.0103955166
v 0.00649084477 0.0633512437 0.0139428508
v 0.0119329849 0.0625548959 0.0139428508
vn 0.144213989 0.985540152 0.0889549926
f 211//71 212//71 213//71
v 0.00772471121 0.0634908751 0.0103955166
v 0.0119329849 0.0625548959 0.0139428508
v 0.0119924042 0.0628663823 0.0103955166
vn 0.144214377 0.985540092 0.0889545456
f 214//72 215//72 216//72
v 0.0119924042 0.0628663823 0.0103955166
v 0.0119329849 0.0625548959 0.0139428508
v 0.0172861125 0.0612919368 0.0139428508
vn 0.22871463 0.969420791 0.0889545456
f 217//73 218//73 219//73
v 0.0119924042 0.0628663823 0.0103955166
v 0.0172861125 0.0612919368 0.0139428508
v 0.0173721872 0.0615971349 0.0103955166
vn 0.228714541 0.969420791 0.0889546797
f 220//74 221//74 222//74
v 0.0173721872 0.0615971349 0.0103955166
v 0.0172861125 0.0612919368 0.0139428508
v 0.0175482184 0.0615391731 0.0103955166
vn 0.311512321 0.9460693 0.0889546648
f 223//75 224//75 225//75
v 0.0175482184 0.0615391731 0.0103955166
v 0.0172861125 0.0612919368 0.0139428508
v 0.0225103013 0.059571784 0.0139428508
vn 0.311509669 0.946070194 0.0889545307
f 226//76 227//76 228//76
v 0.0175482184 0.0615391731 0.0103955166
v 0.0225103013 0.059571784 0.0139428508
v 0.0226223897 0.0598684177 0.0103955166
vn 0.311509401 0.946070254 0.0889549404
f 229//77 230//77 231//77
v 0.0226223897 0.0598684177 0.0103955166
v 0.0225103013 0.059571784 0.0139428508
v 0.0269284099 0.058025077 0.0103955166
vn 0.391980976 0.915662587 0.0889549404
f 232//78 233//78 234//78
v 0.0269284099 0.058025077 0.0103955166
v 0.0225103013 0.059571784 0.0139428508
v 0.0275665782 0.0574072748 0.0139428508
vn 0.39198029 0.915662944 0.0889538825
f 235//79 236//79 237//79
v 0.0269284099 0.058025077 0.0103955166
v 0.0275665782 0.0574072748 0.0139428508
v 0.027703844 0.0576931275 0.0103955166
vn 0.391979128 0.915663421 0.088954173
f 238//80 239//80 240//80
v 0.027703844 0.0576931275 0.0103955166
v 0.0275665782 0.0574072748 0.0139428508
v 0.032417234 0.0548145473 0.0139428508
vn 0.469527841 0.878425181 0.0889542103
f 241//81 242//81 243//81
v 0.027703844 0.0576931275 0.0103955166
v 0.032417234 0.0548145473 0.0139428508
v 0.0325786509 0.0550874881 0.0103955166
vn 0.469528288 0.878425002 0.0889535099
f 244//82 245//82 246//82
v 0.0453828871 0.0446755551 0.0139428508
v 0.0454900116 0.0447809771 0.0129569937
v 0.0451344103 0.0451344065 0.0130000003
vn 0.705995321 0.691994488 0.150712311
f 247//83 248//83 249//83
v 0.0453828871 0.0446755551 0.0139428508
v 0.0451344103 0.0451344065 0.0130000003
v 0.0413587354 0.0484248549 0.0139428508
vn 0.671312153 0.720524371 0.173737124
f 250//84 251//84 252//84
v 0.0413587354 0.0484248549 0.0139428508
v 0.0451344103 0.0451344065 0.0130000003
v 0.0440223254 0.0462565497 0.0127882967
vn 0.671539366 0.707225204 0.221059769
f 253//85 254//85 255//85
v 0.0413587354 0.0484248549 0.0139428508
v 0.0440223254 0.0462565497 0.0127882967
v 0.043686565 0.0465977341 0.0125860814
vn 0.661472797 0.736086428 0.143633276
f 256//86 257//86 258//86
v 0.043686565 0.0465977341 0.0125860814
v 0.0429918729 0.0473036505 0.012167695
v 0.0413587354 0.0484248549 0.0139428508
vn 0.661473215 0.736085773 0.143634751
f 259//87 260//87 261//87
v 0.0413587354 0.0484248549 0.0139428508
v 0.0429918729 0.0473036505 0.012167695
v 0.0421463214 0.0481373779 0.0112345936
vn 0.63750273 0.76334691 0.104363643
f 262//88 263//88 264//88
v 0.0413587354 0.0484248549 0.0139428508
v 0.0421463214 0.0481373779 0.0112345936
v 0.0421006754 0.0481823869 0.0111842211
vn 0.637511849 0.763338804 0.104367159
f 265//89 266//89 267//89
v 0.0325786509 0.0550874881 0.0103955166
v 0.032417234 0.0548145473 0.0139428508
v 0.0356411189 0.0530929975 0.0103955166
vn 0.543572307 0.834635496 0.0889535174
f 268//90 269//90 270//90
v 0.0356411189 0.0530929975 0.0103955166
v 0.032417234 0.0548145473 0.0139428508
v 0.0370260775 0.0518129431 0.0139428508
vn 0.543573141 0.83463484 0.0889546201
f 271//91 272//91 273//91
v 0.0356411189 0.0530929975 0.0103955166
v 0.0370260775 0.0518129431 0.0139428508
v 0.0372104459 0.0520709418 0.0103955166
vn 0.543572843 0.834635019 0.0889547914
f 274//92 275//92 276//92
v 0.0372104459 0.0520709418 0.0103955166
v 0.0370260775 0.0518129431 0.0139428508
v 0.0413587354 0.0484248549 0.0139428508
vn 0.61356312 0.784619212 0.0889547914
f 277//93 278//93 279//93
v 0.0372104459 0.0520709418 0.0103955166
v 0.0413587354 0.0484248549 0.0139428508
v 0.0415646769 0.0486659817 0.0103955166
vn 0.613563359 0.784619093 0.0889543816
f 280//94 281//94 282//94
v 0.0415646769 0.0486659817 0.0103955166
v 0.0413587354 0.0484248549 0.0139428508
v 0.0421006754 0.0481823869 0.0111842211
vn 0.592012465 0.801019728 0.0888180509
f 283//95 284//95 285//95
v 0.0415646769 0.0486659817 0.0103955166
v 0.0421006754 0.0481823869 0.0111842211
v 0.0416215621 0.0486173406 0.0103955166
vn 0.649692357 0.759807169 0.0243496783
f 286//96 287//96 288//96
v 0.0493128486 0.0407951362 0.0103955166
v 0.0486173406 0.0416215584 0.0103955166
v 0.049068518 0.0405930057 0.0139428508
vn 0.762067139 0.641347528 0.0890336931
f 289//97 290//97 291//97
v 0.049068518 0.0405930057 0.0139428508
v 0.0486173406 0.0416215584 0.0103955166
v 0.0481150448 0.0421618819 0.0112127615
vn 0.786133587 0.613141179 0.0777942762
f 292//98 293//98 294//98
v 0.049068518 0.0405930057 0.0139428508
v 0.0481150448 0.0421618819 0.0112127615
v 0.0478941463 0.0423994996 0.0115721626
vn 0.786129773 0.61314553 0.0777981132
f 295//99 296//99 297//99
v 0.0478941463 0.0423994996 0.0115721626
v 0.0469445251 0.0433461927 0.0124338539
v 0.049068518 0.0405930057 0.0139428508
vn 0.753289044 0.646714985 0.119646817
f 298//100 299//100 300//100
v 0.049068518 0.0405930057 0.0139428508
v 0.0469445251 0.0433461927 0.0124338539
v 0.046601288 0.0436838977 0.0125852684
vn 0.729020059 0.660623431 0.179182857
f 301//101 302//101 303//101
v 0.049068518 0.0405930057 0.0139428508
v 0.046601288 0.0436838977 0.0125852684
v 0.0453828871 0.0446755551 0.0139428508
vn 0.730946541 0.659881592 0.173992738
f 304//102 305//102 306//102
v 0.0453828871 0.0446755551 0.0139428508
v 0.046601288 0.0436838977 0.0125852684
v 0.0458600968 0.0444131456 0.0129122352
vn 0.728023291 0.664683938 0.167861253
f 307//103 308//103 309//103
v 0.0453828871 0.0446755551 0.0139428508
v 0.0458600968 0.0444131456 0.0129122352
v 0.0454900116 0.0447809771 0.0129569937
vn 0.706001401 0.691988289 0.150712311
f 310//104 311//104 312//104
v 0.0493128486 0.0407951362 0.0103955166
v 0.049068518 0.0405930057 0.0139428508
v 0.0501985475 0.0396250933 0.0103955166
vn 0.794159949 0.601163089 0.0889544114
f 313//105 314//105 315//105
v 0.0501985475 0.0396250933 0.0103955166
v 0.049068518 0.0405930057 0.0139428508
v 0.0523881316 0.0362076648 0.0139428508
vn 0.794160068 0.60116297 0.088954486
f 316//106 317//106 318//106
v 0.0501985475 0.0396250933 0.0103955166
v 0.0523881316 0.0362076648 0.0139428508
v 0.0526489951 0.0363879576 0.0103955166
vn 0.79415983 0.601163208 0.0889548883
f 319//107 320//107 321//107
v 0.0526489951 0.0363879576 0.0103955166
v 0.0523881316 0.0362076648 0.0139428508
v 0.0553169735 0.031552244 0.0139428508
vn 0.843069851 0.530396342 0.0889549106
f 322//108 323//108 324//108
v 0.0526489951 0.0363879576 0.0103955166
v 0.0553169735 0.031552244 0.0139428508
v 0.0555924177 0.0317093544 0.0103955166
vn 0.843070209 0.530395865 0.0889539942
f 325//109 326//109 327//109
v 0.0555924177 0.0317093544 0.0103955166
v 0.0553169735 0.031552244 0.0139428508
v 0.0561270304 0.0306702238 0.0103955166
vn 0.885692179 0.455671549 0.0889539942
f 328//110 329//110 330//110
v 0.0561270304 0.0306702238 0.0103955166
v 0.0553169735 0.031552244 0.0139428508
v 0.0578331873 0.0266614649 0.0139428508
vn 0.885692 0.455671877 0.0889538825
f 331//111 332//111 333//111
v 0.0561270304 0.0306702238 0.0103955166
v 0.0578331873 0.0266614649 0.0139428508
v 0.0581211634 0.0267942231 0.0103955166
vn 0.885691583 0.455672503 0.0889547691
f 334//112 335//112 336//112
v 0.0581211634 0.0267942231 0.0103955166
v 0.0578331873 0.0266614649 0.0139428508
v 0.0599180125 0.0215718113 0.0139428508
vn 0.921706676 0.377549738 0.088954784
f 337//113 338//113 339//113
v 0.0581211634 0.0267942231 0.0103955166
v 0.0599180125 0.0215718113 0.0139428508
v 0.060216371 0.0216792263 0.0103955166
vn 0.921706617 0.377549917 0.0889551193
f 340//114 341//114 342//114
v 0.060216371 0.0216792263 0.0103955166
v 0.0599180125 0.0215718113 0.0139428508
v 0.0604753755 0.0208489373 0.0103955166
vn 0.950846195 0.296611756 0.0889551416
f 343//115 344//115 345//115
v 0.0604753755 0.0208489373 0.0103955166
v 0.0599180125 0.0215718113 0.0139428508
v 0.061555896 0.0163212493 0.0139428508
vn 0.950846314 0.29661119 0.0889552757
f 346//116 347//116 348//116
v 0.0604753755 0.0208489373 0.0103955166
v 0.061555896 0.0163212493 0.0139428508
v 0.0618624091 0.0164025202 0.0103955166
vn 0.950846434 0.296610951 0.0889549106
f 349//117 350//117 351//117
v 0.0618624091 0.0164025202 0.0103955166
v 0.061555896 0.0163212493 0.0139428508
v 0.0627346113 0.010948943 0.0139428508
vn 0.972893715 0.213459238 0.0889549032
f 352//118 353//118 354//118
v 0.0618624091 0.0164025202 0.0103955166
v 0.0627346113 0.010948943 0.0139428508
v 0.0630469918 0.0110034626 0.0103955166
vn 0.972893834 0.213458896 0.0889543369
f 355//119 356//119 357//119
v 0.0630469918 0.0110034626 0.0103955166
v 0.0627346113 0.010948943 0.0139428508
v 0.0631207749 0.0104373014 0.0103955166
vn 0.987683713 0.128716633 0.088954322
f 358//120 359//120 360//120
v 0.0631207749 0.0104373014 0.0103955166
v 0.0627346113 0.010948943 0.0139428508
v 0.0634453818 0.00549496571 0.0139428508
vn 0.987683773 0.128716424 0.0889543593
f 361//121 362//121 363//121
v 0.0631207749 0.0104373014 0.0103955166
v 0.0634453818 0.00549496571 0.0139428508
v 0.0637613013 0.0055223275 0.0103955166
vn 0.987683773 0.128716365 0.0889542624
f 364//122 365//122 366//122
v 0.0637613013 0.0055223275 0.0103955166
v 0.0634453818 0.00549496571 0.0139428508
v 0.0636828914 4.0357925e-16 0.0139428508
vn 0.995106578 0.0430116206 0.088954255
f 367//123 368//123 369//123
v 0.0637613013 0.0055223275 0.0103955166
v 0.0636828914 4.0357925e-16 0.0139428508
v 0.0639999956 4.06261777e-16 0.0103955166
vn 0.995106518 0.0430119745 0.0889548063
f 370//124 371//124 372//124
v 0.0639999956 4.06261777e-16 0.0103955166
v 0.0636828914 4.0357925e-16 0.0139428508
v 0.063988246 -0.000271941739 0.0103955166
vn 0.995107293 -0.0429947898 0.0889548734
f 373//125 374//125 375//125
v 0.063988246 -0.000271941739 0.0103955166
v 0.0636828914 4.0357925e-16 0.0139428508
v 0.0634453818 -0.00549496571 0.0139428508
vn 0.995106459 -0.0430116132 0.0889560878
f 376//126 377//126 378//126
v 0.063988246 -0.000271941739 0.0103955166
v 0.0634453818 -0.00549496571 0.0139428508
v 0.0637613013 -0.0055223275 0.0103955166
vn 0.995106518 -0.0430128649 0.0889542624
f 379//127 380//127 381//127
v 0.0637613013 -0.0055223275 0.0103955166
v 0.0634453818 -0.00549496571 0.0139428508
v 0.0630504191 -0.0109771816 0.0103955166
vn 0.987683833 -0.128715977 0.0889542624
f 382//128 383//128 384//128
v 0.0630504191 -0.0109771816 0.0103955166
v 0.0634453818 -0.00549496571 0.0139428508
v 0.0627346113 -0.010948943 0.0139428508
vn 0.987683713 -0.128716424 0.0889549553
f 385//129 386//129 387//129
v 0.0630504191 -0.0109771816 0.0103955166
v 0.0627346113 -0.010948943 0.0139428508
v 0.0630469918 -0.0110034626 0.0103955166
vn 0.987672687 -0.128801003 0.0889546499
f 388//130 389//130 390//130
v 0.0630469918 -0.0110034626 0.0103955166
v 0.0627346113 -0.010948943 0.0139428508
v 0.061555896 -0.0163212493 0.0139428508
vn 0.972893775 -0.213459253 0.0889543369
f 391//131 392//131 393//131
v 0.0630469918 -0.0110034626 0.0103955166
v 0.061555896 -0.0163212493 0.0139428508
v 0.0618624091 -0.0164025202 0.0103955166
vn 0.972893775 -0.213458881 0.0889549032
f 394//132 395//132 396//132
v 0.0618624091 -0.0164025202 0.0103955166
v 0.061555896 -0.0163212493 0.0139428508
v 0.0603132136 -0.0213687699 0.0103955166
vn 0.950846255 -0.296611488 0.0889549106
f 397//133 398//133 399//133
v 0.0603132136 -0.0213687699 0.0103955166
v 0.061555896 -0.0163212493 0.0139428508
v 0.0599180125 -0.0215718113 0.0139428508
vn 0.950846374 -0.29661122 0.0889544711
f 400//134 401//134 402//134
v 0.0603132136 -0.0213687699 0.0103955166
v 0.0599180125 -0.0215718113 0.0139428508
v 0.060216371 -0.0216792263 0.0103955166
vn 0.95084852 -0.296604276 0.0889551118
f 403//135 404//135 405//135
v 0.060216371 -0.0216792263 0.0103955166
v 0.0599180125 -0.0215718113 0.0139428508
v 0.0578331873 -0.0266614649 0.0139428508
vn 0.921706676 -0.377549708 0.0889551193
f 406//136 407//136 408//136
v 0.060216371 -0.0216792263 0.0103955166
v 0.0578331873 -0.0266614649 0.0139428508
v 0.0581211634 -0.0267942231 0.0103955166
vn 0.921706617 -0.377549917 0.088954784
f 409//137 410//137 411//137
v 0.0581211634 -0.0267942231 0.0103955166
v 0.0578331873 -0.0266614649 0.0139428508
v 0.0558778755 -0.0311545078 0.0103955166
vn 0.885691643 -0.455672383 0.0889547691
f 412//138 413//138 414//138
v 0.0558778755 -0.0311545078 0.0103955166
v 0.0578331873 -0.0266614649 0.0139428508
v 0.0553169735 -0.031552244 0.0139428508
vn 0.885692 -0.455671877 0.0889539197
f 415//139 416//139 417//139
v 0.0558778755 -0.0311545078 0.0103955166
v 0.0553169735 -0.031552244 0.0139428508
v 0.0555924177 -0.0317093544 0.0103955166
vn 0.885692239 -0.455671459 0.0889539942
f 418//140 419//140 420//140
v 0.0555924177 -0.0317093544 0.0103955166
v 0.0553169735 -0.031552244 0.0139428508
v 0.0523881316 -0.0362076648 0.0139428508
vn 0.843069911 -0.530396402 0.0889539942
f 421//141 422//141 423//141
v 0.0555924177 -0.0317093544 0.0103955166
v 0.0523881316 -0.0362076648 0.0139428508
v 0.0526489951 -0.0363879576 0.0103955166
vn 0.843070149 -0.530395865 0.0889549106
f 424//142 425//142 426//142
v 0.0526489951 -0.0363879576 0.0103955166
v 0.0523881316 -0.0362076648 0.0139428508
v 0.0498697981 -0.040059384 0.0103955166
vn 0.79415983 -0.601163208 0.0889548883
f 427//143 428//143 429//143
v 0.0498697981 -0.040059384 0.0103955166
v 0.0523881316 -0.0362076648 0.0139428508
v 0.049068518 -0.0405930057 0.0139428508
vn 0.794160068 -0.60116297 0.0889544189
f 430//144 431//144 432//144
v 0.0498697981 -0.040059384 0.0103955166
v 0.049068518 -0.0405930057 0.0139428508
v 0.0493128486 -0.0407951362 0.0103955166
vn 0.794160008 -0.60116303 0.088954404
f 433//145 434//145 435//145
v 0.0493128486 -0.0407951362 0.0103955166
v 0.049068518 -0.0405930057 0.0139428508
v 0.0453828871 -0.0446755551 0.0139428508
vn 0.739325821 -0.667446196 0.0889544562
f 436//146 437//146 438//146
v 0.0493128486 -0.0407951362 0.0103955166
v 0.0453828871 -0.0446755551 0.0139428508
v 0.045608867 -0.0448980108 0.0103955166
vn 0.739325702 -0.667446375 0.0889541134
f 439//147 440//147 441//147
v 0.045608867 -0.0448980108 0.0103955166
v 0.0453828871 -0.0446755551 0.0139428508
v 0.0424584821 -0.0478332229 0.0103955166
vn 0.678976774 -0.728750765 0.0889540762
f 442//148 443//148 444//148
v 0.0424584821 -0.0478332229 0.0103955166
v 0.0453828871 -0.0446755551 0.0139428508
v 0.0413587354 -0.0484248549 0.0139428508
vn 0.678976715 -0.728750825 0.0889541507
f 445//149 446//149 447//149
v 0.0424584821 -0.0478332229 0.0103955166
v 0.0413587354 -0.0484248549 0.0139428508
v 0.0415646769 -0.0486659817 0.0103955166
vn 0.678977191 -0.728750348 0.0889543667
f 448//150 449//150 450//150
v 0.0415646769 -0.0486659817 0.0103955166
v 0.0413587354 -0.0484248549 0.0139428508
v 0.0370260775 -0.0518129431 0.0139428508
vn 0.61356318 -0.784619272 0.0889543742
f 451//151 452//151 453//151
v 0.0415646769 -0.0486659817 0.0103955166
v 0.0370260775 -0.0518129431 0.0139428508
v 0.0372104459 -0.0520709418 0.0103955166
vn 0.613563359 -0.784619033 0.0889547914
f 454//152 455//152 456//152
v 0.0372104459 -0.0520709418 0.0103955166
v 0.0370260775 -0.0518129431 0.0139428508
v 0.0338527746 -0.0542576909 0.0103955166
vn 0.543572545 -0.834635198 0.0889547914
f 457//153 458//153 459//153
v 0.0338527746 -0.0542576909 0.0103955166
v 0.0370260775 -0.0518129431 0.0139428508
v 0.032417234 -0.0548145473 0.0139428508
vn 0.543573141 -0.8346349 0.0889540017
f 460//154 461//154 462//154
v 0.0338527746 -0.0542576909 0.0103955166
v 0.032417234 -0.0548145473 0.0139428508
v 0.0325786509 -0.0550874881 0.0103955166
vn 0.543572187 -0.834635556 0.0889535174
f 463//155 464//155 465//155
v 0.0325786509 -0.0550874881 0.0103955166
v 0.032417234 -0.0548145473 0.0139428508
v 0.0275665782 -0.0574072748 0.0139428508
vn 0.46952787 -0.878425181 0.0889535099
f 466//156 467//156 468//156
v 0.0325786509 -0.0550874881 0.0103955166
v 0.0275665782 -0.0574072748 0.0139428508
v 0.027703844 -0.0576931275 0.0103955166
vn 0.469528258 -0.878424942 0.0889542103
f 469//157 470//157 471//157
v 0.027703844 -0.0576931275 0.0103955166
v 0.0275665782 -0.0574072748 0.0139428508
v 0.0242949966 -0.059152402 0.0103955166
vn 0.391980916 -0.915662646 0.0889541805
f 472//158 473//158 474//158
v 0.0242949966 -0.059152402 0.0103955166
v 0.0275665782 -0.0574072748 0.0139428508
v 0.0225103013 -0.059571784 0.0139428508
vn 0.391980261 -0.915662885 0.0889549032
f 475//159 476//159 477//159
v 0.0242949966 -0.059152402 0.0103955166
v 0.0225103013 -0.059571784 0.0139428508
v 0.0226223897 -0.0598684177 0.0103955166
vn 0.39198032 -0.915662825 0.0889549404
f 478//160 479//160 480//160
v 0.0226223897 -0.0598684177 0.0103955166
v 0.0225103013 -0.059571784 0.0139428508
v 0.0172861125 -0.0612919368 0.0139428508
vn 0.311509639 -0.946070135 0.0889549404
f 481//161 482//161 483//161
v 0.0226223897 -0.0598684177 0.0103955166
v 0.0172861125 -0.0612919368 0.0139428508
v 0.0173721872 -0.0615971349 0.0103955166
vn 0.31150949 -0.946070254 0.0889546722
f 484//162 485//162 486//162
v 0.0173721872 -0.0615971349 0.0103955166
v 0.0172861125 -0.0612919368 0.0139428508
v 0.0140541513 -0.0623799562 0.0103955166
vn 0.228714541 -0.969420791 0.0889546797
f 487//163 488//163 489//163
v 0.0140541513 -0.0623799562 0.0103955166
v 0.0172861125 -0.0612919368 0.0139428508
v 0.0119329849 -0.0625548959 0.0139428508
vn 0.22871463 -0.969420791 0.0889545903
f 490//164 491//164 492//164
v 0.0140541513 -0.0623799562 0.0103955166
v 0.0119329849 -0.0625548959 0.0139428508
v 0.0119924042 -0.0628663823 0.0103955166
vn 0.228714556 -0.96942085 0.0889545456
f 493//165 494//165 495//165
v 0.0119924042 -0.0628663823 0.0103955166
v 0.0119329849 -0.0625548959 0.0139428508
v 0.00649084477 -0.0633512437 0.0139428508
vn 0.144214004 -0.985540152 0.0889545381
f 496//166 497//166 498//166
v 0.0119924042 -0.0628663823 0.0103955166
v 0.00649084477 -0.0633512437 0.0139428508
v 0.00652316539 -0.0636666939 0.0103955166
vn 0.144213721 -0.985540271 0.0889540911
f 499//167 500//167 501//167
v 0.00652316539 -0.0636666939 0.0103955166
v 0.00649084477 -0.0633512437 0.0139428508
v 0.00341837038 -0.0638497993 0.0103955166
vn 0.0586393848 -0.994308114 0.0889540911
f 502//168 503//168 504//168
v 0.00341837038 -0.0638497993 0.0103955166
v 0.00649084477 -0.0633512437 0.0139428508
v 0.00100028748 -0.0636750385 0.0139428508
vn 0.0586373582 -0.994308054 0.088955842
f 505//169 506//169 507//169
v 0.00341837038 -0.0638497993 0.0103955166
v 0.00100028748 -0.0636750385 0.0139428508
v 0.00100526831 -0.0639921054 0.0103955166
vn 0.0586365983 -0.994308174 0.0889553279
f 508//170 509//170 510//170
v 0.00100526831 -0.0639921054 0.0103955166
v 0.00100028748 -0.0636750385 0.0139428508
v -2.97549863e-16 -0.0636828989 0.0139428508
vn 0.00782665331 -0.995997727 0.0890350044
f 511//171 512//171 513//171
v 0.00100526831 -0.0639921054 0.0103955166
v -2.97549863e-16 -0.0636828989 0.0139428508
v -2.95993758e-16 -0.064000003 0.0103955166
vn 0.00782478414 -0.995997787 0.0890344828
f 514//172 515//172 516//172
v -2.97549863e-16 0.0636828989 0.0139428508
v 0.000985502964 0.0627339035 0.0173776969
v 0.00100028748 0.0636750385 0.0139428508
vn 0.00757848471 0.964416444 0.264279127
f 517//173 518//173 519//173
v 0.00100028748 0.0636750385 0.0139428508
v 0.000985502964 0.0627339035 0.0173776969
v 0.00639490783 0.062414892 0.0173776969
vn 0.0567816943 0.96283412 0.264057338
f 520//174 521//174 522//174
v 0.00100028748 0.0636750385 0.0139428508
v 0.00639490783 0.062414892 0.0173776969
v 0.00649084477 0.0633512437 0.0139428508
vn 0.0567812361 0.962834001 0.264058024
f 523//175 524//175 525//175
v 0.00649084477 0.0633512437 0.0139428508
v 0.00639490783 0.062414892 0.0173776969
v 0.011756612 0.0616303161 0.0173776969
vn 0.139648691 0.954343557 0.264058024
f 526//176 527//176 528//176
v 0.00649084477 0.0633512437 0.0139428508
v 0.011756612 0.0616303161 0.0173776969
v 0.0119329849 0.0625548959 0.0139428508
vn 0.139649019 0.954343617 0.264057577
f 529//177 530//177 531//177
v 0.0119329849 0.0625548959 0.0139428508
v 0.011756612 0.0616303161 0.0173776969
v 0.0170306191 0.0603860207 0.0173776969
vn 0.221475363 0.938734412 0.264057577
f 532//178 533//178 534//178
v 0.0119329849 0.0625548959 0.0139428508
v 0.0170306191 0.0603860207 0.0173776969
v 0.0172861125 0.0612919368 0.0139428508
vn 0.221474797 0.938734293 0.264058381
f 535//179 536//179 537//179
v 0.0172861125 0.0612919368 0.0139428508
v 0.0170306191 0.0603860207 0.0173776969
v 0.0221775919 0.058691293 0.0173776969
vn 0.301648915 0.916122854 0.264058352
f 538//180 539//180 540//180
v 0.0172861125 0.0612919368 0.0139428508
v 0.0221775919 0.058691293 0.0173776969
v 0.0225103013 0.059571784 0.0139428508
vn 0.301649004 0.916122854 0.264058232
f 541//181 542//181 543//181
v 0.0225103013 0.059571784 0.0139428508
v 0.0221775919 0.058691293 0.0173776969
v 0.0271591358 0.0565587729 0.0173776969
vn 0.379572779 0.886677921 0.264058232
f 544//182 545//182 546//182
v 0.0225103013 0.059571784 0.0139428508
v 0.0271591358 0.0565587729 0.0173776969
v 0.0275665782 0.0574072748 0.0139428508
vn 0.379572272 0.886677921 0.264058918
f 547//183 548//183 549//183
v 0.0275665782 0.0574072748 0.0139428508
v 0.0271591358 0.0565587729 0.0173776969
v 0.0319380946 0.0540043674 0.0173776969
vn 0.454665214 0.850618839 0.264058888
f 550//184 551//184 552//184
v 0.0275665782 0.0574072748 0.0139428508
v 0.0319380946 0.0540043674 0.0173776969
v 0.032417234 0.0548145473 0.0139428508
vn 0.454665095 0.850618899 0.264059067
f 553//185 554//185 555//185
v 0.032417234 0.0548145473 0.0139428508
v 0.0319380946 0.0540043674 0.0173776969
v 0.0364788175 0.0510471314 0.0173776969
vn 0.526366115 0.808215022 0.264059067
f 556//186 557//186 558//186
v 0.032417234 0.0548145473 0.0139428508
v 0.0364788175 0.0510471314 0.0173776969
v 0.0370260775 0.0518129431 0.0139428508
vn 0.526366591 0.808214903 0.264058352
f 559//187 560//187 561//187
v 0.0370260775 0.0518129431 0.0139428508
v 0.0364788175 0.0510471314 0.0173776969
v 0.0407474376 0.0477091186 0.0173776969
vn 0.594141304 0.759782434 0.264058411
f 562//188 563//188 564//188
v 0.0370260775 0.0518129431 0.0139428508
v 0.0407474376 0.0477091186 0.0173776969
v 0.0413587354 0.0484248549 0.0139428508
vn 0.594141066 0.759782493 0.264058709
f 565//189 566//189 567//189
v 0.0413587354 0.0484248549 0.0139428508
v 0.0407474376 0.0477091186 0.0173776969
v 0.0447121114 0.0440152325 0.0173776969
vn 0.657484174 0.705682337 0.264058709
f 568//190 569//190 570//190
v 0.0413587354 0.0484248549 0.0139428508
v 0.0447121114 0.0440152325 0.0173776969
v 0.0453828871 0.0446755551 0.0139428508
vn 0.657483935 0.705682456 0.264059097
f 571//191 572//191 573//191
v 0.0453828871 0.0446755551 0.0139428508
v 0.0447121114 0.0440152325 0.0173776969
v 0.0483432673 0.0399930291 0.0173776969
vn 0.715922356 0.646318793 0.264059067
f 574//192 575//192 576//192
v 0.0453828871 0.0446755551 0.0139428508
v 0.0483432673 0.0399930291 0.0173776969
v 0.049068518 0.0405930057 0.0139428508
vn 0.715922892 0.646318555 0.264058292
f 577//193 578//193 579//193
v 0.049068518 0.0405930057 0.0139428508
v 0.0483432673 0.0399930291 0.0173776969
v 0.0516138189 0.0356725045 0.0173776969
vn 0.769021094 0.58213377 0.264058322
f 580//194 581//194 582//194
v 0.049068518 0.0405930057 0.0139428508
v 0.0516138189 0.0356725045 0.0173776969
v 0.0523881316 0.0362076648 0.0139428508
vn 0.769021451 0.582133532 0.264057785
f 583//195 584//195 585//195
v 0.0523881316 0.0362076648 0.0139428508
v 0.0516138189 0.0356725045 0.0173776969
v 0.0544993691 0.0310858898 0.0173776969
vn 0.816383362 0.513606548 0.264057785
f 586//196 587//196 588//196
v 0.0523881316 0.0362076648 0.0139428508
v 0.0544993691 0.0310858898 0.0173776969
v 0.0553169735 0.031552244 0.0139428508
vn 0.816382825 0.513606906 0.264058679
f 589//197 590//197 591//197
v 0.0553169735 0.031552244 0.0139428508
v 0.0544993691 0.0310858898 0.0173776969
v 0.0569783971 0.0262674 0.0173776969
vn 0.857655346 0.441248566 0.26405865
f 592//198 593//198 594//198
v 0.0553169735 0.031552244 0.0139428508
v 0.0569783971 0.0262674 0.0173776969
v 0.0578331873 0.0266614649 0.0139428508
vn 0.857656121 0.44124794 0.264057338
f 595//199 596//199 597//199
v 0.0578331873 0.0266614649 0.0139428508
v 0.0569783971 0.0262674 0.0173776969
v 0.0590324067 0.021252973 0.0173776969
vn 0.892530918 0.36559853 0.264057308
f 598//200 599//200 600//200
v 0.0578331873 0.0266614649 0.0139428508
v 0.0590324067 0.021252973 0.0173776969
v 0.0599180125 0.0215718113 0.0139428508
vn 0.892530799 0.365598679 0.264057606
f 601//201 602//201 603//201
v 0.0599180125 0.0215718113 0.0139428508
v 0.0590324067 0.021252973 0.0173776969
v 0.0606460795 0.0160800163 0.0173776969
vn 0.920748174 0.287221879 0.264057606
f 604//202 605//202 606//202
v 0.0599180125 0.0215718113 0.0139428508
v 0.0606460795 0.0160800163 0.0173776969
v 0.061555896 0.0163212493 0.0139428508
vn 0.920747936 0.287222177 0.264058143
f 607//203 608//203 609//203
v 0.061555896 0.0163212493 0.0139428508
v 0.0606460795 0.0160800163 0.0173776969
v 0.0618073791 0.0107871145 0.0173776969
vn 0.942097247 0.206702724 0.264058143
f 610//204 611//204 612//204
v 0.061555896 0.0163212493 0.0139428508
v 0.0618073791 0.0107871145 0.0173776969
v 0.0627346113 0.010948943 0.0139428508
vn 0.942097545 0.206702352 0.264057547
f 613//205 614//205 615//205
v 0.0627346113 0.010948943 0.0139428508
v 0.0618073791 0.0107871145 0.0173776969
v 0.0625076368 0.00541374832 0.0173776969
vn 0.956419468 0.124641359 0.264057517
f 616//206 617//206 618//206
v 0.0627346113 0.010948943 0.0139428508
v 0.0625076368 0.00541374832 0.0173776969
v 0.0634453818 0.00549496571 0.0139428508
vn 0.95641911 0.12464197 0.264058501
f 619//207 620//207 621//207
v 0.0634453818 0.00549496571 0.0139428508
v 0.0625076368 0.00541374832 0.0173776969
v 0.0627416372 3.92283828e-16 0.0173776969
vn 0.963606954 0.0416503288 0.264058501
f 622//208 623//208 624//208
v 0.0634453818 0.00549496571 0.0139428508
v 0.0627416372 3.92283828e-16 0.0173776969
v 0.0636828914 4.0357925e-16 0.0139428508
vn 0.963607073 0.0416501127 0.264058173
f 625//209 626//209 627//209
v 0.0636828914 4.0357925e-16 0.0139428508
v 0.0627416372 3.92283828e-16 0.0173776969
v 0.0625076368 -0.00541374832 0.0173776969
vn 0.963607073 -0.0416503325 0.264058173
f 628//210 629//210 630//210
v 0.0636828914 4.0357925e-16 0.0139428508
v 0.0625076368 -0.00541374832 0.0173776969
v 0.0634453818 -0.00549496571 0.0139428508
vn 0.963606954 -0.041650109 0.264058501
f 631//211 632//211 633//211
v 0.0634453818 -0.00549496571 0.0139428508
v 0.0625076368 -0.00541374832 0.0173776969
v 0.0618073791 -0.0107871145 0.0173776969
vn 0.95641917 -0.124641322 0.264058501
f 634//212 635//212 636//212
v 0.0634453818 -0.00549496571 0.0139428508
v 0.0618073791 -0.0107871145 0.0173776969
v 0.0627346113 -0.010948943 0.0139428508
vn 0.956419349 -0.124642007 0.264057547
f 637//213 638//213 639//213
v 0.0627346113 -0.010948943 0.0139428508
v 0.0618073791 -0.0107871145 0.0173776969
v 0.0606460795 -0.0160800163 0.0173776969
vn 0.942097425 -0.206702769 0.264057517
f 640//214 641//214 642//214
v 0.0627346113 -0.010948943 0.0139428508
v 0.0606460795 -0.0160800163 0.0173776969
v 0.061555896 -0.0163212493 0.0139428508
vn 0.942097366 -0.206702322 0.264058143
f 643//215 644//215 645//215
v 0.061555896 -0.0163212493 0.0139428508
v 0.0606460795 -0.0160800163 0.0173776969
v 0.0590324067 -0.021252973 0.0173776969
vn 0.920747995 -0.287221819 0.264058143
f 646//216 647//216 648//216
v 0.061555896 -0.0163212493 0.0139428508
v 0.0590324067 -0.021252973 0.0173776969
v 0.0599180125 -0.0215718113 0.0139428508
vn 0.920748055 -0.287222207 0.264057606
f 649//217 650//217 651//217
v 0.0599180125 -0.0215718113 0.0139428508
v 0.0590324067 -0.021252973 0.0173776969
v 0.0569783971 -0.0262674 0.0173776969
vn 0.892530859 -0.3655985 0.264057606
f 652//218 653//218 654//218
v 0.0599180125 -0.0215718113 0.0139428508
v 0.0569783971 -0.0262674 0.0173776969
v 0.0578331873 -0.0266614649 0.0139428508
vn 0.892530859 -0.365598708 0.264057308
f 655//219 656//219 657//219
v 0.0578331873 -0.0266614649 0.0139428508
v 0.0569783971 -0.0262674 0.0173776969
v 0.0544993691 -0.0310858898 0.0173776969
vn 0.857655704 -0.441248715 0.264057338
f 658//220 659//220 660//220
v 0.0578331873 -0.0266614649 0.0139428508
v 0.0544993691 -0.0310858898 0.0173776969
v 0.0553169735 -0.031552244 0.0139428508
vn 0.857655764 -0.441247761 0.26405865
f 661//221 662//221 663//221
v 0.0553169735 -0.031552244 0.0139428508
v 0.0544993691 -0.0310858898 0.0173776969
v 0.0516138189 -0.0356725045 0.0173776969
vn 0.816383183 -0.513606429 0.264058679
f 664//222 665//222 666//222
v 0.0553169735 -0.031552244 0.0139428508
v 0.0516138189 -0.0356725045 0.0173776969
v 0.0523881316 -0.0362076648 0.0139428508
vn 0.816383064 -0.513607025 0.264057785
f 667//223 668//223 669//223
v 0.0523881316 -0.0362076648 0.0139428508
v 0.0516138189 -0.0356725045 0.0173776969
v 0.0483432673 -0.0399930291 0.0173776969
vn 0.769021213 -0.58213383 0.264057785
f 670//224 671//224 672//224
v 0.0523881316 -0.0362076648 0.0139428508
v 0.0483432673 -0.0399930291 0.0173776969
v 0.049068518 -0.0405930057 0.0139428508
vn 0.769021332 -0.582133472 0.264058322
f 673//225 674//225 675//225
v 0.049068518 -0.0405930057 0.0139428508
v 0.0483432673 -0.0399930291 0.0173776969
v 0.0447121114 -0.0440152325 0.0173776969
vn 0.715922534 -0.646318972 0.264058262
f 676//226 677//226 678//226
v 0.049068518 -0.0405930057 0.0139428508
v 0.0447121114 -0.0440152325 0.0173776969
v 0.0453828871 -0.0446755551 0.0139428508
vn 0.715922713 -0.646318436 0.264059067
f 679//227 680//227 681//227
v 0.0453828871 -0.0446755551 0.0139428508
v 0.0447121114 -0.0440152325 0.0173776969
v 0.0407474376 -0.0477091186 0.0173776969
vn 0.657484114 -0.705682278 0.264059097
f 682//228 683//228 684//228
v 0.0453828871 -0.0446755551 0.0139428508
v 0.0407474376 -0.0477091186 0.0173776969
v 0.0413587354 -0.0484248549 0.0139428508
vn 0.657483995 -0.705682516 0.264058709
f 685//229 686//229 687//229
v 0.0413587354 -0.0484248549 0.0139428508
v 0.0407474376 -0.0477091186 0.0173776969
v 0.0364788175 -0.0510471314 0.0173776969
vn 0.594141245 -0.759782314 0.264058709
f 688//230 689//230 690//230
v 0.0413587354 -0.0484248549 0.0139428508
v 0.0364788175 -0.0510471314 0.0173776969
v 0.0370260775 -0.0518129431 0.0139428508
vn 0.594141126 -0.759782553 0.264058411
f 691//231 692//231 693//231
v 0.0370260775 -0.0518129431 0.0139428508
v 0.0364788175 -0.0510471314 0.0173776969
v 0.0319380946 -0.0540043674 0.0173776969
vn 0.526366234 -0.808215201 0.264058352
f 694//232 695//232 696//232
v 0.0370260775 -0.0518129431 0.0139428508
v 0.0319380946 -0.0540043674 0.0173776969
v 0.032417234 -0.0548145473 0.0139428508
vn 0.526366532 -0.808214784 0.264059067
f 697//233 698//233 699//233
v 0.032417234 -0.0548145473 0.0139428508
v 0.0319380946 -0.0540043674 0.0173776969
v 0.0271591358 -0.0565587729 0.0173776969
vn 0.454665184 -0.850618839 0.264059067
f 700//234 701//234 702//234
v 0.032417234 -0.0548145473 0.0139428508
v 0.0271591358 -0.0565587729 0.0173776969
v 0.0275665782 -0.0574072748 0.0139428508
vn 0.454665095 -0.850618899 0.264058888
f 703//235 704//235 705//235
v 0.0275665782 -0.0574072748 0.0139428508
v 0.0271591358 -0.0565587729 0.0173776969
v 0.0221775919 -0.058691293 0.0173776969
vn 0.379572719 -0.886677742 0.264058918
f 706//236 707//236 708//236
v 0.0275665782 -0.0574072748 0.0139428508
v 0.0221775919 -0.058691293 0.0173776969
v 0.0225103013 -0.059571784 0.0139428508
vn 0.379572362 -0.8866781 0.264058232
f 709//237 710//237 711//237
v 0.0225103013 -0.059571784 0.0139428508
v 0.0221775919 -0.058691293 0.0173776969
v 0.0170306191 -0.0603860207 0.0173776969
vn 0.301648945 -0.916122913 0.264058232
f 712//238 713//238 714//238
v 0.0225103013 -0.059571784 0.0139428508
v 0.0170306191 -0.0603860207 0.0173776969
v 0.0172861125 -0.0612919368 0.0139428508
vn 0.301649004 -0.916122854 0.264058352
f 715//239 716//239 717//239
v 0.0172861125 -0.0612919368 0.0139428508
v 0.0170306191 -0.0603860207 0.0173776969
v 0.011756612 -0.0616303161 0.0173776969
vn 0.221475318 -0.938734174 0.264058381
f 718//240 719//240 720//240
v 0.0172861125 -0.0612919368 0.0139428508
v 0.011756612 -0.0616303161 0.0173776969
v 0.0119329849 -0.0625548959 0.0139428508
vn 0.221474841 -0.938734531 0.264057577
f 721//241 722//241 723//241
v 0.0119329849 -0.0625548959 0.0139428508
v 0.011756612 -0.0616303161 0.0173776969
v 0.00639490783 -0.062414892 0.0173776969
vn 0.139648706 -0.954343677 0.264057577
f 724//242 725//242 726//242
v 0.0119329849 -0.0625548959 0.0139428508
v 0.00639490783 -0.062414892 0.0173776969
v 0.00649084477 -0.0633512437 0.0139428508
vn 0.139648989 -0.954343498 0.264058024
f 727//243 728//243 729//243
v 0.00649084477 -0.0633512437 0.0139428508
v 0.00639490783 -0.062414892 0.0173776969
v 0.000985502964 -0.0627339035 0.0173776969
vn 0.0567816831 -0.962833941 0.264058024
f 730//244 731//244 732//244
v 0.00649084477 -0.0633512437 0.0139428508
v 0.000985502964 -0.0627339035 0.0173776969
v 0.00100028748 -0.0636750385 0.0139428508
vn 0.0567812473 -0.962834179 0.264057368
f 733//245 734//245 735//245
v 0.00100028748 -0.0636750385 0.0139428508
v 0.000985502964 -0.0627339035 0.0173776969
v -2.99056629e-16 -0.0627416447 0.0173776969
vn 0.00757551845 -0.964416504 0.264279127
f 736//246 737//246 738//246
v 0.00100028748 -0.0636750385 0.0139428508
v -2.99056629e-16 -0.0627416447 0.0173776969
v -2.97549863e-16 -0.0636828989 0.0139428508
vn 0.00757848285 -0.964416265 0.264279902
f 739//247 740//247 741//247
v 0.00225529331 -0.047847122 0.0199999996
v 0.00430182321 -0.048856359 0.0199999996
v 0.00430182321 -0.048856359 0.0541413426
vn -0.442288786 -0.896872699 -3.60886699e-16
f 742//248 743//248 744//248
v 0.00210464955 -0.0478013568 0.0573561899
v 0.00113971357 -0.0475871004 0.0580189563
v 0.000747304002 -0.0475537814 0.05812243
vn 0.000517578272 -0.951294243 0.308283985
f 745//249 746//249 747//249
v 0.00430182321 -0.048856359 0.0541413426
v 0.00320701418 -0.048220247 0.0560701191
v 0.00225529331 -0.047847122 0.0199999996
vn -0.49692145 -0.867785692 0.00413466664
f 748//250 749//250 750//250
v 0.00225529331 -0.047847122 0.0199999996
v 0.00320701418 -0.048220247 0.0560701191
v 0.00225158688 -0.0478571914 0.0571847633
vn -0.355506092 -0.934673905 -0.000288540759
f 751//251 752//251 753//251
v 0.00225529331 -0.047847122 0.0199999996
v 0.00225158688 -0.0478571914 0.0571847633
v 1.47614994e-15 -0.0474999994 0.0199999996
vn -0.152123243 -0.988361478 -0.000282806694
f 754//252 755//252 756//252
v 1.47614994e-15 -0.0474999994 0.0199999996
v 0.00225158688 -0.0478571914 0.0571847633
v 0.00210464955 -0.0478013568 0.0573561899
vn -0.343169123 -0.939200044 0.0117575144
f 757//253 758//253 759//253
v 0.00210464955 -0.0478013568 0.0573561899
v 0.000747304002 -0.0475537814 0.05812243
v 1.47614994e-15 -0.0474999994 0.0199999996
vn -0.178284824 -0.983976662 0.00210670498
f 760//254 761//254 762//254
v 1.47614994e-15 -0.0474999994 0.0199999996
v 0.000747304002 -0.0475537814 0.05812243
v 0.000126434024 -0.0475010648 0.0582861453
vn -0.0845373571 -0.996420264 0.000251442892
f 763//255 764//255 765//255
v 1.47614994e-15 -0.0474999994 0.0199999996
v 0.000126434024 -0.0475010648 0.0582861453
v -3.17003404e-16 -0.0474999994 0.058289472
vn -0.00842649117 -0.999964476 -5.80673802e-16
f 766//256 767//256 768//256
v -0.0549999997 -0.00329999998 0.0199999996
v -0.0549999997 -0.00329999998 -2.47408365e-17
v -0.0566499978 -0.00285788393 0.0199999996
vn 0.258819252 0.965925753 2.93251806e-16
f 769//257 770//257 771//257
v -0.0566499978 -0.00285788393 0.0199999996
v -0.0549999997 -0.00329999998 -2.47408365e-17
v -0.0566499978 -0.00285788393 -2.53823829e-17
vn 0.258819252 0.965925753 2.93251806e-16
f 772//258 773//258 774//258
v -0.0566499978 -0.00285788393 0.0199999996
v -0.0566499978 -0.00285788393 -2.53823829e-17
v -0.0578578822 -0.00164999999 0.0199999996
vn 0.70710665 0.707106888 4.41747455e-16
f 775//259 776//259 777//259
v -0.0578578822 -0.00164999999 0.0199999996
v -0.0566499978 -0.00285788393 -2.53823829e-17
v -0.0578578822 -0.00164999999 -2.56875132e-17
vn 0.70710665 0.707106888 4.41747455e-16
f 778//260 779//260 780//260
v -0.0578578822 -0.00164999999 0.0199999996
v -0.0578578822 -0.00164999999 -2.56875132e-17
v -0.0582999997 -4.11434025e-16 0.0199999996
vn 0.965925634 0.258819759 4.71877449e-16
f 781//261 782//261 783//261
v -0.0582999997 -4.11434025e-16 0.0199999996
v -0.0578578822 -0.00164999999 -2.56875132e-17
v -0.0582999997 -4.0771293e-16 -2.55744658e-17
vn 0.965925634 0.258819759 4.71877449e-16
f 784//262 785//262 786//262
v -0.0582999997 -4.11434025e-16 0.0199999996
v -0.0582999997 -4.0771293e-16 -2.55744658e-17
v -0.0578578822 0.00164999999 0.0199999996
vn 0.965925634 -0.258819759 3.75567897e-16
f 787//263 788//263 789//263
v -0.0578578822 0.00164999999 0.0199999996
v -0.0582999997 -4.0771293e-16 -2.55744658e-17
v -0.0578578822 0.00164999999 -2.50735302e-17
vn 0.965925634 -0.258819759 3.75567897e-16
f 790//264 791//264 792//264
v -0.0578578822 0.00164999999 0.0199999996
v -0.0578578822 0.00164999999 -2.50735302e-17
v -0.0566499978 0.00285788393 0.0199999996
vn 0.70710665 -0.707106888 1.78625577e-16
f 793//265 794//265 795//265
v -0.0566499978 0.00285788393 0.0199999996
v -0.0578578822 0.00164999999 -2.50735302e-17
v -0.0566499978 0.00285788393 -2.43189346e-17
vn 0.70710665 -0.707106888 1.78625577e-16
f 796//266 797//266 798//266
v -0.0566499978 0.00285788393 0.0199999996
v -0.0566499978 0.00285788393 -2.43189346e-17
v -0.0549999997 0.00329999998 0.0199999996
vn 0.258819252 -0.965925753 -6.61792731e-17
f 799//267 800//267 801//267
v -0.0549999997 0.00329999998 0.0199999996
v -0.0566499978 0.00285788393 -2.43189346e-17
v -0.0549999997 0.00329999998 -2.3512872e-17
vn 0.258819252 -0.965925753 -6.61792731e-17
f 802//268 803//268 804//268
v 1.47614994e-15 -0.0582999997 0.0199999996
v 1.4849233e-15 -0.0582999997 -1.08470196e-17
v -0.00164999999 -0.0578578822 0.0199999996
vn 0.258819759 0.965925634 2.93251991e-16
f 805//269 806//269 807//269
v -0.00164999999 -0.0578578822 0.0199999996
v 1.4849233e-15 -0.0582999997 -1.08470196e-17
v -0.00164999999 -0.0578578822 -1.14885668e-17
vn 0.258819759 0.965925634 2.93251991e-16
f 808//270 809//270 810//270
v -0.00164999999 -0.0578578822 0.0199999996
v -0.00164999999 -0.0578578822 -1.14885668e-17
v -0.00285788393 -0.0566500016 0.0199999996
vn 0.707105875 0.707107723 4.41747243e-16
f 811//271 812//271 813//271
v -0.00285788393 -0.0566500016 0.0199999996
v -0.00164999999 -0.0578578822 -1.14885668e-17
v -0.00285788393 -0.0566500016 -1.17936972e-17
vn 0.707105875 0.707107723 4.41747243e-16
f 814//272 815//272 816//272
v -0.00285788393 -0.0566500016 0.0199999996
v -0.00285788393 -0.0566500016 -1.17936972e-17
v -0.00329999998 -0.0549999997 0.0199999996
vn 0.965925932 0.258818716 4.71877343e-16
f 817//273 818//273 819//273
v -0.00329999998 -0.0549999997 0.0199999996
v -0.00285788393 -0.0566500016 -1.17936972e-17
v -0.00329999998 -0.0549999997 -1.1680648e-17
vn 0.965925932 0.258818716 4.71877343e-16
f 820//274 821//274 822//274
v -0.00329999998 -0.0549999997 0.0199999996
v -0.00329999998 -0.0549999997 -1.1680648e-17
v -0.00285788393 -0.0533500016 0.0199999996
vn 0.965925753 -0.258819252 3.75568056e-16
f 823//275 824//275 825//275
v -0.00285788393 -0.0533500016 0.0199999996
v -0.00329999998 -0.0549999997 -1.1680648e-17
v -0.00285788393 -0.0533500016 -1.11797149e-17
vn 0.965925753 -0.258819252 3.75568056e-16
f 826//276 827//276 828//276
v -0.00285788393 -0.0533500016 0.0199999996
v -0.00285788393 -0.0533500016 -1.11797149e-17
v -0.00164999999 -0.0521421172 0.0199999996
vn 0.707106948 -0.70710659 1.78625775e-16
f 829//277 830//277 831//277
v -0.00164999999 -0.0521421172 0.0199999996
v -0.00285788393 -0.0533500016 -1.11797149e-17
v -0.00164999999 -0.0521421172 -1.04251186e-17
vn 0.707106948 -0.70710659 1.78625775e-16
f 832//278 833//278 834//278
v -0.00164999999 -0.0521421172 0.0199999996
v -0.00164999999 -0.0521421172 -1.04251186e-17
v 1.47614994e-15 -0.0516999997 0.0199999996
vn 0.258819759 -0.965925634 -6.61790349e-17
f 835//279 836//279 837//279
v 1.47614994e-15 -0.0516999997 0.0199999996
v -0.00164999999 -0.0521421172 -1.04251186e-17
v 1.4849233e-15 -0.0516999997 -9.61905504e-18
vn 0.258819759 -0.965925634 -6.61790349e-17
f 838//280 839//280 840//280
v -3.00206952e-16 0.0516999997 0.0199999996
v -2.91433544e-16 0.0516999997 9.61905504e-18
v -0.00164999999 0.0521421172 0.0199999996
vn 0.258819759 0.965925634 2.93251991e-16
f 841//281 842//281 843//281
v -0.00164999999 0.0521421172 0.0199999996
v -2.91433544e-16 0.0516999997 9.61905504e-18
v -0.00164999999 0.0521421172 8.97750782e-18
vn 0.258819759 0.965925634 2.93251991e-16
f 844//282 845//282 846//282
v -0.00164999999 0.0521421172 0.0199999996
v -0.00164999999 0.0521421172 8.97750782e-18
v -0.00285788393 0.0533500016 0.0199999996
vn 0.707106948 0.70710659 4.41747534e-16
f 847//283 848//283 849//283
v -0.00285788393 0.0533500016 0.0199999996
v -0.00164999999 0.0521421172 8.97750782e-18
v -0.00285788393 0.0533500016 8.67237826e-18
vn 0.707106948 0.70710659 4.41747534e-16
f 850//284 851//284 852//284
v -0.00285788393 0.0533500016 0.0199999996
v -0.00285788393 0.0533500016 8.67237826e-18
v -0.00329999998 0.0549999997 0.0199999996
vn 0.965925753 0.258819252 4.71877396e-16
f 853//285 854//285 855//285
v -0.00329999998 0.0549999997 0.0199999996
v -0.00285788393 0.0533500016 8.67237826e-18
v -0.00329999998 0.0549999997 8.78542573e-18
vn 0.965925753 0.258819252 4.71877396e-16
f 856//286 857//286 858//286
v -0.00329999998 0.0549999997 0.0199999996
v -0.00329999998 0.0549999997 8.78542573e-18
v -0.00285788393 0.0566500016 0.0199999996
vn 0.965925932 -0.258818716 3.75568215e-16
f 859//287 860//287 861//287
v -0.00285788393 0.0566500016 0.0199999996
v -0.00329999998 0.0549999997 8.78542573e-18
v -0.00285788393 0.0566500016 9.28636052e-18
vn 0.965925932 -0.258818716 3.75568215e-16
f 862//288 863//288 864//288
v -0.00285788393 0.0566500016 0.0199999996
v -0.00285788393 0.0566500016 9.28636052e-18
v -0.00164999999 0.0578578822 0.0199999996
vn 0.707105875 -0.707107723 1.78625087e-16
f 865//289 866//289 867//289
v -0.00164999999 0.0578578822 0.0199999996
v -0.00285788393 0.0566500016 9.28636052e-18
v -0.00164999999 0.0578578822 1.0040956e-17
vn 0.707105875 -0.707107723 1.78625087e-16
f 868//290 869//290 870//290
v -0.00164999999 0.0578578822 0.0199999996
v -0.00164999999 0.0578578822 1.0040956e-17
v -3.00206952e-16 0.0582999997 0.0199999996
vn 0.258819759 -0.965925634 -6.61790349e-17
f 871//291 872//291 873//291
v -3.00206952e-16 0.0582999997 0.0199999996
v -0.00164999999 0.0578578822 1.0040956e-17
v -2.91433544e-16 0.0582999997 1.08470196e-17
vn 0.258819759 -0.965925634 -6.61790349e-17
f 874//292 875//292 876//292
v 0.0549999997 -0.00329999998 0.0199999996
v 0.0549999997 -0.00329999998 2.35128703e-17
v 0.0533500016 -0.00285788393 0.0199999996
vn 0.258819252 0.965925753 2.93251806e-16
f 877//293 878//293 879//293
v 0.0533500016 -0.00285788393 0.0199999996
v 0.0549999997 -0.00329999998 2.35128703e-17
v 0.0533500016 -0.00285788393 2.28713239e-17
vn 0.258819252 0.965925753 2.93251806e-16
f 880//294 881//294 882//294
v 0.0533500016 -0.00285788393 0.0199999996
v 0.0533500016 -0.00285788393 2.28713239e-17
v 0.0521421172 -0.00164999999 0.0199999996
vn 0.70710665 0.707106888 4.41747455e-16
f 883//295 884//295 885//295
v 0.0521421172 -0.00164999999 0.0199999996
v 0.0533500016 -0.00285788393 2.28713239e-17
v 0.0521421172 -0.00164999999 2.25661935e-17
vn 0.70710665 0.707106888 4.41747455e-16
f 886//296 887//296 888//296
v 0.0521421172 -0.00164999999 0.0199999996
v 0.0521421172 -0.00164999999 2.25661935e-17
v 0.0516999997 3.56691874e-16 0.0199999996
vn 0.965925634 0.258819759 4.71877449e-16
f 889//297 890//297 891//297
v 0.0516999997 3.56691874e-16 0.0199999996
v 0.0521421172 -0.00164999999 2.25661935e-17
v 0.0516999997 3.60412969e-16 2.2679241e-17
vn 0.965925634 0.258819759 4.71877449e-16
f 892//298 893//298 894//298
v 0.0516999997 3.56691874e-16 0.0199999996
v 0.0516999997 3.60412969e-16 2.2679241e-17
v 0.0521421172 0.00164999999 0.0199999996
vn 0.965925634 -0.258819759 3.75567897e-16
f 895//299 896//299 897//299
v 0.0521421172 0.00164999999 0.0199999996
v 0.0516999997 3.60412969e-16 2.2679241e-17
v 0.0521421172 0.00164999999 2.31801766e-17
vn 0.965925634 -0.258819759 3.75567897e-16
f 898//300 899//300 900//300
v 0.0521421172 0.00164999999 0.0199999996
v 0.0521421172 0.00164999999 2.31801766e-17
v 0.0533500016 0.00285788393 0.0199999996
vn 0.70710665 -0.707106888 1.78625577e-16
f 901//301 902//301 903//301
v 0.0533500016 0.00285788393 0.0199999996
v 0.0521421172 0.00164999999 2.31801766e-17
v 0.0533500016 0.00285788393 2.39347721e-17
vn 0.70710665 -0.707106888 1.78625577e-16
f 904//302 905//302 906//302
v 0.0533500016 0.00285788393 0.0199999996
v 0.0533500016 0.00285788393 2.39347721e-17
v 0.0549999997 0.00329999998 0.0199999996
vn 0.258819252 -0.965925753 -6.61792731e-17
f 907//303 908//303 909//303
v 0.0549999997 0.00329999998 0.0199999996
v 0.0533500016 0.00285788393 2.39347721e-17
v 0.0549999997 0.00329999998 2.47408348e-17
vn 0.258819252 -0.965925753 -6.61792731e-17
f 910//304 911//304 912//304
v 0.000496788998 0.0441321284 0.0759999976
v -3.2477247e-16 0.0439999998 0.0759999976
v -3.26439404e-16 0.0439999998 0.0798000023
vn -0.257029712 0.966403484 6.70531795e-17
f 913//305 914//305 915//305
v 0.000496788998 0.0441321284 0.0798000023
v 0.000861160341 0.0444916673 0.0798000023
v 0.000861749344 0.0444937758 0.0797978789
vn -0.625192881 0.633595765 0.455730468
f 916//306 917//306 918//306
v -3.26439404e-16 0.0439999998 0.0798000023
v 0.000496788998 0.0441321284 0.0798000023
v 0.000496788998 0.0441321284 0.0759999976
vn -0.257029712 0.966403484 6.70531795e-17
f 919//307 920//307 921//307
v 0.000496788998 0.0441321284 0.0759999976
v 0.000496788998 0.0441321284 0.0798000023
v 0.000861749344 0.0444937758 0.0797978789
vn -0.703875482 0.710323393 -1.76609731e-16
f 922//308 923//308 924//308
v 0.000496788998 0.0441321284 0.0759999976
v 0.000861749344 0.0444937758 0.0797978789
v 0.000862297893 0.044493597 0.0759999976
vn -0.703166068 0.711025596 -0.000135039067
f 925//309 926//309 927//309
v 0.000862297893 0.044493597 0.0759999976
v 0.000861749344 0.0444937758 0.0797978789
v 0.000999938347 0.0449888892 0.0793000013
vn -0.963226855 0.268689424 -0.000151774759
f 928//310 929//310 930//310
v 0.000862297893 0.044493597 0.0759999976
v 0.000999938347 0.0449888892 0.0793000013
v 0.000999938347 0.0449888892 0.0759999976
vn -0.963488221 0.2677508 -3.72836984e-16
f 931//311 932//311 933//311
v -3.2152828e-16 0.0450000018 0.0686044842
v -3.19972175e-16 0.0453171022 0.065057151
v -0.000706829305 0.0449944474 0.0686044842
vn -0.00782675296 0.995997906 0.0890334621
f 934//312 935//312 936//312
v -0.000706829305 0.0449944474 0.0686044842
v -3.19972175e-16 0.0453171022 0.065057151
v -0.000711810135 0.0453115143 0.065057151
vn -0.00781889912 0.995997787 0.0890350193
f 937//313 938//313 939//313
v -0.000706829305 0.0449944474 0.0686044842
v -0.000711810135 0.0453115143 0.065057151
v -0.00455248822 0.0447676592 0.0686044842
vn -0.0586368591 0.994308114 0.0889553502
f 940//314 941//314 942//314
v -0.00455248822 0.0447676592 0.0686044842
v -0.000711810135 0.0453115143 0.065057151
v -0.00461892085 0.0450810976 0.065057151
vn -0.058637999 0.994308174 0.0889541209
f 943//315 944//315 945//315
v -0.0160184577 0.0423916131 0.065057151
v -0.0134596033 0.0429006182 0.0686044842
v -0.0123008946 0.0436156839 0.065057151
vn -0.311509728 0.946070135 0.088955082
f 946//316 947//316 948//316
v -0.0123008946 0.0436156839 0.065057151
v -0.0134596033 0.0429006182 0.0686044842
v -0.0122148199 0.0433104858 0.0686044842
vn -0.311510742 0.946069837 0.0889546946
f 949//317 950//317 951//317
v -0.0123008946 0.0436156839 0.065057151
v -0.0122148199 0.0433104858 0.0686044842
v -0.00849157851 0.0445144139 0.065057151
vn -0.228714943 0.969420731 0.088954702
f 952//318 953//318 954//318
v -0.00849157851 0.0445144139 0.065057151
v -0.0122148199 0.0433104858 0.0686044842
v -0.0084321592 0.0442029275 0.0686044842
vn -0.228715062 0.969420731 0.0889545679
f 955//319 956//319 957//319
v -0.00849157851 0.0445144139 0.065057151
v -0.0084321592 0.0442029275 0.0686044842
v -0.00461892085 0.0450810976 0.065057151
vn -0.144213527 0.985540211 0.0889545605
f 958//320 959//320 960//320
v -0.00461892085 0.0450810976 0.065057151
v -0.0084321592 0.0442029275 0.0686044842
v -0.00458660023 0.0447656475 0.0686044842
vn -0.14421393 0.985540211 0.0889541134
f 961//321 962//321 963//321
v -0.00461892085 0.0450810976 0.065057151
v -0.00458660023 0.0447656475 0.0686044842
v -0.00455248822 0.0447676592 0.0686044842
vn -0.0586364307 0.994308293 0.088954106
f 964//322 965//322 966//322
v -0.0230682828 0.0390063338 0.065057151
v -0.0218214598 0.039313551 0.0686044842
v -0.0196165331 0.040851336 0.065057151
vn -0.469528675 0.878424644 0.0889546946
f 967//323 968//323 969//323
v -0.0196165331 0.040851336 0.065057151
v -0.0218214598 0.039313551 0.0686044842
v -0.0194792673 0.0405654795 0.0686044842
vn -0.469528109 0.878424942 0.0889551491
f 970//324 971//324 972//324
v -0.0196165331 0.040851336 0.065057151
v -0.0194792673 0.0405654795 0.0686044842
v -0.0160184577 0.0423916131 0.065057151
vn -0.391980261 0.915662825 0.0889551565
f 973//325 974//325 975//325
v -0.0160184577 0.0423916131 0.065057151
v -0.0194792673 0.0405654795 0.0686044842
v -0.0159063693 0.0420949832 0.0686044842
vn -0.391981274 0.915662527 0.0889540091
f 976//326 977//326 978//326
v -0.0160184577 0.0423916131 0.065057151
v -0.0159063693 0.0420949832 0.0686044842
v -0.0134596033 0.0429006182 0.0686044842
vn -0.311508328 0.946070671 0.0889539719
f 979//327 980//327 981//327
v -0.032294713 0.0317913704 0.065057151
v -0.0293085054 0.0341406204 0.0686044842
v -0.0294311047 0.0344593972 0.065057151
vn -0.678977132 0.728750467 0.0889543891
f 982//328 983//328 984//328
v -0.0294311047 0.0344593972 0.065057151
v -0.0293085054 0.0341406204 0.0686044842
v -0.0292251632 0.0342182666 0.0686044842
vn -0.678959548 0.72876668 0.0889552459
f 985//329 986//329 987//329
v -0.0294311047 0.0344593972 0.065057151
v -0.0292251632 0.0342182666 0.0686044842
v -0.0263479613 0.036870379 0.065057151
vn -0.613563001 0.784619272 0.0889552161
f 988//330 989//330 990//330
v -0.0263479613 0.036870379 0.065057151
v -0.0292251632 0.0342182666 0.0686044842
v -0.0261635948 0.0366123803 0.0686044842
vn -0.613563597 0.784618914 0.0889544934
f 991//331 992//331 993//331
v -0.0263479613 0.036870379 0.065057151
v -0.0261635948 0.0366123803 0.0686044842
v -0.0230682828 0.0390063338 0.065057151
vn -0.543572545 0.834635258 0.0889545307
f 994//332 995//332 996//332
v -0.0230682828 0.0390063338 0.065057151
v -0.0261635948 0.0366123803 0.0686044842
v -0.0229068641 0.038733393 0.0686044842
vn -0.543573141 0.83463496 0.0889538154
f 997//333 998//333 999//333
v -0.0230682828 0.0390063338 0.065057151
v -0.0229068641 0.038733393 0.0686044842
v -0.0218214598 0.039313551 0.0686044842
vn -0.46952638 0.878426015 0.0889537707
f 1000//334 1001//334 1002//334
v -0.0372796841 0.0257655755 0.065057151
v -0.0355535187 0.0275210068 0.0686044842
v -0.0349174254 0.0288862083 0.065057151
vn -0.794159651 0.601163507 0.0889540687
f 1003//335 1004//335 1005//335
v -0.0349174254 0.0288862083 0.065057151
v -0.0355535187 0.0275210068 0.0686044842
v -0.0346730947 0.0286840796 0.0686044842
vn -0.794159591 0.601163626 0.0889541209
f 1006//336 1007//336 1008//336
v -0.0349174254 0.0288862083 0.065057151
v -0.0346730947 0.0286840796 0.0686044842
v -0.032294713 0.0317913704 0.065057151
vn -0.739325881 0.667446136 0.0889541358
f 1009//337 1010//337 1011//337
v -0.032294713 0.0317913704 0.065057151
v -0.0346730947 0.0286840796 0.0686044842
v -0.0320687331 0.0315689147 0.0686044842
vn -0.739325881 0.667446136 0.0889541358
f 1012//338 1013//338 1014//338
v -0.032294713 0.0317913704 0.065057151
v -0.0320687331 0.0315689147 0.0686044842
v -0.0293085054 0.0341406204 0.0686044842
vn -0.678976893 0.728750646 0.0889540985
f 1015//339 1016//339 1017//339
v -0.0411544181 0.0189724471 0.065057151
v -0.0403711945 0.0198022984 0.0686044842
v -0.0393638648 0.0224527512 0.065057151
vn -0.885691643 0.455672294 0.0889553949
f 1018//340 1019//340 1020//340
v -0.0393638648 0.0224527512 0.065057151
v -0.0403711945 0.0198022984 0.0686044842
v -0.0390884168 0.0222956408 0.0686044842
vn -0.885691941 0.455671817 0.0889549404
f 1021//341 1022//341 1023//341
v -0.0393638648 0.0224527512 0.065057151
v -0.0390884168 0.0222956408 0.0686044842
v -0.0372796841 0.0257655755 0.065057151
vn -0.843069851 0.530396342 0.0889548957
f 1024//342 1025//342 1026//342
v -0.0372796841 0.0257655755 0.065057151
v -0.0390884168 0.0222956408 0.0686044842
v -0.0370188206 0.0255852826 0.0686044842
vn -0.843069792 0.530396342 0.088954933
f 1027//343 1028//343 1029//343
v -0.0372796841 0.0257655755 0.065057151
v -0.0370188206 0.0255852826 0.0686044842
v -0.0355535187 0.0275210068 0.0686044842
vn -0.794160366 0.601162493 0.0889549181
f 1030//344 1031//344 1032//344
v -0.0446422994 0.00779132871 0.065057151
v -0.0435531549 0.011277101 0.0686044842
v -0.0438035168 0.0116142919 0.065057151
vn -0.972893775 0.213459134 0.088954702
f 1033//345 1034//345 1035//345
v -0.0438035168 0.0116142919 0.065057151
v -0.0435531549 0.011277101 0.0686044842
v -0.0434970036 0.0115330219 0.0686044842
vn -0.972893238 0.213461339 0.0889548808
f 1036//346 1037//346 1038//346
v -0.0438035168 0.0116142919 0.065057151
v -0.0434970036 0.0115330219 0.0686044842
v -0.0426379889 0.0153506212 0.065057151
vn -0.950846314 0.296611398 0.0889548585
f 1039//347 1040//347 1041//347
v -0.0426379889 0.0153506212 0.065057151
v -0.0434970036 0.0115330219 0.0686044842
v -0.0423396342 0.0152432062 0.0686044842
vn -0.950846553 0.296610802 0.0889541656
f 1042//348 1043//348 1044//348
v -0.0426379889 0.0153506212 0.065057151
v -0.0423396342 0.0152432062 0.0686044842
v -0.0411544181 0.0189724471 0.065057151
vn -0.921706975 0.377549201 0.0889541879
f 1045//349 1046//349 1047//349
v -0.0411544181 0.0189724471 0.065057151
v -0.0423396342 0.0152432062 0.0686044842
v -0.040866442 0.018839689 0.0686044842
vn -0.921706736 0.377549708 0.0889548063
f 1048//350 1049//350 1050//350
v -0.0411544181 0.0189724471 0.065057151
v -0.040866442 0.018839689 0.0686044842
v -0.0403711945 0.0198022984 0.0686044842
vn -0.885690808 0.455674112 0.088954784
f 1051//351 1052//351 1053//351
v -0.0453171022 -2.397279e-16 0.065057151
v -0.0449015573 0.00227745413 0.0686044842
v -0.0451480858 0.00391024817 0.065057151
vn -0.995106518 0.0430124477 0.0889548883
f 1054//352 1055//352 1056//352
v -0.0451480858 0.00391024817 0.065057151
v -0.0449015573 0.00227745413 0.0686044842
v -0.0448321663 0.00388288638 0.0686044842
vn -0.995106637 0.0430111103 0.0889542773
f 1057//353 1058//353 1059//353
v -0.0451480858 0.00391024817 0.065057151
v -0.0448321663 0.00388288638 0.0686044842
v -0.0446422994 0.00779132871 0.065057151
vn -0.987683833 0.128715962 0.0889542848
f 1060//354 1061//354 1062//354
v -0.0446422994 0.00779132871 0.065057151
v -0.0448321663 0.00388288638 0.0686044842
v -0.0443299189 0.00773680955 0.0686044842
vn -0.987683833 0.128716007 0.0889543295
f 1063//355 1064//355 1065//355
v -0.0446422994 0.00779132871 0.065057151
v -0.0443299189 0.00773680955 0.0686044842
v -0.0435531549 0.011277101 0.0686044842
vn -0.972893715 0.213459492 0.0889543295
f 1066//356 1067//356 1068//356
v -0.0446422994 -0.00779132871 0.065057151
v -0.044450663 -0.00681028701 0.0686044842
v -0.0451480858 -0.00391024817 0.065057151
vn -0.987683773 -0.128715962 0.0889546797
f 1069//357 1070//357 1071//357
v -0.0451480858 -0.00391024817 0.065057151
v -0.044450663 -0.00681028701 0.0686044842
v -0.0448321663 -0.00388288638 0.0686044842
vn -0.987683773 -0.128716439 0.0889542848
f 1072//358 1073//358 1074//358
v -0.0451480858 -0.00391024817 0.065057151
v -0.0448321663 -0.00388288638 0.0686044842
v -0.0453171022 -2.397279e-16 0.065057151
vn -0.995106578 -0.0430124477 0.0889542848
f 1075//359 1076//359 1077//359
v -0.0453171022 -2.397279e-16 0.065057151
v -0.0448321663 -0.00388288638 0.0686044842
v -0.0449999981 -2.38795105e-16 0.0686044842
vn -0.995106518 -0.0430119447 0.0889548287
f 1078//360 1079//360 1080//360
v -0.0453171022 -2.397279e-16 0.065057151
v -0.0449999981 -2.38795105e-16 0.0686044842
v -0.0449015573 0.00227745413 0.0686044842
vn -0.995106518 0.0430125371 0.0889548287
f 1081//361 1082//361 1083//361
v -0.0411544181 -0.0189724471 0.065057151
v -0.0421841741 -0.0156227266 0.0686044842
v -0.0426379889 -0.0153506212 0.065057151
vn -0.921706975 -0.377549201 0.0889544636
f 1084//362 1085//362 1086//362
v -0.0426379889 -0.0153506212 0.065057151
v -0.0421841741 -0.0156227266 0.0686044842
v -0.0423396342 -0.0152432062 0.0686044842
vn -0.92170608 -0.377551466 0.088954173
f 1087//363 1088//363 1089//363
v -0.0426379889 -0.0153506212 0.065057151
v -0.0423396342 -0.0152432062 0.0686044842
v -0.0438035168 -0.0116142919 0.065057151
vn -0.950846374 -0.296611428 0.088954173
f 1090//364 1091//364 1092//364
v -0.0438035168 -0.0116142919 0.065057151
v -0.0423396342 -0.0152432062 0.0686044842
v -0.0434970036 -0.0115330219 0.0686044842
vn -0.950846493 -0.296610802 0.0889548585
f 1093//365 1094//365 1095//365
v -0.0438035168 -0.0116142919 0.065057151
v -0.0434970036 -0.0115330219 0.0686044842
v -0.0446422994 -0.00779132871 0.065057151
vn -0.972893715 -0.213459119 0.0889548659
f 1096//366 1097//366 1098//366
v -0.0446422994 -0.00779132871 0.065057151
v -0.0434970036 -0.0115330219 0.0686044842
v -0.0443299189 -0.00773680955 0.0686044842
vn -0.972893655 -0.213459611 0.0889543295
f 1099//367 1100//367 1101//367
v -0.0446422994 -0.00779132871 0.065057151
v -0.0443299189 -0.00773680955 0.0686044842
v -0.044450663 -0.00681028701 0.0686044842
vn -0.987684011 -0.128714651 0.088954322
f 1102//368 1103//368 1104//368
v -0.0372796841 -0.0257655755 0.065057151
v -0.0381537937 -0.0237812363 0.0686044842
v -0.0393638648 -0.0224527512 0.065057151
vn -0.843069851 -0.530396342 0.0889543891
f 1105//369 1106//369 1107//369
v -0.0393638648 -0.0224527512 0.065057151
v -0.0381537937 -0.0237812363 0.0686044842
v -0.0390884168 -0.0222956408 0.0686044842
vn -0.843070388 -0.530395448 0.0889548957
f 1108//370 1109//370 1110//370
v -0.0393638648 -0.0224527512 0.065057151
v -0.0390884168 -0.0222956408 0.0686044842
v -0.0411544181 -0.0189724471 0.065057151
vn -0.885691702 -0.455672324 0.0889549479
f 1111//371 1112//371 1113//371
v -0.0411544181 -0.0189724471 0.065057151
v -0.0390884168 -0.0222956408 0.0686044842
v -0.040866442 -0.018839689 0.0686044842
vn -0.885691643 -0.455672443 0.0889547914
f 1114//372 1115//372 1116//372
v -0.0411544181 -0.0189724471 0.065057151
v -0.040866442 -0.018839689 0.0686044842
v -0.0421841741 -0.0156227266 0.0686044842
vn -0.921706796 -0.377549529 0.0889548063
f 1117//373 1118//373 1119//373
v -0.032294713 -0.0317913704 0.065057151
v -0.03259556 -0.0309853517 0.0686044842
v -0.0349174254 -0.0288862083 0.065057151
vn -0.739325881 -0.667446136 0.0889541805
f 1120//374 1121//374 1122//374
v -0.0349174254 -0.0288862083 0.065057151
v -0.03259556 -0.0309853517 0.0686044842
v -0.0346730947 -0.0286840796 0.0686044842
vn -0.739325881 -0.667446196 0.0889541358
f 1123//375 1124//375 1125//375
v -0.0349174254 -0.0288862083 0.065057151
v -0.0346730947 -0.0286840796 0.0686044842
v -0.0372796841 -0.0257655755 0.065057151
vn -0.794159651 -0.601163507 0.0889541209
f 1126//376 1127//376 1128//376
v -0.0372796841 -0.0257655755 0.065057151
v -0.0346730947 -0.0286840796 0.0686044842
v -0.0370188206 -0.0255852826 0.0686044842
vn -0.794160068 -0.60116291 0.0889549181
f 1129//377 1130//377 1131//377
v -0.0372796841 -0.0257655755 0.065057151
v -0.0370188206 -0.0255852826 0.0686044842
v -0.0381537937 -0.0237812363 0.0686044842
vn -0.843069375 -0.530397117 0.0889549404
f 1132//378 1133//378 1134//378
v -0.0230682828 -0.0390063338 0.065057151
v -0.0256957952 -0.036917042 0.0686044842
v -0.0263479613 -0.036870379 0.065057151
vn -0.543572485 -0.834635198 0.0889549851
f 1135//379 1136//379 1137//379
v -0.0263479613 -0.036870379 0.065057151
v -0.0256957952 -0.036917042 0.0686044842
v -0.0261635948 -0.0366123803 0.0686044842
vn -0.543570101 -0.834636867 0.0889545232
f 1138//380 1139//380 1140//380
v -0.0263479613 -0.036870379 0.065057151
v -0.0261635948 -0.0366123803 0.0686044842
v -0.0294311047 -0.0344593972 0.065057151
vn -0.613563061 -0.784619331 0.0889544934
f 1141//381 1142//381 1143//381
v -0.0294311047 -0.0344593972 0.065057151
v -0.0261635948 -0.0366123803 0.0686044842
v -0.0292251632 -0.0342182666 0.0686044842
vn -0.613563538 -0.784618855 0.0889552236
f 1144//382 1145//382 1146//382
v -0.0294311047 -0.0344593972 0.065057151
v -0.0292251632 -0.0342182666 0.0686044842
v -0.032294713 -0.0317913704 0.065057151
vn -0.678977072 -0.728750408 0.0889551565
f 1147//383 1148//383 1149//383
v -0.032294713 -0.0317913704 0.065057151
v -0.0292251632 -0.0342182666 0.0686044842
v -0.0320687331 -0.0315689147 0.0686044842
vn -0.678976417 -0.728751123 0.0889540985
f 1150//384 1151//384 1152//384
v -0.032294713 -0.0317913704 0.065057151
v -0.0320687331 -0.0315689147 0.0686044842
v -0.03259556 -0.0309853517 0.0686044842
vn -0.73932606 -0.667446017 0.0889541358
f 1153//385 1154//385 1155//385
v -0.0160184577 -0.0423916131 0.065057151
v -0.0177295003 -0.0413145274 0.0686044842
v -0.0196165331 -0.040851336 0.065057151
vn -0.39198029 -0.915662885 0.0889548361
f 1156//386 1157//386 1158//386
v -0.0196165331 -0.040851336 0.065057151
v -0.0177295003 -0.0413145274 0.0686044842
v -0.0194792673 -0.0405654795 0.0686044842
vn -0.391980827 -0.915662587 0.0889551565
f 1159//387 1160//387 1161//387
v -0.0196165331 -0.040851336 0.065057151
v -0.0194792673 -0.0405654795 0.0686044842
v -0.0230682828 -0.0390063338 0.065057151
vn -0.469528645 -0.878424644 0.0889551416
f 1162//388 1163//388 1164//388
v -0.0230682828 -0.0390063338 0.065057151
v -0.0194792673 -0.0405654795 0.0686044842
v -0.0229068641 -0.038733393 0.0686044842
vn -0.469527602 -0.87842536 0.0889537781
f 1165//389 1166//389 1167//389
v -0.0230682828 -0.0390063338 0.065057151
v -0.0229068641 -0.038733393 0.0686044842
v -0.0256957952 -0.036917042 0.0686044842
vn -0.543573618 -0.834634602 0.0889538154
f 1168//390 1169//390 1170//390
v -3.19972175e-16 0.0453171022 0.065057151
v -3.18465409e-16 0.0462583564 0.061622303
v -0.000711810135 0.0453115143 0.065057151
vn -0.00757097453 0.964416325 0.264279783
f 1171//391 1172//391 1173//391
v -0.000711810135 0.0453115143 0.065057151
v -3.18465409e-16 0.0462583564 0.061622303
v -0.000726594706 0.0462526493 0.061622303
vn -0.00757515151 0.964416504 0.264278978
f 1174//392 1175//392 1176//392
v -0.000711810135 0.0453115143 0.065057151
v -0.000726594706 0.0462526493 0.061622303
v -0.00461892085 0.0450810976 0.065057151
vn -0.0567818619 0.962834179 0.264057219
f 1177//393 1178//393 1179//393
v -0.00461892085 0.0450810976 0.065057151
v -0.000726594706 0.0462526493 0.061622303
v -0.00471485779 0.0460174493 0.061622303
vn -0.0567812286 0.962834001 0.264057875
f 1180//394 1181//394 1182//394
v -0.00461892085 0.0450810976 0.065057151
v -0.00471485779 0.0460174493 0.061622303
v -0.00849157851 0.0445144139 0.065057151
vn -0.139648542 0.954343617 0.264057904
f 1183//395 1184//395 1185//395
v -0.00849157851 0.0445144139 0.065057151
v -0.00471485779 0.0460174493 0.061622303
v -0.00866795145 0.0454389937 0.061622303
vn -0.139648974 0.954343677 0.264057428
f 1186//396 1187//396 1188//396
v -0.00849157851 0.0445144139 0.065057151
v -0.00866795145 0.0454389937 0.061622303
v -0.0123008946 0.0436156839 0.065057151
vn -0.221475154 0.938734472 0.264057428
f 1189//397 1190//397 1191//397
v -0.0123008946 0.0436156839 0.065057151
v -0.00866795145 0.0454389937 0.061622303
v -0.012556389 0.0445216 0.061622303
vn -0.22147432 0.938734412 0.264058292
f 1192//398 1193//398 1194//398
v -0.0123008946 0.0436156839 0.065057151
v -0.012556389 0.0445216 0.061622303
v -0.0160184577 0.0423916131 0.065057151
vn -0.301649064 0.916122854 0.264058292
f 1195//399 1196//399 1197//399
v -0.0160184577 0.0423916131 0.065057151
v -0.012556389 0.0445216 0.061622303
v -0.0163511671 0.0432721041 0.061622303
vn -0.301649243 0.916122854 0.264058113
f 1198//400 1199//400 1200//400
v -0.0160184577 0.0423916131 0.065057151
v -0.0163511671 0.0432721041 0.061622303
v -0.0196165331 0.040851336 0.065057151
vn -0.379572392 0.886678159 0.264058083
f 1201//401 1202//401 1203//401
v -0.0196165331 0.040851336 0.065057151
v -0.0163511671 0.0432721041 0.061622303
v -0.0200239755 0.0416998342 0.061622303
vn -0.37957257 0.8866781 0.264057904
f 1204//402 1205//402 1206//402
v -0.0196165331 0.040851336 0.065057151
v -0.0200239755 0.0416998342 0.061622303
v -0.0230682828 0.0390063338 0.065057151
vn -0.454666048 0.85061872 0.264057875
f 1207//403 1208//403 1209//403
v -0.0230682828 0.0390063338 0.065057151
v -0.0200239755 0.0416998342 0.061622303
v -0.0235474203 0.0398165137 0.061622303
vn -0.454665273 0.850618899 0.264058679
f 1210//404 1211//404 1212//404
v -0.0230682828 0.0390063338 0.065057151
v -0.0235474203 0.0398165137 0.061622303
v -0.0263479613 0.036870379 0.065057151
vn -0.526365995 0.808215261 0.264058679
f 1213//405 1214//405 1215//405
v -0.0263479613 0.036870379 0.065057151
v -0.0235474203 0.0398165137 0.061622303
v -0.0268952195 0.0376361907 0.061622303
vn -0.526366651 0.808215022 0.264057964
f 1216//406 1217//406 1218//406
v -0.0263479613 0.036870379 0.065057151
v -0.0268952195 0.0376361907 0.061622303
v -0.0294311047 0.0344593972 0.065057151
vn -0.594141126 0.759782672 0.264057964
f 1219//407 1220//407 1221//407
v -0.0294311047 0.0344593972 0.065057151
v -0.0268952195 0.0376361907 0.061622303
v -0.0300424006 0.0351751298 0.061622303
vn -0.594141543 0.759782493 0.264057517
f 1222//408 1223//408 1224//408
v -0.0294311047 0.0344593972 0.065057151
v -0.0300424006 0.0351751298 0.061622303
v -0.032294713 0.0317913704 0.065057151
vn -0.657484591 0.705682397 0.264057547
f 1225//409 1226//409 1227//409
v -0.032294713 0.0317913704 0.065057151
v -0.0300424006 0.0351751298 0.061622303
v -0.032965485 0.032451693 0.061622303
vn -0.657483935 0.705682695 0.264058292
f 1228//410 1229//410 1230//410
v -0.032294713 0.0317913704 0.065057151
v -0.032965485 0.032451693 0.061622303
v -0.0349174254 0.0288862083 0.065057151
vn -0.715922952 0.646318495 0.264058203
f 1231//411 1232//411 1233//411
v -0.0349174254 0.0288862083 0.065057151
v -0.032965485 0.032451693 0.061622303
v -0.0356426761 0.0294861868 0.061622303
vn -0.715922713 0.646318614 0.264058471
f 1234//412 1235//412 1236//412
v -0.0349174254 0.0288862083 0.065057151
v -0.0356426761 0.0294861868 0.061622303
v -0.0372796841 0.0257655755 0.065057151
vn -0.769020915 0.582133949 0.264058501
f 1237//413 1238//413 1239//413
v -0.0372796841 0.0257655755 0.065057151
v -0.0356426761 0.0294861868 0.061622303
v -0.0380539969 0.0263007376 0.061622303
vn -0.769021332 0.582133651 0.264057964
f 1240//414 1241//414 1242//414
v -0.0372796841 0.0257655755 0.065057151
v -0.0380539969 0.0263007376 0.061622303
v -0.0393638648 0.0224527512 0.065057151
vn -0.816383004 0.513607025 0.264057934
f 1243//415 1244//415 1245//415
v -0.0393638648 0.0224527512 0.065057151
v -0.0380539969 0.0263007376 0.061622303
v -0.0401814654 0.0229191035 0.061622303
vn -0.816383362 0.513606727 0.264057457
f 1246//416 1247//416 1248//416
v -0.0393638648 0.0224527512 0.065057151
v -0.0401814654 0.0229191035 0.061622303
v -0.0411544181 0.0189724471 0.065057151
vn -0.857655823 0.441248387 0.264057428
f 1249//417 1250//417 1251//417
v -0.0411544181 0.0189724471 0.065057151
v -0.0401814654 0.0229191035 0.061622303
v -0.0420092121 0.0193665121 0.061622303
vn -0.857655406 0.441248834 0.264058053
f 1252//418 1253//418 1254//418
v -0.0411544181 0.0189724471 0.065057151
v -0.0420092121 0.0193665121 0.061622303
v -0.0426379889 0.0153506212 0.065057151
vn -0.892530859 0.365598112 0.264058083
f 1255//419 1256//419 1257//419
v -0.0426379889 0.0153506212 0.065057151
v -0.0420092121 0.0193665121 0.061622303
v -0.0435235985 0.0156694595 0.061622303
vn -0.89253068 0.365598351 0.264058381
f 1258//420 1259//420 1260//420
v -0.0426379889 0.0153506212 0.065057151
v -0.0435235985 0.0156694595 0.061622303
v -0.0438035168 0.0116142919 0.065057151
vn -0.920747817 0.287222326 0.264058411
f 1261//421 1262//421 1263//421
v -0.0438035168 0.0116142919 0.065057151
v -0.0435235985 0.0156694595 0.061622303
v -0.0447133332 0.0118555259 0.061622303
vn -0.920747936 0.287222058 0.264058083
f 1264//422 1265//422 1266//422
v -0.0438035168 0.0116142919 0.065057151
v -0.0447133332 0.0118555259 0.061622303
v -0.0446422994 0.00779132871 0.065057151
vn -0.942097425 0.206702217 0.264058083
f 1267//423 1268//423 1269//423
v -0.0446422994 0.00779132871 0.065057151
v -0.0447133332 0.0118555259 0.061622303
v -0.0455695391 0.00795315765 0.061622303
vn -0.942097247 0.206702471 0.264058381
f 1270//424 1271//424 1272//424
v -0.0446422994 0.00779132871 0.065057151
v -0.0455695391 0.00795315765 0.061622303
v -0.0451480858 0.00391024817 0.065057151
vn -0.95641917 0.12464153 0.264058381
f 1273//425 1274//425 1275//425
v -0.0451480858 0.00391024817 0.065057151
v -0.0455695391 0.00795315765 0.061622303
v -0.0460858308 0.00399146555 0.061622303
vn -0.95641917 0.124641515 0.264058352
f 1276//426 1277//426 1278//426
v -0.0451480858 0.00391024817 0.065057151
v -0.0460858308 0.00399146555 0.061622303
v -0.0453171022 -2.397279e-16 0.065057151
vn -0.963606954 0.0416509099 0.264058381
f 1279//427 1280//427 1281//427
v -0.0453171022 -2.397279e-16 0.065057151
v -0.0460858308 0.00399146555 0.061622303
v -0.0462583564 -2.4381666e-16 0.061622303
vn -0.963607073 0.0416506007 0.264058024
f 1282//428 1283//428 1284//428
v -0.0453171022 -2.397279e-16 0.065057151
v -0.0462583564 -2.4381666e-16 0.061622303
v -0.0451480858 -0.00391024817 0.065057151
vn -0.963607073 -0.0416509137 0.264058024
f 1285//429 1286//429 1287//429
v -0.0451480858 -0.00391024817 0.065057151
v -0.0462583564 -2.4381666e-16 0.061622303
v -0.0460858308 -0.00399146555 0.061622303
vn -0.963606954 -0.0416505933 0.264058352
f 1288//430 1289//430 1290//430
v -0.0451480858 -0.00391024817 0.065057151
v -0.0460858308 -0.00399146555 0.061622303
v -0.0446422994 -0.00779132871 0.065057151
vn -0.95641917 -0.12464153 0.264058352
f 1291//431 1292//431 1293//431
v -0.0446422994 -0.00779132871 0.065057151
v -0.0460858308 -0.00399146555 0.061622303
v -0.0455695391 -0.00795315765 0.061622303
vn -0.95641917 -0.124641515 0.264058381
f 1294//432 1295//432 1296//432
v -0.0446422994 -0.00779132871 0.065057151
v -0.0455695391 -0.00795315765 0.061622303
v -0.0438035168 -0.0116142919 0.065057151
vn -0.942097306 -0.206702188 0.264058381
f 1297//433 1298//433 1299//433
v -0.0438035168 -0.0116142919 0.065057151
v -0.0455695391 -0.00795315765 0.061622303
v -0.0447133332 -0.0118555259 0.061622303
vn -0.942097366 -0.206702486 0.264058083
f 1300//434 1301//434 1302//434
v -0.0438035168 -0.0116142919 0.065057151
v -0.0447133332 -0.0118555259 0.061622303
v -0.0426379889 -0.0153506212 0.065057151
vn -0.920747876 -0.287222356 0.264058083
f 1303//435 1304//435 1305//435
v -0.0426379889 -0.0153506212 0.065057151
v -0.0447133332 -0.0118555259 0.061622303
v -0.0435235985 -0.0156694595 0.061622303
vn -0.920747876 -0.287222028 0.264058411
f 1306//436 1307//436 1308//436
v -0.0426379889 -0.0153506212 0.065057151
v -0.0435235985 -0.0156694595 0.061622303
v -0.0411544181 -0.0189724471 0.065057151
vn -0.892530799 -0.365598083 0.264058381
f 1309//437 1310//437 1311//437
v -0.0411544181 -0.0189724471 0.065057151
v -0.0435235985 -0.0156694595 0.061622303
v -0.0420092121 -0.0193665121 0.061622303
vn -0.892530739 -0.365598381 0.264058083
f 1312//438 1313//438 1314//438
v -0.0411544181 -0.0189724471 0.065057151
v -0.0420092121 -0.0193665121 0.061622303
v -0.0393638648 -0.0224527512 0.065057151
vn -0.857655704 -0.441248298 0.264058083
f 1315//439 1316//439 1317//439
v -0.0393638648 -0.0224527512 0.065057151
v -0.0420092121 -0.0193665121 0.061622303
v -0.0401814654 -0.0229191035 0.061622303
vn -0.857655585 -0.441248894 0.264057457
f 1318//440 1319//440 1320//440
v -0.0393638648 -0.0224527512 0.065057151
v -0.0401814654 -0.0229191035 0.061622303
v -0.0372796841 -0.0257655755 0.065057151
vn -0.816383123 -0.513607085 0.264057457
f 1321//441 1322//441 1323//441
v -0.0372796841 -0.0257655755 0.065057151
v -0.0401814654 -0.0229191035 0.061622303
v -0.0380539969 -0.0263007376 0.061622303
vn -0.816383243 -0.513606668 0.264057904
f 1324//442 1325//442 1326//442
v -0.0372796841 -0.0257655755 0.065057151
v -0.0380539969 -0.0263007376 0.061622303
v -0.0349174254 -0.0288862083 0.065057151
vn -0.769021034 -0.582134068 0.264057934
f 1327//443 1328//443 1329//443
v -0.0349174254 -0.0288862083 0.065057151
v -0.0380539969 -0.0263007376 0.061622303
v -0.0356426761 -0.0294861868 0.061622303
vn -0.769021213 -0.582133532 0.264058501
f 1330//444 1331//444 1332//444
v -0.0349174254 -0.0288862083 0.065057151
v -0.0356426761 -0.0294861868 0.061622303
v -0.032294713 -0.0317913704 0.065057151
vn -0.715922892 -0.646318436 0.264058471
f 1333//445 1334//445 1335//445
v -0.032294713 -0.0317913704 0.065057151
v -0.0356426761 -0.0294861868 0.061622303
v -0.032965485 -0.032451693 0.061622303
vn -0.715922773 -0.646318674 0.264058203
f 1336//446 1337//446 1338//446
v -0.032294713 -0.0317913704 0.065057151
v -0.032965485 -0.032451693 0.061622303
v -0.0294311047 -0.0344593972 0.065057151
vn -0.657484472 -0.705682218 0.264058292
f 1339//447 1340//447 1341//447
v -0.0294311047 -0.0344593972 0.065057151
v -0.032965485 -0.032451693 0.061622303
v -0.0300424006 -0.0351751298 0.061622303
vn -0.657484055 -0.705682874 0.264057547
f 1342//448 1343//448 1344//448
v -0.0294311047 -0.0344593972 0.065057151
v -0.0300424006 -0.0351751298 0.061622303
v -0.0263479613 -0.036870379 0.065057151
vn -0.594141185 -0.759782791 0.264057487
f 1345//449 1346//449 1347//449
v -0.0263479613 -0.036870379 0.065057151
v -0.0300424006 -0.0351751298 0.061622303
v -0.0268952195 -0.0376361907 0.061622303
vn -0.594141483 -0.759782434 0.264057964
f 1348//450 1349//450 1350//450
v -0.0263479613 -0.036870379 0.065057151
v -0.0268952195 -0.0376361907 0.061622303
v -0.0230682828 -0.0390063338 0.065057151
vn -0.526366115 -0.80821538 0.264057934
f 1351//451 1352//451 1353//451
v -0.0230682828 -0.0390063338 0.065057151
v -0.0268952195 -0.0376361907 0.061622303
v -0.0235474203 -0.0398165137 0.061622303
vn -0.526366532 -0.808214903 0.26405865
f 1354//452 1355//452 1356//452
v -0.0230682828 -0.0390063338 0.065057151
v -0.0235474203 -0.0398165137 0.061622303
v -0.0196165331 -0.040851336 0.065057151
vn -0.454665959 -0.850618541 0.264058709
f 1357//453 1358//453 1359//453
v -0.0196165331 -0.040851336 0.065057151
v -0.0235474203 -0.0398165137 0.061622303
v -0.0200239755 -0.0416998342 0.061622303
vn -0.454665393 -0.850619078 0.264057904
f 1360//454 1361//454 1362//454
v -0.0196165331 -0.040851336 0.065057151
v -0.0200239755 -0.0416998342 0.061622303
v -0.0160184577 -0.0423916131 0.065057151
vn -0.379572421 -0.886678159 0.264057904
f 1363//455 1364//455 1365//455
v -0.0160184577 -0.0423916131 0.065057151
v -0.0200239755 -0.0416998342 0.061622303
v -0.0163511671 -0.0432721041 0.061622303
vn -0.37957257 -0.88667804 0.264058083
f 1366//456 1367//456 1368//456
v -0.0160184577 -0.0423916131 0.065057151
v -0.0163511671 -0.0432721041 0.061622303
v -0.0123008946 -0.0436156839 0.065057151
vn -0.301649094 -0.916122913 0.264058083
f 1369//457 1370//457 1371//457
v -0.0123008946 -0.0436156839 0.065057151
v -0.0163511671 -0.0432721041 0.061622303
v -0.012556389 -0.0445216 0.061622303
vn -0.301649243 -0.916122794 0.264058292
f 1372//458 1373//458 1374//458
v -0.0123008946 -0.0436156839 0.065057151
v -0.012556389 -0.0445216 0.061622303
v -0.00849157851 -0.0445144139 0.065057151
vn -0.221475095 -0.938734233 0.264058292
f 1375//459 1376//459 1377//459
v -0.00849157851 -0.0445144139 0.065057151
v -0.012556389 -0.0445216 0.061622303
v -0.00866795145 -0.0454389937 0.061622303
vn -0.221474379 -0.938734651 0.264057457
f 1378//460 1379//460 1380//460
v -0.00849157851 -0.0445144139 0.065057151
v -0.00866795145 -0.0454389937 0.061622303
v -0.00461892085 -0.0450810976 0.065057151
vn -0.139648557 -0.954343736 0.264057428
f 1381//461 1382//461 1383//461
v -0.00849157851 -0.0445144139 0.065057151
v -0.00905314181 -0.0440564193 0.0686044842
v -0.0123008946 -0.0436156839 0.065057151
vn -0.228714943 -0.969420731 0.0889545903
f 1384//462 1385//462 1386//462
v -0.0123008946 -0.0436156839 0.065057151
v -0.00905314181 -0.0440564193 0.0686044842
v -0.0122148199 -0.0433104858 0.0686044842
vn -0.228715047 -0.969420671 0.088954702
f 1387//463 1388//463 1389//463
v -0.0123008946 -0.0436156839 0.065057151
v -0.0122148199 -0.0433104858 0.0686044842
v -0.0160184577 -0.0423916131 0.065057151
vn -0.311509758 -0.946070135 0.0889546946
f 1390//464 1391//464 1392//464
v -0.0160184577 -0.0423916131 0.065057151
v -0.0122148199 -0.0433104858 0.0686044842
v -0.0159063693 -0.0420949832 0.0686044842
vn -0.311509132 -0.946070433 0.0889539793
f 1393//465 1394//465 1395//465
v -0.0160184577 -0.0423916131 0.065057151
v -0.0159063693 -0.0420949832 0.0686044842
v -0.0177295003 -0.0413145274 0.0686044842
vn -0.391981691 -0.915662348 0.0889540017
f 1396//466 1397//466 1398//466
v -3.18465409e-16 -0.0462583564 0.061622303
v -3.19972175e-16 -0.0453171022 0.065057151
v -0.000724993588 -0.0462213121 0.061622303
vn -0.0492195226 -0.963275075 0.263967037
f 1399//467 1400//467 1401//467
v -0.000724993588 -0.0462213121 0.061622303
v -3.19972175e-16 -0.0453171022 0.065057151
v -0.00461892085 -0.0450810976 0.065057151
vn -0.0492187142 -0.963275135 0.263966888
f 1402//468 1403//468 1404//468
v -0.000724993588 -0.0462213121 0.061622303
v -0.00461892085 -0.0450810976 0.065057151
v -0.00471485779 -0.0460174493 0.061622303
vn -0.0492187031 -0.963275135 0.263966918
f 1405//469 1406//469 1407//469
v -0.00471485779 -0.0460174493 0.061622303
v -0.00461892085 -0.0450810976 0.065057151
v -0.00866795145 -0.0454389937 0.061622303
vn -0.139648959 -0.954343557 0.264057875
f 1408//470 1409//470 1410//470
v -3.19972175e-16 -0.0453171022 0.065057151
v -3.2152828e-16 -0.0450000018 0.0686044842
v -0.00461892085 -0.0450810976 0.065057151
vn -0.0508264713 -0.994741023 0.0889211148
f 1411//471 1412//471 1413//471
v -0.00461892085 -0.0450810976 0.065057151
v -3.2152828e-16 -0.0450000018 0.0686044842
v -0.00458660023 -0.0447656475 0.0686044842
vn -0.0508267097 -0.994740963 0.0889214277
f 1414//472 1415//472 1416//472
v -0.00461892085 -0.0450810976 0.065057151
v -0.00458660023 -0.0447656475 0.0686044842
v -0.00849157851 -0.0445144139 0.065057151
vn -0.144213527 -0.985540271 0.0889541134
f 1417//473 1418//473 1419//473
v -0.00849157851 -0.0445144139 0.065057151
v -0.00458660023 -0.0447656475 0.0686044842
v -0.0084321592 -0.0442029275 0.0686044842
vn -0.14421393 -0.985540152 0.0889545605
f 1420//474 1421//474 1422//474
v -0.00849157851 -0.0445144139 0.065057151
v -0.0084321592 -0.0442029275 0.0686044842
v -0.00905314181 -0.0440564193 0.0686044842
vn -0.228715092 -0.969420671 0.0889545679
f 1423//475 1424//475 1425//475
v 0.0184999984 0.0332929417 0.065200001
v 0.0184999984 0.0332929417 0.0759999976
v 0.017874999 0.0331254713 0.065200001
vn 0.258822411 -0.965924919 -6.61777313e-17
f 1426//476 1427//476 1428//476
v 0.017874999 0.0331254713 0.065200001
v 0.0184999984 0.0332929417 0.0759999976
v 0.017874999 0.0331254713 0.0759999976
vn 0.258822411 -0.965924919 -6.61777313e-17
f 1429//477 1430//477 1431//477
v 0.017874999 0.0331254713 0.065200001
v 0.017874999 0.0331254713 0.0759999976
v 0.0174174681 0.0326679386 0.065200001
vn 0.7071082 -0.707105339 1.7862657e-16
f 1432//478 1433//478 1434//478
v 0.0174174681 0.0326679386 0.065200001
v 0.017874999 0.0331254713 0.0759999976
v 0.0174174681 0.0326679386 0.0759999976
vn 0.7071082 -0.707105339 1.7862657e-16
f 1435//479 1436//479 1437//479
v 0.0174174681 0.0326679386 0.065200001
v 0.0174174681 0.0326679386 0.0759999976
v 0.0172499996 0.0320429392 0.065200001
vn 0.965925634 -0.258819729 3.75567897e-16
f 1438//480 1439//480 1440//480
v 0.0172499996 0.0320429392 0.065200001
v 0.0174174681 0.0326679386 0.0759999976
v 0.0172499996 0.0320429392 0.0759999976
vn 0.965925634 -0.258819729 3.75567897e-16
f 1441//481 1442//481 1443//481
v 0.0172499996 0.0320429392 0.065200001
v 0.0172499996 0.0320429392 0.0759999976
v 0.0174174681 0.0314179398 0.065200001
vn 0.965925634 0.258819729 4.71877449e-16
f 1444//482 1445//482 1446//482
v 0.0174174681 0.0314179398 0.065200001
v 0.0172499996 0.0320429392 0.0759999976
v 0.0174174681 0.0314179398 0.0759999976
vn 0.965925634 0.258819729 4.71877449e-16
f 1447//483 1448//483 1449//483
v 0.0174174681 0.0314179398 0.065200001
v 0.0174174681 0.0314179398 0.0759999976
v 0.017874999 0.030960409 0.065200001
vn 0.707106769 0.707106769 4.41747481e-16
f 1450//484 1451//484 1452//484
v 0.017874999 0.030960409 0.065200001
v 0.0174174681 0.0314179398 0.0759999976
v 0.017874999 0.030960409 0.0759999976
vn 0.707106769 0.707106769 4.41747481e-16
f 1453//485 1454//485 1455//485
v 0.017874999 0.030960409 0.065200001
v 0.017874999 0.030960409 0.0759999976
v 0.0184999984 0.0307929404 0.065200001
vn 0.258819729 0.965925634 2.93251991e-16
f 1456//486 1457//486 1458//486
v 0.0184999984 0.0307929404 0.065200001
v 0.017874999 0.030960409 0.0759999976
v 0.0184999984 0.0307929404 0.0759999976
vn 0.258819729 0.965925634 2.93251991e-16
f 1459//487 1460//487 1461//487
v 0.0184999984 0.0320429392 0.0644489229
v 0.0174174681 0.0326679386 0.065200001
v 0.0172499996 0.0320429392 0.065200001
vn 0.510204017 -0.136709154 0.84911865
f 1462//488 1463//488 1464//488
v 0.017874999 0.0331254713 0.065200001
v 0.0174174681 0.0326679386 0.065200001
v 0.0184999984 0.0320429392 0.0644489229
vn 0.373495996 -0.373494476 0.849118769
f 1465//489 1466//489 1467//489
v 0.0184999984 0.0332929417 0.065200001
v 0.017874999 0.0331254713 0.065200001
v 0.0184999984 0.0320429392 0.0644489229
vn 0.136710346 -0.510202825 0.849119186
f 1468//490 1469//490 1470//490
v 0.0184999984 0.0320429392 0.0644489229
v 0.017874999 0.030960409 0.065200001
v 0.0184999984 0.0307929404 0.065200001
vn 0.136709154 0.510204017 0.84911865
f 1471//491 1472//491 1473//491
v 0.0174174681 0.0314179398 0.065200001
v 0.017874999 0.030960409 0.065200001
v 0.0184999984 0.0320429392 0.0644489229
vn 0.37349537 0.37349537 0.84911859
f 1474//492 1475//492 1476//492
v 0.0172499996 0.0320429392 0.065200001
v 0.0174174681 0.0314179398 0.065200001
v 0.0184999984 0.0320429392 0.0644489229
vn 0.510204017 0.136709154 0.84911865
f 1477//493 1478//493 1479//493
v 0.0320429392 0.0197500009 0.065200001
v 0.0320429392 0.0197500009 0.0759999976
v 0.0315005854 0.0196262114 0.065200001
vn 0.222522318 -0.974927604 -8.37764951e-17
f 1480//494 1481//494 1482//494
v 0.0315005854 0.0196262114 0.065200001
v 0.0320429392 0.0197500009 0.0759999976
v 0.0314179398 0.0195825323 0.0759999976
vn 0.258819252 -0.965923846 -0.00192595914
f 1483//495 1484//495 1485//495
v 0.0315005854 0.0196262114 0.065200001
v 0.0314179398 0.0195825323 0.0759999976
v 0.0314287767 0.0195689443 0.065200001
vn 0.623498976 -0.781822503 0.00160927628
f 1486//496 1487//496 1488//496
v 0.0314287767 0.0195689443 0.065200001
v 0.0314179398 0.0195825323 0.0759999976
v 0.0310656503 0.0192793626 0.065200001
vn 0.623488426 -0.781830907 0.00160927628
f 1489//497 1490//497 1491//497
v 0.0310656503 0.0192793626 0.065200001
v 0.0314179398 0.0195825323 0.0759999976
v 0.0309604071 0.0191249996 0.0759999976
vn 0.707104564 -0.707101703 -0.00321596419
f 1492//498 1493//498 1494//498
v 0.0310656503 0.0192793626 0.065200001
v 0.0309604071 0.0191249996 0.0759999976
v 0.0309854951 0.0191129185 0.065200001
vn 0.900965989 -0.433882087 0.00257825875
f 1495//499 1496//499 1497//499
v 0.0309854951 0.0191129185 0.065200001
v 0.0309604071 0.0191249996 0.0759999976
v 0.0308242794 0.0187781509 0.065200001
vn 0.90096581 -0.433882445 0.00257825875
f 1498//500 1499//500 1500//500
v 0.0308242794 0.0187781509 0.065200001
v 0.0309604071 0.0191249996 0.0759999976
v 0.0307929385 0.0185000002 0.0759999976
vn 0.965918422 -0.258817792 -0.00386274396
f 1501//501 1502//501 1503//501
v 0.0308242794 0.0187781509 0.065200001
v 0.0307929385 0.0185000002 0.0759999976
v 0.0308242794 0.0185000002 0.065200001
vn 0.999995768 -5.39917536e-19 0.00290192082
f 1504//502 1505//502 1506//502
v 0.0308242794 0.0185000002 0.065200001
v 0.0307929385 0.0185000002 0.0759999976
v 0.0308242794 0.0182218496 0.065200001
vn 0.999995768 -5.39917536e-19 0.00290192082
f 1507//503 1508//503 1509//503
v 0.0308242794 0.0182218496 0.065200001
v 0.0307929385 0.0185000002 0.0759999976
v 0.0309604071 0.0178750008 0.0759999976
vn 0.965918422 0.258817792 -0.00386274396
f 1510//504 1511//504 1512//504
v 0.0308242794 0.0182218496 0.065200001
v 0.0309604071 0.0178750008 0.0759999976
v 0.0309854951 0.017887082 0.065200001
vn 0.90096581 0.433882445 0.00257825875
f 1513//505 1514//505 1515//505
v 0.0309854951 0.017887082 0.065200001
v 0.0309604071 0.0178750008 0.0759999976
v 0.0310656503 0.0177206378 0.065200001
vn 0.900965989 0.433882087 0.00257825875
f 1516//506 1517//506 1518//506
v 0.0310656503 0.0177206378 0.065200001
v 0.0309604071 0.0178750008 0.0759999976
v 0.0314179398 0.0174174681 0.0759999976
vn 0.707104564 0.707101703 -0.00321596419
f 1519//507 1520//507 1521//507
v 0.0310656503 0.0177206378 0.065200001
v 0.0314179398 0.0174174681 0.0759999976
v 0.0314287767 0.0174310561 0.065200001
vn 0.623488426 0.781830907 0.00160927628
f 1522//508 1523//508 1524//508
v 0.0314287767 0.0174310561 0.065200001
v 0.0314179398 0.0174174681 0.0759999976
v 0.0315005854 0.0173737891 0.065200001
vn 0.623498976 0.781822503 0.00160927628
f 1525//509 1526//509 1527//509
v 0.0315005854 0.0173737891 0.065200001
v 0.0314179398 0.0174174681 0.0759999976
v 0.0320429392 0.0172499996 0.0759999976
vn 0.258819252 0.965923846 -0.00192595914
f 1528//510 1529//510 1530//510
v 0.0315005854 0.0173737891 0.065200001
v 0.0320429392 0.0172499996 0.0759999976
v 0.0320429392 0.0172499996 0.065200001
vn 0.222522318 0.974927604 2.79004262e-16
f 1531//511 1532//511 1533//511
v 0.0320429392 0.0185000002 0.0644489229
v 0.0320429392 0.0197500009 0.065200001
v 0.0315005854 0.0196262114 0.065200001
vn 0.116751134 -0.511516809 0.85130471
f 1534//512 1535//512 1536//512
v 0.0314287767 0.0195689443 0.065200001
v 0.0310656503 0.0192793626 0.065200001
v 0.0320429392 0.0185000002 0.0644489229
vn 0.327127427 -0.410205454 0.851304352
f 1537//513 1538//513 1539//513
v 0.0309854951 0.0191129185 0.065200001
v 0.0308242794 0.0187781509 0.065200001
v 0.0320429392 0.0185000002 0.0644489229
vn 0.472713381 -0.227646858 0.851304293
f 1540//514 1541//514 1542//514
v 0.0308242794 0.0185000002 0.065200001
v 0.0308242794 0.0182218496 0.065200001
v 0.0320429392 0.0185000002 0.0644489229
vn 0.52467227 -1.58389616e-16 0.851304293
f 1543//515 1544//515 1545//515
v 0.0309854951 0.017887082 0.065200001
v 0.0310656503 0.0177206378 0.065200001
v 0.0320429392 0.0185000002 0.0644489229
vn 0.47271347 0.227646679 0.851304293
f 1546//516 1547//516 1548//516
v 0.0320429392 0.0185000002 0.0644489229
v 0.0315005854 0.0173737891 0.065200001
v 0.0320429392 0.0172499996 0.065200001
vn 0.116751134 0.511516809 0.85130471
f 1549//517 1550//517 1551//517
v 0.0314287767 0.0174310561 0.065200001
v 0.0315005854 0.0173737891 0.065200001
v 0.0320429392 0.0185000002 0.0644489229
vn 0.327133447 0.410201639 0.851303875
f 1552//518 1553//518 1554//518
v 0.0310656503 0.0177206378 0.065200001
v 0.0314287767 0.0174310561 0.065200001
v 0.0320429392 0.0185000002 0.0644489229
vn 0.327127427 0.410205454 0.851304352
f 1555//519 1556//519 1557//519
v 0.0308242794 0.0182218496 0.065200001
v 0.0309854951 0.017887082 0.065200001
v 0.0320429392 0.0185000002 0.0644489229
vn 0.472713381 0.227646858 0.851304293
f 1558//520 1559//520 1560//520
v 0.0308242794 0.0187781509 0.065200001
v 0.0308242794 0.0185000002 0.065200001
v 0.0320429392 0.0185000002 0.0644489229
vn 0.52467227 -1.58389616e-16 0.851304293
f 1561//521 1562//521 1563//521
v 0.0310656503 0.0192793626 0.065200001
v 0.0309854951 0.0191129185 0.065200001
v 0.0320429392 0.0185000002 0.0644489229
vn 0.47271347 -0.227646679 0.851304293
f 1564//522 1565//522 1566//522
v 0.0315005854 0.0196262114 0.065200001
v 0.0314287767 0.0195689443 0.065200001
v 0.0320429392 0.0185000002 0.0644489229
vn 0.327133447 -0.410201639 0.851303875
f 1567//523 1568//523 1569//523
v 0.0370000005 0.00124999997 0.065200001
v 0.0370000005 0.00124999997 0.0759999976
v 0.0363750011 0.00108253176 0.065200001
vn 0.258819222 -0.965925753 -6.61792864e-17
f 1570//524 1571//524 1572//524
v 0.0363750011 0.00108253176 0.065200001
v 0.0370000005 0.00124999997 0.0759999976
v 0.0363750011 0.00108253176 0.0759999976
vn 0.258819222 -0.965925753 -6.61792864e-17
f 1573//525 1574//525 1575//525
v 0.0363750011 0.00108253176 0.065200001
v 0.0363750011 0.00108253176 0.0759999976
v 0.0359174684 0.000624999986 0.065200001
vn 0.707106054 -0.707107484 1.7862522e-16
f 1576//526 1577//526 1578//526
v 0.0359174684 0.000624999986 0.065200001
v 0.0363750011 0.00108253176 0.0759999976
v 0.0359174684 0.000624999986 0.0759999976
vn 0.707106054 -0.707107484 1.7862522e-16
f 1579//527 1580//527 1581//527
v 0.0359174684 0.000624999986 0.065200001
v 0.0359174684 0.000624999986 0.0759999976
v 0.0357500017 6.34140163e-16 0.065200001
vn 0.965926409 -0.258816808 3.75568771e-16
f 1582//528 1583//528 1584//528
v 0.0357500017 6.34140163e-16 0.065200001
v 0.0359174684 0.000624999986 0.0759999976
v 0.0357500017 6.25505244e-16 0.0759999976
vn 0.965926409 -0.258816808 2.16790737e-16
f 1585//529 1586//529 1587//529
v 0.0357500017 6.34140163e-16 0.065200001
v 0.0357500017 6.25505244e-16 0.0759999976
v 0.0359174684 -0.000624999986 0.065200001
vn 0.965926409 0.258816808 6.30655257e-16
f 1588//530 1589//530 1590//530
v 0.0359174684 -0.000624999986 0.065200001
v 0.0357500017 6.25505244e-16 0.0759999976
v 0.0359174684 -0.000624999986 0.0759999976
vn 0.965926409 0.258816808 4.71877237e-16
f 1591//531 1592//531 1593//531
v 0.0359174684 -0.000624999986 0.065200001
v 0.0359174684 -0.000624999986 0.0759999976
v 0.0363750011 -0.00108253176 0.065200001
vn 0.707106054 0.707107484 4.41747296e-16
f 1594//532 1595//532 1596//532
v 0.0363750011 -0.00108253176 0.065200001
v 0.0359174684 -0.000624999986 0.0759999976
v 0.0363750011 -0.00108253176 0.0759999976
vn 0.707106054 0.707107484 4.41747296e-16
f 1597//533 1598//533 1599//533
v 0.0363750011 -0.00108253176 0.065200001
v 0.0363750011 -0.00108253176 0.0759999976
v 0.0370000005 -0.00124999997 0.065200001
vn 0.258819222 0.965925753 2.9325178e-16
f 1600//534 1601//534 1602//534
v 0.0370000005 -0.00124999997 0.065200001
v 0.0363750011 -0.00108253176 0.0759999976
v 0.0370000005 -0.00124999997 0.0759999976
vn 0.258819222 0.965925753 2.9325178e-16
f 1603//535 1604//535 1605//535
v 0.0370000005 6.3393301e-16 0.0644489229
v 0.0359174684 0.000624999986 0.065200001
v 0.0357500017 6.34140163e-16 0.065200001
vn 0.510204136 -0.136707529 0.849118829
f 1606//536 1607//536 1608//536
v 0.0363750011 0.00108253176 0.065200001
v 0.0359174684 0.000624999986 0.065200001
v 0.0370000005 6.3393301e-16 0.0644489229
vn 0.373494685 -0.37349543 0.849118888
f 1609//537 1610//537 1611//537
v 0.0370000005 0.00124999997 0.065200001
v 0.0363750011 0.00108253176 0.065200001
v 0.0370000005 6.3393301e-16 0.0644489229
vn 0.136708781 -0.510203719 0.849118888
f 1612//538 1613//538 1614//538
v 0.0370000005 6.3393301e-16 0.0644489229
v 0.0363750011 -0.00108253176 0.065200001
v 0.0370000005 -0.00124999997 0.065200001
vn 0.136708781 0.510203719 0.849118888
f 1615//539 1616//539 1617//539
v 0.0359174684 -0.000624999986 0.065200001
v 0.0363750011 -0.00108253176 0.065200001
v 0.0370000005 6.3393301e-16 0.0644489229
vn 0.373494685 0.37349543 0.849118888
f 1618//540 1619//540 1620//540
v 0.0357500017 6.34140163e-16 0.065200001
v 0.0359174684 -0.000624999986 0.065200001
v 0.0370000005 6.3393301e-16 0.0644489229
vn 0.510204136 0.136707529 0.849118829
f 1621//541 1622//541 1623//541
v 0.0320429392 -0.0172499996 0.065200001
v 0.0320429392 -0.0172499996 0.0759999976
v 0.0314179398 -0.0174174681 0.065200001
vn 0.258819729 -0.965925634 -6.61790415e-17
f 1624//542 1625//542 1626//542
v 0.0314179398 -0.0174174681 0.065200001
v 0.0320429392 -0.0172499996 0.0759999976
v 0.0314179398 -0.0174174681 0.0759999976
vn 0.258819729 -0.965925634 -6.61790415e-17
f 1627//543 1628//543 1629//543
v 0.0314179398 -0.0174174681 0.065200001
v 0.0314179398 -0.0174174681 0.0759999976
v 0.0309604071 -0.0178750008 0.065200001
vn 0.7071082 -0.707105339 1.7862657e-16
f 1630//544 1631//544 1632//544
v 0.0309604071 -0.0178750008 0.065200001
v 0.0314179398 -0.0174174681 0.0759999976
v 0.0309604071 -0.0178750008 0.0759999976
vn 0.7071082 -0.707105339 1.7862657e-16
f 1633//545 1634//545 1635//545
v 0.0309604071 -0.0178750008 0.065200001
v 0.0309604071 -0.0178750008 0.0759999976
v 0.0307929385 -0.0185000002 0.065200001
vn 0.965925634 -0.258819729 3.75567897e-16
f 1636//546 1637//546 1638//546
v 0.0307929385 -0.0185000002 0.065200001
v 0.0309604071 -0.0178750008 0.0759999976
v 0.0307929385 -0.0185000002 0.0759999976
vn 0.965925634 -0.258819729 3.75567897e-16
f 1639//547 1640//547 1641//547
v 0.0307929385 -0.0185000002 0.065200001
v 0.0307929385 -0.0185000002 0.0759999976
v 0.0309604071 -0.0191249996 0.065200001
vn 0.965925634 0.258819729 4.71877449e-16
f 1642//548 1643//548 1644//548
v 0.0309604071 -0.0191249996 0.065200001
v 0.0307929385 -0.0185000002 0.0759999976
v 0.0309604071 -0.0191249996 0.0759999976
vn 0.965925634 0.258819729 4.71877449e-16
f 1645//549 1646//549 1647//549
v 0.0309604071 -0.0191249996 0.065200001
v 0.0309604071 -0.0191249996 0.0759999976
v 0.0314179398 -0.0195825323 0.065200001
vn 0.7071082 0.707105339 4.41747852e-16
f 1648//550 1649//550 1650//550
v 0.0314179398 -0.0195825323 0.065200001
v 0.0309604071 -0.0191249996 0.0759999976
v 0.0314179398 -0.0195825323 0.0759999976
vn 0.7071082 0.707105339 4.41747852e-16
f 1651//551 1652//551 1653//551
v 0.0314179398 -0.0195825323 0.065200001
v 0.0314179398 -0.0195825323 0.0759999976
v 0.0320429392 -0.0197500009 0.065200001
vn 0.258819729 0.965925634 2.93251991e-16
f 1654//552 1655//552 1656//552
v 0.0320429392 -0.0197500009 0.065200001
v 0.0314179398 -0.0195825323 0.0759999976
v 0.0320429392 -0.0197500009 0.0759999976
vn 0.258819729 0.965925634 2.93251991e-16
f 1657//553 1658//553 1659//553
v 0.0320429392 -0.0185000002 0.0644489229
v 0.0309604071 -0.0178750008 0.065200001
v 0.0307929385 -0.0185000002 0.065200001
vn 0.510204017 -0.136709154 0.84911865
f 1660//554 1661//554 1662//554
v 0.0314179398 -0.0174174681 0.065200001
v 0.0309604071 -0.0178750008 0.065200001
v 0.0320429392 -0.0185000002 0.0644489229
vn 0.373495996 -0.373494476 0.849118769
f 1663//555 1664//555 1665//555
v 0.0320429392 -0.0172499996 0.065200001
v 0.0314179398 -0.0174174681 0.065200001
v 0.0320429392 -0.0185000002 0.0644489229
vn 0.136709005 -0.510203481 0.849119008
f 1666//556 1667//556 1668//556
v 0.0320429392 -0.0185000002 0.0644489229
v 0.0314179398 -0.0195825323 0.065200001
v 0.0320429392 -0.0197500009 0.065200001
vn 0.136709005 0.510203481 0.849119008
f 1669//557 1670//557 1671//557
v 0.0309604071 -0.0191249996 0.065200001
v 0.0314179398 -0.0195825323 0.065200001
v 0.0320429392 -0.0185000002 0.0644489229
vn 0.373495996 0.373494476 0.849118769
f 1672//558 1673//558 1674//558
v 0.0307929385 -0.0185000002 0.065200001
v 0.0309604071 -0.0191249996 0.065200001
v 0.0320429392 -0.0185000002 0.0644489229
vn 0.510204017 0.136709154 0.84911865
f 1675//559 1676//559 1677//559
v 0.0184999984 -0.0307929404 0.065200001
v 0.0184999984 -0.0307929404 0.0759999976
v 0.017874999 -0.030960409 0.065200001
vn 0.258819729 -0.965925634 -6.61790415e-17
f 1678//560 1679//560 1680//560
v 0.017874999 -0.030960409 0.065200001
v 0.0184999984 -0.0307929404 0.0759999976
v 0.017874999 -0.030960409 0.0759999976
vn 0.258819729 -0.965925634 -6.61790415e-17
f 1681//561 1682//561 1683//561
v 0.017874999 -0.030960409 0.065200001
v 0.017874999 -0.030960409 0.0759999976
v 0.0174174681 -0.0314179398 0.065200001
vn 0.707106769 -0.707106769 1.7862567e-16
f 1684//562 1685//562 1686//562
v 0.0174174681 -0.0314179398 0.065200001
v 0.017874999 -0.030960409 0.0759999976
v 0.0174174681 -0.0314179398 0.0759999976
vn 0.707106769 -0.707106769 1.7862567e-16
f 1687//563 1688//563 1689//563
v 0.0174174681 -0.0314179398 0.065200001
v 0.0174174681 -0.0314179398 0.0759999976
v 0.0172499996 -0.0320429392 0.065200001
vn 0.965925634 -0.258819729 3.75567897e-16
f 1690//564 1691//564 1692//564
v 0.0172499996 -0.0320429392 0.065200001
v 0.0174174681 -0.0314179398 0.0759999976
v 0.0172499996 -0.0320429392 0.0759999976
vn 0.965925634 -0.258819729 3.75567897e-16
f 1693//565 1694//565 1695//565
v 0.0172499996 -0.0320429392 0.065200001
v 0.0172499996 -0.0320429392 0.0759999976
v 0.0174174681 -0.0326679386 0.065200001
vn 0.965925634 0.258819729 4.71877449e-16
f 1696//566 1697//566 1698//566
v 0.0174174681 -0.0326679386 0.065200001
v 0.0172499996 -0.0320429392 0.0759999976
v 0.0174174681 -0.0326679386 0.0759999976
vn 0.965925634 0.258819729 4.71877449e-16
f 1699//567 1700//567 1701//567
v 0.0174174681 -0.0326679386 0.065200001
v 0.0174174681 -0.0326679386 0.0759999976
v 0.017874999 -0.0331254713 0.065200001
vn 0.7071082 0.707105339 4.41747852e-16
f 1702//568 1703//568 1704//568
v 0.017874999 -0.0331254713 0.065200001
v 0.0174174681 -0.0326679386 0.0759999976
v 0.017874999 -0.0331254713 0.0759999976
vn 0.7071082 0.707105339 4.41747852e-16
f 1705//569 1706//569 1707//569
v 0.017874999 -0.0331254713 0.065200001
v 0.017874999 -0.0331254713 0.0759999976
v 0.0184999984 -0.0332929417 0.065200001
vn 0.258822411 0.965924919 2.93253024e-16
f 1708//570 1709//570 1710//570
v 0.0184999984 -0.0332929417 0.065200001
v 0.017874999 -0.0331254713 0.0759999976
v 0.0184999984 -0.0332929417 0.0759999976
vn 0.258822411 0.965924919 2.93253024e-16
f 1711//571 1712//571 1713//571
v 0.0184999984 -0.0320429392 0.0644489229
v 0.0174174681 -0.0314179398 0.065200001
v 0.0172499996 -0.0320429392 0.065200001
vn 0.510204017 -0.136709154 0.84911865
f 1714//572 1715//572 1716//572
v 0.017874999 -0.030960409 0.065200001
v 0.0174174681 -0.0314179398 0.065200001
v 0.0184999984 -0.0320429392 0.0644489229
vn 0.37349537 -0.37349537 0.84911859
f 1717//573 1718//573 1719//573
v 0.0184999984 -0.0307929404 0.065200001
v 0.017874999 -0.030960409 0.065200001
v 0.0184999984 -0.0320429392 0.0644489229
vn 0.136709154 -0.510204017 0.84911865
f 1720//574 1721//574 1722//574
v 0.0184999984 -0.0320429392 0.0644489229
v 0.017874999 -0.0331254713 0.065200001
v 0.0184999984 -0.0332929417 0.065200001
vn 0.136710346 0.510202825 0.849119186
f 1723//575 1724//575 1725//575
v 0.0174174681 -0.0326679386 0.065200001
v 0.017874999 -0.0331254713 0.065200001
v 0.0184999984 -0.0320429392 0.0644489229
vn 0.373495996 0.373494476 0.849118769
f 1726//576 1727//576 1728//576
v 0.0172499996 -0.0320429392 0.065200001
v 0.0174174681 -0.0326679386 0.065200001
v 0.0184999984 -0.0320429392 0.0644489229
vn 0.510204017 0.136709154 0.84911865
f 1729//577 1730//577 1731//577
v -3.20034829e-16 -0.0357500017 0.065200001
v -3.2477247e-16 -0.0357500017 0.0759999976
v -0.000625000044 -0.0359174684 0.065200001
vn 0.258816808 -0.965926409 -6.61804709e-17
f 1732//578 1733//578 1734//578
v -0.000625000044 -0.0359174684 0.065200001
v -3.2477247e-16 -0.0357500017 0.0759999976
v -0.000625000044 -0.0359174684 0.0759999976
vn 0.258816808 -0.965926409 -6.61804709e-17
f 1735//579 1736//579 1737//579
v -0.000625000044 -0.0359174684 0.065200001
v -0.000625000044 -0.0359174684 0.0759999976
v -0.00108253176 -0.0363750011 0.065200001
vn 0.707107484 -0.707106054 1.7862612e-16
f 1738//580 1739//580 1740//580
v -0.00108253176 -0.0363750011 0.065200001
v -0.000625000044 -0.0359174684 0.0759999976
v -0.00108253176 -0.0363750011 0.0759999976
vn 0.707107484 -0.707106054 1.7862612e-16
f 1741//581 1742//581 1743//581
v -0.00108253176 -0.0363750011 0.065200001
v -0.00108253176 -0.0363750011 0.0759999976
v -0.00124999997 -0.0370000005 0.065200001
vn 0.965925753 -0.258819222 3.75568056e-16
f 1744//582 1745//582 1746//582
v -0.00124999997 -0.0370000005 0.065200001
v -0.00108253176 -0.0363750011 0.0759999976
v -0.00124999997 -0.0370000005 0.0759999976
vn 0.965925753 -0.258819222 3.75568056e-16
f 1747//583 1748//583 1749//583
v -0.00124999997 -0.0370000005 0.065200001
v -0.00124999997 -0.0370000005 0.0759999976
v -0.00108253176 -0.0376249999 0.065200001
vn 0.965925753 0.258819222 4.71877396e-16
f 1750//584 1751//584 1752//584
v -0.00108253176 -0.0376249999 0.065200001
v -0.00124999997 -0.0370000005 0.0759999976
v -0.00108253176 -0.0376249999 0.0759999976
vn 0.965925753 0.258819222 4.71877396e-16
f 1753//585 1754//585 1755//585
v -0.00108253176 -0.0376249999 0.065200001
v -0.00108253176 -0.0376249999 0.0759999976
v -0.000625000044 -0.0380825326 0.065200001
vn 0.707107484 0.707106054 4.41747667e-16
f 1756//586 1757//586 1758//586
v -0.000625000044 -0.0380825326 0.065200001
v -0.00108253176 -0.0376249999 0.0759999976
v -0.000625000044 -0.0380825326 0.0759999976
vn 0.707107484 0.707106054 4.41747667e-16
f 1759//587 1760//587 1761//587
v -0.000625000044 -0.0380825326 0.065200001
v -0.000625000044 -0.0380825326 0.0759999976
v -3.20034829e-16 -0.0382499993 0.065200001
vn 0.258816808 0.965926409 2.93250853e-16
f 1762//588 1763//588 1764//588
v -3.20034829e-16 -0.0382499993 0.065200001
v -0.000625000044 -0.0380825326 0.0759999976
v -3.2477247e-16 -0.0382499993 0.0759999976
vn 0.258816808 0.965926409 2.93250853e-16
f 1765//589 1766//589 1767//589
v -3.1970536e-16 -0.0370000005 0.0644489229
v -0.00108253176 -0.0363750011 0.065200001
v -0.00124999997 -0.0370000005 0.065200001
vn 0.510203719 -0.136708781 0.849118888
f 1768//590 1769//590 1770//590
v -0.000625000044 -0.0359174684 0.065200001
v -0.00108253176 -0.0363750011 0.065200001
v -3.1970536e-16 -0.0370000005 0.0644489229
vn 0.37349543 -0.373494685 0.849118888
f 1771//591 1772//591 1773//591
v -3.20034829e-16 -0.0357500017 0.065200001
v -0.000625000044 -0.0359174684 0.065200001
v -3.1970536e-16 -0.0370000005 0.0644489229
vn 0.136707529 -0.510204136 0.849118829
f 1774//592 1775//592 1776//592
v -3.1970536e-16 -0.0370000005 0.0644489229
v -0.000625000044 -0.0380825326 0.065200001
v -3.20034829e-16 -0.0382499993 0.065200001
vn 0.136707529 0.510204136 0.849118829
f 1777//593 1778//593 1779//593
v -0.00108253176 -0.0376249999 0.065200001
v -0.000625000044 -0.0380825326 0.065200001
v -3.1970536e-16 -0.0370000005 0.0644489229
vn 0.37349543 0.373494685 0.849118888
f 1780//594 1781//594 1782//594
v -0.00124999997 -0.0370000005 0.065200001
v -0.00108253176 -0.0376249999 0.065200001
v -3.1970536e-16 -0.0370000005 0.0644489229
vn 0.510203719 0.136708781 0.849118888
f 1783//595 1784//595 1785//595
v -0.0185000002 -0.0307929404 0.065200001
v -0.0185000002 -0.0307929404 0.0759999976
v -0.0191250015 -0.030960409 0.065200001
vn 0.258819014 -0.965925813 -6.61793922e-17
f 1786//596 1787//596 1788//596
v -0.0191250015 -0.030960409 0.065200001
v -0.0185000002 -0.0307929404 0.0759999976
v -0.0191250015 -0.030960409 0.0759999976
vn 0.258819014 -0.965925813 -6.61793922e-17
f 1789//597 1790//597 1791//597
v -0.0191250015 -0.030960409 0.065200001
v -0.0191250015 -0.030960409 0.0759999976
v -0.0195825323 -0.0314179398 0.065200001
vn 0.707106769 -0.707106769 1.7862567e-16
f 1792//598 1793//598 1794//598
v -0.0195825323 -0.0314179398 0.065200001
v -0.0191250015 -0.030960409 0.0759999976
v -0.0195825323 -0.0314179398 0.0759999976
vn 0.707106769 -0.707106769 1.7862567e-16
f 1795//599 1796//599 1797//599
v -0.0195825323 -0.0314179398 0.065200001
v -0.0195825323 -0.0314179398 0.0759999976
v -0.0197500009 -0.0320429392 0.065200001
vn 0.965925634 -0.258819729 3.75567897e-16
f 1798//600 1799//600 1800//600
v -0.0197500009 -0.0320429392 0.065200001
v -0.0195825323 -0.0314179398 0.0759999976
v -0.0197500009 -0.0320429392 0.0759999976
vn 0.965925634 -0.258819729 3.75567897e-16
f 1801//601 1802//601 1803//601
v -0.0197500009 -0.0320429392 0.065200001
v -0.0197500009 -0.0320429392 0.0759999976
v -0.0195825323 -0.0326679386 0.065200001
vn 0.965925634 0.258819729 4.71877449e-16
f 1804//602 1805//602 1806//602
v -0.0195825323 -0.0326679386 0.065200001
v -0.0197500009 -0.0320429392 0.0759999976
v -0.0195825323 -0.0326679386 0.0759999976
vn 0.965925634 0.258819729 4.71877449e-16
f 1807//603 1808//603 1809//603
v -0.0195825323 -0.0326679386 0.065200001
v -0.0195825323 -0.0326679386 0.0759999976
v -0.0191250015 -0.0331254713 0.065200001
vn 0.7071082 0.707105339 4.41747852e-16
f 1810//604 1811//604 1812//604
v -0.0191250015 -0.0331254713 0.065200001
v -0.0195825323 -0.0326679386 0.0759999976
v -0.0191250015 -0.0331254713 0.0759999976
vn 0.7071082 0.707105339 4.41747852e-16
f 1813//605 1814//605 1815//605
v -0.0191250015 -0.0331254713 0.065200001
v -0.0191250015 -0.0331254713 0.0759999976
v -0.0185000002 -0.0332929417 0.065200001
vn 0.258821696 0.965925097 2.93252733e-16
f 1816//606 1817//606 1818//606
v -0.0185000002 -0.0332929417 0.065200001
v -0.0191250015 -0.0331254713 0.0759999976
v -0.0185000002 -0.0332929417 0.0759999976
vn 0.258821696 0.965925097 2.93252733e-16
f 1819//607 1820//607 1821//607
v -0.0185000002 -0.0320429392 0.0644489229
v -0.0195825323 -0.0314179398 0.065200001
v -0.0197500009 -0.0320429392 0.065200001
vn 0.510203481 -0.136709005 0.849119008
f 1822//608 1823//608 1824//608
v -0.0191250015 -0.030960409 0.065200001
v -0.0195825323 -0.0314179398 0.065200001
v -0.0185000002 -0.0320429392 0.0644489229
vn 0.373495072 -0.373495072 0.849118888
f 1825//609 1826//609 1827//609
v -0.0185000002 -0.0307929404 0.065200001
v -0.0191250015 -0.030960409 0.065200001
v -0.0185000002 -0.0320429392 0.0644489229
vn 0.136708751 -0.510204077 0.84911871
f 1828//610 1829//610 1830//610
v -0.0185000002 -0.0320429392 0.0644489229
v -0.0191250015 -0.0331254713 0.065200001
v -0.0185000002 -0.0332929417 0.065200001
vn 0.136709943 0.510202885 0.849119186
f 1831//611 1832//611 1833//611
v -0.0195825323 -0.0326679386 0.065200001
v -0.0191250015 -0.0331254713 0.065200001
v -0.0185000002 -0.0320429392 0.0644489229
vn 0.373495698 0.373494178 0.849119008
f 1834//612 1835//612 1836//612
v -0.0197500009 -0.0320429392 0.065200001
v -0.0195825323 -0.0326679386 0.065200001
v -0.0185000002 -0.0320429392 0.0644489229
vn 0.510203481 0.136709005 0.849119008
f 1837//613 1838//613 1839//613
v -0.0320429392 -0.0172499996 0.065200001
v -0.0320429392 -0.0172499996 0.0759999976
v -0.0326679386 -0.0174174681 0.065200001
vn 0.258819729 -0.965925634 -6.61790415e-17
f 1840//614 1841//614 1842//614
v -0.0326679386 -0.0174174681 0.065200001
v -0.0320429392 -0.0172499996 0.0759999976
v -0.0326679386 -0.0174174681 0.0759999976
vn 0.258819729 -0.965925634 -6.61790415e-17
f 1843//615 1844//615 1845//615
v -0.0326679386 -0.0174174681 0.065200001
v -0.0326679386 -0.0174174681 0.0759999976
v -0.0331254713 -0.0178750008 0.065200001
vn 0.707106769 -0.707106769 1.7862567e-16
f 1846//616 1847//616 1848//616
v -0.0331254713 -0.0178750008 0.065200001
v -0.0326679386 -0.0174174681 0.0759999976
v -0.0331254713 -0.0178750008 0.0759999976
vn 0.707106769 -0.707106769 1.7862567e-16
f 1849//617 1850//617 1851//617
v -0.0331254713 -0.0178750008 0.065200001
v -0.0331254713 -0.0178750008 0.0759999976
v -0.033292938 -0.0185000002 0.065200001
vn 0.965926349 -0.258817047 3.75568718e-16
f 1852//618 1853//618 1854//618
v -0.033292938 -0.0185000002 0.065200001
v -0.0331254713 -0.0178750008 0.0759999976
v -0.033292938 -0.0185000002 0.0759999976
vn 0.965926349 -0.258817047 3.75568718e-16
f 1855//619 1856//619 1857//619
v -0.033292938 -0.0185000002 0.065200001
v -0.033292938 -0.0185000002 0.0759999976
v -0.0331254713 -0.0191249996 0.065200001
vn 0.965926349 0.258817047 4.71877237e-16
f 1858//620 1859//620 1860//620
v -0.0331254713 -0.0191249996 0.065200001
v -0.033292938 -0.0185000002 0.0759999976
v -0.0331254713 -0.0191249996 0.0759999976
vn 0.965926349 0.258817047 4.71877237e-16
f 1861//621 1862//621 1863//621
v -0.0331254713 -0.0191249996 0.065200001
v -0.0331254713 -0.0191249996 0.0759999976
v -0.0326679386 -0.0195825323 0.065200001
vn 0.707106769 0.707106769 4.41747481e-16
f 1864//622 1865//622 1866//622
v -0.0326679386 -0.0195825323 0.065200001
v -0.0331254713 -0.0191249996 0.0759999976
v -0.0326679386 -0.0195825323 0.0759999976
vn 0.707106769 0.707106769 4.41747481e-16
f 1867//623 1868//623 1869//623
v -0.0326679386 -0.0195825323 0.065200001
v -0.0326679386 -0.0195825323 0.0759999976
v -0.0320429392 -0.0197500009 0.065200001
vn 0.258819729 0.965925634 2.93251991e-16
f 1870//624 1871//624 1872//624
v -0.0320429392 -0.0197500009 0.065200001
v -0.0326679386 -0.0195825323 0.0759999976
v -0.0320429392 -0.0197500009 0.0759999976
vn 0.258819729 0.965925634 2.93251991e-16
f 1873//625 1874//625 1875//625
v -0.0320429392 -0.0185000002 0.0644489229
v -0.0331254713 -0.0178750008 0.065200001
v -0.033292938 -0.0185000002 0.065200001
vn 0.510204136 -0.136707664 0.849118829
f 1876//626 1877//626 1878//626
v -0.0326679386 -0.0174174681 0.065200001
v -0.0331254713 -0.0178750008 0.065200001
v -0.0320429392 -0.0185000002 0.0644489229
vn 0.373495072 -0.373495072 0.849118888
f 1879//627 1880//627 1881//627
v -0.0320429392 -0.0172499996 0.065200001
v -0.0326679386 -0.0174174681 0.065200001
v -0.0320429392 -0.0185000002 0.0644489229
vn 0.136709005 -0.510203481 0.849119008
f 1882//628 1883//628 1884//628
v -0.0320429392 -0.0185000002 0.0644489229
v -0.0326679386 -0.0195825323 0.065200001
v -0.0320429392 -0.0197500009 0.065200001
vn 0.136709005 0.510203481 0.849119008
f 1885//629 1886//629 1887//629
v -0.0331254713 -0.0191249996 0.065200001
v -0.0326679386 -0.0195825323 0.065200001
v -0.0320429392 -0.0185000002 0.0644489229
vn 0.373495072 0.373495072 0.849118888
f 1888//630 1889//630 1890//630
v -0.033292938 -0.0185000002 0.065200001
v -0.0331254713 -0.0191249996 0.065200001
v -0.0320429392 -0.0185000002 0.0644489229
vn 0.510204136 0.136707664 0.849118829
f 1891//631 1892//631 1893//631
v -0.0370000005 0.00124999997 0.065200001
v -0.0370000005 0.00124999997 0.0759999976
v -0.0376249999 0.00108253176 0.065200001
vn 0.258819222 -0.965925753 -6.61792864e-17
f 1894//632 1895//632 1896//632
v -0.0376249999 0.00108253176 0.065200001
v -0.0370000005 0.00124999997 0.0759999976
v -0.0376249999 0.00108253176 0.0759999976
vn 0.258819222 -0.965925753 -6.61792864e-17
f 1897//633 1898//633 1899//633
v -0.0376249999 0.00108253176 0.065200001
v -0.0376249999 0.00108253176 0.0759999976
v -0.0380825289 0.000624999986 0.065200001
vn 0.707108915 -0.707104623 1.7862702e-16
f 1900//634 1901//634 1902//634
v -0.0380825289 0.000624999986 0.065200001
v -0.0376249999 0.00108253176 0.0759999976
v -0.0380825289 0.000624999986 0.0759999976
vn 0.707108915 -0.707104623 1.7862702e-16
f 1903//635 1904//635 1905//635
v -0.0380825289 0.000624999986 0.065200001
v -0.0380825289 0.000624999986 0.0759999976
v -0.0382499993 -4.0596386e-16 0.065200001
vn 0.965924978 -0.258822203 3.75567156e-16
f 1906//636 1907//636 1908//636
v -0.0382499993 -4.0596386e-16 0.065200001
v -0.0380825289 0.000624999986 0.0759999976
v -0.0382499993 -4.0797326e-16 0.0759999976
vn 0.965924978 -0.258822203 3.75567156e-16
f 1909//637 1910//637 1911//637
v -0.0382499993 -4.0596386e-16 0.065200001
v -0.0382499993 -4.0797326e-16 0.0759999976
v -0.0380825289 -0.000624999986 0.065200001
vn 0.965924978 0.258822203 4.71877608e-16
f 1912//638 1913//638 1914//638
v -0.0380825289 -0.000624999986 0.065200001
v -0.0382499993 -4.0797326e-16 0.0759999976
v -0.0380825289 -0.000624999986 0.0759999976
vn 0.965924978 0.258822203 4.71877608e-16
f 1915//639 1916//639 1917//639
v -0.0380825289 -0.000624999986 0.065200001
v -0.0380825289 -0.000624999986 0.0759999976
v -0.0376249999 -0.00108253176 0.065200001
vn 0.707108915 0.707104623 4.41748037e-16
f 1918//640 1919//640 1920//640
v -0.0376249999 -0.00108253176 0.065200001
v -0.0380825289 -0.000624999986 0.0759999976
v -0.0376249999 -0.00108253176 0.0759999976
vn 0.707108915 0.707104623 4.41748037e-16
f 1921//641 1922//641 1923//641
v -0.0376249999 -0.00108253176 0.065200001
v -0.0376249999 -0.00108253176 0.0759999976
v -0.0370000005 -0.00124999997 0.065200001
vn 0.258819222 0.965925753 2.9325178e-16
f 1924//642 1925//642 1926//642
v -0.0370000005 -0.00124999997 0.065200001
v -0.0376249999 -0.00108253176 0.0759999976
v -0.0370000005 -0.00124999997 0.0759999976
vn 0.258819222 0.965925753 2.9325178e-16
f 1927//643 1928//643 1929//643
v -0.0370000005 -3.99545494e-16 0.0644489229
v -0.0380825289 0.000624999986 0.065200001
v -0.0382499993 -4.0596386e-16 0.065200001
vn 0.510203958 -0.13671051 0.849118471
f 1930//644 1931//644 1932//644
v -0.0376249999 0.00108253176 0.065200001
v -0.0380825289 0.000624999986 0.065200001
v -0.0370000005 -3.99545494e-16 0.0644489229
vn 0.373496503 -0.373494208 0.84911865
f 1933//645 1934//645 1935//645
v -0.0370000005 0.00124999997 0.065200001
v -0.0376249999 0.00108253176 0.065200001
v -0.0370000005 -3.99545494e-16 0.0644489229
vn 0.136708781 -0.510203719 0.849118888
f 1936//646 1937//646 1938//646
v -0.0370000005 -3.99545494e-16 0.0644489229
v -0.0376249999 -0.00108253176 0.065200001
v -0.0370000005 -0.00124999997 0.065200001
vn 0.136708781 0.510203719 0.849118888
f 1939//647 1940//647 1941//647
v -0.0380825289 -0.000624999986 0.065200001
v -0.0376249999 -0.00108253176 0.065200001
v -0.0370000005 -3.99545494e-16 0.0644489229
vn 0.373496503 0.373494208 0.84911865
f 1942//648 1943//648 1944//648
v -0.0382499993 -4.0596386e-16 0.065200001
v -0.0380825289 -0.000624999986 0.065200001
v -0.0370000005 -3.99545494e-16 0.0644489229
vn 0.510203958 0.13671051 0.849118471
f 1945//649 1946//649 1947//649
v -0.0320429392 0.0197500009 0.065200001
v -0.0320429392 0.0197500009 0.0759999976
v -0.0325852931 0.0196262114 0.065200001
vn 0.222522318 -0.974927604 -8.37764951e-17
f 1948//650 1949//650 1950//650
v -0.0325852931 0.0196262114 0.065200001
v -0.0320429392 0.0197500009 0.0759999976
v -0.0326679386 0.0195825323 0.0759999976
vn 0.258819252 -0.965923846 -0.00192595914
f 1951//651 1952//651 1953//651
v -0.0325852931 0.0196262114 0.065200001
v -0.0326679386 0.0195825323 0.0759999976
v -0.0326571018 0.0195689443 0.065200001
vn 0.623498976 -0.781822503 0.00160927628
f 1954//652 1955//652 1956//652
v -0.0326571018 0.0195689443 0.065200001
v -0.0326679386 0.0195825323 0.0759999976
v -0.0330202281 0.0192793626 0.065200001
vn 0.623486459 -0.781832516 0.00160927628
f 1957//653 1958//653 1959//653
v -0.0330202281 0.0192793626 0.065200001
v -0.0326679386 0.0195825323 0.0759999976
v -0.0331254713 0.0191249996 0.0759999976
vn 0.707103133 -0.707103133 -0.00321599864
f 1960//654 1961//654 1962//654
v -0.0330202281 0.0192793626 0.065200001
v -0.0331254713 0.0191249996 0.0759999976
v -0.0331003815 0.0191129185 0.065200001
vn 0.900969923 -0.433873892 0.00257841405
f 1963//655 1964//655 1965//655
v -0.0331003815 0.0191129185 0.065200001
v -0.0331254713 0.0191249996 0.0759999976
v -0.0332615972 0.0187781509 0.065200001
vn 0.90096581 -0.433882445 0.00257841405
f 1966//656 1967//656 1968//656
v -0.0332615972 0.0187781509 0.065200001
v -0.0331254713 0.0191249996 0.0759999976
v -0.033292938 0.0185000002 0.0759999976
vn 0.965919137 -0.25881511 -0.00386267272
f 1969//657 1970//657 1971//657
v -0.0332615972 0.0187781509 0.065200001
v -0.033292938 0.0185000002 0.0759999976
v -0.0332615972 0.0185000002 0.065200001
vn 0.999995768 -5.39917536e-19 0.00290192082
f 1972//658 1973//658 1974//658
v -0.0332615972 0.0185000002 0.065200001
v -0.033292938 0.0185000002 0.0759999976
v -0.0332615972 0.0182218496 0.065200001
vn 0.999995768 -5.39917536e-19 0.00290192082
f 1975//659 1976//659 1977//659
v -0.0332615972 0.0182218496 0.065200001
v -0.033292938 0.0185000002 0.0759999976
v -0.0331254713 0.0178750008 0.0759999976
vn 0.965919137 0.25881511 -0.00386267272
f 1978//660 1979//660 1980//660
v -0.0332615972 0.0182218496 0.065200001
v -0.0331254713 0.0178750008 0.0759999976
v -0.0331003815 0.017887082 0.065200001
vn 0.90096581 0.433882445 0.00257841405
f 1981//661 1982//661 1983//661
v -0.0331003815 0.017887082 0.065200001
v -0.0331254713 0.0178750008 0.0759999976
v -0.0330202281 0.0177206378 0.065200001
vn 0.900969923 0.433873892 0.00257841405
f 1984//662 1985//662 1986//662
v -0.0330202281 0.0177206378 0.065200001
v -0.0331254713 0.0178750008 0.0759999976
v -0.0326679386 0.0174174681 0.0759999976
vn 0.707103133 0.707103133 -0.00321599864
f 1987//663 1988//663 1989//663
v -0.0330202281 0.0177206378 0.065200001
v -0.0326679386 0.0174174681 0.0759999976
v -0.0326571018 0.0174310561 0.065200001
vn 0.623486459 0.781832516 0.00160927628
f 1990//664 1991//664 1992//664
v -0.0326571018 0.0174310561 0.065200001
v -0.0326679386 0.0174174681 0.0759999976
v -0.0325852931 0.0173737891 0.065200001
vn 0.623498976 0.781822503 0.00160927628
f 1993//665 1994//665 1995//665
v -0.0325852931 0.0173737891 0.065200001
v -0.0326679386 0.0174174681 0.0759999976
v -0.0320429392 0.0172499996 0.0759999976
vn 0.258819252 0.965923846 -0.00192595914
f 1996//666 1997//666 1998//666
v -0.0325852931 0.0173737891 0.065200001
v -0.0320429392 0.0172499996 0.0759999976
v -0.0320429392 0.0172499996 0.065200001
vn 0.222522318 0.974927604 2.79004262e-16
f 1999//667 2000//667 2001//667
v -0.0320429392 0.0185000002 0.0644489229
v -0.0320429392 0.0197500009 0.065200001
v -0.0325852931 0.0196262114 0.065200001
vn 0.116751134 -0.511516809 0.85130471
f 2002//668 2003//668 2004//668
v -0.0326571018 0.0195689443 0.065200001
v -0.0330202281 0.0192793626 0.065200001
v -0.0320429392 0.0185000002 0.0644489229
vn 0.327126324 -0.410206139 0.851304471
f 2005//669 2006//669 2007//669
v -0.0331003815 0.0191129185 0.065200001
v -0.0332615972 0.0187781509 0.065200001
v -0.0320429392 0.0185000002 0.0644489229
vn 0.472713381 -0.227646858 0.851304293
f 2008//670 2009//670 2010//670
v -0.0332615972 0.0185000002 0.065200001
v -0.0332615972 0.0182218496 0.065200001
v -0.0320429392 0.0185000002 0.0644489229
vn 0.52467227 -1.58389616e-16 0.851304293
f 2011//671 2012//671 2013//671
v -0.0331003815 0.017887082 0.065200001
v -0.0330202281 0.0177206378 0.065200001
v -0.0320429392 0.0185000002 0.0644489229
vn 0.472715795 0.227642491 0.851304114
f 2014//672 2015//672 2016//672
v -0.0320429392 0.0185000002 0.0644489229
v -0.0325852931 0.0173737891 0.065200001
v -0.0320429392 0.0172499996 0.065200001
vn 0.116751134 0.511516809 0.85130471
f 2017//673 2018//673 2019//673
v -0.0326571018 0.0174310561 0.065200001
v -0.0325852931 0.0173737891 0.065200001
v -0.0320429392 0.0185000002 0.0644489229
vn 0.327133447 0.410201639 0.851303875
f 2020//674 2021//674 2022//674
v -0.0330202281 0.0177206378 0.065200001
v -0.0326571018 0.0174310561 0.065200001
v -0.0320429392 0.0185000002 0.0644489229
vn 0.327126324 0.410206139 0.851304471
f 2023//675 2024//675 2025//675
v -0.0332615972 0.0182218496 0.065200001
v -0.0331003815 0.017887082 0.065200001
v -0.0320429392 0.0185000002 0.0644489229
vn 0.472713381 0.227646858 0.851304293
f 2026//676 2027//676 2028//676
v -0.0332615972 0.0187781509 0.065200001
v -0.0332615972 0.0185000002 0.065200001
v -0.0320429392 0.0185000002 0.0644489229
vn 0.52467227 -1.58389616e-16 0.851304293
f 2029//677 2030//677 2031//677
v -0.0330202281 0.0192793626 0.065200001
v -0.0331003815 0.0191129185 0.065200001
v -0.0320429392 0.0185000002 0.0644489229
vn 0.472715795 -0.227642491 0.851304114
f 2032//678 2033//678 2034//678
v -0.0325852931 0.0196262114 0.065200001
v -0.0326571018 0.0195689443 0.065200001
v -0.0320429392 0.0185000002 0.0644489229
vn 0.327133447 -0.410201639 0.851303875
f 2035//679 2036//679 2037//679
v -0.0185000002 0.0332929417 0.065200001
v -0.0185000002 0.0332929417 0.0759999976
v -0.0191250015 0.0331254713 0.065200001
vn 0.258821696 -0.965925097 -6.6178082e-17
f 2038//680 2039//680 2040//680
v -0.0191250015 0.0331254713 0.065200001
v -0.0185000002 0.0332929417 0.0759999976
v -0.0191250015 0.0331254713 0.0759999976
vn 0.258821696 -0.965925097 -6.6178082e-17
f 2041//681 2042//681 2043//681
v -0.0191250015 0.0331254713 0.065200001
v -0.0191250015 0.0331254713 0.0759999976
v -0.0195825323 0.0326679386 0.065200001
vn 0.7071082 -0.707105339 1.7862657e-16
f 2044//682 2045//682 2046//682
v -0.0195825323 0.0326679386 0.065200001
v -0.0191250015 0.0331254713 0.0759999976
v -0.0195825323 0.0326679386 0.0759999976
vn 0.7071082 -0.707105339 1.7862657e-16
f 2047//683 2048//683 2049//683
v -0.0195825323 0.0326679386 0.065200001
v -0.0195825323 0.0326679386 0.0759999976
v -0.0197500009 0.0320429392 0.065200001
vn 0.965925634 -0.258819729 3.75567897e-16
f 2050//684 2051//684 2052//684
v -0.0197500009 0.0320429392 0.065200001
v -0.0195825323 0.0326679386 0.0759999976
v -0.0197500009 0.0320429392 0.0759999976
vn 0.965925634 -0.258819729 3.75567897e-16
f 2053//685 2054//685 2055//685
v -0.0197500009 0.0320429392 0.065200001
v -0.0197500009 0.0320429392 0.0759999976
v -0.0195825323 0.0314179398 0.065200001
vn 0.965925634 0.258819729 4.71877449e-16
f 2056//686 2057//686 2058//686
v -0.0195825323 0.0314179398 0.065200001
v -0.0197500009 0.0320429392 0.0759999976
v -0.0195825323 0.0314179398 0.0759999976
vn 0.965925634 0.258819729 4.71877449e-16
f 2059//687 2060//687 2061//687
v -0.0195825323 0.0314179398 0.065200001
v -0.0195825323 0.0314179398 0.0759999976
v -0.0191250015 0.030960409 0.065200001
vn 0.707106769 0.707106769 4.41747481e-16
f 2062//688 2063//688 2064//688
v -0.0191250015 0.030960409 0.065200001
v -0.0195825323 0.0314179398 0.0759999976
v -0.0191250015 0.030960409 0.0759999976
vn 0.707106769 0.707106769 4.41747481e-16
f 2065//689 2066//689 2067//689
v -0.0191250015 0.030960409 0.065200001
v -0.0191250015 0.030960409 0.0759999976
v -0.0185000002 0.0307929404 0.065200001
vn 0.258819014 0.965925813 2.932517e-16
f 2068//690 2069//690 2070//690
v -0.0185000002 0.0307929404 0.065200001
v -0.0191250015 0.030960409 0.0759999976
v -0.0185000002 0.0307929404 0.0759999976
vn 0.258819014 0.965925813 2.932517e-16
f 2071//691 2072//691 2073//691
v -0.0185000002 0.0320429392 0.0644489229
v -0.0195825323 0.0326679386 0.065200001
v -0.0197500009 0.0320429392 0.065200001
vn 0.510203481 -0.136709005 0.849119008
f 2074//692 2075//692 2076//692
v -0.0191250015 0.0331254713 0.065200001
v -0.0195825323 0.0326679386 0.065200001
v -0.0185000002 0.0320429392 0.0644489229
vn 0.373495698 -0.373494178 0.849119008
f 2077//693 2078//693 2079//693
v -0.0185000002 0.0332929417 0.065200001
v -0.0191250015 0.0331254713 0.065200001
v -0.0185000002 0.0320429392 0.0644489229
vn 0.136709943 -0.510202885 0.849119186
f 2080//694 2081//694 2082//694
v -0.0185000002 0.0320429392 0.0644489229
v -0.0191250015 0.030960409 0.065200001
v -0.0185000002 0.0307929404 0.065200001
vn 0.136708751 0.510204077 0.84911871
f 2083//695 2084//695 2085//695
v -0.0195825323 0.0314179398 0.065200001
v -0.0191250015 0.030960409 0.065200001
v -0.0185000002 0.0320429392 0.0644489229
vn 0.373495072 0.373495072 0.849118888
f 2086//696 2087//696 2088//696
v -0.0197500009 0.0320429392 0.065200001
v -0.0195825323 0.0314179398 0.065200001
v -0.0185000002 0.0320429392 0.0644489229
vn 0.510203481 0.136709005 0.849119008
f 2089//697 2090//697 2091//697
v -3.20034829e-16 0.0382499993 0.065200001
v -3.2477247e-16 0.0382499993 0.0759999976
v -0.000625000044 0.0380825326 0.065200001
vn 0.258816808 -0.965926409 -6.61804709e-17
f 2092//698 2093//698 2094//698
v -0.000625000044 0.0380825326 0.065200001
v -3.2477247e-16 0.0382499993 0.0759999976
v -0.000625000044 0.0380825326 0.0759999976
vn 0.258816808 -0.965926409 -6.61804709e-17
f 2095//699 2096//699 2097//699
v -0.000625000044 0.0380825326 0.065200001
v -0.000625000044 0.0380825326 0.0759999976
v -0.00108253176 0.0376249999 0.065200001
vn 0.707107484 -0.707106054 1.7862612e-16
f 2098//700 2099//700 2100//700
v -0.00108253176 0.0376249999 0.065200001
v -0.000625000044 0.0380825326 0.0759999976
v -0.00108253176 0.0376249999 0.0759999976
vn 0.707107484 -0.707106054 1.7862612e-16
f 2101//701 2102//701 2103//701
v -0.00108253176 0.0376249999 0.065200001
v -0.00108253176 0.0376249999 0.0759999976
v -0.00124999997 0.0370000005 0.065200001
vn 0.965925753 -0.258819222 3.75568056e-16
f 2104//702 2105//702 2106//702
v -0.00124999997 0.0370000005 0.065200001
v -0.00108253176 0.0376249999 0.0759999976
v -0.00124999997 0.0370000005 0.0759999976
vn 0.965925753 -0.258819222 3.75568056e-16
f 2107//703 2108//703 2109//703
v -0.00124999997 0.0370000005 0.065200001
v -0.00124999997 0.0370000005 0.0759999976
v -0.00108253176 0.0363750011 0.065200001
vn 0.965925753 0.258819222 4.71877396e-16
f 2110//704 2111//704 2112//704
v -0.00108253176 0.0363750011 0.065200001
v -0.00124999997 0.0370000005 0.0759999976
v -0.00108253176 0.0363750011 0.0759999976
vn 0.965925753 0.258819222 4.71877396e-16
f 2113//705 2114//705 2115//705
v -0.00108253176 0.0363750011 0.065200001
v -0.00108253176 0.0363750011 0.0759999976
v -0.000625000044 0.0359174684 0.065200001
vn 0.707107484 0.707106054 4.41747667e-16
f 2116//706 2117//706 2118//706
v -0.000625000044 0.0359174684 0.065200001
v -0.00108253176 0.0363750011 0.0759999976
v -0.000625000044 0.0359174684 0.0759999976
vn 0.707107484 0.707106054 4.41747667e-16
f 2119//707 2120//707 2121//707
v -0.000625000044 0.0359174684 0.065200001
v -0.000625000044 0.0359174684 0.0759999976
v -3.20034829e-16 0.0357500017 0.065200001
vn 0.258816808 0.965926409 2.93250853e-16
f 2122//708 2123//708 2124//708
v -3.20034829e-16 0.0357500017 0.065200001
v -0.000625000044 0.0359174684 0.0759999976
v -3.2477247e-16 0.0357500017 0.0759999976
vn 0.258816808 0.965926409 2.93250853e-16
f 2125//709 2126//709 2127//709
v -3.1970536e-16 0.0370000005 0.0644489229
v -0.00108253176 0.0376249999 0.065200001
v -0.00124999997 0.0370000005 0.065200001
vn 0.510203719 -0.136708781 0.849118888
f 2128//710 2129//710 2130//710
v -0.000625000044 0.0380825326 0.065200001
v -0.00108253176 0.0376249999 0.065200001
v -3.1970536e-16 0.0370000005 0.0644489229
vn 0.37349543 -0.373494685 0.849118888
f 2131//711 2132//711 2133//711
v -3.20034829e-16 0.0382499993 0.065200001
v -0.000625000044 0.0380825326 0.065200001
v -3.1970536e-16 0.0370000005 0.0644489229
vn 0.136707529 -0.510204136 0.849118829
f 2134//712 2135//712 2136//712
v -3.1970536e-16 0.0370000005 0.0644489229
v -0.000625000044 0.0359174684 0.065200001
v -3.20034829e-16 0.0357500017 0.065200001
vn 0.136707529 0.510204136 0.849118829
f 2137//713 2138//713 2139//713
v -0.00108253176 0.0363750011 0.065200001
v -0.000625000044 0.0359174684 0.065200001
v -3.1970536e-16 0.0370000005 0.0644489229
vn 0.37349543 0.373494685 0.849118888
f 2140//714 2141//714 2142//714
v -0.00124999997 0.0370000005 0.065200001
v -0.00108253176 0.0363750011 0.065200001
v -3.1970536e-16 0.0370000005 0.0644489229
vn 0.510203719 0.136708781 0.849118888
f 2143//715 2144//715 2145//715
v 0.0246869791 -0.0339787155 0.0759999976
v 0.0243964177 -0.0341464691 0.0759999976
v 0.0246869791 -0.0339787155 0.0798000023
vn -0.499995083 0.866028249 -5.82038028e-17
f 2146//716 2147//716 2148//716
v 0.0246869791 -0.0339787155 0.0798000023
v 0.0243964177 -0.0341464691 0.0759999976
v 0.0222685412 -0.035374999 0.0759999976
vn -0.49999997 0.866025448 4.96491339e-07
f 2149//717 2150//717 2151//717
v 0.0246869791 -0.0339787155 0.0798000023
v 0.0222685412 -0.035374999 0.0759999976
v 0.0170829389 -0.0383689106 0.0798000023
vn -0.50000006 0.866025388 5.51363598e-07
f 2152//718 2153//718 2154//718
v 0.0246869791 -0.0339787155 0.0759999976
v 0.0246869791 -0.0339787155 0.0798000023
v 0.0252714697 -0.0334524363 0.0759999976
vn -0.669131696 0.743143857 -1.55262238e-16
f 2155//719 2156//719 2157//719
v 0.0252714697 -0.0334524363 0.0759999976
v 0.0246869791 -0.0339787155 0.0798000023
v 0.0312120821 -0.0281034857 0.0798000023
vn -0.669130623 0.74314481 2.8366884e-07
f 2158//720 2159//720 2160//720
v 0.0252714697 -0.0334524363 0.0759999976
v 0.0312120821 -0.0281034857 0.0798000023
v 0.0312120821 -0.0281034857 0.0759999976
vn -0.669130564 0.74314487 -1.5526155e-16
f 2161//721 2162//721 2163//721
v 0.0363730676 -0.0209999997 0.0798000023
v 0.0341464728 -0.024064647 0.0759999976
v 0.0312120821 -0.0281034857 0.0798000023
vn -0.809017062 0.587785184 -2.84411129e-07
f 2164//722 2165//722 2166//722
v 0.0312120821 -0.0281034857 0.0798000023
v 0.0341464728 -0.024064647 0.0759999976
v 0.0332696624 -0.0252714697 0.0759999976
vn -0.809016228 0.587786317 1.54212319e-06
f 2167//723 2168//723 2169//723
v 0.0312120821 -0.0281034857 0.0798000023
v 0.0332696624 -0.0252714697 0.0759999976
v 0.0312120821 -0.0281034857 0.0759999976
vn -0.809017241 0.587784946 -2.45531161e-16
f 2170//724 2171//724 2172//724
v 0.0399443731 -0.012978714 0.0798000023
v 0.0399443731 -0.012978714 0.0759999976
v 0.0363730676 -0.0209999997 0.0798000023
vn -0.913545489 0.406736553 -3.25069619e-16
f 2173//725 2174//725 2175//725
v 0.0363730676 -0.0209999997 0.0798000023
v 0.0399443731 -0.012978714 0.0759999976
v 0.0363730676 -0.0209999997 0.0759999976
vn -0.913545489 0.406736553 -3.25069619e-16
f 2176//726 2177//726 2178//726
v 0.0363730676 -0.0209999997 0.0798000023
v 0.0363730676 -0.0209999997 0.0759999976
v 0.0341464728 -0.024064647 0.0759999976
vn -0.809017241 0.587784946 -2.45531187e-16
f 2179//727 2180//727 2181//727
v 0.0399443731 0.012978714 0.0798000023
v 0.040736936 0.00925000012 0.0759999976
v 0.0417699218 0.00439019548 0.0798000023
vn -0.978147566 -0.207911983 2.12547846e-07
f 2182//728 2183//728 2184//728
v 0.0417699218 0.00439019548 0.0798000023
v 0.040736936 0.00925000012 0.0759999976
v 0.0417699218 0.00439019548 0.0759999976
vn -0.978147507 -0.207912147 -4.67767169e-16
f 2185//729 2186//729 2187//729
v 0.0417699218 0.00439019548 0.0798000023
v 0.0417699218 0.00439019548 0.0759999976
v 0.0417699218 -0.00439019548 0.0798000023
vn -1 0 -4.38670052e-16
f 2188//730 2189//730 2190//730
v 0.0417699218 -0.00439019548 0.0798000023
v 0.0417699218 0.00439019548 0.0759999976
v 0.0417699218 -0.00439019548 0.0759999976
vn -1 0 -4.38670052e-16
f 2191//731 2192//731 2193//731
v 0.0417699218 -0.00439019548 0.0798000023
v 0.0417699218 -0.00439019548 0.0759999976
v 0.0399443731 -0.012978714 0.0798000023
vn -0.978147566 0.207911983 -3.90400926e-16
f 2194//732 2195//732 2196//732
v 0.0399443731 -0.012978714 0.0798000023
v 0.0417699218 -0.00439019548 0.0759999976
v 0.040736936 -0.00925000012 0.0759999976
vn -0.978147507 0.207912147 3.75626428e-07
f 2197//733 2198//733 2199//733
v 0.0399443731 -0.012978714 0.0798000023
v 0.040736936 -0.00925000012 0.0759999976
v 0.0399443731 -0.012978714 0.0759999976
vn -0.978147566 0.207911789 -3.90400979e-16
f 2200//734 2201//734 2202//734
v 0.0312120821 0.0281034857 0.0798000023
v 0.0312120821 0.0281034857 0.0759999976
v 0.0332696624 0.0252714697 0.0759999976
vn -0.809017241 -0.587784946 -4.64252088e-16
f 2203//735 2204//735 2205//735
v 0.0312120821 0.0281034857 0.0798000023
v 0.0332696624 0.0252714697 0.0759999976
v 0.0363730676 0.0209999997 0.0798000023
vn -0.809017062 -0.587785184 2.61365784e-07
f 2206//736 2207//736 2208//736
v 0.0332696624 0.0252714697 0.0759999976
v 0.0341464728 0.024064647 0.0759999976
v 0.0363730676 0.0209999997 0.0798000023
vn -0.809016228 -0.587786317 -1.67037422e-06
f 2209//737 2210//737 2211//737
v 0.0363730676 0.0209999997 0.0798000023
v 0.0341464728 0.024064647 0.0759999976
v 0.0363730676 0.0209999997 0.0759999976
vn -0.809017241 -0.587784946 -4.64252088e-16
f 2212//738 2213//738 2214//738
v 0.0363730676 0.0209999997 0.0798000023
v 0.0363730676 0.0209999997 0.0759999976
v 0.0399443731 0.012978714 0.0798000023
vn -0.913545489 -0.406736553 -4.7642051e-16
f 2215//739 2216//739 2217//739
v 0.0399443731 0.012978714 0.0798000023
v 0.0363730676 0.0209999997 0.0759999976
v 0.0399443731 0.012978714 0.0759999976
vn -0.913545489 -0.406736553 -4.7642051e-16
f 2218//740 2219//740 2220//740
v 0.0399443731 0.012978714 0.0798000023
v 0.0399443731 0.012978714 0.0759999976
v 0.040736936 0.00925000012 0.0759999976
vn -0.978147566 -0.207911789 -4.67767116e-16
f 2221//741 2222//741 2223//741
v 0.0312120821 0.0281034857 0.0759999976
v 0.0312120821 0.0281034857 0.0798000023
v 0.0252714697 0.0334524363 0.0759999976
vn -0.669130564 -0.74314487 -4.31793521e-16
f 2224//742 2225//742 2226//742
v 0.0252714697 0.0334524363 0.0759999976
v 0.0312120821 0.0281034857 0.0798000023
v 0.0246869791 0.0339787155 0.0798000023
vn -0.669130623 -0.74314481 2.8366884e-07
f 2227//743 2228//743 2229//743
v 0.0252714697 0.0334524363 0.0759999976
v 0.0246869791 0.0339787155 0.0798000023
v 0.0246869791 0.0339787155 0.0759999976
vn -0.669131696 -0.743143857 -4.31793838e-16
f 2230//744 2231//744 2232//744
v 0.0246869791 0.0339787155 0.0759999976
v 0.0246869791 0.0339787155 0.0798000023
v 0.0243964177 0.0341464691 0.0759999976
vn -0.499995083 -0.866028249 -3.80461948e-16
f 2233//745 2234//745 2235//745
v 0.0243964177 0.0341464691 0.0759999976
v 0.0246869791 0.0339787155 0.0798000023
v 0.0170829389 0.0383689106 0.0798000023
vn -0.50000006 -0.866025388 5.03083868e-07
f 2236//746 2237//746 2238//746
v 0.0243964177 0.0341464691 0.0759999976
v 0.0170829389 0.0383689106 0.0798000023
v 0.0170829389 0.0383689106 0.0759999976
vn -0.500000238 -0.866025269 -3.80463668e-16
f 2239//747 2240//747 2241//747
v 0.0170829389 0.0383689106 0.0759999976
v 0.0170829389 0.0383689106 0.0798000023
v 0.00925000012 0.0409139842 0.0759999976
vn -0.309016705 -0.9510566 -3.12505421e-16
f 2242//748 2243//748 2244//748
v 0.00925000012 0.0409139842 0.0759999976
v 0.0170829389 0.0383689106 0.0798000023
v 0.00873229094 0.0410821997 0.0798000023
vn -0.309016883 -0.95105654 4.12443995e-07
f 2245//749 2246//749 2247//749
v 0.00925000012 0.0409139842 0.0759999976
v 0.00873229094 0.0410821997 0.0798000023
v 0.00873229094 0.0410821997 0.0759999976
vn -0.309019595 -0.951055646 -3.12506533e-16
f 2248//750 2249//750 2250//750
v 0.00873229094 0.0410821997 0.0759999976
v 0.00873229094 0.0410821997 0.0798000023
v -3.2477247e-16 0.0419999994 0.0759999976
vn -0.104528353 -0.994521916 -2.30889455e-16
f 2251//751 2252//751 2253//751
v -3.2477247e-16 0.0419999994 0.0759999976
v 0.00873229094 0.0410821997 0.0798000023
v -3.26439404e-16 0.0419999994 0.0798000023
vn -0.104528353 -0.994521916 -2.30889455e-16
f 2254//752 2255//752 2256//752
v -3.2477247e-16 0.0419999994 0.0759999976
v -3.26439404e-16 0.0419999994 0.0798000023
v -0.00873229094 0.0410821997 0.0759999976
vn 0.104528353 -0.994521916 -1.39182535e-16
f 2257//753 2258//753 2259//753
v -0.00873229094 0.0410821997 0.0759999976
v -3.26439404e-16 0.0419999994 0.0798000023
v -0.00873229094 0.0410821997 0.0798000023
vn 0.104528353 -0.994521916 -1.39182535e-16
f 2260//754 2261//754 2262//754
v -0.00873229094 0.0410821997 0.0759999976
v -0.00873229094 0.0410821997 0.0798000023
v -0.00925000012 0.0409139842 0.0759999976
vn 0.309019595 -0.951055646 -4.13912245e-17
f 2263//755 2264//755 2265//755
v -0.00925000012 0.0409139842 0.0759999976
v -0.00873229094 0.0410821997 0.0798000023
v -0.0170829389 0.0383689106 0.0798000023
vn 0.309016943 -0.95105654 4.03053377e-07
f 2266//756 2267//756 2268//756
v -0.00925000012 0.0409139842 0.0759999976
v -0.0170829389 0.0383689106 0.0798000023
v -0.0170829389 0.0383689106 0.0759999976
vn 0.309016764 -0.9510566 -4.13926472e-17
f 2269//757 2270//757 2271//757
v -0.0170829389 0.0383689106 0.0759999976
v -0.0170829389 0.0383689106 0.0798000023
v -0.0243964195 0.0341464691 0.0759999976
vn 0.500000119 -0.866025329 5.82065557e-17
f 2272//758 2273//758 2274//758
v -0.0243964195 0.0341464691 0.0759999976
v -0.0170829389 0.0383689106 0.0798000023
v -0.024686981 0.0339787155 0.0798000023
vn 0.49999994 -0.866025448 4.93718858e-07
f 2275//759 2276//759 2277//759
v -0.0243964195 0.0341464691 0.0759999976
v -0.024686981 0.0339787155 0.0798000023
v -0.024686981 0.0339787155 0.0759999976
vn 0.499995083 -0.866028249 5.82038028e-17
f 2278//760 2279//760 2280//760
v -0.024686981 0.0339787155 0.0759999976
v -0.024686981 0.0339787155 0.0798000023
v -0.0252714716 0.0334524363 0.0759999976
vn 0.669131696 -0.743143857 1.55262238e-16
f 2281//761 2282//761 2283//761
v -0.0252714716 0.0334524363 0.0759999976
v -0.024686981 0.0339787155 0.0798000023
v -0.031212084 0.0281034857 0.0798000023
vn 0.669130623 -0.74314481 2.8366884e-07
f 2284//762 2285//762 2286//762
v -0.0252714716 0.0334524363 0.0759999976
v -0.031212084 0.0281034857 0.0798000023
v -0.031212084 0.0281034857 0.0759999976
vn 0.669130564 -0.74314487 1.5526155e-16
f 2287//763 2288//763 2289//763
v -0.0363730676 0.0209999997 0.0798000023
v -0.035374999 0.022373721 0.0759999976
v -0.0341464691 0.024064647 0.0759999976
vn 0.809016943 -0.587785363 3.04697068e-07
f 2290//764 2291//764 2292//764
v -0.0363730676 0.0209999997 0.0798000023
v -0.0341464691 0.024064647 0.0759999976
v -0.031212084 0.0281034857 0.0798000023
vn 0.809016943 -0.587785304 3.37613983e-07
f 2293//765 2294//765 2295//765
v -0.031212084 0.0281034857 0.0798000023
v -0.0341464691 0.024064647 0.0759999976
v -0.0332696624 0.0252714697 0.0759999976
vn 0.80901742 -0.587784648 -7.15600152e-07
f 2296//766 2297//766 2298//766
v -0.031212084 0.0281034857 0.0798000023
v -0.0332696624 0.0252714697 0.0759999976
v -0.031212084 0.0281034857 0.0759999976
vn 0.809016943 -0.587785304 2.45531002e-16
f 2299//767 2300//767 2301//767
v -0.0399443731 0.012978714 0.0798000023
v -0.0399443731 0.012978714 0.0759999976
v -0.0363730676 0.0209999997 0.0798000023
vn 0.913545489 -0.406736553 3.25069619e-16
f 2302//768 2303//768 2304//768
v -0.0363730676 0.0209999997 0.0798000023
v -0.0399443731 0.012978714 0.0759999976
v -0.0363730676 0.0209999997 0.0759999976
vn 0.913545489 -0.406736553 3.25069619e-16
f 2305//769 2306//769 2307//769
v -0.0363730676 0.0209999997 0.0798000023
v -0.0363730676 0.0209999997 0.0759999976
v -0.035374999 0.022373721 0.0759999976
vn 0.809016526 -0.5877859 2.45530685e-16
f 2308//770 2309//770 2310//770
v -0.0399443731 -0.012978714 0.0798000023
v -0.040736936 -0.00925000012 0.0759999976
v -0.0417699181 -0.00439019548 0.0798000023
vn 0.978147626 0.207911581 -2.03766291e-07
f 2311//771 2312//771 2313//771
v -0.0417699181 -0.00439019548 0.0798000023
v -0.040736936 -0.00925000012 0.0759999976
v -0.0417699181 -0.00439019548 0.0759999976
vn 0.978147626 0.207911432 4.67767116e-16
f 2314//772 2315//772 2316//772
v -0.0417699181 -0.00439019548 0.0798000023
v -0.0417699181 -0.00439019548 0.0759999976
v -0.0417699181 0.00439019548 0.0798000023
vn 1 0 4.38670052e-16
f 2317//773 2318//773 2319//773
v -0.0417699181 0.00439019548 0.0798000023
v -0.0417699181 -0.00439019548 0.0759999976
v -0.0417699181 0.00439019548 0.0759999976
vn 1 0 4.38670052e-16
f 2320//774 2321//774 2322//774
v -0.0417699181 0.00439019548 0.0798000023
v -0.0417699181 0.00439019548 0.0759999976
v -0.0399443731 0.012978714 0.0798000023
vn 0.978147626 -0.207911581 3.90401032e-16
f 2323//775 2324//775 2325//775
v -0.0399443731 0.012978714 0.0798000023
v -0.0417699181 0.00439019548 0.0759999976
v -0.040736936 0.00925000012 0.0759999976
vn 0.978147626 -0.207911432 -3.60107208e-07
f 2326//776 2327//776 2328//776
v -0.0399443731 0.012978714 0.0798000023
v -0.040736936 0.00925000012 0.0759999976
v -0.0399443731 0.012978714 0.0759999976
vn 0.978147566 -0.207911789 3.90400979e-16
f 2329//777 2330//777 2331//777
v -0.031212084 -0.0281034857 0.0798000023
v -0.0332696624 -0.0252714697 0.0759999976
v -0.0363730676 -0.0209999997 0.0798000023
vn 0.809016943 0.587785304 2.29091111e-08
f 2332//778 2333//778 2334//778
v -0.0363730676 -0.0209999997 0.0798000023
v -0.0332696624 -0.0252714697 0.0759999976
v -0.0341464691 -0.024064647 0.0759999976
vn 0.80901742 0.587784648 1.13678709e-06
f 2335//779 2336//779 2337//779
v -0.0341464691 -0.024064647 0.0759999976
v -0.035374999 -0.022373721 0.0759999976
v -0.0363730676 -0.0209999997 0.0798000023
vn 0.809016943 0.587785363 3.04697068e-07
f 2338//780 2339//780 2340//780
v -0.0363730676 -0.0209999997 0.0798000023
v -0.035374999 -0.022373721 0.0759999976
v -0.0363730676 -0.0209999997 0.0759999976
vn 0.809016526 0.5877859 4.64251982e-16
f 2341//781 2342//781 2343//781
v -0.0363730676 -0.0209999997 0.0798000023
v -0.0363730676 -0.0209999997 0.0759999976
v -0.0399443731 -0.012978714 0.0798000023
vn 0.913545489 0.406736553 4.7642051e-16
f 2344//782 2345//782 2346//782
v -0.0399443731 -0.012978714 0.0798000023
v -0.0363730676 -0.0209999997 0.0759999976
v -0.0399443731 -0.012978714 0.0759999976
vn 0.913545489 0.406736553 4.7642051e-16
f 2347//783 2348//783 2349//783
v -0.0399443731 -0.012978714 0.0798000023
v -0.0399443731 -0.012978714 0.0759999976
v -0.040736936 -0.00925000012 0.0759999976
vn 0.978147566 0.207911789 4.67767116e-16
f 2350//784 2351//784 2352//784
v -0.0243964195 -0.0341464691 0.0759999976
v -0.024686981 -0.0339787155 0.0759999976
v -0.024686981 -0.0339787155 0.0798000023
vn 0.499995083 0.866028249 3.80461948e-16
f 2353//785 2354//785 2355//785
v -0.024686981 -0.0339787155 0.0798000023
v -0.024686981 -0.0339787155 0.0759999976
v -0.0252714716 -0.0334524363 0.0759999976
vn 0.669131696 0.743143857 4.31793838e-16
f 2356//786 2357//786 2358//786
v -0.024686981 -0.0339787155 0.0798000023
v -0.0252714716 -0.0334524363 0.0759999976
v -0.031212084 -0.0281034857 0.0798000023
vn 0.669130623 0.74314481 2.8366884e-07
f 2359//787 2360//787 2361//787
v -0.031212084 -0.0281034857 0.0798000023
v -0.0252714716 -0.0334524363 0.0759999976
v -0.031212084 -0.0281034857 0.0759999976
vn 0.669130564 0.74314487 4.31793521e-16
f 2362//788 2363//788 2364//788
v -0.031212084 -0.0281034857 0.0798000023
v -0.031212084 -0.0281034857 0.0759999976
v -0.0332696624 -0.0252714697 0.0759999976
vn 0.809016943 0.587785304 4.64252035e-16
f 2365//789 2366//789 2367//789
v -0.00873229094 -0.0410821997 0.0798000023
v -0.00925000012 -0.0409139842 0.0759999976
v -0.0170829389 -0.0383689106 0.0798000023
vn 0.309016943 0.95105654 4.03053377e-07
f 2368//790 2369//790 2370//790
v -0.0170829389 -0.0383689106 0.0798000023
v -0.00925000012 -0.0409139842 0.0759999976
v -0.0170829389 -0.0383689106 0.0759999976
vn 0.309016764 0.9510566 3.12505447e-16
f 2371//791 2372//791 2373//791
v -0.0170829389 -0.0383689106 0.0798000023
v -0.0170829389 -0.0383689106 0.0759999976
v -0.024686981 -0.0339787155 0.0798000023
vn 0.49999994 0.866025448 3.80463562e-16
f 2374//792 2375//792 2376//792
v -0.024686981 -0.0339787155 0.0798000023
v -0.0170829389 -0.0383689106 0.0759999976
v -0.022268543 -0.035374999 0.0759999976
vn 0.500000179 0.866025269 6.94204516e-07
f 2377//793 2378//793 2379//793
v -0.024686981 -0.0339787155 0.0798000023
v -0.022268543 -0.035374999 0.0759999976
v -0.0243964195 -0.0341464691 0.0759999976
vn 0.49999997 0.866025448 4.96491339e-07
f 2380//794 2381//794 2382//794
v 0.0222685412 -0.035374999 0.0759999976
v 0.0170829389 -0.0383689106 0.0759999976
v 0.0170829389 -0.0383689106 0.0798000023
vn -0.500000358 0.866025209 -5.82066615e-17
f 2383//795 2384//795 2385//795
v 0.0170829389 -0.0383689106 0.0798000023
v 0.0170829389 -0.0383689106 0.0759999976
v 0.00925000012 -0.0409139842 0.0759999976
vn -0.309016705 0.9510566 4.13926803e-17
f 2386//796 2387//796 2388//796
v 0.0170829389 -0.0383689106 0.0798000023
v 0.00925000012 -0.0409139842 0.0759999976
v 0.00873229094 -0.0410821997 0.0798000023
vn -0.309016883 0.95105654 4.12443995e-07
f 2389//797 2390//797 2391//797
v 0.00873229094 -0.0410821997 0.0798000023
v 0.00925000012 -0.0409139842 0.0759999976
v 0.00873229094 -0.0410821997 0.0759999976
vn -0.309019595 0.951055646 4.13912245e-17
f 2392//798 2393//798 2394//798
v 0.00873229094 -0.0410821997 0.0798000023
v 0.00873229094 -0.0410821997 0.0759999976
v -3.26439404e-16 -0.0419999994 0.0798000023
vn -0.104528353 0.994521916 1.39182535e-16
f 2395//799 2396//799 2397//799
v -3.26439404e-16 -0.0419999994 0.0798000023
v 0.00873229094 -0.0410821997 0.0759999976
v -3.2477247e-16 -0.0419999994 0.0759999976
vn -0.104528353 0.994521916 1.39182535e-16
f 2398//800 2399//800 2400//800
v -3.26439404e-16 -0.0419999994 0.0798000023
v -3.2477247e-16 -0.0419999994 0.0759999976
v -0.00873229094 -0.0410821997 0.0798000023
vn 0.104528353 0.994521916 2.30889455e-16
f 2401//801 2402//801 2403//801
v -0.00873229094 -0.0410821997 0.0798000023
v -3.2477247e-16 -0.0419999994 0.0759999976
v -0.00873229094 -0.0410821997 0.0759999976
vn 0.104528353 0.994521916 2.30889455e-16
f 2404//802 2405//802 2406//802
v -0.00873229094 -0.0410821997 0.0798000023
v -0.00873229094 -0.0410821997 0.0759999976
v -0.00925000012 -0.0409139842 0.0759999976
vn 0.309019595 0.951055646 3.12506533e-16
f 2407//803 2408//803 2409//803
v -3.2477247e-16 0.0350000001 0.0759999976
v -0.00757528841 0.0341464691 0.0759999976
v -3.111737e-16 0.0350000001 0.0450000018
vn 0.111964613 -0.993712187 -1.35769826e-16
f 2410//804 2411//804 2412//804
v -3.111737e-16 0.0350000001 0.0450000018
v -0.00757528841 0.0341464691 0.0759999976
v -0.00778823253 0.0341224782 0.0450000018
vn 0.11196433 -0.993712246 -6.85510173e-08
f 2413//805 2414//805 2415//805
v -0.00757528841 0.0341464691 0.0759999976
v -0.00778823253 0.0341224782 0.0759999976
v -0.00778823253 0.0341224782 0.0450000018
vn 0.11195448 -0.993713319 -1.35774485e-16
f 2416//806 2417//806 2418//806
v -0.00778823253 0.0341224782 0.0450000018
v -0.00778823253 0.0341224782 0.0759999976
v -0.00925000012 0.033610981 0.0759999976
vn 0.330280602 -0.943882823 -3.07301171e-17
f 2419//807 2420//807 2421//807
v -0.00778823253 0.0341224782 0.0450000018
v -0.00925000012 0.033610981 0.0759999976
v -0.0151859308 0.0315339118 0.0450000018
vn 0.330279052 -0.943883359 -8.19532744e-08
f 2422//808 2423//808 2424//808
v -0.0151859308 0.0315339118 0.0450000018
v -0.00925000012 0.033610981 0.0759999976
v -0.0151859308 0.0315339118 0.0759999976
vn 0.330278665 -0.943883479 -3.07310899e-17
f 2425//809 2426//809 2427//809
v -0.0151859308 0.0315339118 0.0450000018
v -0.0151859308 0.0315339118 0.0759999976
v -0.0218221433 0.0273641013 0.0450000018
vn 0.532032311 -0.846724033 7.58492064e-17
f 2428//810 2429//810 2430//810
v -0.0218221433 0.0273641013 0.0450000018
v -0.0151859308 0.0315339118 0.0759999976
v -0.0218221433 0.0273641013 0.0759999976
vn 0.532032311 -0.846724033 7.58492064e-17
f 2431//811 2432//811 2433//811
v -0.0218221433 0.0273641013 0.0759999976
v -0.0239147749 0.0252714697 0.0759999976
v -0.0218221433 0.0273641013 0.0450000018
vn 0.707106769 -0.707106769 1.7862567e-16
f 2434//812 2435//812 2436//812
v -0.0218221433 0.0273641013 0.0450000018
v -0.0239147749 0.0252714697 0.0759999976
v -0.0252714716 0.0239147749 0.0759999976
vn 0.707106292 -0.707107246 -6.55335626e-08
f 2437//813 2438//813 2439//813
v -0.0218221433 0.0273641013 0.0450000018
v -0.0252714716 0.0239147749 0.0759999976
v -0.0273641031 0.0218221433 0.0450000018
vn 0.70710665 -0.707106888 1.60429039e-08
f 2440//814 2441//814 2442//814
v -0.0273641031 0.0218221433 0.0450000018
v -0.0252714716 0.0239147749 0.0759999976
v -0.0273641031 0.0218221433 0.0759999976
vn 0.707106769 -0.707106769 1.7862567e-16
f 2443//815 2444//815 2445//815
v -0.0273641031 0.0218221433 0.0450000018
v -0.0273641031 0.0218221433 0.0759999976
v -0.0315339081 0.0151859308 0.0450000018
vn 0.846724331 -0.532031894 2.72445289e-16
f 2446//816 2447//816 2448//816
v -0.0273641031 0.0218221433 0.0759999976
v -0.0315339081 0.0151859308 0.0759999976
v -0.0315339081 0.0151859308 0.0450000018
vn 0.846724331 -0.532031894 2.72445289e-16
f 2449//817 2450//817 2451//817
v -0.0315339081 0.0151859308 0.0450000018
v -0.0315339081 0.0151859308 0.0759999976
v -0.033610981 0.00925000012 0.0759999976
vn 0.9438833 -0.330279201 3.52603166e-16
f 2452//818 2453//818 2454//818
v -0.0315339081 0.0151859308 0.0450000018
v -0.033610981 0.00925000012 0.0759999976
v -0.0341224745 0.00778823253 0.0450000018
vn 0.943883359 -0.330279052 3.14738209e-08
f 2455//819 2456//819 2457//819
v -0.033610981 0.00925000012 0.0759999976
v -0.0341224745 0.00778823253 0.0759999976
v -0.0341224745 0.00778823253 0.0450000018
vn 0.943883538 -0.330278456 3.52603431e-16
f 2458//820 2459//820 2460//820
v -0.0341224745 0.00778823253 0.0450000018
v -0.0341224745 0.00778823253 0.0759999976
v -0.0341464691 0.00757528841 0.0759999976
vn 0.993711412 -0.111971647 4.15078543e-16
f 2461//821 2462//821 2463//821
v -0.0341224745 0.00778823253 0.0450000018
v -0.0341464691 0.00757528841 0.0759999976
v -0.0350000001 -2.46346774e-16 0.0450000018
vn 0.993712187 -0.111964807 4.75846385e-08
f 2464//822 2465//822 2466//822
v -0.0341464691 0.00757528841 0.0759999976
v -0.0350000001 -2.52114486e-16 0.0759999976
v -0.0350000001 -2.46346774e-16 0.0450000018
vn 0.993712187 -0.111964613 4.15080184e-16
f 2467//823 2468//823 2469//823
v -0.0350000001 -2.46346774e-16 0.0450000018
v -0.0350000001 -2.52114486e-16 0.0759999976
v -0.0341464691 -0.00757528841 0.0759999976
vn 0.993712187 0.111964613 4.56743406e-16
f 2470//824 2471//824 2472//824
v -0.0350000001 -2.46346774e-16 0.0450000018
v -0.0341464691 -0.00757528841 0.0759999976
v -0.0341224745 -0.00778823253 0.0450000018
vn 0.993712187 0.111964807 4.75846385e-08
f 2473//825 2474//825 2475//825
v -0.0341464691 -0.00757528841 0.0759999976
v -0.0341224745 -0.00778823253 0.0759999976
v -0.0341224745 -0.00778823253 0.0450000018
vn 0.993711412 0.111971647 4.56744359e-16
f 2476//826 2477//826 2478//826
v -0.0341224745 -0.00778823253 0.0450000018
v -0.0341224745 -0.00778823253 0.0759999976
v -0.033610981 -0.00925000012 0.0759999976
vn 0.943883538 0.330278456 4.75503491e-16
f 2479//827 2480//827 2481//827
v -0.0341224745 -0.00778823253 0.0450000018
v -0.033610981 -0.00925000012 0.0759999976
v -0.0315339081 -0.0151859308 0.0450000018
vn 0.943883359 0.330279052 3.14738209e-08
f 2482//828 2483//828 2484//828
v -0.0315339081 -0.0151859308 0.0450000018
v -0.033610981 -0.00925000012 0.0759999976
v -0.0315339081 -0.0151859308 0.0759999976
vn 0.9438833 0.330279201 4.75503491e-16
f 2485//829 2486//829 2487//829
v -0.0315339081 -0.0151859308 0.0450000018
v -0.0315339081 -0.0151859308 0.0759999976
v -0.0273641031 -0.0218221433 0.0450000018
vn 0.846724331 0.532031894 4.70419917e-16
f 2488//830 2489//830 2490//830
v -0.0273641031 -0.0218221433 0.0450000018
v -0.0315339081 -0.0151859308 0.0759999976
v -0.0273641031 -0.0218221433 0.0759999976
vn 0.846724331 0.532031894 4.70419917e-16
f 2491//831 2492//831 2493//831
v -0.0273641031 -0.0218221433 0.0759999976
v -0.0252714716 -0.0239147749 0.0759999976
v -0.0273641031 -0.0218221433 0.0450000018
vn 0.707106769 0.707106769 4.41747481e-16
f 2494//832 2495//832 2496//832
v -0.0273641031 -0.0218221433 0.0450000018
v -0.0252714716 -0.0239147749 0.0759999976
v -0.0239147749 -0.0252714697 0.0759999976
vn 0.707106292 0.707107246 6.55335626e-08
f 2497//833 2498//833 2499//833
v -0.0273641031 -0.0218221433 0.0450000018
v -0.0239147749 -0.0252714697 0.0759999976
v -0.0218221433 -0.0273641013 0.0450000018
vn 0.70710665 0.707106888 -1.60429021e-08
f 2500//834 2501//834 2502//834
v -0.0218221433 -0.0273641013 0.0450000018
v -0.0239147749 -0.0252714697 0.0759999976
v -0.0218221433 -0.0273641013 0.0759999976
vn 0.707106769 0.707106769 4.41747481e-16
f 2503//835 2504//835 2505//835
v -0.0218221433 -0.0273641013 0.0450000018
v -0.0218221433 -0.0273641013 0.0759999976
v -0.0151859308 -0.0315339118 0.0450000018
vn 0.532032311 0.846724033 3.90924075e-16
f 2506//836 2507//836 2508//836
v -0.0218221433 -0.0273641013 0.0759999976
v -0.0151859308 -0.0315339118 0.0759999976
v -0.0151859308 -0.0315339118 0.0450000018
vn 0.532032311 0.846724033 3.90924075e-16
f 2509//837 2510//837 2511//837
v -0.0151859308 -0.0315339118 0.0450000018
v -0.0151859308 -0.0315339118 0.0759999976
v -0.00925000012 -0.033610981 0.0759999976
vn 0.330278665 0.943883479 3.20497812e-16
f 2512//838 2513//838 2514//838
v -0.0151859308 -0.0315339118 0.0450000018
v -0.00925000012 -0.033610981 0.0759999976
v -0.00778823253 -0.0341224782 0.0450000018
vn 0.330279052 0.943883359 -8.19532744e-08
f 2515//839 2516//839 2517//839
v -3.2477247e-16 -0.0350000001 0.0759999976
v -3.111737e-16 -0.0350000001 0.0450000018
v -0.00757528841 -0.0341464691 0.0759999976
vn 0.111964613 0.993712187 2.34000872e-16
f 2518//840 2519//840 2520//840
v -0.00757528841 -0.0341464691 0.0759999976
v -3.111737e-16 -0.0350000001 0.0450000018
v -0.00778823253 -0.0341224782 0.0450000018
vn 0.11196433 0.993712246 -6.85510173e-08
f 2521//841 2522//841 2523//841
v -0.00757528841 -0.0341464691 0.0759999976
v -0.00778823253 -0.0341224782 0.0450000018
v -0.00778823253 -0.0341224782 0.0759999976
vn 0.11195448 0.993713319 2.33996637e-16
f 2524//842 2525//842 2526//842
v -0.00778823253 -0.0341224782 0.0759999976
v -0.00778823253 -0.0341224782 0.0450000018
v -0.00925000012 -0.033610981 0.0759999976
vn 0.330280602 0.943882823 3.20498527e-16
f 2527//843 2528//843 2529//843
v -2.91433544e-16 0.0460000001 8.55854001e-18
v -3.111737e-16 0.0460000001 0.0450000018
v -0.00897415448 0.0451161228 4.45739715e-18
vn 0.0980171636 -0.99518472 -1.42162119e-16
f 2530//844 2531//844 2532//844
v -0.00897415448 0.0451161228 4.45739715e-18
v -3.111737e-16 0.0460000001 0.0450000018
v -0.00897415448 0.0451161228 0.0450000018
vn 0.0980171636 -0.99518472 -1.42162119e-16
f 2533//845 2534//845 2535//845
v -0.00897415448 0.0451161228 4.45739715e-18
v -0.00897415448 0.0451161228 0.0450000018
v -0.0163099039 0.0428908467 8.25399848e-19
vn 0.290284812 -0.956940293 -5.07044841e-17
f 2536//846 2537//846 2538//846
v -0.0163099039 0.0428908467 8.25399848e-19
v -0.00897415448 0.0451161228 0.0450000018
v -0.0176034383 0.0424984582 0.0450000018
vn 0.290284693 -0.956940353 1.8352619e-08
f 2539//847 2540//847 2541//847
v -0.0424984582 0.0176034383 0.0450000018
v -0.0394103006 0.0233809706 -1.29379675e-17
v -0.0382476002 0.0255562309 0.0450000018
vn 0.881921172 -0.471396893 1.97334344e-08
f 2542//848 2543//848 2544//848
v -0.0382476002 0.0255562309 0.0450000018
v -0.0394103006 0.0233809706 -1.29379675e-17
v -0.0382476002 0.0255562309 -1.20232075e-17
vn 0.881921351 -0.471396565 2.9916669e-16
f 2545//849 2546//849 2547//849
v -0.0382476002 0.0255562309 0.0450000018
v -0.0382476002 0.0255562309 -1.20232075e-17
v -0.0325269103 0.0325269103 0.0450000018
vn 0.773010373 -0.634393334 2.21064323e-16
f 2548//850 2549//850 2550//850
v -0.0325269103 0.0325269103 0.0450000018
v -0.0382476002 0.0255562309 -1.20232075e-17
v -0.0325269103 0.0325269103 -8.21678042e-18
vn 0.773010373 -0.634393334 2.21064323e-16
f 2551//851 2552//851 2553//851
v -0.0325269103 0.0325269103 0.0450000018
v -0.0325269103 0.0325269103 -8.21678042e-18
v -0.0255562309 0.0382476039 0.0450000018
vn 0.634393513 -0.773010254 1.34466838e-16
f 2554//852 2555//852 2556//852
v -0.0255562309 0.0382476039 0.0450000018
v -0.0325269103 0.0325269103 -8.21678042e-18
v -0.0255562309 0.0382476039 -4.09458663e-18
vn 0.634393513 -0.773010254 1.34466838e-16
f 2557//853 2558//853 2559//853
v -0.0255562309 0.0382476039 0.0450000018
v -0.0255562309 0.0382476039 -4.09458663e-18
v -0.0176034383 0.0424984582 0.0450000018
vn 0.471396565 -0.881921351 4.27014885e-17
f 2560//854 2561//854 2562//854
v -0.0176034383 0.0424984582 0.0450000018
v -0.0255562309 0.0382476039 -4.09458663e-18
v -0.0176034383 0.0424984582 1.84959071e-19
vn 0.471396565 -0.881921351 4.27014885e-17
f 2563//855 2564//855 2565//855
v -0.0176034383 0.0424984582 0.0450000018
v -0.0176034383 0.0424984582 1.84959071e-19
v -0.0163099039 0.0428908467 8.25399848e-19
vn 0.290284127 -0.956940532 -5.07048249e-17
f 2566//856 2567//856 2568//856
v -0.0451161228 0.00897415448 0.0450000018
v -0.0430099033 0.0159174334 -1.5905636e-17
v -0.0424984582 0.0176034383 0.0450000018
vn 0.956940353 -0.290284663 -2.34996875e-08
f 2569//857 2570//857 2571//857
v -0.0424984582 0.0176034383 0.0450000018
v -0.0430099033 0.0159174334 -1.5905636e-17
v -0.0424984582 0.0176034383 -1.53675897e-17
vn 0.956940174 -0.290285259 3.65771908e-16
f 2572//858 2573//858 2574//858
v -0.0424984582 0.0176034383 0.0450000018
v -0.0424984582 0.0176034383 -1.53675897e-17
v -0.0394103006 0.0233809706 -1.29379675e-17
vn 0.881921113 -0.471397012 2.99166505e-16
f 2575//859 2576//859 2577//859
v -0.0424984582 -0.0176034383 0.0450000018
v -0.0424984582 -0.0176034383 -2.19180131e-17
v -0.0430099033 -0.0159174334 -2.18286793e-17
vn 0.956940174 0.290285259 4.73790103e-16
f 2578//860 2579//860 2580//860
v -0.0424984582 -0.0176034383 0.0450000018
v -0.0430099033 -0.0159174334 -2.18286793e-17
v -0.0451161228 -0.00897415448 0.0450000018
vn 0.956940353 0.290284663 -2.34996875e-08
f 2581//861 2582//861 2583//861
v -0.0430099033 -0.0159174334 -2.18286793e-17
v -0.0430517197 -0.0157795716 -2.18213736e-17
v -0.0451161228 -0.00897415448 0.0450000018
vn 0.956947148 0.290262163 3.76959065e-06
f 2584//862 2585//862 2586//862
v -0.0451161228 -0.00897415448 0.0450000018
v -0.0430517197 -0.0157795716 -2.18213736e-17
v -0.0451161228 -0.00897415448 -2.14607808e-17
vn 0.956940234 0.290284991 4.7379005e-16
f 2587//863 2588//863 2589//863
v -0.0451161228 -0.00897415448 0.0450000018
v -0.0451161228 -0.00897415448 -2.14607808e-17
v -0.0460000001 -3.21138698e-16 0.0450000018
vn 0.99518472 0.0980171636 4.5479433e-16
f 2590//864 2591//864 2592//864
v -0.0460000001 -3.21138698e-16 0.0450000018
v -0.0451161228 -0.00897415448 -2.14607808e-17
v -0.0460000001 -3.12766228e-16 -2.01788229e-17
vn 0.99518472 0.0980171636 4.5479433e-16
f 2593//865 2594//865 2595//865
v -0.0460000001 -3.21138698e-16 0.0450000018
v -0.0460000001 -3.12766228e-16 -2.01788229e-17
v -0.0451161228 0.00897415448 0.0450000018
vn 0.99518472 -0.0980171636 4.18321144e-16
f 2596//866 2597//866 2598//866
v -0.0451161228 0.00897415448 0.0450000018
v -0.0460000001 -3.12766228e-16 -2.01788229e-17
v -0.0451161228 0.00897415448 -1.81214047e-17
vn 0.99518472 -0.0980171636 4.18321144e-16
f 2599//867 2600//867 2601//867
v -0.0451161228 0.00897415448 0.0450000018
v -0.0451161228 0.00897415448 -1.81214047e-17
v -0.0430099033 0.0159174334 -1.5905636e-17
vn 0.956940353 -0.290284544 3.65772147e-16
f 2602//868 2603//868 2604//868
v -0.0424984582 -0.0176034383 -2.19180131e-17
v -0.0424984582 -0.0176034383 0.0450000018
v -0.0382476002 -0.0255562309 -2.15329473e-17
vn 0.881921172 0.471396893 4.74578267e-16
f 2605//869 2606//869 2607//869
v -0.0382476002 -0.0255562309 -2.15329473e-17
v -0.0424984582 -0.0176034383 0.0450000018
v -0.0382476002 -0.0255562309 0.0450000018
vn 0.881921172 0.471396893 4.74578267e-16
f 2608//870 2609//870 2610//870
v -0.0382476002 -0.0255562309 -2.15329473e-17
v -0.0382476002 -0.0255562309 0.0450000018
v -0.0325269103 -0.0325269103 -2.03203833e-17
vn 0.773010373 0.634393334 4.571287e-16
f 2611//871 2612//871 2613//871
v -0.0325269103 -0.0325269103 -2.03203833e-17
v -0.0382476002 -0.0255562309 0.0450000018
v -0.0325269103 -0.0325269103 0.0450000018
vn 0.773010373 0.634393334 4.571287e-16
f 2614//872 2615//872 2616//872
v -0.0325269103 -0.0325269103 -2.03203833e-17
v -0.0325269103 -0.0325269103 0.0450000018
v -0.0255562309 -0.0382476039 -1.83269194e-17
vn 0.634393513 0.773010254 4.2211204e-16
f 2617//873 2618//873 2619//873
v -0.0255562309 -0.0382476039 -1.83269194e-17
v -0.0325269103 -0.0325269103 0.0450000018
v -0.0255562309 -0.0382476039 0.0450000018
vn 0.634393513 0.773010254 4.2211204e-16
f 2620//874 2621//874 2622//874
v -0.0255562309 -0.0382476039 -1.83269194e-17
v -0.0255562309 -0.0382476039 0.0450000018
v -0.0176034383 -0.0424984582 -1.56291608e-17
vn 0.471396565 0.881921351 3.70873641e-16
f 2623//875 2624//875 2625//875
v -0.0176034383 -0.0424984582 -1.56291608e-17
v -0.0255562309 -0.0382476039 0.0450000018
v -0.0176034383 -0.0424984582 0.0450000018
vn 0.471396565 0.881921351 3.70873641e-16
f 2626//876 2627//876 2628//876
v -0.0176034383 -0.0424984582 -1.56291608e-17
v -0.0176034383 -0.0424984582 0.0450000018
v -0.0163099039 -0.0428908467 -1.51347318e-17
vn 0.290284127 0.956940532 3.05382721e-16
f 2629//877 2630//877 2631//877
v -3.111737e-16 -0.0460000001 0.0450000018
v -2.91433544e-16 -0.0460000001 -8.55854001e-18
v -0.00897415448 -0.0451161228 0.0450000018
vn 0.0980171636 0.99518472 2.28156504e-16
f 2632//878 2633//878 2634//878
v -0.00897415448 -0.0451161228 0.0450000018
v -2.91433544e-16 -0.0460000001 -8.55854001e-18
v -0.00897415448 -0.0451161228 -1.2330783e-17
vn 0.0980171636 0.99518472 2.28156504e-16
f 2635//879 2636//879 2637//879
v -0.00897415448 -0.0451161228 0.0450000018
v -0.00897415448 -0.0451161228 -1.2330783e-17
v -0.0176034383 -0.0424984582 0.0450000018
vn 0.290284693 0.956940353 3.05382959e-16
f 2638//880 2639//880 2640//880
v -0.0176034383 -0.0424984582 0.0450000018
v -0.00897415448 -0.0451161228 -1.2330783e-17
v -0.0141691687 -0.0435402319 -1.43164781e-17
vn 0.290284783 0.956940293 1.55717075e-08
f 2641//881 2642//881 2643//881
v -0.0176034383 -0.0424984582 0.0450000018
v -0.0141691687 -0.0435402319 -1.43164781e-17
v -0.0163099039 -0.0428908467 -1.51347318e-17
vn 0.290284872 0.956940293 2.3777627e-08
f 2644//882 2645//882 2646//882
v 0.0416215621 0.0486173406 0.0103955166
v 0.0411079675 0.0490520373 0.00907071028
v 0.0415646769 0.0486659817 0.0103955166
vn 0.649882913 0.760030031 -0.00256175362
f 2647//883 2648//883 2649//883
v 0.0415646769 0.0486659817 0.0103955166
v 0.0411079675 0.0490520373 0.00907071028
v 0.0372104459 0.0520709418 0.0103955166
vn 0.615914345 0.787625551 0.0171899274
f 2650//884 2651//884 2652//884
v 0.0411079675 0.0490520373 0.00907071028
v 0.0410710014 0.049083326 0.00897535216
v 0.0372104459 0.0520709418 0.0103955166
vn 0.616351962 0.787232459 0.0193731599
f 2653//885 2654//885 2655//885
v 0.0372104459 0.0520709418 0.0103955166
v 0.0410710014 0.049083326 0.00897535216
v 0.0408238545 0.0492890775 0.00741511723
vn 0.613597453 0.789588571 0.00692864275
f 2656//886 2657//886 2658//886
v 0.0372104459 0.0520709418 0.0103955166
v 0.0408238545 0.0492890775 0.00741511723
v 0.0356411189 0.0530929975 0.0103955166
vn 0.541817367 0.831939518 -0.119626701
f 2659//887 2660//887 2661//887
v 0.0356411189 0.0530929975 0.0103955166
v 0.0408238545 0.0492890775 0.00741511723
v 0.0408128835 0.0492981635 0.00700000022
vn 0.592429221 0.805620074 0.00197612098
f 2662//888 2663//888 2664//888
v 0.00772471121 0.0634908751 0.0103955166
v 0.00773063954 0.0635313913 1.52115471e-17
v 0.00652316539 0.0636666939 0.0103955166
vn 0.144784212 0.989455402 0.00393894408
f 2665//889 2666//889 2667//889
v 0.00652316539 0.0636666939 0.0103955166
v 0.00773063954 0.0635313913 1.52115471e-17
v -2.91433544e-16 0.064000003 1.19075346e-17
vn 0.0605053194 0.998150051 -0.00596349686
f 2668//890 2669//890 2670//890
v 0.00652316539 0.0636666939 0.0103955166
v -2.91433544e-16 0.064000003 1.19075346e-17
v 0.00100526831 0.0639921054 0.0103955166
vn 0.0588708334 0.998253405 -0.00493454654
f 2671//891 2672//891 2673//891
v 0.00100526831 0.0639921054 0.0103955166
v -2.91433544e-16 0.064000003 1.19075346e-17
v -2.95993758e-16 0.064000003 0.0103955166
vn 0.00785598438 0.999969125 1.8949567e-16
f 2674//892 2675//892 2676//892
v 0.00772471121 0.0634908751 0.0103955166
v 0.0119924042 0.0628663823 0.0103955166
v 0.00773063954 0.0635313913 1.52115471e-17
vn 0.144787237 0.989454985 0.00393894408
f 2677//893 2678//893 2679//893
v 0.00773063954 0.0635313913 1.52115471e-17
v 0.0119924042 0.0628663823 0.0103955166
v 0.0173721872 0.0615971349 0.0103955166
vn 0.229508281 0.972785115 -0.0318598337
f 2680//894 2681//894 2682//894
v 0.00773063954 0.0635313913 1.52115471e-17
v 0.0173721872 0.0615971349 0.0103955166
v 0.0175506398 0.0615465268 1.91499938e-17
vn 0.198118001 0.980177224 -0.00137080334
f 2683//895 2684//895 2685//895
v 0.0175506398 0.0615465268 1.91499938e-17
v 0.0173721872 0.0615971349 0.0103955166
v 0.0175482184 0.0615391731 0.0103955166
vn 0.312752098 0.949834526 0.000744756602
f 2686//896 2687//896 2688//896
v 0.0175506398 0.0615465268 1.91499938e-17
v 0.0175482184 0.0615391731 0.0103955166
v 0.0228506401 0.0595749281 2.11081189e-17
vn 0.348656803 0.937250137 0.00074421789
f 2689//897 2690//897 2691//897
v 0.0228506401 0.0595749281 2.11081189e-17
v 0.0175482184 0.0615391731 0.0103955166
v 0.0226223897 0.0598684177 0.0103955166
vn 0.31268701 0.949646771 -0.0199451819
f 2692//898 2693//898 2694//898
v 0.0228506401 0.0595749281 2.11081189e-17
v 0.0226223897 0.0598684177 0.0103955166
v 0.0269405656 0.0580534749 2.26191728e-17
vn 0.348595709 0.937084615 -0.0188020878
f 2695//899 2696//899 2697//899
v 0.0269405656 0.0580534749 2.26191728e-17
v 0.0226223897 0.0598684177 0.0103955166
v 0.0269284099 0.058025077 0.0103955166
vn 0.393539399 0.91930294 0.00297147129
f 2698//900 2699//900 2700//900
v 0.0269284099 0.058025077 0.0103955166
v 0.027703844 0.0576931275 0.0103955166
v 0.0269405656 0.0580534749 2.26191728e-17
vn 0.393537492 0.919303775 0.00297147129
f 2701//901 2702//901 2703//901
v 0.0269405656 0.0580534749 2.26191728e-17
v 0.027703844 0.0576931275 0.0103955166
v 0.0325786509 0.0550874881 0.0103955166
vn 0.471393138 0.8819139 -0.00404105987
f 2704//902 2705//902 2706//902
v 0.0269405656 0.0580534749 2.26191728e-17
v 0.0325786509 0.0550874881 0.0103955166
v 0.0356703177 0.0531378277 2.55340712e-17
vn 0.490577549 0.8712219 -0.0174964424
f 2707//903 2708//903 2709//903
v 0.0356703177 0.0531378277 2.55340712e-17
v 0.0325786509 0.0550874881 0.0103955166
v 0.0356411189 0.0530929975 0.0103955166
vn 0.545728445 0.837946296 0.00514643779
f 2710//904 2711//904 2712//904
v 0.0356703177 0.0531378277 2.55340712e-17
v 0.0356411189 0.0530929975 0.0103955166
v 0.0397644453 0.0500809699 2.67612979e-17
vn 0.598269939 0.801278174 0.00513588684
f 2713//905 2714//905 2715//905
v 0.0397644453 0.0500809699 2.67612979e-17
v 0.0356411189 0.0530929975 0.0103955166
v 0.0408128835 0.0492981635 0.00700000022
vn 0.592190623 0.805796683 0.00141535955
f 2716//906 2717//906 2718//906
v 0.0397644453 0.0500809699 2.67612979e-17
v 0.0408128835 0.0492981635 0.00700000022
v 0.0408128835 0.0492981635 2.70755703e-17
vn 0.598275781 0.801290274 4.11529899e-16
f 2719//907 2720//907 2721//907
v -2.91433544e-16 -0.064000003 -1.19075346e-17
v -2.95993758e-16 -0.064000003 0.0103955166
v -0.00528507819 -0.0637814105 0.0103955166
vn -0.0413249992 -0.999145746 -2.04024323e-16
f 2722//908 2723//908 2724//908
v -2.91433544e-16 -0.064000003 -1.19075346e-17
v -0.00528507819 -0.0637814105 0.0103955166
v -0.0105340537 -0.0631271228 -1.63661043e-17
vn -0.0825614333 -0.996364236 -0.0210230853
f 2725//909 2726//909 2727//909
v -0.0105340537 -0.0631271228 -1.63661043e-17
v -0.00528507819 -0.0637814105 0.0103955166
v -0.0105340537 -0.0631271228 0.0103955166
vn -0.123693287 -0.992320478 -2.38886955e-16
f 2728//910 2729//910 2730//910
v -0.0105340537 -0.0631271228 -1.63661043e-17
v -0.0105340537 -0.0631271228 0.0103955166
v -0.0163099039 -0.0616644807 -1.86276657e-17
vn -0.245485231 -0.969400346 -2.88049012e-16
f 2731//911 2732//911 2733//911
v -0.0163099039 -0.0616644807 -1.86276657e-17
v -0.0105340537 -0.0631271228 0.0103955166
v -0.0157110728 -0.0620416179 0.0103955166
vn -0.205157503 -0.97844249 -0.023678707
f 2734//912 2735//912 2736//912
v -0.0163099039 -0.0616644807 -1.86276657e-17
v -0.0157110728 -0.0620416179 0.0103955166
v -0.0183415376 -0.0611499995 -1.94231603e-17
vn -0.245432004 -0.969185829 -0.0210228823
f 2737//913 2738//913 2739//913
v -0.0183415376 -0.0611499995 -1.94231603e-17
v -0.0157110728 -0.0620416179 0.0103955166
v -0.0207807664 -0.0605323017 0.0103955166
vn -0.285322487 -0.958379388 -0.010002194
f 2740//914 2741//914 2742//914
v -0.0183415376 -0.0611499995 -1.94231603e-17
v -0.0207807664 -0.0605323017 0.0103955166
v -0.0207807664 -0.0605323017 -2.03782512e-17
vn -0.245485932 -0.969400167 -2.88049303e-16
f 2743//915 2744//915 2745//915
v -0.0207807664 -0.0605323017 -2.03782512e-17
v -0.0207807664 -0.0605323017 0.0103955166
v -0.0257085077 -0.0586094931 0.0103955166
vn -0.363507628 -0.931591213 -3.32787334e-16
f 2746//916 2747//916 2748//916
v -0.0207807664 -0.0605323017 -2.03782512e-17
v -0.0257085077 -0.0586094931 0.0103955166
v -0.0304606333 -0.0562863201 -2.38345311e-17
vn -0.4016065 -0.915570974 -0.0210230276
f 2749//917 2750//917 2751//917
v -0.0257085077 -0.0586094931 0.0103955166
v -0.0304606333 -0.0562863201 0.0103955166
v -0.0304606333 -0.0562863201 -2.38345311e-17
vn -0.439196646 -0.898390949 -3.5981274e-16
f 2752//918 2753//918 2754//918
v -0.0304606333 -0.0562863201 -2.38345311e-17
v -0.0304606333 -0.0562863201 0.0103955166
v -0.0350046828 -0.0535786562 0.0103955166
vn -0.51188463 -0.859054208 -3.84379978e-16
f 2755//919 2756//919 2757//919
v -0.0304606333 -0.0562863201 -2.38345311e-17
v -0.0350046828 -0.0535786562 0.0103955166
v -0.0393096134 -0.0505049936 -2.66406685e-17
vn -0.546827137 -0.836981535 -0.0210230928
f 2758//920 2759//920 2760//920
v -0.0393096134 -0.0505049936 -2.66406685e-17
v -0.0350046828 -0.0535786562 0.0103955166
v -0.0393096134 -0.0505049936 0.0103955166
vn -0.58107698 -0.813848615 -4.06321864e-16
f 2761//921 2762//921 2763//921
v -0.0393096134 -0.0505049936 -2.66406685e-17
v -0.0393096134 -0.0505049936 0.0103955166
v -0.0430099033 -0.0470986366 -2.76301056e-17
vn -0.677281618 -0.735723913 -4.33988421e-16
f 2764//922 2765//922 2766//922
v -0.0430099033 -0.0470986366 -2.76301056e-17
v -0.0393096134 -0.0505049936 0.0103955166
v -0.0433460213 -0.047086332 0.0103955166
vn -0.64616996 -0.762931705 -0.0199895576
f 2767//923 2768//923 2769//923
v -0.0430099033 -0.0470986366 -2.76301056e-17
v -0.0433460213 -0.047086332 0.0103955166
v -0.0468753576 -0.0435402319 -2.86637041e-17
vn -0.677132249 -0.735561013 -0.0210230574
f 2770//924 2771//924 2772//924
v -0.0468753576 -0.0435402319 -2.86637041e-17
v -0.0433460213 -0.047086332 0.0103955166
v -0.0470863283 -0.0433460213 0.0103955166
vn -0.70710665 -0.707105994 -0.00114003976
f 2773//925 2774//925 2775//925
v -0.0468753576 -0.0435402319 -2.86637041e-17
v -0.0470863283 -0.0433460213 0.0103955166
v -0.0470863283 -0.0433460213 -2.87201178e-17
vn -0.677278578 -0.735726714 -4.33987627e-16
f 2776//926 2777//926 2778//926
v -0.0470863283 -0.0433460213 -2.87201178e-17
v -0.0470863283 -0.0433460213 0.0103955166
v -0.0505049899 -0.0393096134 0.0103955166
vn -0.763084233 -0.646299064 -4.54989518e-16
f 2779//927 2780//927 2781//927
v -0.0470863283 -0.0433460213 -2.87201178e-17
v -0.0505049899 -0.0393096134 0.0103955166
v -0.0535786524 -0.0350046828 -3.00161544e-17
vn -0.788966119 -0.614076972 -0.0210228227
f 2782//928 2783//928 2784//928
v -0.0505049899 -0.0393096134 0.0103955166
v -0.0535786524 -0.0350046828 0.0103955166
v -0.0535786524 -0.0350046828 -3.00161544e-17
vn -0.813848615 -0.58107698 -4.6512342e-16
f 2785//929 2786//929 2787//929
v -0.0535786524 -0.0350046828 -3.00161544e-17
v -0.0535786524 -0.0350046828 0.0103955166
v -0.0562863201 -0.0304606333 0.0103955166
vn -0.859053791 -0.511885285 -4.72080102e-16
f 2788//930 2789//930 2790//930
v -0.0535786524 -0.0350046828 -3.00161544e-17
v -0.0562863201 -0.0304606333 0.0103955166
v -0.0586094931 -0.0257085077 -3.04934343e-17
vn -0.879279315 -0.475842357 -0.0210229866
f 2791//931 2792//931 2793//931
v -0.0586094931 -0.0257085077 -3.04934343e-17
v -0.0562863201 -0.0304606333 0.0103955166
v -0.0586094931 -0.0257085077 0.0103955166
vn -0.898390949 -0.439196646 -4.75812023e-16
f 2794//932 2795//932 2796//932
v -0.0586094931 -0.0257085077 -3.04934343e-17
v -0.0586094931 -0.0257085077 0.0103955166
v -0.0611499995 -0.0183082633 -3.02310228e-17
vn -0.945817292 -0.324699402 -4.75313756e-16
f 2797//933 2798//933 2799//933
v -0.0611499995 -0.0183082633 -3.02310228e-17
v -0.0586094931 -0.0257085077 0.0103955166
v -0.0605323017 -0.0207807664 0.0103955166
vn -0.931140959 -0.363331944 -0.0310879778
f 2800//934 2801//934 2802//934
v -0.0611499995 -0.0183082633 -3.02310228e-17
v -0.0605323017 -0.0207807664 0.0103955166
v -0.0620181002 -0.0157795716 -3.01413564e-17
vn -0.945608258 -0.324627608 -0.021022778
f 2803//935 2804//935 2805//935
v -0.0620181002 -0.0157795716 -3.01413564e-17
v -0.0605323017 -0.0207807664 0.0103955166
v -0.0620416142 -0.015711071 0.0103955166
vn -0.958427489 -0.285336018 -0.000287700648
f 2806//936 2807//936 2808//936
v -0.0620181002 -0.0157795716 -3.01413564e-17
v -0.0620416142 -0.015711071 0.0103955166
v -0.0620416142 -0.015711071 -3.01389278e-17
vn -0.945826828 -0.324671477 -4.7531275e-16
f 2809//937 2810//937 2811//937
v -0.0620416142 -0.015711071 -3.01389278e-17
v -0.0620416142 -0.015711071 0.0103955166
v -0.0631271228 -0.0105340537 0.0103955166
vn -0.97871691 -0.205215067 -4.67515124e-16
f 2812//938 2813//938 2814//938
v -0.0620416142 -0.015711071 -3.01389278e-17
v -0.0631271228 -0.0105340537 0.0103955166
v -0.0637814105 -0.00528507819 -2.89623097e-17
vn -0.986143291 -0.164558396 -0.021022683
f 2815//939 2816//939 2817//939
v -0.0631271228 -0.0105340537 0.0103955166
v -0.0637814105 -0.00528507819 0.0103955166
v -0.0637814105 -0.00528507819 -2.89623097e-17
vn -0.992320478 -0.123693287 -4.58315075e-16
f 2818//940 2819//940 2820//940
v -0.0637814105 -0.00528507819 -2.89623097e-17
v -0.0637814105 -0.00528507819 0.0103955166
v -0.064000003 -3.80243704e-16 0.0103955166
vn -0.999145746 -0.0413249992 -4.45984075e-16
f 2821//941 2822//941 2823//941
v -0.0637814105 -0.00528507819 -2.89623097e-17
v -0.064000003 -3.80243704e-16 0.0103955166
v -0.0637814105 0.00528507819 -2.69956779e-17
vn -0.999778986 3.91142692e-18 -0.0210229345
f 2824//942 2825//942 2826//942
v -0.064000003 -3.80243704e-16 0.0103955166
v -0.0637814105 0.00528507819 0.0103955166
v -0.0637814105 0.00528507819 -2.69956779e-17
vn -0.999145746 0.0413249992 -4.30606589e-16
f 2827//943 2828//943 2829//943
v -0.0637814105 0.00528507819 -2.69956779e-17
v -0.0637814105 0.00528507819 0.0103955166
v -0.0631271228 0.0105340537 0.0103955166
vn -0.992320478 0.123693287 -4.12287517e-16
f 2830//944 2831//944 2832//944
v -0.0637814105 0.00528507819 -2.69956779e-17
v -0.0631271228 0.0105340537 0.0103955166
v -0.0620416142 0.015711071 -2.42926733e-17
vn -0.986143291 0.164558396 -0.021022683
f 2833//945 2834//945 2835//945
v -0.0620416142 0.015711071 -2.42926733e-17
v -0.0631271228 0.0105340537 0.0103955166
v -0.0620416142 0.015711071 0.0103955166
vn -0.97871691 0.205215067 -3.91152483e-16
f 2836//946 2837//946 2838//946
v -0.0620416142 0.015711071 -2.42926733e-17
v -0.0620416142 0.015711071 0.0103955166
v -0.0611499995 0.0183082633 -2.34183269e-17
vn -0.94581753 0.324698657 -3.54489959e-16
f 2839//947 2840//947 2841//947
v -0.0611499995 0.0183082633 -2.34183269e-17
v -0.0620416142 0.015711071 0.0103955166
v -0.0605323017 0.0207807664 0.0103955166
vn -0.958370447 0.28531903 -0.0109151686
f 2842//948 2843//948 2844//948
v -0.0611499995 0.0183082633 -2.34183269e-17
v -0.0605323017 0.0207807664 0.0103955166
v -0.059408538 0.0233809706 -2.17105959e-17
vn -0.945608258 0.324627519 -0.0210227501
f 2845//949 2846//949 2847//949
v -0.059408538 0.0233809706 -2.17105959e-17
v -0.0605323017 0.0207807664 0.0103955166
v -0.0586094931 0.0257085077 0.0103955166
vn -0.931546628 0.363490254 -0.00978204235
f 2848//950 2849//950 2850//950
v -0.059408538 0.0233809706 -2.17105959e-17
v -0.0586094931 0.0257085077 0.0103955166
v -0.0586094931 0.0257085077 -2.09270276e-17
vn -0.945817173 0.32469964 -3.54489615e-16
f 2851//951 2852//951 2853//951
v -0.0586094931 0.0257085077 -2.09270276e-17
v -0.0586094931 0.0257085077 0.0103955166
v -0.0562863201 0.0304606333 0.0103955166
vn -0.898390949 0.439196646 -3.12382389e-16
f 2854//952 2855//952 2856//952
v -0.0586094931 0.0257085077 -2.09270276e-17
v -0.0562863201 0.0304606333 0.0103955166
v -0.0535786524 0.0350046828 -1.69905479e-17
vn -0.879279315 0.475842357 -0.0210229866
f 2857//953 2858//953 2859//953
v -0.0562863201 0.0304606333 0.0103955166
v -0.0535786524 0.0350046828 0.0103955166
v -0.0535786524 0.0350046828 -1.69905479e-17
vn -0.859053791 0.511885285 -2.81602244e-16
f 2860//954 2861//954 2862//954
v -0.0535786524 0.0350046828 -1.69905479e-17
v -0.0535786524 0.0350046828 0.0103955166
v -0.0505049899 0.0393096134 0.0103955166
vn -0.813848615 0.58107698 -2.4889862e-16
f 2863//955 2864//955 2865//955
v -0.0535786524 0.0350046828 -1.69905479e-17
v -0.0505049899 0.0393096134 0.0103955166
v -0.0470863283 0.0433460213 -1.25906096e-17
vn -0.788966119 0.614076972 -0.0210228227
f 2866//956 2867//956 2868//956
v -0.0470863283 0.0433460213 -1.25906096e-17
v -0.0505049899 0.0393096134 0.0103955166
v -0.0470863283 0.0433460213 0.0103955166
vn -0.763084233 0.646299064 -2.14494881e-16
f 2869//957 2870//957 2871//957
v -0.0470863283 0.0433460213 -1.25906096e-17
v -0.0470863283 0.0433460213 0.0103955166
v -0.0430099033 0.0470986366 -1.01042105e-17
vn -0.677281737 0.735723734 -1.60217976e-16
f 2872//958 2873//958 2874//958
v -0.0430099033 0.0470986366 -1.01042105e-17
v -0.0470863283 0.0433460213 0.0103955166
v -0.0433460213 0.047086332 0.0103955166
vn -0.706935644 0.706934988 -0.0220205747
f 2875//959 2876//959 2877//959
v -0.0430099033 0.0470986366 -1.01042105e-17
v -0.0433460213 0.047086332 0.0103955166
v -0.0397702232 0.0500809699 -8.1281811e-18
vn -0.677131593 0.73556155 -0.0210230369
f 2878//960 2879//960 2880//960
v -0.0397702232 0.0500809699 -8.1281811e-18
v -0.0433460213 0.047086332 0.0103955166
v -0.0393096134 0.0505049936 0.0103955166
vn -0.646297097 0.763081849 -0.00248896121
f 2881//961 2882//961 2883//961
v -0.0397702232 0.0500809699 -8.1281811e-18
v -0.0393096134 0.0505049936 0.0103955166
v -0.0393096134 0.0505049936 -7.84723334e-18
vn -0.677283764 0.735721886 -1.60219207e-16
f 2884//962 2885//962 2886//962
v -0.0393096134 0.0505049936 -7.84723334e-18
v -0.0393096134 0.0505049936 0.0103955166
v -0.0350046828 0.0535786562 0.0103955166
vn -0.58107698 0.813848615 -1.03480281e-16
f 2887//963 2888//963 2889//963
v -0.0393096134 0.0505049936 -7.84723334e-18
v -0.0350046828 0.0535786562 0.0103955166
v -0.0304606333 0.0562863201 -2.88980365e-18
vn -0.546827137 0.836981535 -0.0210230928
f 2890//964 2891//964 2892//964
v -0.0350046828 0.0535786562 0.0103955166
v -0.0304606333 0.0562863201 0.0103955166
v -0.0304606333 0.0562863201 -2.88980365e-18
vn -0.51188463 0.859054208 -6.47169435e-17
f 2893//965 2894//965 2895//965
v -0.0304606333 0.0562863201 -2.88980365e-18
v -0.0304606333 0.0562863201 0.0103955166
v -0.0257085077 0.0586094931 0.0103955166
vn -0.439196646 0.898390949 -2.55120881e-17
f 2896//966 2897//966 2898//966
v -0.0304606333 0.0562863201 -2.88980365e-18
v -0.0257085077 0.0586094931 0.0103955166
v -0.0207807664 0.0605323017 2.14645118e-18
vn -0.4016065 0.915570974 -0.0210230276
f 2899//967 2900//967 2901//967
v -0.0207807664 0.0605323017 2.14645118e-18
v -0.0257085077 0.0586094931 0.0103955166
v -0.0207807664 0.0605323017 0.0103955166
vn -0.363507628 0.931591213 1.38674969e-17
f 2902//968 2903//968 2904//968
v -0.0207807664 0.0605323017 2.14645118e-18
v -0.0207807664 0.0605323017 0.0103955166
v -0.0163099039 0.0616644807 4.31833237e-18
vn -0.245486081 0.969400108 7.267456e-17
f 2905//969 2906//969 2907//969
v -0.0163099039 0.0616644807 4.31833237e-18
v -0.0207807664 0.0605323017 0.0103955166
v -0.0157110728 0.0620416179 0.0103955166
vn -0.285288811 0.958266258 -0.018330792
f 2908//970 2909//970 2910//970
v -0.0163099039 0.0616644807 4.31833237e-18
v -0.0157110728 0.0620416179 0.0103955166
v -0.0105340537 0.0631271228 7.12415672e-18
vn -0.245430976 0.969186068 -0.0210229512
f 2911//971 2912//971 2913//971
v -2.95993758e-16 0.064000003 0.0103955166
v -2.91433544e-16 0.064000003 1.19075346e-17
v -0.00528507819 0.0637814105 0.0103955166
vn -0.0413249992 0.999145746 1.67768242e-16
f 2914//972 2915//972 2916//972
v -0.00528507819 0.0637814105 0.0103955166
v -2.91433544e-16 0.064000003 1.19075346e-17
v -0.0105340537 0.0631271228 7.12415672e-18
vn -0.0825614333 0.996364236 -0.0210230853
f 2917//973 2918//973 2919//973
v -0.00528507819 0.0637814105 0.0103955166
v -0.0105340537 0.0631271228 7.12415672e-18
v -0.0105340537 0.0631271228 0.0103955166
vn -0.123693287 0.992320478 1.30365875e-16
f 2920//974 2921//974 2922//974
v -0.0105340537 0.0631271228 0.0103955166
v -0.0105340537 0.0631271228 7.12415672e-18
v -0.0157110728 0.0620416179 0.0103955166
vn -0.205215037 0.97871691 9.2073699e-17
f 2923//975 2924//975 2925//975
v 0.0477249287 -0.00182299945 0.0575926453
v 0.0460858308 -0.00399146555 0.061622303
v 0.0480669737 -0.00286061969 0.0565392487
vn 0.934288979 -0.0503300093 0.352946162
f 2926//976 2927//976 2928//976
v 0.0480669737 -0.00286061969 0.0565392487
v 0.0460858308 -0.00399146555 0.061622303
v 0.0455695391 -0.00795315765 0.061622303
vn 0.933669627 -0.121676765 0.336831987
f 2929//977 2930//977 2931//977
v 0.0480669737 -0.00286061969 0.0565392487
v 0.0455695391 -0.00795315765 0.061622303
v 0.0486711897 -0.00402444229 0.0546997674
vn 0.92719686 -0.0923788175 0.363004357
f 2932//978 2933//978 2934//978
v 0.0486711897 -0.00402444229 0.0546997674
v 0.0455695391 -0.00795315765 0.061622303
v 0.048856359 -0.00430182321 0.0541413426
vn 0.928104639 -0.101561293 0.358199805
f 2935//979 2936//979 2937//979
v 0.0477249287 -0.00182299945 0.0575926453
v 0.0476960763 -0.00166425086 0.0576819368
v 0.0460858308 -0.00399146555 0.061622303
vn 0.931967795 -0.0336542763 0.360975653
f 2938//980 2939//980 2940//980
v 0.0460858308 -0.00399146555 0.061622303
v 0.0476960763 -0.00166425086 0.0576819368
v 0.0475487225 -0.000853492413 0.0581379794
vn 0.931968689 -0.0336596146 0.360972852
f 2941//981 2942//981 2943//981
v 0.0460858308 -0.00399146555 0.061622303
v 0.0475487225 -0.000853492413 0.0581379794
v 0.0462583601 2.26551376e-16 0.061622303
vn 0.933735847 -0.0403603278 0.355680168
f 2944//982 2945//982 2946//982
v 0.0551353581 -0.0132691618 0.033568874
v 0.0522436351 -0.00913935062 0.0433973558
v 0.0455695391 -0.00795315765 0.061622303
vn 0.918613911 -0.186225697 0.348523229
f 2947//983 2948//983 2949//983
v 0.0455695391 -0.00795315765 0.061622303
v 0.0522436351 -0.00913935062 0.0433973558
v 0.051966168 -0.00874308869 0.0443404168
vn 0.918614268 -0.186223879 0.348523229
f 2950//984 2951//984 2952//984
v 0.0455695391 -0.00795315765 0.061622303
v 0.051966168 -0.00874308869 0.0443404168
v 0.048856359 -0.00430182321 0.0541413426
vn 0.929181695 -0.120497949 0.349430352
f 2953//985 2954//985 2955//985
v 0.0455695391 -0.00795315765 0.061622303
v 0.0447133332 -0.0118555259 0.061622303
v 0.0551353581 -0.0132691618 0.033568874
vn 0.914972723 -0.200751171 0.350034118
f 2956//986 2957//986 2958//986
v 0.0551353581 -0.0132691618 0.033568874
v 0.0447133332 -0.0118555259 0.061622303
v 0.0435235985 -0.0156694595 0.061622303
vn 0.89541167 -0.279318571 0.346726149
f 2959//987 2960//987 2961//987
v 0.0551353581 -0.0132691618 0.033568874
v 0.0435235985 -0.0156694595 0.061622303
v 0.0588883609 -0.0186290052 0.0199999996
vn 0.900447607 -0.257309228 0.350693762
f 2962//988 2963//988 2964//988
v 0.0608449876 0.0106191505 0.0199999996
v 0.0617647059 3.62788923e-16 0.0199999996
v 0.0627416372 3.92283828e-16 0.0173776969
vn 0.934011161 0.0808941498 0.347964495
f 2965//989 2966//989 2967//989
v 0.0546620004 0.0125931343 0.0352216959
v 0.0588883609 0.0186290052 0.0199999996
v 0.0590324067 0.021252973 0.0173776969
vn 0.871851325 0.321436316 0.369532138
f 2968//990 2969//990 2970//990
v 0.0627416372 3.92283828e-16 0.0173776969
v 0.0625076368 0.00541374832 0.0173776969
v 0.0608449876 0.0106191505 0.0199999996
vn 0.876236677 0.037873894 0.48039028
f 2971//991 2972//991 2973//991
v 0.0608449876 0.0106191505 0.0199999996
v 0.0625076368 0.00541374832 0.0173776969
v 0.0618073791 0.0107871145 0.0173776969
vn 0.929329932 0.121111028 0.348823786
f 2974//992 2975//992 2976//992
v 0.0608449876 0.0106191505 0.0199999996
v 0.0618073791 0.0107871145 0.0173776969
v 0.0588883609 0.0186290052 0.0199999996
vn 0.910562694 0.222429916 0.348425835
f 2977//993 2978//993 2979//993
v 0.0588883609 0.0186290052 0.0199999996
v 0.0618073791 0.0107871145 0.0173776969
v 0.0606460795 0.0160800163 0.0173776969
vn 0.891929924 0.195695654 0.4076325
f 2980//994 2981//994 2982//994
v 0.0588883609 0.0186290052 0.0199999996
v 0.0606460795 0.0160800163 0.0173776969
v 0.0590324067 0.021252973 0.0173776969
vn 0.900918543 0.281036139 0.33070299
f 2983//995 2984//995 2985//995
v 0.0475487225 -0.000853492413 0.0581379794
v 0.04750783 -6.81181902e-08 0.0582651161
v 0.0462583601 2.26551376e-16 0.061622303
vn 0.937172592 -0.00705543719 0.348794788
f 2986//996 2987//996 2988//996
v 0.0462583601 2.26551376e-16 0.061622303
v 0.04750783 -6.81181902e-08 0.0582651161
v 0.0475012548 0.000137158611 0.0582855605
vn 0.937172532 -0.0070602824 0.348794788
f 2989//997 2990//997 2991//997
v 0.0462583601 2.26551376e-16 0.061622303
v 0.0475012548 0.000137158611 0.0582855605
v 0.0460858308 0.00399146555 0.061622303
vn 0.935789049 0.0404490754 0.350232363
f 2992//998 2993//998 2994//998
v 0.0475012548 0.000137158611 0.0582855605
v 0.0475888513 0.00115101459 0.0580135398
v 0.0460858308 0.00399146555 0.061622303
vn 0.928295076 0.019426696 0.371336609
f 2995//999 2996//999 2997//999
v 0.0460858308 0.00399146555 0.061622303
v 0.0475888513 0.00115101459 0.0580135398
v 0.0477030687 0.00166234933 0.0576602332
vn 0.932937741 0.0389188826 0.357928008
f 2998//1000 2999//1000 3000//1000
v 0.0460858308 0.00399146555 0.061622303
v 0.0477030687 0.00166234933 0.0576602332
v 0.0455695391 0.00795315765 0.061622303
vn 0.942004502 0.122762978 0.312340826
f 3001//1001 3002//1001 3003//1001
v 0.0477030687 0.00166234933 0.0576602332
v 0.04780351 0.00211199722 0.0573495477
v 0.0455695391 0.00795315765 0.061622303
vn 0.918078363 0.065096423 0.391017407
f 3004//1002 3005//1002 3006//1002
v 0.0455695391 0.00795315765 0.061622303
v 0.04780351 0.00211199722 0.0573495477
v 0.0481708981 0.00310054352 0.0562208481
vn 0.924581707 0.0813503787 0.3721973
f 3007//1003 3008//1003 3009//1003
v 0.0455695391 0.00795315765 0.061622303
v 0.0481708981 0.00310054352 0.0562208481
v 0.048856359 0.00430182321 0.0541413426
vn 0.927675962 0.0955140218 0.360963047
f 3010//1004 3011//1004 3012//1004
v 0.00874308869 0.051966168 0.0443404168
v 0.00430182321 0.048856359 0.0541413426
v 0.00866795238 0.0454389937 0.061622303
vn 0.124872983 0.927997649 0.351037204
f 3013//1005 3014//1005 3015//1005
v 0.00194256566 0.047755938 0.0574969836
v 0.00471485825 0.0460174493 0.061622303
v 0.00295751775 0.0481077507 0.0564142205
vn 0.055940263 0.932970703 0.35557884
f 3016//1006 3017//1006 3018//1006
v 0.00295751775 0.0481077507 0.0564142205
v 0.00471485825 0.0460174493 0.061622303
v 0.00866795238 0.0454389937 0.061622303
vn 0.136732757 0.934414744 0.32889694
f 3019//1007 3020//1007 3021//1007
v 0.00295751775 0.0481077507 0.0564142205
v 0.00866795238 0.0454389937 0.061622303
v 0.00412565889 0.0487366989 0.0545019582
vn 0.0994937196 0.925593972 0.365207911
f 3022//1008 3023//1008 3024//1008
v 0.00412565889 0.0487366989 0.0545019582
v 0.00866795238 0.0454389937 0.061622303
v 0.00430182321 0.048856359 0.0541413426
vn 0.10801854 0.926588476 0.360230267
f 3025//1009 3026//1009 3027//1009
v -3.17003404e-16 0.0474999994 0.058289472
v -3.18465409e-16 0.0462583564 0.061622303
v 0.000747127517 0.0475496314 0.0581352338
vn 0.00981933437 0.937036932 0.349092215
f 3028//1010 3029//1010 3030//1010
v 0.000747127517 0.0475496314 0.0581352338
v -3.18465409e-16 0.0462583564 0.061622303
v 0.00072499353 0.0462213121 0.061622303
vn 0.047689531 0.933331609 0.355834037
f 3031//1011 3032//1011 3033//1011
v 0.000747127517 0.0475496314 0.0581352338
v 0.00072499353 0.0462213121 0.061622303
v 0.000992099405 0.0475659072 0.058084663
vn 0.0114122732 0.934410632 0.356014818
f 3034//1012 3035//1012 3036//1012
v 0.000992099405 0.0475659072 0.058084663
v 0.00072499353 0.0462213121 0.061622303
v 0.00471485825 0.0460174493 0.061622303
vn 0.0476460531 0.932496309 0.358023018
f 3037//1013 3038//1013 3039//1013
v 0.000992099405 0.0475659072 0.058084663
v 0.00471485825 0.0460174493 0.061622303
v 0.00166328705 0.0477000996 0.0576696619
vn 0.0398403853 0.930083632 0.365181059
f 3040//1014 3041//1014 3042//1014
v 0.00166328705 0.0477000996 0.0576696619
v 0.00471485825 0.0460174493 0.061622303
v 0.00194256566 0.047755938 0.0574969836
vn 0.0398353711 0.9300825 0.365184456
f 3043//1015 3044//1015 3045//1015
v 0.0125563899 0.0445216 0.061622303
v 0.0132691618 0.0551353581 0.033568874
v 0.00866795238 0.0454389937 0.061622303
vn 0.215070069 0.911589563 0.350355983
f 3046//1016 3047//1016 3048//1016
v 0.00866795238 0.0454389937 0.061622303
v 0.0132691618 0.0551353581 0.033568874
v 0.0101602273 0.0529584587 0.0409677848
vn 0.184501573 0.919173777 0.347963691
f 3049//1017 3050//1017 3051//1017
v 0.00866795238 0.0454389937 0.061622303
v 0.0101602273 0.0529584587 0.0409677848
v 0.00874308869 0.051966168 0.0443404168
vn 0.18450284 0.919173539 0.347963691
f 3052//1018 3053//1018 3054//1018
v 0.00639490783 0.062414892 0.0173776969
v 0.000970157795 0.0617570877 0.0199999996
v 0.011756612 0.0616303161 0.0173776969
vn 0.126986876 0.867814064 0.480388433
f 3055//1019 3056//1019 3057//1019
v 0.011756612 0.0616303161 0.0173776969
v 0.000970157795 0.0617570877 0.0199999996
v 0.0115735522 0.0606706813 0.0199999996
vn 0.0955552086 0.932624817 0.347965747
f 3058//1020 3059//1020 3060//1020
v 0.011756612 0.0616303161 0.0173776969
v 0.0115735522 0.0606706813 0.0199999996
v 0.0170306191 0.0603860207 0.0173776969
vn 0.215202317 0.912145734 0.348823845
f 3061//1021 3062//1021 3063//1021
v 0.0170306191 0.0603860207 0.0173776969
v 0.0115735522 0.0606706813 0.0199999996
v 0.0186290052 0.0588883609 0.0199999996
vn 0.227055043 0.898815036 0.37493673
f 3064//1022 3065//1022 3066//1022
v 0.0170306191 0.0603860207 0.0173776969
v 0.0186290052 0.0588883609 0.0199999996
v 0.0221775919 0.058691293 0.0173776969
vn 0.295021325 0.895994484 0.331898004
f 3067//1023 3068//1023 3069//1023
v 0.00639490783 0.062414892 0.0173776969
v 0.000985502964 0.0627339035 0.0173776969
v 0.000970157795 0.0617570877 0.0199999996
vn 0.0551734306 0.935563147 0.348823011
f 3070//1024 3071//1024 3072//1024
v 0.000970157795 0.0617570877 0.0199999996
v 0.000985502964 0.0627339035 0.0173776969
v -2.99056629e-16 0.0627416447 0.0173776969
vn 0.00736060692 0.93705672 0.349099606
f 3073//1025 3074//1025 3075//1025
v 0.000970157795 0.0617570877 0.0199999996
v -2.99056629e-16 0.0627416447 0.0173776969
v -3.00206952e-16 0.0617647059 0.0199999996
vn 0.00735828839 0.937056482 0.349100351
f 3076//1026 3077//1026 3078//1026
v 0.0115735522 -0.0606706813 0.0199999996
v 0.000970157795 -0.0617570877 0.0199999996
v 0.000985502964 -0.0627339035 0.0173776969
vn 0.0955552459 -0.932625115 0.347964913
f 3079//1027 3080//1027 3081//1027
v 0.000985502964 -0.0627339035 0.0173776969
v 0.000970157795 -0.0617570877 0.0199999996
v -3.00206952e-16 -0.0617647059 0.0199999996
vn 0.00735829072 -0.93705672 0.349099576
f 3082//1028 3083//1028 3084//1028
v 0.000985502964 -0.0627339035 0.0173776969
v -3.00206952e-16 -0.0617647059 0.0199999996
v -2.99056629e-16 -0.0627416447 0.0173776969
vn 0.00736060459 -0.937056422 0.349100351
f 3085//1029 3086//1029 3087//1029
v 0.000985502964 -0.0627339035 0.0173776969
v 0.00639490783 -0.062414892 0.0173776969
v 0.0115735522 -0.0606706813 0.0199999996
vn 0.051633317 -0.875534296 0.480389148
f 3088//1030 3089//1030 3090//1030
v 0.0115735522 -0.0606706813 0.0199999996
v 0.00639490783 -0.062414892 0.0173776969
v 0.011756612 -0.0616303161 0.0173776969
vn 0.135693312 -0.927312911 0.348823845
f 3091//1031 3092//1031 3093//1031
v 0.0115735522 -0.0606706813 0.0199999996
v 0.011756612 -0.0616303161 0.0173776969
v 0.0186290052 -0.0588883609 0.0199999996
vn 0.229560509 -0.90873307 0.348577321
f 3094//1032 3095//1032 3096//1032
v 0.0186290052 -0.0588883609 0.0199999996
v 0.011756612 -0.0616303161 0.0173776969
v 0.0170306191 -0.0603860207 0.0173776969
vn 0.212019786 -0.898656428 0.384010673
f 3097//1033 3098//1033 3099//1033
v 0.0186290052 -0.0588883609 0.0199999996
v 0.0170306191 -0.0603860207 0.0173776969
v 0.0221775919 -0.058691293 0.0173776969
vn 0.295021325 -0.895994484 0.331898004
f 3100//1034 3101//1034 3102//1034
v 0.00225158688 -0.0478571914 0.0571847633
v 0.00320701418 -0.048220247 0.0560701191
v 0.00866795238 -0.0454389937 0.061622303
vn 0.0878155977 -0.9225474 0.375758886
f 3103//1035 3104//1035 3105//1035
v 0.00866795238 -0.0454389937 0.061622303
v 0.00320701418 -0.048220247 0.0560701191
v 0.00430182321 -0.048856359 0.0541413426
vn 0.102159761 -0.926019132 0.363389552
f 3106//1036 3107//1036 3108//1036
v 0.00430182321 -0.048856359 0.0541413426
v 0.00791020971 -0.0513829775 0.0462414473
v 0.00866795238 -0.0454389937 0.061622303
vn 0.12215367 -0.927793324 0.352530926
f 3109//1037 3110//1037 3111//1037
v 0.00866795238 -0.0454389937 0.061622303
v 0.00791020971 -0.0513829775 0.0462414473
v 0.010177684 -0.0529706813 0.0409056768
vn 0.172753394 -0.921577692 0.347636074
f 3112//1038 3113//1038 3114//1038
v 0.00866795238 -0.0454389937 0.061622303
v 0.010177684 -0.0529706813 0.0409056768
v 0.0125563899 -0.0445216 0.061622303
vn 0.215315536 -0.912630022 0.347484797
f 3115//1039 3116//1039 3117//1039
v 0.000726594648 -0.0462526493 0.061622303
v -3.18465409e-16 -0.0462583564 0.061622303
v -3.17003404e-16 -0.0474999994 0.058289472
vn 0.00736024976 -0.93705672 0.349099576
f 3118//1040 3119//1040 3120//1040
v -3.17003404e-16 -0.0474999994 0.058289472
v 0.000126434024 -0.0475010648 0.0582861453
v 0.000726594648 -0.0462526493 0.061622303
vn 0.00132304896 -0.936650217 0.350263625
f 3121//1041 3122//1041 3123//1041
v 0.000726594648 -0.0462526493 0.061622303
v 0.000126434024 -0.0475010648 0.0582861453
v 0.000747304002 -0.0475537814 0.05812243
vn 0.0123176333 -0.937227249 0.348501652
f 3124//1042 3125//1042 3126//1042
v 0.000726594648 -0.0462526493 0.061622303
v 0.000747304002 -0.0475537814 0.05812243
v 0.00471485825 -0.0460174493 0.061622303
vn 0.055186186 -0.935787022 0.348219901
f 3127//1043 3128//1043 3129//1043
v 0.00471485825 -0.0460174493 0.061622303
v 0.000747304002 -0.0475537814 0.05812243
v 0.00113971357 -0.0475871004 0.0580189563
vn 0.0219481774 -0.924362183 0.38088429
f 3130//1044 3131//1044 3132//1044
v 0.00471485825 -0.0460174493 0.061622303
v 0.00113971357 -0.0475871004 0.0580189563
v 0.00866795238 -0.0454389937 0.061622303
vn 0.139156237 -0.950976491 0.276187032
f 3133//1045 3134//1045 3135//1045
v 0.00866795238 -0.0454389937 0.061622303
v 0.00113971357 -0.0475871004 0.0580189563
v 0.00210464955 -0.0478013568 0.0573561899
vn 0.0703963563 -0.914609611 0.398162782
f 3136//1046 3137//1046 3138//1046
v 0.00866795238 -0.0454389937 0.061622303
v 0.00210464955 -0.0478013568 0.0573561899
v 0.00225158688 -0.0478571914 0.0571847633
vn 0.0878198147 -0.922549069 0.375753731
f 3139//1047 3140//1047 3141//1047
v 0.010177684 -0.0529706813 0.0409056768
v 0.0125931343 -0.0546619967 0.0352216959
v 0.0125563899 -0.0445216 0.061622303
vn 0.187331021 -0.916894317 0.352437168
f 3142//1048 3143//1048 3144//1048
v 0.0125563899 -0.0445216 0.061622303
v 0.0125931343 -0.0546619967 0.0352216959
v 0.0186290052 -0.0588883609 0.0199999996
vn 0.243848071 -0.905214608 0.348029703
f 3145//1049 3146//1049 3147//1049
v 0.0125563899 -0.0445216 0.061622303
v 0.0186290052 -0.0588883609 0.0199999996
v 0.0163511652 -0.0432721041 0.061622303
vn 0.292982548 -0.889801383 0.349878132
f 3148//1050 3149//1050 3150//1050
v 0.0163511652 -0.0432721041 0.061622303
v 0.0186290052 -0.0588883609 0.0199999996
v 0.0221775919 -0.058691293 0.0173776969
vn 0.307065457 -0.885389388 0.34899351
f 3151//1051 3152//1051 3153//1051
v 0.0163511652 -0.0432721041 0.061622303
v 0.0221775919 -0.058691293 0.0173776969
v 0.0200239737 -0.0416998342 0.061622303
vn 0.36882177 -0.861564279 0.348822981
f 3154//1052 3155//1052 3156//1052
v 0.0200239737 -0.0416998342 0.061622303
v 0.0221775919 -0.058691293 0.0173776969
v 0.0271591358 -0.0565587729 0.0173776969
vn 0.368822008 -0.861564219 0.348822951
f 3157//1053 3158//1053 3159//1053
v 0.0200239737 -0.0416998342 0.061622303
v 0.0271591358 -0.0565587729 0.0173776969
v 0.0235474184 -0.0398165137 0.061622303
vn 0.44178766 -0.826526582 0.348822951
f 3160//1054 3161//1054 3162//1054
v 0.0235474184 -0.0398165137 0.061622303
v 0.0271591358 -0.0565587729 0.0173776969
v 0.0319380946 -0.0540043674 0.0173776969
vn 0.44178763 -0.826526582 0.348822981
f 3163//1055 3164//1055 3165//1055
v 0.0235474184 -0.0398165137 0.061622303
v 0.0319380946 -0.0540043674 0.0173776969
v 0.0268952176 -0.0376361907 0.061622303
vn 0.511458099 -0.78532356 0.348822951
f 3166//1056 3167//1056 3168//1056
v 0.0268952176 -0.0376361907 0.061622303
v 0.0319380946 -0.0540043674 0.0173776969
v 0.0364788175 -0.0510471314 0.0173776969
vn 0.511457741 -0.785323799 0.348823011
f 3169//1057 3170//1057 3171//1057
v 0.0268952176 -0.0376361907 0.061622303
v 0.0364788175 -0.0510471314 0.0173776969
v 0.0300423987 -0.0351751298 0.061622303
vn 0.577313304 -0.738262713 0.348823011
f 3172//1058 3173//1058 3174//1058
v 0.0300423987 -0.0351751298 0.061622303
v 0.0364788175 -0.0510471314 0.0173776969
v 0.0407474376 -0.0477091186 0.0173776969
vn 0.577313185 -0.738262832 0.348823011
f 3175//1059 3176//1059 3177//1059
v 0.0300423987 -0.0351751298 0.061622303
v 0.0407474376 -0.0477091186 0.0173776969
v 0.0329654887 -0.032451693 0.061622303
vn 0.638861537 -0.685695589 0.348823011
f 3178//1060 3179//1060 3180//1060
v 0.0329654887 -0.032451693 0.061622303
v 0.0407474376 -0.0477091186 0.0173776969
v 0.0447121114 -0.0440152325 0.0173776969
vn 0.638862073 -0.685695112 0.348822951
f 3181//1061 3182//1061 3183//1061
v 0.0329654887 -0.032451693 0.061622303
v 0.0447121114 -0.0440152325 0.0173776969
v 0.0356426798 -0.0294861868 0.061622303
vn 0.695645392 -0.628012717 0.348822951
f 3184//1062 3185//1062 3186//1062
v 0.0356426798 -0.0294861868 0.061622303
v 0.0447121114 -0.0440152325 0.0173776969
v 0.0483432673 -0.0399930291 0.0173776969
vn 0.695645154 -0.628013015 0.348822981
f 3187//1063 3188//1063 3189//1063
v 0.0356426798 -0.0294861868 0.061622303
v 0.0483432673 -0.0399930291 0.0173776969
v 0.0380540006 -0.0263007376 0.061622303
vn 0.747239947 -0.565645576 0.348822981
f 3190//1064 3191//1064 3192//1064
v 0.0380540006 -0.0263007376 0.061622303
v 0.0483432673 -0.0399930291 0.0173776969
v 0.0516138189 -0.0356725045 0.0173776969
vn 0.747239828 -0.565645754 0.348823011
f 3193//1065 3194//1065 3195//1065
v 0.0380540006 -0.0263007376 0.061622303
v 0.0516138189 -0.0356725045 0.0173776969
v 0.0401814692 -0.0229191035 0.061622303
vn 0.793260455 -0.499059498 0.348823011
f 3196//1066 3197//1066 3198//1066
v 0.0401814692 -0.0229191035 0.061622303
v 0.0516138189 -0.0356725045 0.0173776969
v 0.0544993691 -0.0310858898 0.0173776969
vn 0.793260515 -0.499059379 0.348823011
f 3199//1067 3200//1067 3201//1067
v 0.0401814692 -0.0229191035 0.061622303
v 0.0544993691 -0.0310858898 0.0173776969
v 0.0420092121 -0.0193665121 0.061622303
vn 0.83336401 -0.428750455 0.348822981
f 3202//1068 3203//1068 3204//1068
v 0.0420092121 -0.0193665121 0.061622303
v 0.0544993691 -0.0310858898 0.0173776969
v 0.0569783971 -0.0262674 0.0173776969
vn 0.833363712 -0.428750932 0.348823041
f 3205//1069 3206//1069 3207//1069
v 0.0420092121 -0.0193665121 0.061622303
v 0.0569783971 -0.0262674 0.0173776969
v 0.0435235985 -0.0156694595 0.061622303
vn 0.867251217 -0.355243355 0.348823041
f 3208//1070 3209//1070 3210//1070
v 0.0435235985 -0.0156694595 0.061622303
v 0.0569783971 -0.0262674 0.0173776969
v 0.0590324067 -0.021252973 0.0173776969
vn 0.867251158 -0.355243415 0.348823041
f 3211//1071 3212//1071 3213//1071
v 0.0435235985 -0.0156694595 0.061622303
v 0.0590324067 -0.021252973 0.0173776969
v 0.0588883609 -0.0186290052 0.0199999996
vn 0.887754083 -0.300094396 0.349050194
f 3214//1072 3215//1072 3216//1072
v 0.0588883609 -0.0186290052 0.0199999996
v 0.0590324067 -0.021252973 0.0173776969
v 0.0606460795 -0.0160800163 0.0173776969
vn 0.900918543 -0.281036139 0.33070299
f 3217//1073 3218//1073 3219//1073
v 0.0588883609 -0.0186290052 0.0199999996
v 0.0606460795 -0.0160800163 0.0173776969
v 0.0608449876 -0.0106191505 0.0199999996
vn 0.895492136 -0.218748525 0.387611866
f 3220//1074 3221//1074 3222//1074
v 0.0608449876 -0.0106191505 0.0199999996
v 0.0606460795 -0.0160800163 0.0173776969
v 0.0618073791 -0.0107871145 0.0173776969
vn 0.915413558 -0.200848132 0.348823786
f 3223//1075 3224//1075 3225//1075
v 0.0608449876 -0.0106191505 0.0199999996
v 0.0618073791 -0.0107871145 0.0173776969
v 0.0617647059 3.62788923e-16 0.0199999996
vn 0.934010744 -0.0808941126 0.347965658
f 3226//1076 3227//1076 3228//1076
v 0.0617647059 3.62788923e-16 0.0199999996
v 0.0618073791 -0.0107871145 0.0173776969
v 0.0625076368 -0.00541374832 0.0173776969
vn 0.869701147 -0.113340162 0.480389327
f 3229//1077 3230//1077 3231//1077
v 0.0617647059 3.62788923e-16 0.0199999996
v 0.0625076368 -0.00541374832 0.0173776969
v 0.0627416372 3.92283828e-16 0.0173776969
vn 0.936314523 -0.0404706597 0.348822623
f 3232//1078 3233//1078 3234//1078
v 0.048856359 0.00430182321 0.0541413426
v 0.0513829812 0.00791020971 0.0462414473
v 0.0455695391 0.00795315765 0.061622303
vn 0.929039478 0.117528379 0.350817263
f 3235//1079 3236//1079 3237//1079
v 0.0455695391 0.00795315765 0.061622303
v 0.0513829812 0.00791020971 0.0462414473
v 0.05227229 0.00918027665 0.043252755
vn 0.921434641 0.173211098 0.34778741
f 3238//1080 3239//1080 3240//1080
v 0.0455695391 0.00795315765 0.061622303
v 0.05227229 0.00918027665 0.043252755
v 0.0447133332 0.0118555259 0.061622303
vn 0.915856004 0.20094496 0.347604513
f 3241//1081 3242//1081 3243//1081
v 0.0447133332 0.0118555259 0.061622303
v 0.05227229 0.00918027665 0.043252755
v 0.0546620004 0.0125931343 0.0352216959
vn 0.918199718 0.183345228 0.351132095
f 3244//1082 3245//1082 3246//1082
v 0.0447133332 0.0118555259 0.061622303
v 0.0546620004 0.0125931343 0.0352216959
v 0.0435235985 0.0156694595 0.061622303
vn 0.895876765 0.279463619 0.345405489
f 3247//1083 3248//1083 3249//1083
v 0.0435235985 0.0156694595 0.061622303
v 0.0546620004 0.0125931343 0.0352216959
v 0.0590324067 0.021252973 0.0173776969
vn 0.899211943 0.264424413 0.348565042
f 3250//1084 3251//1084 3252//1084
v 0.0435235985 0.0156694595 0.061622303
v 0.0590324067 0.021252973 0.0173776969
v 0.0420092121 0.0193665121 0.061622303
vn 0.867251217 0.355243355 0.348823041
f 3253//1085 3254//1085 3255//1085
v 0.0420092121 0.0193665121 0.061622303
v 0.0590324067 0.021252973 0.0173776969
v 0.0569783971 0.0262674 0.0173776969
vn 0.867251158 0.355243415 0.348823041
f 3256//1086 3257//1086 3258//1086
v 0.0420092121 0.0193665121 0.061622303
v 0.0569783971 0.0262674 0.0173776969
v 0.0401814692 0.0229191035 0.061622303
vn 0.83336401 0.428750426 0.348823041
f 3259//1087 3260//1087 3261//1087
v 0.0401814692 0.0229191035 0.061622303
v 0.0569783971 0.0262674 0.0173776969
v 0.0544993691 0.0310858898 0.0173776969
vn 0.833363771 0.428750932 0.348823011
f 3262//1088 3263//1088 3264//1088
v 0.0401814692 0.0229191035 0.061622303
v 0.0544993691 0.0310858898 0.0173776969
v 0.0380540006 0.0263007376 0.061622303
vn 0.793260455 0.499059498 0.348822981
f 3265//1089 3266//1089 3267//1089
v 0.0380540006 0.0263007376 0.061622303
v 0.0544993691 0.0310858898 0.0173776969
v 0.0516138189 0.0356725045 0.0173776969
vn 0.793260515 0.499059379 0.348823011
f 3268//1090 3269//1090 3270//1090
v 0.0380540006 0.0263007376 0.061622303
v 0.0516138189 0.0356725045 0.0173776969
v 0.0356426798 0.0294861868 0.061622303
vn 0.747239947 0.565645576 0.348823011
f 3271//1091 3272//1091 3273//1091
v 0.0356426798 0.0294861868 0.061622303
v 0.0516138189 0.0356725045 0.0173776969
v 0.0483432673 0.0399930291 0.0173776969
vn 0.747239828 0.565645754 0.348822981
f 3274//1092 3275//1092 3276//1092
v 0.0356426798 0.0294861868 0.061622303
v 0.0483432673 0.0399930291 0.0173776969
v 0.0329654887 0.032451693 0.061622303
vn 0.695645392 0.628012717 0.348822981
f 3277//1093 3278//1093 3279//1093
v 0.0329654887 0.032451693 0.061622303
v 0.0483432673 0.0399930291 0.0173776969
v 0.0447121114 0.0440152325 0.0173776969
vn 0.695645154 0.628013015 0.348822951
f 3280//1094 3281//1094 3282//1094
v 0.0329654887 0.032451693 0.061622303
v 0.0447121114 0.0440152325 0.0173776969
v 0.0300423987 0.0351751298 0.061622303
vn 0.638861537 0.685695589 0.348822951
f 3283//1095 3284//1095 3285//1095
v 0.0300423987 0.0351751298 0.061622303
v 0.0447121114 0.0440152325 0.0173776969
v 0.0407474376 0.0477091186 0.0173776969
vn 0.638862073 0.685695112 0.348823011
f 3286//1096 3287//1096 3288//1096
v 0.0300423987 0.0351751298 0.061622303
v 0.0407474376 0.0477091186 0.0173776969
v 0.0268952176 0.0376361907 0.061622303
vn 0.577313304 0.738262713 0.348823011
f 3289//1097 3290//1097 3291//1097
v 0.0268952176 0.0376361907 0.061622303
v 0.0407474376 0.0477091186 0.0173776969
v 0.0364788175 0.0510471314 0.0173776969
vn 0.577313185 0.738262832 0.348823011
f 3292//1098 3293//1098 3294//1098
v 0.0268952176 0.0376361907 0.061622303
v 0.0364788175 0.0510471314 0.0173776969
v 0.0235474184 0.0398165137 0.061622303
vn 0.511458099 0.78532356 0.348823011
f 3295//1099 3296//1099 3297//1099
v 0.0235474184 0.0398165137 0.061622303
v 0.0364788175 0.0510471314 0.0173776969
v 0.0319380946 0.0540043674 0.0173776969
vn 0.511457741 0.785323799 0.348822981
f 3298//1100 3299//1100 3300//1100
v 0.0235474184 0.0398165137 0.061622303
v 0.0319380946 0.0540043674 0.0173776969
v 0.0200239737 0.0416998342 0.061622303
vn 0.44178766 0.826526582 0.348822981
f 3301//1101 3302//1101 3303//1101
v 0.0200239737 0.0416998342 0.061622303
v 0.0319380946 0.0540043674 0.0173776969
v 0.0271591358 0.0565587729 0.0173776969
vn 0.44178763 0.826526582 0.348822951
f 3304//1102 3305//1102 3306//1102
v 0.0200239737 0.0416998342 0.061622303
v 0.0271591358 0.0565587729 0.0173776969
v 0.0163511652 0.0432721041 0.061622303
vn 0.36882177 0.861564279 0.348822951
f 3307//1103 3308//1103 3309//1103
v 0.0163511652 0.0432721041 0.061622303
v 0.0271591358 0.0565587729 0.0173776969
v 0.0221775919 0.058691293 0.0173776969
vn 0.368822008 0.861564219 0.348822981
f 3310//1104 3311//1104 3312//1104
v 0.0163511652 0.0432721041 0.061622303
v 0.0221775919 0.058691293 0.0173776969
v 0.0125563899 0.0445216 0.061622303
vn 0.293105572 0.890175045 0.348822981
f 3313//1105 3314//1105 3315//1105
v 0.0125563899 0.0445216 0.061622303
v 0.0221775919 0.058691293 0.0173776969
v 0.0186290052 0.0588883609 0.0199999996
vn 0.307956576 0.884579241 0.350260317
f 3316//1106 3317//1106 3318//1106
v 0.0125563899 0.0445216 0.061622303
v 0.0186290052 0.0588883609 0.0199999996
v 0.0132691618 0.0551353581 0.033568874
vn 0.248809874 0.903775811 0.348256975
f 3319//1107 3320//1107 3321//1107
v 0.000999938347 0.0449888892 0.0759999976
v 0.000999938347 0.0449888892 0.0793000013
v 0.00452682376 0.0445582308 0.0793000013
vn 0.121207036 0.992627263 2.3785339e-16
f 3322//1108 3323//1108 3324//1108
v -0.00452682376 0.0445582308 0.0793000013
v -0.000999938231 0.0449888892 0.0793000013
v -0.00455248822 0.0447676592 0.0686044842
vn -0.121183448 0.992434144 0.0197235886
f 3325//1109 3326//1109 3327//1109
v -0.00455248822 0.0447676592 0.0686044842
v -0.000999938231 0.0449888892 0.0793000013
v -0.000999938231 0.0449888892 0.0759999976
vn -0.0621532016 0.998066604 1.58430763e-16
f 3328//1110 3329//1110 3330//1110
v -0.00455248822 0.0447676592 0.0686044842
v -0.000999938231 0.0449888892 0.0759999976
v -0.000706829305 0.0449944474 0.0686044842
vn -0.0588701703 0.998264372 -0.00158297189
f 3331//1111 3332//1111 3333//1111
v -0.000706829305 0.0449944474 0.0686044842
v -0.000999938231 0.0449888892 0.0759999976
v -3.2477247e-16 0.0450000018 0.0759999976
vn -0.01111254 0.99993819 0.000311081065
f 3334//1112 3335//1112 3336//1112
v -0.000706829305 0.0449944474 0.0686044842
v -3.2477247e-16 0.0450000018 0.0759999976
v -3.2152828e-16 0.0450000018 0.0686044842
vn -0.00785796065 0.999969125 1.82602423e-16
f 3337//1113 3338//1113 3339//1113
v -3.2152828e-16 0.0450000018 0.0686044842
v -3.2477247e-16 0.0450000018 0.0759999976
v 0.00455248635 0.0447673909 0.0686044842
vn 0.0510287769 0.998697162 2.08197628e-16
f 3340//1114 3341//1114 3342//1114
v -0.00901281368 -0.0438554473 0.0793000013
v -0.0084321592 -0.0442029275 0.0686044842
v -0.00452462444 -0.0447719544 0.0793000013
vn -0.200031325 -0.979565203 0.0209648963
f 3343//1115 3344//1115 3345//1115
v -0.00452462444 -0.0447719544 0.0793000013
v -0.0084321592 -0.0442029275 0.0686044842
v -0.00458660023 -0.0447656475 0.0686044842
vn -0.144787908 -0.989462674 0.00025551705
f 3346//1116 3347//1116 3348//1116
v -0.00452462444 -0.0447719544 0.0793000013
v -0.00458660023 -0.0447656475 0.0686044842
v -3.26220075e-16 -0.0447719544 0.0793000013
vn 2.58674267e-19 -0.999999821 -0.000589678413
f 3349//1117 3350//1117 3351//1117
v -0.0176566616 -0.0411434397 0.0793000013
v -0.0159063693 -0.0420949832 0.0686044842
v -0.0133909024 -0.0429614224 0.0793000013
vn -0.391998947 -0.919795752 0.0176815111
f 3352//1118 3353//1118 3354//1118
v -0.0133909024 -0.0429614224 0.0793000013
v -0.0159063693 -0.0420949832 0.0686044842
v -0.0122148199 -0.0433104858 0.0686044842
vn -0.312747151 -0.949830353 -0.0033907129
f 3355//1119 3356//1119 3357//1119
v -0.0133909024 -0.0429614224 0.0793000013
v -0.0122148199 -0.0433104858 0.0686044842
v -0.00901281368 -0.0438554473 0.0793000013
vn -0.200065523 -0.979731739 0.00997566991
f 3358//1120 3359//1120 3360//1120
v -0.00901281368 -0.0438554473 0.0793000013
v -0.0122148199 -0.0433104858 0.0686044842
v -0.00905314181 -0.0440564193 0.0686044842
vn -0.229583248 -0.973100603 0.0191505086
f 3361//1121 3362//1121 3363//1121
v -0.00901281368 -0.0438554473 0.0793000013
v -0.00905314181 -0.0440564193 0.0686044842
v -0.0084321592 -0.0442029275 0.0686044842
vn -0.229583293 -0.973100603 0.0191505086
f 3364//1122 3365//1122 3366//1122
v -0.0217156671 -0.0394135751 0.0793000013
v -0.0194792673 -0.0405654795 0.0686044842
v -0.0176566616 -0.0411434397 0.0793000013
vn -0.392002136 -0.919805408 0.0170963649
f 3367//1123 3368//1123 3369//1123
v -0.0176566616 -0.0411434397 0.0793000013
v -0.0194792673 -0.0405654795 0.0686044842
v -0.0177295003 -0.0413145274 0.0686044842
vn -0.393481493 -0.919168174 0.0173828956
f 3370//1124 3371//1124 3372//1124
v -0.0176566616 -0.0411434397 0.0793000013
v -0.0177295003 -0.0413145274 0.0686044842
v -0.0159063693 -0.0420949832 0.0686044842
vn -0.393482327 -0.919167817 0.0173828956
f 3373//1125 3374//1125 3375//1125
v -0.0291622709 -0.0342718847 0.0793000013
v -0.0324515775 -0.0308459587 0.0793000013
v -0.0320687331 -0.0315689147 0.0686044842
vn -0.721184313 -0.692425191 0.0209893137
f 3376//1126 3377//1126 3378//1126
v -0.0320687331 -0.0315689147 0.0686044842
v -0.0292251632 -0.0342182666 0.0686044842
v -0.0291622709 -0.0342718847 0.0793000013
vn -0.681678712 -0.731651545 0.000340564788
f 3379//1127 3380//1127 3381//1127
v -0.0291622709 -0.0342718847 0.0793000013
v -0.0292251632 -0.0342182666 0.0686044842
v -0.0261635948 -0.0366123803 0.0686044842
vn -0.616005599 -0.787741721 -0.000326796871
f 3382//1128 3383//1128 3384//1128
v -0.0291622709 -0.0342718847 0.0793000013
v -0.0261635948 -0.0366123803 0.0686044842
v -0.0255776756 -0.0367469564 0.0793000013
vn -0.568067253 -0.822720051 0.0207678657
f 3385//1129 3386//1129 3387//1129
v -0.0255776756 -0.0367469564 0.0793000013
v -0.0261635948 -0.0366123803 0.0686044842
v -0.0256957952 -0.036917042 0.0686044842
vn -0.545631349 -0.837801874 0.0193490237
f 3388//1130 3389//1130 3390//1130
v -0.0255776756 -0.0367469564 0.0793000013
v -0.0256957952 -0.036917042 0.0686044842
v -0.0217156671 -0.0394135751 0.0793000013
vn -0.568083346 -0.822743356 0.0193575099
f 3391//1131 3392//1131 3393//1131
v -0.0217156671 -0.0394135751 0.0793000013
v -0.0256957952 -0.036917042 0.0686044842
v -0.0229068641 -0.038733393 0.0686044842
vn -0.545721769 -0.837932944 0.00749052642
f 3394//1132 3395//1132 3396//1132
v -0.0217156671 -0.0394135751 0.0793000013
v -0.0229068641 -0.038733393 0.0686044842
v -0.0194792673 -0.0405654795 0.0686044842
vn -0.471393287 -0.881915808 -0.00358478352
f 3397//1133 3398//1133 3399//1133
v -0.0379969589 -0.023682015 0.0793000013
v -0.0370188206 -0.0255852826 0.0686044842
v -0.035429582 -0.0277442727 0.0793000013
vn -0.845192015 -0.534167588 0.0177597031
f 3400//1134 3401//1134 3402//1134
v -0.035429582 -0.0277442727 0.0793000013
v -0.0370188206 -0.0255852826 0.0686044842
v -0.0346730947 -0.0286840796 0.0686044842
vn -0.797316432 -0.603552163 -0.00336002186
f 3403//1135 3404//1135 3405//1135
v -0.035429582 -0.0277442727 0.0793000013
v -0.0346730947 -0.0286840796 0.0686044842
v -0.0324515775 -0.0308459587 0.0793000013
vn -0.721307576 -0.692545056 0.00983576849
f 3406//1136 3407//1136 3408//1136
v -0.0324515775 -0.0308459587 0.0793000013
v -0.0346730947 -0.0286840796 0.0686044842
v -0.03259556 -0.0309853517 0.0686044842
vn -0.742138326 -0.669985235 0.0187224336
f 3409//1137 3410//1137 3411//1137
v -0.0324515775 -0.0308459587 0.0793000013
v -0.03259556 -0.0309853517 0.0686044842
v -0.0320687331 -0.0315689147 0.0686044842
vn -0.742138505 -0.669984996 0.0187224317
f 3412//1138 3413//1138 3414//1138
v -0.0402641594 -0.0200947113 0.0793000013
v -0.0390884168 -0.0222956408 0.0686044842
v -0.0379969589 -0.023682015 0.0793000013
vn -0.845203221 -0.534174263 0.0170107111
f 3415//1139 3416//1139 3417//1139
v -0.0379969589 -0.023682015 0.0793000013
v -0.0390884168 -0.0222956408 0.0686044842
v -0.0381537937 -0.0237812363 0.0686044842
vn -0.846298516 -0.532426357 0.0173490439
f 3418//1140 3419//1140 3420//1140
v -0.0379969589 -0.023682015 0.0793000013
v -0.0381537937 -0.0237812363 0.0686044842
v -0.0370188206 -0.0255852826 0.0686044842
vn -0.846297503 -0.532428026 0.0173490439
f 3421//1141 3422//1141 3423//1141
v -0.0434704944 -0.0116325421 0.0793000013
v -0.0442576632 -0.00677802367 0.0793000013
v -0.0443299189 -0.00773680955 0.0686044842
vn -0.986889184 -0.16002582 0.0210124385
f 3424//1142 3425//1142 3426//1142
v -0.0443299189 -0.00773680955 0.0686044842
v -0.0434970036 -0.0115330219 0.0686044842
v -0.0434704944 -0.0116325421 0.0793000013
vn -0.976765811 -0.214309186 0.000426828687
f 3427//1143 3428//1143 3429//1143
v -0.0434704944 -0.0116325421 0.0793000013
v -0.0434970036 -0.0115330219 0.0686044842
v -0.0423396342 -0.0152432062 0.0686044842
vn -0.954630911 -0.297791332 -0.000404822174
f 3430//1144 3431//1144 3432//1144
v -0.0434704944 -0.0116325421 0.0793000013
v -0.0423396342 -0.0152432062 0.0686044842
v -0.0419867747 -0.015548382 0.0793000013
vn -0.934922993 -0.354244262 0.0207366962
f 3433//1145 3434//1145 3435//1145
v -0.0419867747 -0.015548382 0.0793000013
v -0.0423396342 -0.0152432062 0.0686044842
v -0.0421841741 -0.0156227266 0.0686044842
vn -0.92519474 -0.378980488 0.0197099466
f 3436//1146 3437//1146 3438//1146
v -0.0419867747 -0.015548382 0.0793000013
v -0.0421841741 -0.0156227266 0.0686044842
v -0.0402641594 -0.0200947113 0.0793000013
vn -0.934942126 -0.354251832 0.0197179597
f 3439//1147 3440//1147 3441//1147
v -0.0402641594 -0.0200947113 0.0793000013
v -0.0421841741 -0.0156227266 0.0686044842
v -0.040866442 -0.018839689 0.0686044842
vn -0.925348341 -0.379041165 0.00763086556
f 3442//1148 3443//1148 3444//1148
v -0.0402641594 -0.0200947113 0.0793000013
v -0.040866442 -0.018839689 0.0686044842
v -0.0390884168 -0.0222956408 0.0686044842
vn -0.889210999 -0.457483083 -0.00360854203
f 3445//1149 3446//1149 3447//1149
v -0.0447166264 0.00227002893 0.0793000013
v -0.0449999981 -2.38795105e-16 0.0686044842
v -0.0449189283 -0.00269996445 0.0793000013
vn -0.999013603 0.0406645089 0.0178376157
f 3448//1150 3449//1150 3450//1150
v -0.0449189283 -0.00269996445 0.0793000013
v -0.0449999981 -2.38795105e-16 0.0686044842
v -0.0448321663 -0.00388288638 0.0686044842
vn -0.999061644 -0.0431828983 -0.00332836621
f 3451//1151 3452//1151 3453//1151
v -0.0449189283 -0.00269996445 0.0793000013
v -0.0448321663 -0.00388288638 0.0686044842
v -0.0442576632 -0.00677802367 0.0793000013
vn -0.987060666 -0.160053775 0.00969487987
f 3454//1152 3455//1152 3456//1152
v -0.0442576632 -0.00677802367 0.0793000013
v -0.0448321663 -0.00388288638 0.0686044842
v -0.044450663 -0.00681028701 0.0686044842
vn -0.991449118 -0.129207134 0.0182803851
f 3457//1153 3458//1153 3459//1153
v -0.0442576632 -0.00677802367 0.0793000013
v -0.044450663 -0.00681028701 0.0686044842
v -0.0443299189 -0.00773680955 0.0686044842
vn -0.991449356 -0.129205346 0.0182803851
f 3460//1154 3461//1154 3462//1154
v -0.0445508882 0.0063417973 0.0793000013
v -0.0448321663 0.00388288638 0.0686044842
v -0.0447166264 0.00227002893 0.0793000013
vn -0.999029517 0.0406647176 0.0169243012
f 3463//1155 3464//1155 3465//1155
v -0.0447166264 0.00227002893 0.0793000013
v -0.0448321663 0.00388288638 0.0686044842
v -0.0449015573 0.00227745413 0.0686044842
vn -0.998917639 0.0431758352 0.0173017625
f 3466//1156 3467//1156 3468//1156
v -0.0447166264 0.00227002893 0.0793000013
v -0.0449015573 0.00227745413 0.0686044842
v -0.0449999981 -2.38795105e-16 0.0686044842
vn -0.99891758 0.0431772657 0.0173017625
f 3469//1157 3470//1157 3471//1157
v -0.0423812531 0.0151271028 0.0793000013
v -0.0401983932 0.0197213758 0.0793000013
v -0.040866442 0.018839689 0.0686044842
vn -0.903033435 0.429054946 0.0210348293
f 3472//1158 3473//1158 3474//1158
v -0.040866442 0.018839689 0.0686044842
v -0.0423396342 0.0152432062 0.0686044842
v -0.0423812531 0.0151271028 0.0793000013
vn -0.925375104 0.379052371 0.000513870211
f 3475//1159 3476//1159 3477//1159
v -0.0423812531 0.0151271028 0.0793000013
v -0.0423396342 0.0152432062 0.0686044842
v -0.0434970036 0.0115330219 0.0686044842
vn -0.954630852 0.297791302 -0.000482086645
f 3478//1160 3479//1160 3480//1160
v -0.0423812531 0.0151271028 0.0793000013
v -0.0434970036 0.0115330219 0.0686044842
v -0.043344833 0.0112253688 0.0793000013
vn -0.970624387 0.239707306 0.0207046792
f 3481//1161 3482//1161 3483//1161
v -0.043344833 0.0112253688 0.0793000013
v -0.0434970036 0.0115330219 0.0686044842
v -0.0435531549 0.011277101 0.0686044842
vn -0.976568997 0.21426782 0.0200574975
f 3484//1162 3485//1162 3486//1162
v -0.043344833 0.0112253688 0.0793000013
v -0.0435531549 0.011277101 0.0686044842
v -0.0445508882 0.0063417973 0.0793000013
vn -0.970637083 0.239710227 0.0200650189
f 3487//1163 3488//1163 3489//1163
v -0.0445508882 0.0063417973 0.0793000013
v -0.0435531549 0.011277101 0.0686044842
v -0.0443299189 0.00773680955 0.0686044842
vn -0.976736426 0.214302599 0.00777203962
f 3490//1164 3491//1164 3492//1164
v -0.0445508882 0.0063417973 0.0793000013
v -0.0443299189 0.00773680955 0.0686044842
v -0.0448321663 0.00388288638 0.0686044842
vn -0.991608322 0.129227445 -0.00363153452
f 3493//1165 3494//1165 3495//1165
v -0.0354060642 0.0274102222 0.0793000013
v -0.0370188206 0.0255852826 0.0686044842
v -0.0384977646 0.023300685 0.0793000013
vn -0.798979759 0.601091027 0.017914502
f 3496//1166 3497//1166 3498//1166
v -0.0384977646 0.023300685 0.0793000013
v -0.0370188206 0.0255852826 0.0686044842
v -0.0390884168 0.0222956408 0.0686044842
vn -0.846420765 0.532504499 -0.00329580065
f 3499//1167 3500//1167 3501//1167
v -0.0384977646 0.023300685 0.0793000013
v -0.0390884168 0.0222956408 0.0686044842
v -0.0401983932 0.0197213758 0.0793000013
vn -0.903191626 0.429131269 0.00955318566
f 3502//1168 3503//1168 3504//1168
v -0.0401983932 0.0197213758 0.0793000013
v -0.0390884168 0.0222956408 0.0686044842
v -0.0403711945 0.0198022984 0.0686044842
vn -0.889075816 0.45741275 0.0178250857
f 3505//1169 3506//1169 3507//1169
v -0.0401983932 0.0197213758 0.0793000013
v -0.0403711945 0.0198022984 0.0686044842
v -0.040866442 0.018839689 0.0686044842
vn -0.889074624 0.457415044 0.0178250838
f 3508//1170 3509//1170 3510//1170
v -0.0330574699 0.0305320099 0.0793000013
v -0.0346730947 0.0286840796 0.0686044842
v -0.0354060642 0.0274102222 0.0793000013
vn -0.798994601 0.601102471 0.0168369748
f 3511//1171 3512//1171 3513//1171
v -0.0354060642 0.0274102222 0.0793000013
v -0.0346730947 0.0286840796 0.0686044842
v -0.0355535187 0.0275210068 0.0686044842
vn -0.797201872 0.60346657 0.0172414035
f 3514//1172 3515//1172 3516//1172
v -0.0354060642 0.0274102222 0.0793000013
v -0.0355535187 0.0275210068 0.0686044842
v -0.0370188206 0.0255852826 0.0686044842
vn -0.797202706 0.603465497 0.0172414035
f 3517//1173 3518//1173 3519//1173
v -0.026280364 0.0365286544 0.0793000013
v -0.0217276569 0.0391531624 0.0793000013
v -0.0229068641 0.038733393 0.0686044842
vn -0.49931848 0.866162598 0.0210566074
f 3520//1174 3521//1174 3522//1174
v -0.0229068641 0.038733393 0.0686044842
v -0.0261635948 0.0366123803 0.0686044842
v -0.026280364 0.0365286544 0.0793000013
vn -0.545736432 0.837956667 0.000601509237
f 3523//1175 3524//1175 3525//1175
v -0.026280364 0.0365286544 0.0793000013
v -0.0261635948 0.0366123803 0.0686044842
v -0.0292251632 0.0342182666 0.0686044842
vn -0.61600554 0.787741661 -0.000558749132
f 3526//1176 3527//1176 3528//1176
v -0.026280364 0.0365286544 0.0793000013
v -0.0292251632 0.0342182666 0.0686044842
v -0.0291639902 0.0339771099 0.0793000013
vn -0.66252619 0.748753488 0.0206718016
f 3529//1177 3530//1177 3531//1177
v -0.0291639902 0.0339771099 0.0793000013
v -0.0292251632 0.0342182666 0.0686044842
v -0.0293085054 0.0341406204 0.0686044842
vn -0.681520224 0.73151511 0.0203917567
f 3532//1178 3533//1178 3534//1178
v -0.0291639902 0.0339771099 0.0793000013
v -0.0293085054 0.0341406204 0.0686044842
v -0.0330574699 0.0305320099 0.0793000013
vn -0.662529469 0.748758018 0.0203987639
f 3535//1179 3536//1179 3537//1179
v -0.0330574699 0.0305320099 0.0793000013
v -0.0293085054 0.0341406204 0.0686044842
v -0.0320687331 0.0315689147 0.0686044842
vn -0.68165791 0.73162818 0.00791439135
f 3538//1180 3539//1180 3540//1180
v -0.0330574699 0.0305320099 0.0793000013
v -0.0320687331 0.0315689147 0.0686044842
v -0.0346730947 0.0286840796 0.0686044842
vn -0.742263496 0.670098126 -0.0036534234
f 3541//1181 3542//1181 3543//1181
v -0.0122148199 0.0433104858 0.0686044842
v -0.0134596033 0.0429006182 0.0686044842
v -0.0134014515 0.0427264273 0.0793000013
vn -0.312704474 0.949695289 0.0171672441
f 3544//1182 3545//1182 3546//1182
v -0.0134014515 0.0427264273 0.0793000013
v -0.0134596033 0.0429006182 0.0686044842
v -0.0159063693 0.0420949832 0.0686044842
vn -0.31270203 0.949696124 0.0171672441
f 3547//1183 3548//1183 3549//1183
v -0.0134014515 0.0427264273 0.0793000013
v -0.0159063693 0.0420949832 0.0686044842
v -0.0184405055 0.041048117 0.0793000013
vn -0.315943778 0.948607326 0.0179907493
f 3550//1184 3551//1184 3552//1184
v -0.0184405055 0.041048117 0.0793000013
v -0.0159063693 0.0420949832 0.0686044842
v -0.0194792673 0.0405654795 0.0686044842
vn -0.39353928 0.919301987 -0.00326267304
f 3553//1185 3554//1185 3555//1185
v -0.0184405055 0.041048117 0.0793000013
v -0.0194792673 0.0405654795 0.0686044842
v -0.0217276569 0.0391531624 0.0793000013
vn -0.499407858 0.866315901 0.0094104223
f 3556//1186 3557//1186 3558//1186
v -0.0217276569 0.0391531624 0.0793000013
v -0.0194792673 0.0405654795 0.0686044842
v -0.0218214598 0.039313551 0.0686044842
vn -0.471325874 0.881788313 0.0173568539
f 3559//1187 3560//1187 3561//1187
v -0.0217276569 0.0391531624 0.0793000013
v -0.0218214598 0.039313551 0.0686044842
v -0.0229068641 0.038733393 0.0686044842
vn -0.471324086 0.881789267 0.0173568521
f 3562//1188 3563//1188 3564//1188
v -0.00452682376 0.0445582308 0.0793000013
v -0.00455248822 0.0447676592 0.0686044842
v -0.00985493232 0.0439076349 0.0793000013
vn -0.121182524 0.992434263 0.0197235886
f 3565//1189 3566//1189 3567//1189
v -0.00985493232 0.0439076349 0.0793000013
v -0.00455248822 0.0447676592 0.0686044842
v -0.00458660023 0.0447656475 0.0686044842
vn -0.0587931424 0.996965647 0.0510183163
f 3568//1190 3569//1190 3570//1190
v -0.00985493232 0.0439076349 0.0793000013
v -0.00458660023 0.0447656475 0.0686044842
v -0.0134014515 0.0427264273 0.0793000013
vn -0.315000445 0.945773721 -0.0792893991
f 3571//1191 3572//1191 3573//1191
v -0.0134014515 0.0427264273 0.0793000013
v -0.00458660023 0.0447656475 0.0686044842
v -0.0084321592 0.0442029275 0.0686044842
vn -0.144441262 0.987093687 0.0691573098
f 3574//1192 3575//1192 3576//1192
v -0.0134014515 0.0427264273 0.0793000013
v -0.0084321592 0.0442029275 0.0686044842
v -0.0122148199 0.0433104858 0.0686044842
vn -0.229537502 0.972906649 0.0276618619
f 3577//1193 3578//1193 3579//1193
v 0.00985493232 0.0439076349 0.0793000013
v 0.0134014515 0.0427264273 0.0793000013
v 0.0122148208 0.0433104858 0.0686044842
vn 0.31595099 0.948627651 0.0167487822
f 3580//1194 3581//1194 3582//1194
v -3.2477247e-16 0.0450000018 0.0759999976
v 0.000999938347 0.0449888892 0.0759999976
v 0.00455248635 0.0447673909 0.0686044842
vn 0.0111091761 0.999635577 -0.024602985
f 3583//1195 3584//1195 3585//1195
v 0.00455248635 0.0447673909 0.0686044842
v 0.000999938347 0.0449888892 0.0759999976
v 0.00452682376 0.0445582308 0.0793000013
vn 0.103005767 0.994485736 0.0196951851
f 3586//1196 3587//1196 3588//1196
v 0.00455248635 0.0447673909 0.0686044842
v 0.00452682376 0.0445582308 0.0793000013
v 0.0045866007 0.0447656475 0.0686044842
vn 0.0510291904 0.998503864 0.0196490511
f 3589//1197 3590//1197 3591//1197
v 0.0045866007 0.0447656475 0.0686044842
v 0.00452682376 0.0445582308 0.0793000013
v 0.00985493232 0.0439076349 0.0793000013
vn 0.121182047 0.992430329 0.0199233498
f 3592//1198 3593//1198 3594//1198
v 0.0045866007 0.0447656475 0.0686044842
v 0.00985493232 0.0439076349 0.0793000013
v 0.0084321592 0.0442029275 0.0686044842
vn 0.144783229 0.989430606 0.00805737823
f 3595//1199 3596//1199 3597//1199
v 0.0084321592 0.0442029275 0.0686044842
v 0.00985493232 0.0439076349 0.0793000013
v 0.0122148208 0.0433104858 0.0686044842
vn 0.229623765 0.973272562 -0.00367465732
f 3598//1200 3599//1200 3600//1200
v 0.0184405036 0.041048117 0.0793000013
v 0.0159063675 0.0420949832 0.0686044842
v 0.0134014515 0.0427264273 0.0793000013
vn 0.315943778 0.948607326 0.0179907493
f 3601//1201 3602//1201 3603//1201
v 0.0134014515 0.0427264273 0.0793000013
v 0.0159063675 0.0420949832 0.0686044842
v 0.0134596033 0.0429006182 0.0686044842
vn 0.31270203 0.949696124 0.0171672441
f 3604//1202 3605//1202 3606//1202
v 0.0134014515 0.0427264273 0.0793000013
v 0.0134596033 0.0429006182 0.0686044842
v 0.0122148208 0.0433104858 0.0686044842
vn 0.312704682 0.94969523 0.0171672441
f 3607//1203 3608//1203 3609//1203
v 0.0262803622 0.0365286544 0.0793000013
v 0.0291639883 0.0339771099 0.0793000013
v 0.0292251613 0.0342182666 0.0686044842
vn 0.66252619 0.748753488 0.0206718016
f 3610//1204 3611//1204 3612//1204
v 0.0292251613 0.0342182666 0.0686044842
v 0.0261635929 0.0366123803 0.0686044842
v 0.0262803622 0.0365286544 0.0793000013
vn 0.61600554 0.787741661 -0.000558749132
f 3613//1205 3614//1205 3615//1205
v 0.0262803622 0.0365286544 0.0793000013
v 0.0261635929 0.0366123803 0.0686044842
v 0.0229068622 0.038733393 0.0686044842
vn 0.545736432 0.837956667 0.000601509237
f 3616//1206 3617//1206 3618//1206
v 0.0262803622 0.0365286544 0.0793000013
v 0.0229068622 0.038733393 0.0686044842
v 0.0217276551 0.0391531624 0.0793000013
vn 0.49931848 0.866162598 0.0210566074
f 3619//1207 3620//1207 3621//1207
v 0.0217276551 0.0391531624 0.0793000013
v 0.0229068622 0.038733393 0.0686044842
v 0.0218214579 0.039313551 0.0686044842
vn 0.471324086 0.881789267 0.0173568521
f 3622//1208 3623//1208 3624//1208
v 0.0217276551 0.0391531624 0.0793000013
v 0.0218214579 0.039313551 0.0686044842
v 0.0184405036 0.041048117 0.0793000013
vn 0.499354631 0.866223574 0.0173692666
f 3625//1209 3626//1209 3627//1209
v 0.0184405036 0.041048117 0.0793000013
v 0.0218214579 0.039313551 0.0686044842
v 0.0194792654 0.0405654795 0.0686044842
vn 0.471388459 0.881905377 0.0059856642
f 3628//1210 3629//1210 3630//1210
v 0.0184405036 0.041048117 0.0793000013
v 0.0194792654 0.0405654795 0.0686044842
v 0.0159063675 0.0420949832 0.0686044842
vn 0.39353928 0.919301987 -0.00326267304
f 3631//1211 3632//1211 3633//1211
v 0.035406068 0.0274102222 0.0793000013
v 0.0346730985 0.0286840796 0.0686044842
v 0.0330574699 0.0305320099 0.0793000013
vn 0.798994124 0.601103067 0.0168370791
f 3634//1212 3635//1212 3636//1212
v 0.0330574699 0.0305320099 0.0793000013
v 0.0346730985 0.0286840796 0.0686044842
v 0.0320687331 0.0315689147 0.0686044842
vn 0.742263019 0.670098662 -0.00365332817
f 3637//1213 3638//1213 3639//1213
v 0.0330574699 0.0305320099 0.0793000013
v 0.0320687331 0.0315689147 0.0686044842
v 0.0291639883 0.0339771099 0.0793000013
vn 0.662624896 0.748865485 0.0113449981
f 3640//1214 3641//1214 3642//1214
v 0.0291639883 0.0339771099 0.0793000013
v 0.0320687331 0.0315689147 0.0686044842
v 0.0293085035 0.0341406204 0.0686044842
vn 0.681537807 0.731498778 0.0203917436
f 3643//1215 3644//1215 3645//1215
v 0.0291639883 0.0339771099 0.0793000013
v 0.0293085035 0.0341406204 0.0686044842
v 0.0292251613 0.0342182666 0.0686044842
vn 0.681520224 0.73151511 0.0203917567
f 3646//1216 3647//1216 3648//1216
v 0.0384977683 0.023300685 0.0793000013
v 0.0370188244 0.0255852826 0.0686044842
v 0.035406068 0.0274102222 0.0793000013
vn 0.798979759 0.601091027 0.017914502
f 3649//1217 3650//1217 3651//1217
v 0.035406068 0.0274102222 0.0793000013
v 0.0370188244 0.0255852826 0.0686044842
v 0.0355535187 0.0275210068 0.0686044842
vn 0.797201991 0.603466451 0.0172411259
f 3652//1218 3653//1218 3654//1218
v 0.035406068 0.0274102222 0.0793000013
v 0.0355535187 0.0275210068 0.0686044842
v 0.0346730985 0.0286840796 0.0686044842
vn 0.797203124 0.603464961 0.0172411259
f 3655//1219 3656//1219 3657//1219
v 0.0423812568 0.0151271028 0.0793000013
v 0.043344833 0.0112253688 0.0793000013
v 0.0434970073 0.0115330219 0.0686044842
vn 0.970624626 0.239706427 0.020704994
f 3658//1220 3659//1220 3660//1220
v 0.0434970073 0.0115330219 0.0686044842
v 0.0423396342 0.0152432062 0.0686044842
v 0.0423812568 0.0151271028 0.0793000013
vn 0.954630613 0.297792196 -0.000482408592
f 3661//1221 3662//1221 3663//1221
v 0.0423812568 0.0151271028 0.0793000013
v 0.0423396342 0.0152432062 0.0686044842
v 0.0408664457 0.018839689 0.0686044842
vn 0.925375402 0.379051536 0.00051353767
f 3664//1222 3665//1222 3666//1222
v 0.0423812568 0.0151271028 0.0793000013
v 0.0408664457 0.018839689 0.0686044842
v 0.0401983932 0.0197213758 0.0793000013
vn 0.903033137 0.429055542 0.0210350771
f 3667//1223 3668//1223 3669//1223
v 0.0401983932 0.0197213758 0.0793000013
v 0.0408664457 0.018839689 0.0686044842
v 0.0403711982 0.0198022984 0.0686044842
vn 0.889074624 0.457415044 0.017825393
f 3670//1224 3671//1224 3672//1224
v 0.0401983932 0.0197213758 0.0793000013
v 0.0403711982 0.0198022984 0.0686044842
v 0.0384977683 0.023300685 0.0793000013
vn 0.903089523 0.429081798 0.0178374592
f 3673//1225 3674//1225 3675//1225
v 0.0384977683 0.023300685 0.0793000013
v 0.0403711982 0.0198022984 0.0686044842
v 0.0390884206 0.0222956408 0.0686044842
vn 0.889200449 0.457476884 0.00611693272
f 3676//1226 3677//1226 3678//1226
v 0.0384977683 0.023300685 0.0793000013
v 0.0390884206 0.0222956408 0.0686044842
v 0.0370188244 0.0255852826 0.0686044842
vn 0.846420765 0.532504499 -0.00329580065
f 3679//1227 3680//1227 3681//1227
v 0.0447166301 0.00227002893 0.0793000013
v 0.0448321663 0.00388288638 0.0686044842
v 0.0445508882 0.0063417973 0.0793000013
vn 0.999029458 0.0406656303 0.0169240888
f 3682//1228 3683//1228 3684//1228
v 0.0445508882 0.0063417973 0.0793000013
v 0.0448321663 0.00388288638 0.0686044842
v 0.0443299189 0.00773680955 0.0686044842
vn 0.991608322 0.129227445 -0.00363153452
f 3685//1229 3686//1229 3687//1229
v 0.0445508882 0.0063417973 0.0793000013
v 0.0443299189 0.00773680955 0.0686044842
v 0.043344833 0.0112253688 0.0793000013
vn 0.970771551 0.239743412 0.0112135094
f 3688//1230 3689//1230 3690//1230
v 0.043344833 0.0112253688 0.0793000013
v 0.0443299189 0.00773680955 0.0686044842
v 0.0435531549 0.011277101 0.0686044842
vn 0.976569414 0.214265957 0.0200574957
f 3691//1231 3692//1231 3693//1231
v 0.043344833 0.0112253688 0.0793000013
v 0.0435531549 0.011277101 0.0686044842
v 0.0434970073 0.0115330219 0.0686044842
vn 0.976571977 0.21425426 0.0200574901
f 3694//1232 3695//1232 3696//1232
v 0.044918932 -0.00269996445 0.0793000013
v 0.0450000018 2.18777586e-16 0.0686044842
v 0.0447166301 0.00227002893 0.0793000013
vn 0.999013603 0.0406645089 0.0178376157
f 3697//1233 3698//1233 3699//1233
v 0.0447166301 0.00227002893 0.0793000013
v 0.0450000018 2.18777586e-16 0.0686044842
v 0.044901561 0.00227745413 0.0686044842
vn 0.99891758 0.0431772657 0.0173017625
f 3700//1234 3701//1234 3702//1234
v 0.0447166301 0.00227002893 0.0793000013
v 0.044901561 0.00227745413 0.0686044842
v 0.0448321663 0.00388288638 0.0686044842
vn 0.99891758 0.0431781486 0.0173017625
f 3703//1235 3704//1235 3705//1235
v 0.0434704982 -0.0116325421 0.0793000013
v 0.0419867747 -0.015548382 0.0793000013
v 0.0423396342 -0.0152432062 0.0686044842
vn 0.934922695 -0.354245037 0.0207366645
f 3706//1236 3707//1236 3708//1236
v 0.0423396342 -0.0152432062 0.0686044842
v 0.0434970073 -0.0115330219 0.0686044842
v 0.0434704982 -0.0116325421 0.0793000013
vn 0.954630613 -0.297792196 -0.000404830964
f 3709//1237 3710//1237 3711//1237
v 0.0434704982 -0.0116325421 0.0793000013
v 0.0434970073 -0.0115330219 0.0686044842
v 0.0443299189 -0.00773680955 0.0686044842
vn 0.97676599 -0.214308262 0.000426837709
f 3712//1238 3713//1238 3714//1238
v 0.0434704982 -0.0116325421 0.0793000013
v 0.0443299189 -0.00773680955 0.0686044842
v 0.0442576669 -0.00677802367 0.0793000013
vn 0.986889184 -0.16002582 0.0210120957
f 3715//1239 3716//1239 3717//1239
v 0.0442576669 -0.00677802367 0.0793000013
v 0.0443299189 -0.00773680955 0.0686044842
v 0.0444506668 -0.00681028701 0.0686044842
vn 0.99144882 -0.129209265 0.0182803869
f 3718//1240 3719//1240 3720//1240
v 0.0442576669 -0.00677802367 0.0793000013
v 0.0444506668 -0.00681028701 0.0686044842
v 0.044918932 -0.00269996445 0.0793000013
vn 0.986941934 -0.160034522 0.0182920452
f 3721//1241 3722//1241 3723//1241
v 0.044918932 -0.00269996445 0.0793000013
v 0.0444506668 -0.00681028701 0.0686044842
v 0.0448321663 -0.00388288638 0.0686044842
vn 0.991595626 -0.129224971 0.00624808762
f 3724//1242 3725//1242 3726//1242
v 0.044918932 -0.00269996445 0.0793000013
v 0.0448321663 -0.00388288638 0.0686044842
v 0.0450000018 2.18777586e-16 0.0686044842
vn 0.999061584 -0.0431838557 -0.00332860812
f 3727//1243 3728//1243 3729//1243
v 0.0379969589 -0.023682015 0.0793000013
v 0.0390884206 -0.0222956408 0.0686044842
v 0.0402641594 -0.0200947113 0.0793000013
vn 0.845203221 -0.534174263 0.0170110054
f 3730//1244 3731//1244 3732//1244
v 0.0402641594 -0.0200947113 0.0793000013
v 0.0390884206 -0.0222956408 0.0686044842
v 0.0408664457 -0.018839689 0.0686044842
vn 0.889210999 -0.457483113 -0.00360823236
f 3733//1245 3734//1245 3735//1245
v 0.0402641594 -0.0200947113 0.0793000013
v 0.0408664457 -0.018839689 0.0686044842
v 0.0419867747 -0.015548382 0.0793000013
vn 0.935066521 -0.354298979 0.0110817114
f 3736//1246 3737//1246 3738//1246
v 0.0419867747 -0.015548382 0.0793000013
v 0.0408664457 -0.018839689 0.0686044842
v 0.0421841778 -0.0156227266 0.0686044842
vn 0.925195515 -0.37897858 0.0197102707
f 3739//1247 3740//1247 3741//1247
v 0.0419867747 -0.015548382 0.0793000013
v 0.0421841778 -0.0156227266 0.0686044842
v 0.0423396342 -0.0152432062 0.0686044842
vn 0.925197899 -0.378972709 0.0197102744
f 3742//1248 3743//1248 3744//1248
v 0.0354295857 -0.0277442727 0.0793000013
v 0.0370188244 -0.0255852826 0.0686044842
v 0.0379969589 -0.023682015 0.0793000013
vn 0.845192373 -0.534167051 0.017759867
f 3745//1249 3746//1249 3747//1249
v 0.0379969589 -0.023682015 0.0793000013
v 0.0370188244 -0.0255852826 0.0686044842
v 0.0381537937 -0.0237812363 0.0686044842
vn 0.846298277 -0.532426775 0.0173490439
f 3748//1250 3749//1250 3750//1250
v 0.0379969589 -0.023682015 0.0793000013
v 0.0381537937 -0.0237812363 0.0686044842
v 0.0390884206 -0.0222956408 0.0686044842
vn 0.846297562 -0.532427907 0.0173490439
f 3751//1251 3752//1251 3753//1251
v 0.0291622691 -0.0342718847 0.0793000013
v 0.0255776737 -0.0367469564 0.0793000013
v 0.0261635929 -0.0366123803 0.0686044842
vn 0.568067253 -0.822720051 0.0207678657
f 3754//1252 3755//1252 3756//1252
v 0.0261635929 -0.0366123803 0.0686044842
v 0.0292251613 -0.0342182666 0.0686044842
v 0.0291622691 -0.0342718847 0.0793000013
vn 0.616005599 -0.787741721 -0.000326796871
f 3757//1253 3758//1253 3759//1253
v 0.0291622691 -0.0342718847 0.0793000013
v 0.0292251613 -0.0342182666 0.0686044842
v 0.0320687331 -0.0315689147 0.0686044842
vn 0.681678951 -0.731651306 0.00034056732
f 3760//1254 3761//1254 3762//1254
v 0.0291622691 -0.0342718847 0.0793000013
v 0.0320687331 -0.0315689147 0.0686044842
v 0.0324515812 -0.0308459587 0.0793000013
vn 0.721184075 -0.69242543 0.0209890846
f 3763//1255 3764//1255 3765//1255
v 0.0324515812 -0.0308459587 0.0793000013
v 0.0320687331 -0.0315689147 0.0686044842
v 0.03259556 -0.0309853517 0.0686044842
vn 0.742138505 -0.669984996 0.0187221747
f 3766//1256 3767//1256 3768//1256
v 0.0324515812 -0.0308459587 0.0793000013
v 0.03259556 -0.0309853517 0.0686044842
v 0.0354295857 -0.0277442727 0.0793000013
vn 0.721215904 -0.69245702 0.0187333953
f 3769//1257 3770//1257 3771//1257
v 0.0354295857 -0.0277442727 0.0793000013
v 0.03259556 -0.0309853517 0.0686044842
v 0.0346730985 -0.0286840796 0.0686044842
vn 0.742252707 -0.670089662 0.0063811969
f 3772//1258 3773//1258 3774//1258
v 0.0354295857 -0.0277442727 0.0793000013
v 0.0346730985 -0.0286840796 0.0686044842
v 0.0370188244 -0.0255852826 0.0686044842
vn 0.797316432 -0.603552163 -0.00336002186
f 3775//1259 3776//1259 3777//1259
v 0.0176566597 -0.0411434397 0.0793000013
v 0.0194792654 -0.0405654795 0.0686044842
v 0.0217156652 -0.0394135751 0.0793000013
vn 0.392002136 -0.919805408 0.0170963649
f 3778//1260 3779//1260 3780//1260
v 0.0217156652 -0.0394135751 0.0793000013
v 0.0194792654 -0.0405654795 0.0686044842
v 0.0229068622 -0.038733393 0.0686044842
vn 0.471393287 -0.881915808 -0.00358478352
f 3781//1261 3782//1261 3783//1261
v 0.0217156652 -0.0394135751 0.0793000013
v 0.0229068622 -0.038733393 0.0686044842
v 0.0255776737 -0.0367469564 0.0793000013
vn 0.568155766 -0.822848201 0.0109483982
f 3784//1262 3785//1262 3786//1262
v 0.0255776737 -0.0367469564 0.0793000013
v 0.0229068622 -0.038733393 0.0686044842
v 0.0256957952 -0.036917042 0.0686044842
vn 0.545634627 -0.837799788 0.0193491206
f 3787//1263 3788//1263 3789//1263
v 0.0255776737 -0.0367469564 0.0793000013
v 0.0256957952 -0.036917042 0.0686044842
v 0.0261635929 -0.0366123803 0.0686044842
vn 0.545632899 -0.83780092 0.0193491187
f 3790//1264 3791//1264 3792//1264
v 0.0133909024 -0.0429614224 0.0793000013
v 0.0159063675 -0.0420949832 0.0686044842
v 0.0176566597 -0.0411434397 0.0793000013
vn 0.391998947 -0.919795752 0.0176815111
f 3793//1265 3794//1265 3795//1265
v 0.0176566597 -0.0411434397 0.0793000013
v 0.0159063675 -0.0420949832 0.0686044842
v 0.0177295003 -0.0413145274 0.0686044842
vn 0.393482 -0.919167995 0.0173829626
f 3796//1266 3797//1266 3798//1266
v 0.0176566597 -0.0411434397 0.0793000013
v 0.0177295003 -0.0413145274 0.0686044842
v 0.0194792654 -0.0405654795 0.0686044842
vn 0.393481851 -0.919168055 0.0173829626
f 3799//1267 3800//1267 3801//1267
v -0.00458660023 -0.0447656475 0.0686044842
v -3.2152828e-16 -0.0450000018 0.0686044842
v -3.26220075e-16 -0.0447719544 0.0793000013
vn -0.0510172881 -0.998470843 0.0212891661
f 3802//1268 3803//1268 3804//1268
v -3.26220075e-16 -0.0447719544 0.0793000013
v -3.2152828e-16 -0.0450000018 0.0686044842
v 0.000706829247 -0.0449944474 0.0686044842
vn 0.00785617437 -0.999741912 0.0213162694
f 3805//1269 3806//1269 3807//1269
v -3.26220075e-16 -0.0447719544 0.0793000013
v 0.000706829247 -0.0449944474 0.0686044842
v 0.00452462444 -0.0447719544 0.0793000013
vn -9.1234382e-18 -0.999783695 0.0207979511
f 3808//1270 3809//1270 3810//1270
v 0.000706829247 -0.0449944474 0.0686044842
v 0.0045866007 -0.0447656475 0.0686044842
v 0.00452462444 -0.0447719544 0.0793000013
vn 0.0588702373 -0.998265624 -0.000247526215
f 3811//1271 3812//1271 3813//1271
v 0.00452462444 -0.0447719544 0.0793000013
v 0.0045866007 -0.0447656475 0.0686044842
v 0.0084321592 -0.0442029275 0.0686044842
vn 0.144787923 -0.989462674 0.000255523453
f 3814//1272 3815//1272 3816//1272
v 0.00452462444 -0.0447719544 0.0793000013
v 0.0084321592 -0.0442029275 0.0686044842
v 0.00901281368 -0.0438554473 0.0793000013
vn 0.200031325 -0.979565203 0.0209648963
f 3817//1273 3818//1273 3819//1273
v 0.00901281368 -0.0438554473 0.0793000013
v 0.0084321592 -0.0442029275 0.0686044842
v 0.00905314181 -0.0440564193 0.0686044842
vn 0.229583293 -0.973100603 0.0191505086
f 3820//1274 3821//1274 3822//1274
v 0.00901281368 -0.0438554473 0.0793000013
v 0.00905314181 -0.0440564193 0.0686044842
v 0.0133909024 -0.0429614224 0.0793000013
vn 0.200038746 -0.979600608 0.0191612467
f 3823//1275 3824//1275 3825//1275
v 0.0133909024 -0.0429614224 0.0793000013
v 0.00905314181 -0.0440564193 0.0686044842
v 0.0122148208 -0.0433104858 0.0686044842
vn 0.229620427 -0.973258436 0.00651455857
f 3826//1276 3827//1276 3828//1276
v 0.0133909024 -0.0429614224 0.0793000013
v 0.0122148208 -0.0433104858 0.0686044842
v 0.0159063675 -0.0420949832 0.0686044842
vn 0.31274724 -0.949830353 -0.00339069427
f 3829//1277 3830//1277 3831//1277
v -0.0203721784 0.0593421273 0.0173776969
v -0.0221594274 0.0586447418 0.0173776969
v -0.018629007 0.0588883609 0.0199999996
vn -0.337176412 0.864110589 0.37366423
f 3832//1278 3833//1278 3834//1278
v -3.00206952e-16 0.0617647059 0.0199999996
v -2.99056629e-16 0.0627416447 0.0173776969
v -0.000984139508 0.0627009347 0.0173776969
vn -0.0387342907 0.936378598 0.348847806
f 3835//1279 3836//1279 3837//1279
v -3.17003404e-16 -0.0474999994 0.058289472
v -3.18465409e-16 -0.0462583564 0.061622303
v -0.000724993588 -0.0462213121 0.061622303
vn -0.0478263758 -0.936009765 0.348709553
f 3838//1280 3839//1280 3840//1280
v -0.0593421273 -0.0203721784 0.0173776969
v -0.0590029284 -0.0212414712 0.0173776969
v -0.0588883609 -0.0186290052 0.0199999996
vn -0.864110351 -0.337176681 0.373664588
f 3841//1281 3842//1281 3843//1281
v -0.0477249287 0.00182299945 0.0575926453
v -0.0460858308 0.00399146555 0.061622303
v -0.0480669737 0.00286061969 0.0565392487
vn -0.934288979 0.0503300093 0.352946162
f 3844//1282 3845//1282 3846//1282
v -0.0480669737 0.00286061969 0.0565392487
v -0.0460858308 0.00399146555 0.061622303
v -0.0455695391 0.00795315765 0.061622303
vn -0.933669627 0.121676765 0.336831987
f 3847//1283 3848//1283 3849//1283
v -0.0480669737 0.00286061969 0.0565392487
v -0.0455695391 0.00795315765 0.061622303
v -0.048671186 0.00402444229 0.0546997674
vn -0.927197158 0.0923799947 0.363003314
f 3850//1284 3851//1284 3852//1284
v -0.048671186 0.00402444229 0.0546997674
v -0.0455695391 0.00795315765 0.061622303
v -0.048856359 0.00430182321 0.0541413426
vn -0.928104222 0.10155496 0.358202696
f 3853//1285 3854//1285 3855//1285
v -0.0477249287 0.00182299945 0.0575926453
v -0.0476960763 0.00166425086 0.0576819368
v -0.0460858308 0.00399146555 0.061622303
vn -0.931967795 0.0336542763 0.360975653
f 3856//1286 3857//1286 3858//1286
v -0.0460858308 0.00399146555 0.061622303
v -0.0476960763 0.00166425086 0.0576819368
v -0.0475487188 0.000853492413 0.0581379794
vn -0.931968153 0.0336563811 0.36097455
f 3859//1287 3860//1287 3861//1287
v -0.0460858308 0.00399146555 0.061622303
v -0.0475487188 0.000853492413 0.0581379794
v -0.0462583564 -2.4381666e-16 0.061622303
vn -0.933735967 0.0403594598 0.355679989
f 3862//1288 3863//1288 3864//1288
v -0.0608449876 0.0106191505 0.0199999996
v -0.0588883609 0.0186290052 0.0199999996
v -0.0608217642 0.0154021624 0.0173776969
vn -0.894291997 0.218455359 0.390536934
f 3865//1289 3866//1289 3867//1289
v -0.0551353581 0.0132691618 0.033568874
v -0.0522436313 0.00913935062 0.0433973558
v -0.0455695391 0.00795315765 0.061622303
vn -0.918614268 0.186224267 0.348523051
f 3868//1290 3869//1290 3870//1290
v -0.0455695391 0.00795315765 0.061622303
v -0.0522436313 0.00913935062 0.0433973558
v -0.0519661643 0.00874308869 0.0443404168
vn -0.918614447 0.186223388 0.34852308
f 3871//1291 3872//1291 3873//1291
v -0.0455695391 0.00795315765 0.061622303
v -0.0519661643 0.00874308869 0.0443404168
v -0.048856359 0.00430182321 0.0541413426
vn -0.929181755 0.120498322 0.349430174
f 3874//1292 3875//1292 3876//1292
v -0.0455695391 0.00795315765 0.061622303
v -0.0447133332 0.0118555259 0.061622303
v -0.0551353581 0.0132691618 0.033568874
vn -0.914972723 0.200751171 0.350034118
f 3877//1293 3878//1293 3879//1293
v -0.0551353581 0.0132691618 0.033568874
v -0.0447133332 0.0118555259 0.061622303
v -0.0435235985 0.0156694595 0.061622303
vn -0.89541167 0.279318571 0.346726149
f 3880//1294 3881//1294 3882//1294
v -0.0551353581 0.0132691618 0.033568874
v -0.0435235985 0.0156694595 0.061622303
v -0.0588883609 0.0186290052 0.0199999996
vn -0.900447607 0.257309228 0.350693762
f 3883//1295 3884//1295 3885//1295
v -0.0625273511 0.00518116355 0.0173776969
v -0.0617647059 -3.36651577e-16 0.0199999996
v -0.0618859269 0.010326935 0.0173776969
vn -0.875702322 0.109156303 0.470351338
f 3886//1296 3887//1296 3888//1296
v -0.0618859269 0.010326935 0.0173776969
v -0.0617647059 -3.36651577e-16 0.0199999996
v -0.0608449876 0.0106191505 0.0199999996
vn -0.929476321 0.0805013925 0.359990716
f 3889//1297 3890//1297 3891//1297
v -0.0618859269 0.010326935 0.0173776969
v -0.0608449876 0.0106191505 0.0199999996
v -0.0617901944 0.0107835112 0.0173776969
vn -0.919199228 0.192732871 0.34340468
f 3892//1298 3893//1298 3894//1298
v -0.0617901944 0.0107835112 0.0173776969
v -0.0608449876 0.0106191505 0.0199999996
v -0.0608217642 0.0154021624 0.0173776969
vn -0.919198632 0.192735851 0.343404651
f 3895//1299 3896//1299 3897//1299
v -0.0625273511 0.00518116355 0.0173776969
v -0.0627416447 -3.31095862e-16 0.0173776969
v -0.0617647059 -3.36651577e-16 0.0199999996
vn -0.936379194 0.0387287661 0.348846704
f 3898//1300 3899//1300 3900//1300
v -0.0617647059 -3.36651577e-16 0.0199999996
v -0.0627416447 -3.31095862e-16 0.0173776969
v -0.0625273511 -0.00518116355 0.0173776969
vn -0.936379194 -0.0387287661 0.348846704
f 3901//1301 3902//1301 3903//1301
v -0.0617647059 -3.36651577e-16 0.0199999996
v -0.0625273511 -0.00518116355 0.0173776969
v -0.0608449876 -0.0106191505 0.0199999996
vn -0.905023277 -0.0783835277 0.418077648
f 3904//1302 3905//1302 3906//1302
v -0.0588883609 -0.0186290052 0.0199999996
v -0.0590029284 -0.0212414712 0.0173776969
v -0.0546619967 -0.0125931343 0.0352216959
vn -0.864151239 -0.337125927 0.373615801
f 3907//1303 3908//1303 3909//1303
v -0.0625273511 -0.00518116355 0.0173776969
v -0.0618859269 -0.010326935 0.0173776969
v -0.0608449876 -0.0106191505 0.0199999996
vn -0.927566707 -0.115621209 0.355319142
f 3910//1304 3911//1304 3912//1304
v -0.0608449876 -0.0106191505 0.0199999996
v -0.0618859269 -0.010326935 0.0173776969
v -0.0617901944 -0.0107835112 0.0173776969
vn -0.919199228 -0.192732871 0.34340468
f 3913//1305 3914//1305 3915//1305
v -0.0608449876 -0.0106191505 0.0199999996
v -0.0617901944 -0.0107835112 0.0173776969
v -0.0588883609 -0.0186290052 0.0199999996
vn -0.91254133 -0.22291325 0.342896491
f 3916//1306 3917//1306 3918//1306
v -0.0588883609 -0.0186290052 0.0199999996
v -0.0617901944 -0.0107835112 0.0173776969
v -0.0608217642 -0.0154021624 0.0173776969
vn -0.886077225 -0.185791031 0.424674958
f 3919//1307 3920//1307 3921//1307
v -0.0588883609 -0.0186290052 0.0199999996
v -0.0608217642 -0.0154021624 0.0173776969
v -0.0593421273 -0.0203721784 0.0173776969
vn -0.903053403 -0.268850476 0.334983557
f 3922//1308 3923//1308 3924//1308
v -0.0475487188 0.000853492413 0.0581379794
v -0.04750783 6.81181902e-08 0.0582651161
v -0.0462583564 -2.4381666e-16 0.061622303
vn -0.937172174 0.0070596803 0.348795682
f 3925//1309 3926//1309 3927//1309
v -0.0462583564 -2.4381666e-16 0.061622303
v -0.04750783 6.81181902e-08 0.0582651161
v -0.0475012548 -0.000137158611 0.0582855605
vn -0.937172174 0.00706043467 0.348795682
f 3928//1310 3929//1310 3930//1310
v -0.0462583564 -2.4381666e-16 0.061622303
v -0.0475012548 -0.000137158611 0.0582855605
v -0.0460858308 -0.00399146555 0.061622303
vn -0.935788751 -0.0404481925 0.350233257
f 3931//1311 3932//1311 3933//1311
v -0.0475012548 -0.000137158611 0.0582855605
v -0.0475888476 -0.00115101459 0.0580135398
v -0.0460858308 -0.00399146555 0.061622303
vn -0.92829603 -0.0194293205 0.371334016
f 3934//1312 3935//1312 3936//1312
v -0.0460858308 -0.00399146555 0.061622303
v -0.0475888476 -0.00115101459 0.0580135398
v -0.0477030687 -0.00166234933 0.0576602332
vn -0.932936966 -0.0389140174 0.357930541
f 3937//1313 3938//1313 3939//1313
v -0.0460858308 -0.00399146555 0.061622303
v -0.0477030687 -0.00166234933 0.0576602332
v -0.0455695391 -0.00795315765 0.061622303
vn -0.942004502 -0.122762978 0.312340826
f 3940//1314 3941//1314 3942//1314
v -0.0477030687 -0.00166234933 0.0576602332
v -0.04780351 -0.00211199722 0.0573495477
v -0.0455695391 -0.00795315765 0.061622303
vn -0.918078363 -0.065096423 0.391017407
f 3943//1315 3944//1315 3945//1315
v -0.0455695391 -0.00795315765 0.061622303
v -0.04780351 -0.00211199722 0.0573495477
v -0.0481708981 -0.00310054352 0.0562208481
vn -0.924581707 -0.0813503787 0.3721973
f 3946//1316 3947//1316 3948//1316
v -0.0455695391 -0.00795315765 0.061622303
v -0.0481708981 -0.00310054352 0.0562208481
v -0.048856359 -0.00430182321 0.0541413426
vn -0.927675962 -0.0955140218 0.360963047
f 3949//1317 3950//1317 3951//1317
v -0.048856359 -0.00430182321 0.0541413426
v -0.0513829775 -0.00791020971 0.0462414473
v -0.0455695391 -0.00795315765 0.061622303
vn -0.929039478 -0.117528848 0.350817055
f 3952//1318 3953//1318 3954//1318
v -0.0455695391 -0.00795315765 0.061622303
v -0.0513829775 -0.00791020971 0.0462414473
v -0.05227229 -0.00918027665 0.043252755
vn -0.921435237 -0.173207998 0.34778741
f 3955//1319 3956//1319 3957//1319
v -0.0455695391 -0.00795315765 0.061622303
v -0.05227229 -0.00918027665 0.043252755
v -0.0447133332 -0.0118555259 0.061622303
vn -0.915856004 -0.20094496 0.347604513
f 3958//1320 3959//1320 3960//1320
v -0.0447133332 -0.0118555259 0.061622303
v -0.05227229 -0.00918027665 0.043252755
v -0.0546619967 -0.0125931343 0.0352216959
vn -0.918199658 -0.183345959 0.351131946
f 3961//1321 3962//1321 3963//1321
v -0.0447133332 -0.0118555259 0.061622303
v -0.0546619967 -0.0125931343 0.0352216959
v -0.0435235985 -0.0156694595 0.061622303
vn -0.895876765 -0.279463649 0.34540537
f 3964//1322 3965//1322 3966//1322
v -0.0435235985 -0.0156694595 0.061622303
v -0.0546619967 -0.0125931343 0.0352216959
v -0.0590029284 -0.0212414712 0.0173776969
vn -0.898654819 -0.267012775 0.348028243
f 3967//1323 3968//1323 3969//1323
v -0.0435235985 -0.0156694595 0.061622303
v -0.0590029284 -0.0212414712 0.0173776969
v -0.0420092121 -0.0193665121 0.061622303
vn -0.867453814 -0.355326355 0.348234236
f 3970//1324 3971//1324 3972//1324
v -0.00430182321 -0.048856359 0.0541413426
v -0.00412565889 -0.0487366989 0.0545019582
v -0.00866795145 -0.0454389937 0.061622303
vn -0.108018555 -0.926588476 0.360230267
f 3973//1325 3974//1325 3975//1325
v -0.00430182321 -0.048856359 0.0541413426
v -0.00866795145 -0.0454389937 0.061622303
v -0.00874308869 -0.051966168 0.0443404168
vn -0.124872997 -0.927997649 0.351037204
f 3976//1326 3977//1326 3978//1326
v -0.00412565889 -0.0487366989 0.0545019582
v -0.00295751775 -0.0481077507 0.0564142205
v -0.00866795145 -0.0454389937 0.061622303
vn -0.0994937047 -0.925593972 0.36520794
f 3979//1327 3980//1327 3981//1327
v -0.00866795145 -0.0454389937 0.061622303
v -0.00295751775 -0.0481077507 0.0564142205
v -0.00225003902 -0.0478625186 0.057168968
vn -0.0849542543 -0.921473145 0.379038215
f 3982//1328 3983//1328 3984//1328
v -0.00866795145 -0.0454389937 0.061622303
v -0.00225003902 -0.0478625186 0.057168968
v -0.00471485779 -0.0460174493 0.061622303
vn -0.137502581 -0.93967545 0.313214093
f 3985//1329 3986//1329 3987//1329
v -0.00225003902 -0.0478625186 0.057168968
v -0.00194256555 -0.047755938 0.0574969836
v -0.00471485779 -0.0460174493 0.061622303
vn -0.0559377819 -0.932970285 0.35558033
f 3988//1330 3989//1330 3990//1330
v -0.00471485779 -0.0460174493 0.061622303
v -0.00194256555 -0.047755938 0.0574969836
v -0.000992099405 -0.0475659072 0.058084663
vn -0.0398390666 -0.930083215 0.365182281
f 3991//1331 3992//1331 3993//1331
v -0.00471485779 -0.0460174493 0.061622303
v -0.000992099405 -0.0475659072 0.058084663
v -0.000724993588 -0.0462213121 0.061622303
vn -0.0476460531 -0.932496309 0.358023018
f 3994//1332 3995//1332 3996//1332
v -0.000724993588 -0.0462213121 0.061622303
v -0.000992099405 -0.0475659072 0.058084663
v -0.000747127575 -0.0475496314 0.0581352338
vn -0.0114122704 -0.934410632 0.356014818
f 3997//1333 3998//1333 3999//1333
v -0.000724993588 -0.0462213121 0.061622303
v -0.000747127575 -0.0475496314 0.0581352338
v -3.17003404e-16 -0.0474999994 0.058289472
vn -0.0114229266 -0.934410512 0.356014818
f 4000//1334 4001//1334 4002//1334
v -0.0221594274 -0.0586447418 0.0173776969
v -0.0203721784 -0.0593421273 0.0173776969
v -0.018629007 -0.0588883609 0.0199999996
vn -0.337176412 -0.864110589 0.37366423
f 4003//1335 4004//1335 4005//1335
v -0.018629007 -0.0588883609 0.0199999996
v -0.0203721784 -0.0593421273 0.0173776969
v -0.0154021624 -0.0608217642 0.0173776969
vn -0.268850535 -0.903053463 0.334983408
f 4006//1336 4007//1336 4008//1336
v -0.018629007 -0.0588883609 0.0199999996
v -0.0154021624 -0.0608217642 0.0173776969
v -0.0115735512 -0.0606706813 0.0199999996
vn -0.226339415 -0.895982265 0.382081449
f 4009//1337 4010//1337 4011//1337
v -0.012556389 -0.0445216 0.061622303
v -0.0132691618 -0.0551353581 0.033568874
v -0.00866795145 -0.0454389937 0.061622303
vn -0.215070069 -0.911589563 0.350356013
f 4012//1338 4013//1338 4014//1338
v -0.00866795145 -0.0454389937 0.061622303
v -0.0132691618 -0.0551353581 0.033568874
v -0.0101602273 -0.0529584587 0.0409677848
vn -0.184501603 -0.919173777 0.347963691
f 4015//1339 4016//1339 4017//1339
v -0.00866795145 -0.0454389937 0.061622303
v -0.0101602273 -0.0529584587 0.0409677848
v -0.00874308869 -0.051966168 0.0443404168
vn -0.18450287 -0.919173539 0.347963691
f 4018//1340 4019//1340 4020//1340
v -0.00518116355 -0.0625273511 0.0173776969
v -0.000970157853 -0.0617570877 0.0199999996
v -0.010326935 -0.0618859269 0.0173776969
vn -0.111070625 -0.89105469 0.440096378
f 4021//1341 4022//1341 4023//1341
v -0.010326935 -0.0618859269 0.0173776969
v -0.000970157853 -0.0617570877 0.0199999996
v -0.0115735512 -0.0606706813 0.0199999996
vn -0.0942212269 -0.919604957 0.381377846
f 4024//1342 4025//1342 4026//1342
v -0.010326935 -0.0618859269 0.0173776969
v -0.0115735512 -0.0606706813 0.0199999996
v -0.0117477421 -0.0615880154 0.0173776969
vn -0.193329096 -0.922030091 0.335386842
f 4027//1343 4028//1343 4029//1343
v -0.0117477421 -0.0615880154 0.0173776969
v -0.0115735512 -0.0606706813 0.0199999996
v -0.0154021624 -0.0608217642 0.0173776969
vn -0.193329334 -0.922030032 0.335386842
f 4030//1344 4031//1344 4032//1344
v -0.00518116355 -0.0625273511 0.0173776969
v -0.000984139508 -0.0627009347 0.0173776969
v -0.000970157853 -0.0617570877 0.0199999996
vn -0.0388826169 -0.940130591 0.338589102
f 4033//1345 4034//1345 4035//1345
v -0.000970157853 -0.0617570877 0.0199999996
v -0.000984139508 -0.0627009347 0.0173776969
v -2.99056629e-16 -0.0627416447 0.0173776969
vn -0.0388894863 -0.940130353 0.338589042
f 4036//1346 4037//1346 4038//1346
v -0.000970157853 -0.0617570877 0.0199999996
v -2.99056629e-16 -0.0627416447 0.0173776969
v -3.00206952e-16 -0.0617647059 0.0199999996
vn -0.00735828839 -0.937056482 0.349100351
f 4039//1347 4040//1347 4041//1347
v -3.00206952e-16 0.0617647059 0.0199999996
v -0.000984139508 0.0627009347 0.0173776969
v -0.000970157853 0.0617570877 0.0199999996
vn -0.00738823414 0.940869987 0.338687301
f 4042//1348 4043//1348 4044//1348
v -0.000970157853 0.0617570877 0.0199999996
v -0.000984139508 0.0627009347 0.0173776969
v -0.00518116355 0.0625273511 0.0173776969
vn -0.0388826169 0.940130591 0.338589102
f 4045//1349 4046//1349 4047//1349
v -0.000970157853 0.0617570877 0.0199999996
v -0.00518116355 0.0625273511 0.0173776969
v -0.0115735512 0.0606706813 0.0199999996
vn -0.0927421823 0.905169427 0.414809763
f 4048//1350 4049//1350 4050//1350
v -0.00518116355 0.0625273511 0.0173776969
v -0.010326935 0.0618859269 0.0173776969
v -0.0115735512 0.0606706813 0.0199999996
vn -0.11480429 0.921007693 0.372242928
f 4051//1351 4052//1351 4053//1351
v -0.0115735512 0.0606706813 0.0199999996
v -0.010326935 0.0618859269 0.0173776969
v -0.0117477421 0.0615880154 0.0173776969
vn -0.193329096 0.922030091 0.335386842
f 4054//1352 4055//1352 4056//1352
v -0.0115735512 0.0606706813 0.0199999996
v -0.0117477421 0.0615880154 0.0173776969
v -0.018629007 0.0588883609 0.0199999996
vn -0.230777875 0.913552225 0.334908724
f 4057//1353 4058//1353 4059//1353
v -0.018629007 0.0588883609 0.0199999996
v -0.0117477421 0.0615880154 0.0173776969
v -0.0154021624 0.0608217642 0.0173776969
vn -0.185790822 0.886077225 0.424675107
f 4060//1354 4061//1354 4062//1354
v -0.018629007 0.0588883609 0.0199999996
v -0.0154021624 0.0608217642 0.0173776969
v -0.0203721784 0.0593421273 0.0173776969
vn -0.268850535 0.903053463 0.334983408
f 4063//1355 4064//1355 4065//1355
v -0.00866795145 0.0454389937 0.061622303
v -0.00471485779 0.0460174493 0.061622303
v -0.00166235038 0.0477031507 0.0576599836
vn -0.138318405 0.94525075 0.295582563
f 4066//1356 4067//1356 4068//1356
v -0.00166235038 0.0477031507 0.0576599836
v -0.00210464955 0.0478013568 0.0573561899
v -0.00866795145 0.0454389937 0.061622303
vn -0.0703996122 0.914611161 0.39815864
f 4069//1357 4070//1357 4071//1357
v -0.00866795145 0.0454389937 0.061622303
v -0.00210464955 0.0478013568 0.0573561899
v -0.00320701441 0.048220247 0.0560701191
vn -0.0878162906 0.922547579 0.37575832
f 4072//1358 4073//1358 4074//1358
v -0.00866795145 0.0454389937 0.061622303
v -0.00320701441 0.048220247 0.0560701191
v -0.00430182321 0.048856359 0.0541413426
vn -0.102159761 0.926019132 0.363389552
f 4075//1359 4076//1359 4077//1359
v -0.00430182321 0.048856359 0.0541413426
v -0.00791020971 0.0513829775 0.0462414473
v -0.00866795145 0.0454389937 0.061622303
vn -0.122153684 0.927793324 0.352530926
f 4078//1360 4079//1360 4080//1360
v -0.00866795145 0.0454389937 0.061622303
v -0.00791020971 0.0513829775 0.0462414473
v -0.010177684 0.0529706813 0.0409056768
vn -0.172753423 0.921577692 0.347636074
f 4081//1361 4082//1361 4083//1361
v -0.00866795145 0.0454389937 0.061622303
v -0.010177684 0.0529706813 0.0409056768
v -0.012556389 0.0445216 0.061622303
vn -0.215315536 0.912630022 0.347484827
f 4084//1362 4085//1362 4086//1362
v -0.000726594706 0.0462526493 0.061622303
v -3.18465409e-16 0.0462583564 0.061622303
v -3.17003404e-16 0.0474999994 0.058289472
vn -0.00736024976 0.93705672 0.349099576
f 4087//1363 4088//1363 4089//1363
v -3.17003404e-16 0.0474999994 0.058289472
v -0.000126434024 0.0475010648 0.0582861453
v -0.000726594706 0.0462526493 0.061622303
vn -0.00132304896 0.936650217 0.350263625
f 4090//1364 4091//1364 4092//1364
v -0.000726594706 0.0462526493 0.061622303
v -0.000126434024 0.0475010648 0.0582861453
v -0.00074730406 0.0475537814 0.05812243
vn -0.0123176333 0.937227249 0.348501652
f 4093//1365 4094//1365 4095//1365
v -0.000726594706 0.0462526493 0.061622303
v -0.00074730406 0.0475537814 0.05812243
v -0.00471485779 0.0460174493 0.061622303
vn -0.055186186 0.935787022 0.348219901
f 4096//1366 4097//1366 4098//1366
v -0.00471485779 0.0460174493 0.061622303
v -0.00074730406 0.0475537814 0.05812243
v -0.00113971357 0.0475871004 0.0580189563
vn -0.0219481755 0.924362183 0.38088429
f 4099//1367 4100//1367 4101//1367
v -0.00471485779 0.0460174493 0.061622303
v -0.00113971357 0.0475871004 0.0580189563
v -0.00166235038 0.0477031507 0.0576599836
vn -0.0427064449 0.93077755 0.363083094
f 4102//1368 4103//1368 4104//1368
v -0.0298617221 0.0551796257 0.0173776969
v -0.0235474203 0.0398165137 0.061622303
v -0.0200239755 0.0416998342 0.061622303
vn -0.44159916 0.826173902 0.349895597
f 4105//1369 4106//1369 4107//1369
v -0.010177684 0.0529706813 0.0409056768
v -0.0125931343 0.0546619967 0.0352216959
v -0.012556389 0.0445216 0.061622303
vn -0.187331036 0.916894257 0.352437168
f 4108//1370 4109//1370 4110//1370
v -0.012556389 0.0445216 0.061622303
v -0.0125931343 0.0546619967 0.0352216959
v -0.018629007 0.0588883609 0.0199999996
vn -0.243848085 0.905214608 0.348029703
f 4111//1371 4112//1371 4113//1371
v -0.012556389 0.0445216 0.061622303
v -0.018629007 0.0588883609 0.0199999996
v -0.0163511671 0.0432721041 0.061622303
vn -0.292982459 0.889801383 0.349878162
f 4114//1372 4115//1372 4116//1372
v -0.0163511671 0.0432721041 0.061622303
v -0.018629007 0.0588883609 0.0199999996
v -0.0221594274 0.0586447418 0.0173776969
vn -0.319415033 0.881342649 0.348151058
f 4117//1373 4118//1373 4119//1373
v -0.0163511671 0.0432721041 0.061622303
v -0.0221594274 0.0586447418 0.0173776969
v -0.0200239755 0.0416998342 0.061622303
vn -0.368957728 0.861881912 0.347893268
f 4120//1374 4121//1374 4122//1374
v -0.0200239755 0.0416998342 0.061622303
v -0.0221594274 0.0586447418 0.0173776969
v -0.0252030306 0.057457123 0.0173776969
vn -0.340438604 0.872468531 0.350571305
f 4123//1375 4124//1375 4125//1375
v -0.0200239755 0.0416998342 0.061622303
v -0.0252030306 0.057457123 0.0173776969
v -0.0298617221 0.0551796257 0.0173776969
vn -0.411722988 0.842192173 0.348132879
f 4126//1376 4127//1376 4128//1376
v -0.0298617221 0.0551796257 0.0173776969
v -0.031910833 0.0539586209 0.0173776969
v -0.0235474203 0.0398165137 0.061622303
vn -0.479866952 0.805321515 0.348116308
f 4129//1377 4130//1377 4131//1377
v -0.0235474203 0.0398165137 0.061622303
v -0.031910833 0.0539586209 0.0173776969
v -0.0343164243 0.0525251999 0.0173776969
vn -0.47986725 0.805321336 0.348116308
f 4132//1378 4133//1378 4134//1378
v -0.0235474203 0.0398165137 0.061622303
v -0.0343164243 0.0525251999 0.0173776969
v -0.0268952195 0.0376361907 0.061622303
vn -0.511236906 0.784983933 0.349909961
f 4135//1379 4136//1379 4137//1379
v -0.0268952195 0.0376361907 0.061622303
v -0.0343164243 0.0525251999 0.0173776969
v -0.0385367125 0.0495119728 0.0173776969
vn -0.544732153 0.762945056 0.348111719
f 4138//1380 4139//1380 4140//1380
v -0.0268952195 0.0376361907 0.061622303
v -0.0385367125 0.0495119728 0.0173776969
v -0.0300424006 0.0351751298 0.061622303
vn -0.577064037 0.737944007 0.349908203
f 4141//1381 4142//1381 4143//1381
v -0.0385367125 0.0495119728 0.0173776969
v -0.0407131426 0.0476686284 0.0173776969
v -0.0300424006 0.0351751298 0.061622303
vn -0.605873883 0.715353072 0.348118991
f 4144//1382 4145//1382 4146//1382
v -0.0300424006 0.0351751298 0.061622303
v -0.0407131426 0.0476686284 0.0173776969
v -0.0424937569 0.0461605266 0.0173776969
vn -0.605873108 0.715353727 0.348118991
f 4147//1383 4148//1383 4149//1383
v -0.0300424006 0.0351751298 0.061622303
v -0.0424937569 0.0461605266 0.0173776969
v -0.032965485 0.032451693 0.061622303
vn -0.638590515 0.685404241 0.349890262
f 4150//1384 4151//1384 4152//1384
v -0.032965485 0.032451693 0.061622303
v -0.0424937569 0.0461605266 0.0173776969
v -0.0461605266 0.0424937569 0.0173776969
vn -0.662872434 0.662872434 0.348138183
f 4153//1385 4154//1385 4155//1385
v -0.032965485 0.032451693 0.061622303
v -0.0461605266 0.0424937569 0.0173776969
v -0.0356426761 0.0294861868 0.061622303
vn -0.695359468 0.627754629 0.349856198
f 4156//1386 4157//1386 4158//1386
v -0.0461605266 0.0424937569 0.0173776969
v -0.0483055748 0.0399611033 0.0173776969
v -0.0356426761 0.0294861868 0.061622303
vn -0.715339124 0.605861366 0.348169327
f 4159//1387 4160//1387 4161//1387
v -0.0356426761 0.0294861868 0.061622303
v -0.0483055748 0.0399611033 0.0173776969
v -0.0495119691 0.0385367125 0.0173776969
vn -0.715339959 0.605860412 0.348169327
f 4162//1388 4163//1388 4164//1388
v -0.0356426761 0.0294861868 0.061622303
v -0.0495119691 0.0385367125 0.0173776969
v -0.0380539969 0.0263007376 0.061622303
vn -0.746947825 0.565424442 0.349805951
f 4165//1389 4166//1389 4167//1389
v -0.0380539969 0.0263007376 0.061622303
v -0.0495119691 0.0385367125 0.0173776969
v -0.0525251999 0.0343164243 0.0173776969
vn -0.7629143 0.544710875 0.348212361
f 4168//1390 4169//1390 4170//1390
v -0.0380539969 0.0263007376 0.061622303
v -0.0525251999 0.0343164243 0.0173776969
v -0.0401814654 0.0229191035 0.061622303
vn -0.792971194 0.498877555 0.349739671
f 4171//1391 4172//1391 4173//1391
v -0.0525251999 0.0343164243 0.0173776969
v -0.0544630699 0.0310642608 0.0173776969
v -0.0401814654 0.0229191035 0.061622303
vn -0.805272996 0.479838818 0.348267376
f 4174//1392 4175//1392 4176//1392
v -0.0401814654 0.0229191035 0.061622303
v -0.0544630699 0.0310642608 0.0173776969
v -0.0551796257 0.0298617203 0.0173776969
vn -0.80527389 0.479837269 0.348267376
f 4177//1393 4178//1393 4179//1393
v -0.0401814654 0.0229191035 0.061622303
v -0.0551796257 0.0298617203 0.0173776969
v -0.0420092121 0.0193665121 0.061622303
vn -0.833087206 0.428608894 0.349657148
f 4180//1394 4181//1394 4182//1394
v -0.0420092121 0.0193665121 0.061622303
v -0.0551796257 0.0298617203 0.0173776969
v -0.057457123 0.0252030306 0.0173776969
vn -0.842124939 0.411690265 0.348334193
f 4183//1395 4184//1395 4185//1395
v -0.0420092121 0.0193665121 0.061622303
v -0.057457123 0.0252030306 0.0173776969
v -0.0435235985 0.0156694595 0.061622303
vn -0.8669976 0.355139464 0.349558532
f 4186//1396 4187//1396 4188//1396
v -0.0435235985 0.0156694595 0.061622303
v -0.057457123 0.0252030306 0.0173776969
v -0.0590029284 0.0212414712 0.0173776969
vn -0.873218596 0.340730995 0.34841302
f 4189//1397 4190//1397 4191//1397
v -0.0435235985 0.0156694595 0.061622303
v -0.0590029284 0.0212414712 0.0173776969
v -0.0588883609 0.0186290052 0.0199999996
vn -0.884187341 0.311049432 0.348512501
f 4192//1398 4193//1398 4194//1398
v -0.0588883609 0.0186290052 0.0199999996
v -0.0590029284 0.0212414712 0.0173776969
v -0.0593421273 0.0203721784 0.0173776969
vn -0.864110351 0.337176681 0.373664588
f 4195//1399 4196//1399 4197//1399
v -0.0588883609 0.0186290052 0.0199999996
v -0.0593421273 0.0203721784 0.0173776969
v -0.0608217642 0.0154021624 0.0173776969
vn -0.903053403 0.268850476 0.334983557
f 4198//1400 4199//1400 4200//1400
v -0.0380539969 -0.0263007376 0.061622303
v -0.0495119691 -0.0385367125 0.0173776969
v -0.0356426761 -0.0294861868 0.061622303
vn -0.746947825 -0.565424442 0.349805951
f 4201//1401 4202//1401 4203//1401
v -0.0356426761 -0.0294861868 0.061622303
v -0.0495119691 -0.0385367125 0.0173776969
v -0.0483055748 -0.0399611033 0.0173776969
vn -0.715339959 -0.605860412 0.348169327
f 4204//1402 4205//1402 4206//1402
v -0.0356426761 -0.0294861868 0.061622303
v -0.0483055748 -0.0399611033 0.0173776969
v -0.032965485 -0.032451693 0.061622303
vn -0.69589889 -0.628241599 0.347903997
f 4207//1403 4208//1403 4209//1403
v -0.0590029284 -0.0212414712 0.0173776969
v -0.057457123 -0.0252030306 0.0173776969
v -0.0420092121 -0.0193665121 0.061622303
vn -0.872786999 -0.340562582 0.349656969
f 4210//1404 4211//1404 4212//1404
v -0.0420092121 -0.0193665121 0.061622303
v -0.057457123 -0.0252030306 0.0173776969
v -0.0551796257 -0.0298617203 0.0173776969
vn -0.842124939 -0.411690265 0.348334193
f 4213//1405 4214//1405 4215//1405
v -0.0420092121 -0.0193665121 0.061622303
v -0.0551796257 -0.0298617203 0.0173776969
v -0.0401814654 -0.0229191035 0.061622303
vn -0.833087206 -0.428608894 0.349657148
f 4216//1406 4217//1406 4218//1406
v -0.0401814654 -0.0229191035 0.061622303
v -0.0551796257 -0.0298617203 0.0173776969
v -0.0544630699 -0.0310642608 0.0173776969
vn -0.80527389 -0.479837269 0.348267376
f 4219//1407 4220//1407 4221//1407
v -0.0401814654 -0.0229191035 0.061622303
v -0.0544630699 -0.0310642608 0.0173776969
v -0.0380539969 -0.0263007376 0.061622303
vn -0.793507814 -0.499215126 0.348036796
f 4222//1408 4223//1408 4224//1408
v -0.0380539969 -0.0263007376 0.061622303
v -0.0544630699 -0.0310642608 0.0173776969
v -0.0525251999 -0.0343164243 0.0173776969
vn -0.804697931 -0.479496151 0.35006386
f 4225//1409 4226//1409 4227//1409
v -0.0380539969 -0.0263007376 0.061622303
v -0.0525251999 -0.0343164243 0.0173776969
v -0.0495119691 -0.0385367125 0.0173776969
vn -0.7629143 -0.544710875 0.348212361
f 4228//1410 4229//1410 4230//1410
v -0.0235474203 -0.0398165137 0.061622303
v -0.0268952195 -0.0376361907 0.061622303
v -0.0343164243 -0.0525251999 0.0173776969
vn -0.511236906 -0.784983933 0.349909961
f 4231//1411 4232//1411 4233//1411
v -0.0483055748 -0.0399611033 0.0173776969
v -0.0461605266 -0.0424937569 0.0173776969
v -0.032965485 -0.032451693 0.061622303
vn -0.714670956 -0.605295479 0.350517958
f 4234//1412 4235//1412 4236//1412
v -0.032965485 -0.032451693 0.061622303
v -0.0461605266 -0.0424937569 0.0173776969
v -0.0424937569 -0.0461605266 0.0173776969
vn -0.662872434 -0.662872434 0.348138183
f 4237//1413 4238//1413 4239//1413
v -0.032965485 -0.032451693 0.061622303
v -0.0424937569 -0.0461605266 0.0173776969
v -0.0300424006 -0.0351751298 0.061622303
vn -0.638590515 -0.685404241 0.349890262
f 4240//1414 4241//1414 4242//1414
v -0.0300424006 -0.0351751298 0.061622303
v -0.0424937569 -0.0461605266 0.0173776969
v -0.0407131426 -0.0476686284 0.0173776969
vn -0.605873108 -0.715353727 0.348118991
f 4243//1415 4244//1415 4245//1415
v -0.0300424006 -0.0351751298 0.061622303
v -0.0407131426 -0.0476686284 0.0173776969
v -0.0268952195 -0.0376361907 0.061622303
vn -0.577539206 -0.738551676 0.347836018
f 4246//1416 4247//1416 4248//1416
v -0.0268952195 -0.0376361907 0.061622303
v -0.0407131426 -0.0476686284 0.0173776969
v -0.0385367125 -0.0495119728 0.0173776969
vn -0.605174482 -0.714527369 0.351019204
f 4249//1417 4250//1417 4251//1417
v -0.0268952195 -0.0376361907 0.061622303
v -0.0385367125 -0.0495119728 0.0173776969
v -0.0343164243 -0.0525251999 0.0173776969
vn -0.544732153 -0.762945056 0.348111719
f 4252//1418 4253//1418 4254//1418
v -0.0343164243 -0.0525251999 0.0173776969
v -0.031910833 -0.0539586209 0.0173776969
v -0.0235474203 -0.0398165137 0.061622303
vn -0.47986725 -0.805321336 0.348116308
f 4255//1419 4256//1419 4257//1419
v -0.0235474203 -0.0398165137 0.061622303
v -0.031910833 -0.0539586209 0.0173776969
v -0.0298617221 -0.0551796257 0.0173776969
vn -0.479866952 -0.805321515 0.348116308
f 4258//1420 4259//1420 4260//1420
v -0.0235474203 -0.0398165137 0.061622303
v -0.0298617221 -0.0551796257 0.0173776969
v -0.0200239755 -0.0416998342 0.061622303
vn -0.44159916 -0.826173902 0.349895597
f 4261//1421 4262//1421 4263//1421
v -0.0200239755 -0.0416998342 0.061622303
v -0.0298617221 -0.0551796257 0.0173776969
v -0.0252030306 -0.057457123 0.0173776969
vn -0.411722988 -0.842192173 0.348132879
f 4264//1422 4265//1422 4266//1422
v -0.0200239755 -0.0416998342 0.061622303
v -0.0252030306 -0.057457123 0.0173776969
v -0.0163511671 -0.0432721041 0.061622303
vn -0.368668854 -0.861207128 0.349865139
f 4267//1423 4268//1423 4269//1423
v -0.0163511671 -0.0432721041 0.061622303
v -0.0252030306 -0.057457123 0.0173776969
v -0.0221594274 -0.0586447418 0.0173776969
vn -0.340765238 -0.873305619 0.348161399
f 4270//1424 4271//1424 4272//1424
v -0.0163511671 -0.0432721041 0.061622303
v -0.0221594274 -0.0586447418 0.0173776969
v -0.012556389 -0.0445216 0.061622303
vn -0.293213457 -0.890502989 0.347894162
f 4273//1425 4274//1425 4275//1425
v -0.012556389 -0.0445216 0.061622303
v -0.0221594274 -0.0586447418 0.0173776969
v -0.018629007 -0.0588883609 0.0199999996
vn -0.32107088 -0.879799187 0.35052374
f 4276//1426 4277//1426 4278//1426
v -0.012556389 -0.0445216 0.061622303
v -0.018629007 -0.0588883609 0.0199999996
v -0.0132691618 -0.0551353581 0.033568874
vn -0.248809889 -0.903775811 0.348256975
f 4279//1427 4280//1427 4281//1427
v 0.0506113023 0.0390850417 2.94736397e-17
v 0.0502356812 0.0396532044 2.94145757e-17
v 0.0501985475 0.0396250933 0.0103955166
vn 0.834173083 0.551484585 0.00447103661
f 4282//1428 4283//1428 4284//1428
v 0.0501985475 0.0396250933 0.0103955166
v 0.0502356812 0.0396532044 2.94145757e-17
v 0.0492981635 0.0408128798 2.92190765e-17
vn 0.777652442 0.628678441 0.00447788369
f 4285//1429 4286//1429 4287//1429
v 0.0501985475 0.0396250933 0.0103955166
v 0.0492981635 0.0408128798 2.92190765e-17
v 0.0492981635 0.0408128798 0.00700000022
vn 0.796915829 0.604090333 4.61977275e-16
f 4288//1430 4289//1430 4290//1430
v 0.0492981635 0.0408128798 0.00700000022
v 0.0491630919 0.040975485 0.00857551768
v 0.0501985475 0.0396250933 0.0103955166
vn 0.790566146 0.612359524 0.00457638642
f 4291//1431 4292//1431 4293//1431
v 0.0501985475 0.0396250933 0.0103955166
v 0.0491630919 0.040975485 0.00857551768
v 0.0490315482 0.0411317684 0.0090585174
vn 0.784791708 0.619617999 0.0132472711
f 4294//1432 4295//1432 4296//1432
v 0.0501985475 0.0396250933 0.0103955166
v 0.0490315482 0.0411317684 0.0090585174
v 0.0493128486 0.0407951362 0.0103955166
vn 0.797221422 0.603480577 -0.0157874022
f 4297//1433 4298//1433 4299//1433
v 0.0493128486 0.0407951362 0.0103955166
v 0.0490315482 0.0411317684 0.0090585174
v 0.048763141 0.0414506458 0.0100440225
vn 0.766059756 0.642768979 0.000661013764
f 4300//1434 4301//1434 4302//1434
v 0.0493128486 0.0407951362 0.0103955166
v 0.048763141 0.0414506458 0.0100440225
v 0.0486173406 0.0416215584 0.0103955166
vn 0.765098691 0.643898845 0.00427115196
f 4303//1435 4304//1435 4305//1435
v -2.95993758e-16 -0.064000003 0.0103955166
v -2.91433544e-16 -0.064000003 -1.19075346e-17
v 0.00100526831 -0.0639921054 0.0103955166
vn 0.00785598438 -0.999969125 -1.82603297e-16
f 4306//1436 4307//1436 4308//1436
v 0.00100526831 -0.0639921054 0.0103955166
v -2.91433544e-16 -0.064000003 -1.19075346e-17
v 0.00342182978 -0.0639084578 -1.03894481e-17
vn 0.0267436989 -0.999640644 -0.00182673126
f 4309//1437 4310//1437 4311//1437
v 0.0501985475 0.0396250933 0.0103955166
v 0.0526489951 0.0363879576 0.0103955166
v 0.0506113023 0.0390850417 2.94736397e-17
vn 0.797320604 0.603555918 0.000302679691
f 4312//1438 4313//1438 4314//1438
v 0.0506113023 0.0390850417 2.94736397e-17
v 0.0526489951 0.0363879576 0.0103955166
v 0.0555924177 0.0317093544 0.0103955166
vn 0.846099794 0.532301903 -0.027745476
f 4315//1439 4316//1439 4317//1439
v 0.0506113023 0.0390850417 2.94736397e-17
v 0.0555924177 0.0317093544 0.0103955166
v 0.0561624393 0.0306884423 3.0346527e-17
vn 0.834151089 0.55147171 -0.00841901544
f 4318//1440 4319//1440 4320//1440
v 0.0604753755 0.0208489373 0.0103955166
v 0.0605056062 0.0208583698 3.04228063e-17
v 0.060216371 0.0216792263 0.0103955166
vn 0.954626262 0.297790945 0.00304630771
f 4321//1441 4322//1441 4323//1441
v 0.060216371 0.0216792263 0.0103955166
v 0.0605056062 0.0208583698 3.04228063e-17
v 0.059391059 0.0233809706 3.04032319e-17
vn 0.914679587 0.404128015 -0.00646177819
f 4324//1442 4325//1442 4326//1442
v 0.060216371 0.0216792263 0.0103955166
v 0.059391059 0.0233809706 3.04032319e-17
v 0.0581211634 0.0267942231 0.0103955166
vn 0.925314844 0.379027933 -0.0114149991
f 4327//1443 4328//1443 4329//1443
v 0.0581211634 0.0267942231 0.0103955166
v 0.059391059 0.0233809706 3.04032319e-17
v 0.0561624393 0.0306884423 3.0346527e-17
vn 0.914498031 0.404047579 -0.0209512878
f 4330//1444 4331//1444 4332//1444
v 0.0581211634 0.0267942231 0.0103955166
v 0.0561624393 0.0306884423 3.0346527e-17
v 0.0561270304 0.0306702238 0.0103955166
vn 0.889210224 0.457482755 0.00383055583
f 4333//1445 4334//1445 4335//1445
v 0.0561270304 0.0306702238 0.0103955166
v 0.0561624393 0.0306884423 3.0346527e-17
v 0.0555924177 0.0317093544 0.0103955166
vn 0.889210761 0.457481802 0.00383055583
f 4336//1446 4337//1446 4338//1446
v 0.0631207749 0.0104373014 0.0103955166
v 0.0631427169 0.0104401605 2.96412662e-17
v 0.0630469918 0.0110034626 0.0103955166
vn 0.991612554 0.129228637 0.00212855288
f 4339//1447 4340//1447 4341//1447
v 0.0630469918 0.0110034626 0.0103955166
v 0.0631427169 0.0104401605 2.96412662e-17
v 0.0605056062 0.0208583698 3.04228063e-17
vn 0.969416142 0.245383933 -0.00436994759
f 4342//1448 4343//1448 4344//1448
v 0.0630469918 0.0110034626 0.0103955166
v 0.0605056062 0.0208583698 3.04228063e-17
v 0.0618624091 0.0164025202 0.0103955166
vn 0.976146758 0.214172602 -0.0356036052
f 4345//1449 4346//1449 4347//1449
v 0.0618624091 0.0164025202 0.0103955166
v 0.0605056062 0.0208583698 3.04228063e-17
v 0.0604753755 0.0208489373 0.0103955166
vn 0.954626501 0.29779011 0.00304630771
f 4348//1450 4349//1450 4350//1450
v 0.0631207749 0.0104373014 0.0103955166
v 0.0637613013 0.0055223275 0.0103955166
v 0.0631427169 0.0104401605 2.96412662e-17
vn 0.991612554 0.129228368 0.00212855288
f 4351//1451 4352//1451 4353//1451
v 0.0631427169 0.0104401605 2.96412662e-17
v 0.0637613013 0.0055223275 0.0103955166
v 0.0639999956 4.06261777e-16 0.0103955166
vn 0.998307467 0.0431503281 -0.0389909782
f 4354//1452 4355//1452 4356//1452
v 0.0631427169 0.0104401605 2.96412662e-17
v 0.0639999956 4.06261777e-16 0.0103955166
v 0.0639994144 -0.000272424746 2.80239428e-17
vn 0.996815264 0.079716444 -0.00214477326
f 4357//1453 4358//1453 4359//1453
v 0.0603132136 -0.0213687699 0.0103955166
v 0.0603258424 -0.0213727094 2.24866369e-17
v 0.0618624091 -0.0164025202 0.0103955166
vn 0.954630017 -0.297791809 0.00127255986
f 4360//1454 4361//1454 4362//1454
v 0.0618624091 -0.0164025202 0.0103955166
v 0.0603258424 -0.0213727094 2.24866369e-17
v 0.0617923848 -0.0157795716 2.4170598e-17
vn 0.967073321 -0.253570378 -0.0217093527
f 4363//1455 4364//1455 4365//1455
v 0.0639999956 4.06261777e-16 0.0103955166
v 0.063988246 -0.000271941739 0.0103955166
v 0.0639994144 -0.000272424746 2.80239428e-17
vn 0.999067366 -0.0431658886 0.00107535336
f 4366//1456 4367//1456 4368//1456
v 0.0639994144 -0.000272424746 2.80239428e-17
v 0.063988246 -0.000271941739 0.0103955166
v 0.0637613013 -0.0055223275 0.0103955166
vn 0.999066532 -0.0431840345 0.00107535336
f 4369//1457 4370//1457 4371//1457
v 0.0639994144 -0.000272424746 2.80239428e-17
v 0.0637613013 -0.0055223275 0.0103955166
v 0.0630515516 -0.0109773288 2.56164402e-17
vn 0.995867789 -0.0881788507 -0.0217210185
f 4372//1458 4373//1458 4374//1458
v 0.0630515516 -0.0109773288 2.56164402e-17
v 0.0637613013 -0.0055223275 0.0103955166
v 0.0630504191 -0.0109771816 0.0103955166
vn 0.991614878 -0.129228279 0.00010985582
f 4375//1459 4376//1459 4377//1459
v 0.0630515516 -0.0109773288 2.56164402e-17
v 0.0630504191 -0.0109771816 0.0103955166
v 0.0617923848 -0.0157795716 2.4170598e-17
vn 0.967301071 -0.253630847 0.000108967994
f 4378//1460 4379//1460 4380//1460
v 0.0617923848 -0.0157795716 2.4170598e-17
v 0.0630504191 -0.0109771816 0.0103955166
v 0.0630469918 -0.0110034626 0.0103955166
vn 0.989808083 -0.129079476 -0.0601534508
f 4381//1461 4382//1461 4383//1461
v 0.0617923848 -0.0157795716 2.4170598e-17
v 0.0630469918 -0.0110034626 0.0103955166
v 0.0618624091 -0.0164025202 0.0103955166
vn 0.976581872 -0.214268059 -0.019418221
f 4384//1462 4385//1462 4386//1462
v 0.0558778755 -0.0311545078 0.0103955166
v 0.0558991469 -0.0311654508 1.87227865e-17
v 0.0581211634 -0.0267942231 0.0103955166
vn 0.889214456 -0.457484812 0.00230109948
f 4387//1463 4388//1463 4389//1463
v 0.0581211634 -0.0267942231 0.0103955166
v 0.0558991469 -0.0311654508 1.87227865e-17
v 0.0603258424 -0.0213727094 2.24866369e-17
vn 0.911013246 -0.411812991 -0.0215629544
f 4390//1464 4391//1464 4392//1464
v 0.0581211634 -0.0267942231 0.0103955166
v 0.0603258424 -0.0213727094 2.24866369e-17
v 0.060216371 -0.0216792263 0.0103955166
vn 0.92537415 -0.379052222 -0.00143176364
f 4393//1465 4394//1465 4395//1465
v 0.060216371 -0.0216792263 0.0103955166
v 0.0603258424 -0.0213727094 2.24866369e-17
v 0.0603132136 -0.0213687699 0.0103955166
vn 0.954632282 -0.297784537 0.00127255986
f 4396//1466 4397//1466 4398//1466
v 0.0424584821 -0.0478332229 0.0103955166
v 0.0424865149 -0.0478633083 9.73234322e-18
v 0.045608867 -0.0448980108 0.0103955166
vn 0.681673825 -0.731645525 0.00395565853
f 4399//1467 4400//1467 4401//1467
v 0.045608867 -0.0448980108 0.0103955166
v 0.0424865149 -0.0478633083 9.73234322e-18
v 0.046601817 -0.0435402319 1.23419343e-17
vn 0.724140286 -0.689336896 -0.0208678376
f 4402//1468 4403//1468 4404//1468
v 0.045608867 -0.0448980108 0.0103955166
v 0.046601817 -0.0435402319 1.23419343e-17
v 0.0493128486 -0.0407951362 0.0103955166
vn 0.742165685 -0.670010269 -0.016621815
f 4405//1469 4406//1469 4407//1469
v 0.0493128486 -0.0407951362 0.0103955166
v 0.046601817 -0.0435402319 1.23419343e-17
v 0.0498962849 -0.0400794335 1.44310178e-17
vn 0.724281073 -0.689471126 -0.00681876019
f 4408//1470 4409//1470 4410//1470
v 0.0493128486 -0.0407951362 0.0103955166
v 0.0498962849 -0.0400794335 1.44310178e-17
v 0.0498697981 -0.040059384 0.0103955166
vn 0.79731679 -0.60355258 0.00319554261
f 4411//1471 4412//1471 4413//1471
v 0.0498697981 -0.040059384 0.0103955166
v 0.0498962849 -0.0400794335 1.44310178e-17
v 0.0506113023 -0.0390176661 1.4942222e-17
vn 0.829450965 -0.558570385 0.00319066178
f 4414//1472 4415//1472 4416//1472
v 0.0498697981 -0.040059384 0.0103955166
v 0.0506113023 -0.0390176661 1.4942222e-17
v 0.0526489951 -0.0363879576 0.0103955166
vn 0.797315478 -0.603551984 -0.00360907195
f 4417//1473 4418//1473 4419//1473
v 0.0526489951 -0.0363879576 0.0103955166
v 0.0506113023 -0.0390176661 1.4942222e-17
v 0.0558991469 -0.0311654508 1.87227865e-17
vn 0.82926774 -0.558446109 -0.0212824885
f 4420//1474 4421//1474 4422//1474
v 0.0526489951 -0.0363879576 0.0103955166
v 0.0558991469 -0.0311654508 1.87227865e-17
v 0.0555924177 -0.0317093544 0.0103955166
vn 0.846422136 -0.532504678 -0.0028867037
f 4423//1475 4424//1475 4425//1475
v 0.0555924177 -0.0317093544 0.0103955166
v 0.0558991469 -0.0311654508 1.87227865e-17
v 0.0558778755 -0.0311545078 0.0103955166
vn 0.889214933 -0.457483858 0.00230109948
f 4426//1476 4427//1476 4428//1476
v 0.0338527746 -0.0542576909 0.0103955166
v 0.033878766 -0.0542975999 4.75924776e-18
v 0.0372104459 -0.0520709418 0.0103955166
vn 0.545730293 -0.837948382 0.004581396
f 4429//1477 4430//1477 4431//1477
v 0.0372104459 -0.0520709418 0.0103955166
v 0.033878766 -0.0542975999 4.75924776e-18
v 0.0424865149 -0.0478633083 9.73234322e-18
vn 0.598594069 -0.80079478 -0.0203190912
f 4432//1478 4433//1478 4434//1478
v 0.0372104459 -0.0520709418 0.0103955166
v 0.0424865149 -0.0478633083 9.73234322e-18
v 0.0415646769 -0.0486659817 0.0103955166
vn 0.615993559 -0.78772682 -0.00619893102
f 4435//1479 4436//1479 4437//1479
v 0.0415646769 -0.0486659817 0.0103955166
v 0.0424865149 -0.0478633083 9.73234322e-18
v 0.0424584821 -0.0478332229 0.0103955166
vn 0.681674242 -0.731645107 0.00395565853
f 4438//1480 4439//1480 4440//1480
v 0.0338527746 -0.0542576909 0.0103955166
v 0.0325786509 -0.0550874881 0.0103955166
v 0.033878766 -0.0542975999 4.75924776e-18
vn 0.545729876 -0.83794862 0.004581396
f 4441//1481 4442//1481 4443//1481
v 0.033878766 -0.0542975999 4.75924776e-18
v 0.0325786509 -0.0550874881 0.0103955166
v 0.027703844 -0.0576931275 0.0103955166
vn 0.471381694 -0.881892502 -0.00805597287
f 4444//1482 4445//1482 4446//1482
v 0.033878766 -0.0542975999 4.75924776e-18
v 0.027703844 -0.0576931275 0.0103955166
v 0.0243157484 -0.0592008792 -3.48041594e-19
vn 0.45616743 -0.889677286 -0.019636007
f 4447//1483 4448//1483 4449//1483
v 0.0243157484 -0.0592008792 -3.48041594e-19
v 0.027703844 -0.0576931275 0.0103955166
v 0.0242949966 -0.059152402 0.0103955166
vn 0.393535972 -0.919295251 0.00507251499
f 4450//1484 4451//1484 4452//1484
v 0.0243157484 -0.0592008792 -3.48041594e-19
v 0.0242949966 -0.059152402 0.0103955166
v 0.0228506401 -0.0596632063 -1.0767591e-18
vn 0.300927103 -0.953633785 0.00504777767
f 4453//1485 4454//1485 4455//1485
v 0.0228506401 -0.0596632063 -1.0767591e-18
v 0.0242949966 -0.059152402 0.0103955166
v 0.0226223897 -0.0598684177 0.0103955166
vn 0.39352265 -0.919265747 -0.00950621907
f 4456//1486 4457//1486 4458//1486
v 0.0228506401 -0.0596632063 -1.0767591e-18
v 0.0226223897 -0.0598684177 0.0103955166
v 0.0181389656 -0.0611499995 -3.42025535e-18
vn 0.300905704 -0.953575611 -0.0122170635
f 4459//1487 4460//1487 4461//1487
v 0.0181389656 -0.0611499995 -3.42025535e-18
v 0.0226223897 -0.0598684177 0.0103955166
v 0.0173721872 -0.0615971349 0.0103955166
vn 0.312699884 -0.949685514 -0.0177832935
f 4462//1488 4463//1488 4464//1488
v 0.0181389656 -0.0611499995 -3.42025535e-18
v 0.0173721872 -0.0615971349 0.0103955166
v 0.0140671125 -0.0624348968 -5.44551774e-18
vn 0.300875485 -0.95347774 -0.0188185815
f 4465//1489 4466//1489 4467//1489
v 0.0140671125 -0.0624348968 -5.44551774e-18
v 0.0173721872 -0.0615971349 0.0103955166
v 0.0140541513 -0.0623799562 0.0103955166
vn 0.22962147 -0.973264873 0.00543002458
f 4468//1490 4469//1490 4470//1490
v 0.0140541513 -0.0623799562 0.0103955166
v 0.0119924042 -0.0628663823 0.0103955166
v 0.0140671125 -0.0624348968 -5.44551774e-18
vn 0.22962147 -0.973264873 0.00543002458
f 4471//1491 4472//1491 4473//1491
v 0.0140671125 -0.0624348968 -5.44551774e-18
v 0.0119924042 -0.0628663823 0.0103955166
v 0.00652316539 -0.0636666939 0.0103955166
vn 0.14477697 -0.98938942 -0.0121722864
f 4474//1492 4475//1492 4476//1492
v 0.0140671125 -0.0624348968 -5.44551774e-18
v 0.00652316539 -0.0636666939 0.0103955166
v 0.00342182978 -0.0639084578 -1.03894481e-17
vn 0.137094542 -0.990396798 -0.0178667363
f 4477//1493 4478//1493 4479//1493
v 0.00342182978 -0.0639084578 -1.03894481e-17
v 0.00652316539 -0.0636666939 0.0103955166
v 0.00341837038 -0.0638497993 0.0103955166
vn 0.0588718317 -0.998249531 0.00565237924
f 4480//1494 4481//1494 4482//1494
v 0.00342182978 -0.0639084578 -1.03894481e-17
v 0.00341837038 -0.0638497993 0.0103955166
v 0.00100526831 -0.0639921054 0.0103955166
vn 0.0588690415 -0.99824971 0.00565237924
f 4483//1495 4484//1495 4485//1495
v -0.00897415448 0.0451161228 4.45739715e-18
v -0.0163099039 0.0428908467 8.25399848e-19
v -0.0163099039 0.0500809699 2.16315981e-18
vn 4.38670052e-16 1.86055221e-16 -1
f 4486//1496 4487//1496 4488//1496
v 0.0558991469 -0.0311654508 1.87227865e-17
v 0.0506113023 -0.0390176661 1.4942222e-17
v 0.0506113023 -0.0157795716 1.92657909e-17
vn 4.38670052e-16 1.86055221e-16 -1
f 4489//1497 4490//1497 4491//1497
v -0.0620181002 -0.0157795716 -3.01413564e-17
v -0.0611499995 -0.0157795716 -2.97605456e-17
v -0.0611499995 -0.0183082633 -3.02310228e-17
vn 4.38670052e-16 1.86055221e-16 -1
f 4492//1498 4493//1498 4494//1498
v -0.0620416142 0.015711071 -2.42926733e-17
v -0.0611499995 0.0183082633 -2.34183269e-17
v -0.0611499995 -0.0157795716 -2.97605456e-17
vn 4.38670052e-16 1.86055221e-16 -1
f 4495//1499 4496//1499 4497//1499
v -0.0470863283 0.0433460213 -1.25906096e-17
v -0.0430099033 0.0470986366 -1.01042105e-17
v -0.0430099033 0.0233809706 -1.45170065e-17
vn 4.38670052e-16 1.86055221e-16 -1
f 4498//1500 4499//1500 4500//1500
v -0.00164999999 0.0521421172 8.97750782e-18
v -2.91433544e-16 0.0516999997 9.61905504e-18
v -0.0163099039 0.0500809699 2.16315981e-18
vn 4.38670052e-16 1.86055221e-16 -1
f 4501//1501 4502//1501 4503//1501
v -0.0163099039 0.0500809699 2.16315981e-18
v -2.91433544e-16 0.0516999997 9.61905504e-18
v 0.0217966978 0.0500809699 1.8879385e-17
vn 4.38670052e-16 1.86055221e-16 -1
f 4504//1502 4505//1502 4506//1502
v -2.91433544e-16 0.0516999997 9.61905504e-18
v 0.00164999999 0.0521421172 1.04251186e-17
v 0.0217966978 0.0500809699 1.8879385e-17
vn 4.38670052e-16 1.86055221e-16 -1
f 4507//1503 4508//1503 4509//1503
v 0.0217966978 0.0500809699 1.8879385e-17
v 0.00164999999 0.0521421172 1.04251186e-17
v 0.00285788369 0.0533500016 1.11797149e-17
vn 4.38670052e-16 1.86055221e-16 -1
f 4510//1504 4511//1504 4512//1504
v 0.0217966978 0.0500809699 1.8879385e-17
v 0.00285788369 0.0533500016 1.11797149e-17
v 0.022627417 0.0509116873 1.93983565e-17
vn 4.38670052e-16 1.86055221e-16 -1
f 4513//1505 4514//1505 4515//1505
v 0.022627417 0.0509116873 1.93983565e-17
v 0.00285788369 0.0533500016 1.11797149e-17
v 0.00329999998 0.0549999997 1.16806489e-17
vn 4.38670052e-16 1.86055221e-16 -1
f 4516//1506 4517//1506 4518//1506
v 0.0175506398 0.0615465268 1.91499938e-17
v 0.0228506401 0.0595749281 2.11081189e-17
v 0.0228506401 0.0510608405 1.95240284e-17
vn 4.38670052e-16 1.86055221e-16 -1
f 4519//1507 4520//1507 4521//1507
v -0.0163099039 0.0616644807 4.31833237e-18
v -0.0105340537 0.0631271228 7.12415672e-18
v -0.00164999999 0.0578578822 1.0040956e-17
vn 4.38670052e-16 1.86055221e-16 -1
f 4522//1508 4523//1508 4524//1508
v -0.00285788393 0.0566500016 9.28636052e-18
v -0.00329999998 0.0549999997 8.78542573e-18
v -0.0163099039 0.0500809699 2.16315981e-18
vn 4.38670052e-16 1.86055221e-16 -1
f 4525//1509 4526//1509 4527//1509
v -0.0163099039 0.0500809699 2.16315981e-18
v -0.00329999998 0.0549999997 8.78542573e-18
v -0.00285788393 0.0533500016 8.67237826e-18
vn 4.38670052e-16 1.86055221e-16 -1
f 4528//1510 4529//1510 4530//1510
v -0.0163099039 0.0500809699 2.16315981e-18
v -0.00285788393 0.0533500016 8.67237826e-18
v -0.00164999999 0.0521421172 8.97750782e-18
vn 4.38670052e-16 1.86055221e-16 -1
f 4531//1511 4532//1511 4533//1511
v -0.00164999999 0.0578578822 1.0040956e-17
v -0.0105340537 0.0631271228 7.12415672e-18
v -2.91433544e-16 0.0582999997 1.08470196e-17
vn 4.38670052e-16 1.86055221e-16 -1
f 4534//1512 4535//1512 4536//1512
v -2.91433544e-16 0.0582999997 1.08470196e-17
v -0.0105340537 0.0631271228 7.12415672e-18
v -2.91433544e-16 0.064000003 1.19075346e-17
vn 4.38670052e-16 1.86055221e-16 -1
f 4537//1513 4538//1513 4539//1513
v -2.91433544e-16 0.0582999997 1.08470196e-17
v -2.91433544e-16 0.064000003 1.19075346e-17
v 0.00164999999 0.0578578822 1.14885668e-17
vn 4.38670052e-16 1.86055221e-16 -1
f 4540//1514 4541//1514 4542//1514
v 0.00164999999 0.0578578822 1.14885668e-17
v -2.91433544e-16 0.064000003 1.19075346e-17
v 0.00773063954 0.0635313913 1.52115471e-17
vn 4.38670052e-16 1.86055221e-16 -1
f 4543//1515 4544//1515 4545//1515
v 0.00164999999 0.0578578822 1.14885668e-17
v 0.00773063954 0.0635313913 1.52115471e-17
v 0.00285788369 0.0566500016 1.17936972e-17
vn 4.38670052e-16 1.86055221e-16 -1
f 4546//1516 4547//1516 4548//1516
v 0.00285788369 0.0566500016 1.17936972e-17
v 0.00773063954 0.0635313913 1.52115471e-17
v 0.0175506398 0.0615465268 1.91499938e-17
vn 4.38670052e-16 1.86055221e-16 -1
f 4549//1517 4550//1517 4551//1517
v 0.00285788369 0.0566500016 1.17936972e-17
v 0.0175506398 0.0615465268 1.91499938e-17
v 0.00329999998 0.0549999997 1.16806489e-17
vn 4.38670052e-16 1.86055221e-16 -1
f 4552//1518 4553//1518 4554//1518
v 0.00329999998 0.0549999997 1.16806489e-17
v 0.0175506398 0.0615465268 1.91499938e-17
v 0.0228506401 0.0510608405 1.95240284e-17
vn 4.38670052e-16 1.86055221e-16 -1
f 4555//1519 4556//1519 4557//1519
v 0.00329999998 0.0549999997 1.16806489e-17
v 0.0228506401 0.0510608405 1.95240284e-17
v 0.022627417 0.0509116873 1.93983565e-17
vn 4.38670052e-16 1.86055221e-16 -1
f 4558//1520 4559//1520 4560//1520
v 0.030529201 0.0500809699 2.27100733e-17
v 0.0296984836 0.0509116873 2.25002209e-17
v 0.0356703177 0.0531378277 2.55340712e-17
vn 4.38670052e-16 1.86055221e-16 -1
f 4561//1521 4562//1521 4563//1521
v 0.0356703177 0.0531378277 2.55340712e-17
v 0.0296984836 0.0509116873 2.25002209e-17
v 0.0269405656 0.0580534749 2.26191728e-17
vn 4.38670052e-16 1.86055221e-16 -1
f 4564//1522 4565//1522 4566//1522
v 0.0296984836 0.0509116873 2.25002209e-17
v 0.0280763675 0.0519955531 2.19903071e-17
v 0.0269405656 0.0580534749 2.26191728e-17
vn 4.38670052e-16 1.86055221e-16 -1
f 4567//1523 4568//1523 4569//1523
v 0.0269405656 0.0580534749 2.26191728e-17
v 0.0280763675 0.0519955531 2.19903071e-17
v 0.0261629503 0.0523761548 2.12217603e-17
vn 4.38670052e-16 1.86055221e-16 -1
f 4570//1524 4571//1524 4572//1524
v 0.0269405656 0.0580534749 2.26191728e-17
v 0.0261629503 0.0523761548 2.12217603e-17
v 0.0228506401 0.0595749281 2.11081189e-17
vn 4.38670052e-16 1.86055221e-16 -1
f 4573//1525 4574//1525 4575//1525
v 0.0228506401 0.0595749281 2.11081189e-17
v 0.0261629503 0.0523761548 2.12217603e-17
v 0.0242495332 0.0519955531 2.03115887e-17
vn 4.38670052e-16 1.86055221e-16 -1
f 4576//1526 4577//1526 4578//1526
v 0.0228506401 0.0595749281 2.11081189e-17
v 0.0242495332 0.0519955531 2.03115887e-17
v 0.0228506401 0.0510608405 1.95240284e-17
vn 4.38670052e-16 1.86055221e-16 -1
f 4579//1527 4580//1527 4581//1527
v 0.0356703177 0.0531378277 2.55340712e-17
v 0.0397644453 0.0500809699 2.67612979e-17
v 0.030529201 0.0500809699 2.27100733e-17
vn 4.38670052e-16 1.86055221e-16 -1
f 4582//1528 4583//1528 4584//1528
v 0.030529201 0.0500809699 2.27100733e-17
v 0.0397644453 0.0500809699 2.67612979e-17
v 0.0408128835 0.0492981635 2.70755703e-17
vn 4.38670052e-16 1.86055221e-16 -1
f 4585//1529 4586//1529 4587//1529
v 0.030529201 0.0500809699 2.27100733e-17
v 0.0408128835 0.0492981635 2.70755703e-17
v 0.0360624455 0.0445477255 2.41078514e-17
vn 4.38670052e-16 1.86055221e-16 -1
f 4588//1530 4589//1530 4590//1530
v -0.0393096134 0.0505049936 -7.84723334e-18
v -0.0304606333 0.0562863201 -2.88980365e-18
v -0.0163099039 0.0500809699 2.16315981e-18
vn 4.38670052e-16 1.86055221e-16 -1
f 4591//1531 4592//1531 4593//1531
v -0.00164999999 0.0578578822 1.0040956e-17
v -0.00285788393 0.0566500016 9.28636052e-18
v -0.0163099039 0.0616644807 4.31833237e-18
vn 4.38670052e-16 1.86055221e-16 -1
f 4594//1532 4595//1532 4596//1532
v -0.0163099039 0.0616644807 4.31833237e-18
v -0.00285788393 0.0566500016 9.28636052e-18
v -0.0163099039 0.0500809699 2.16315981e-18
vn 4.38670052e-16 1.86055221e-16 -1
f 4597//1533 4598//1533 4599//1533
v -0.0163099039 0.0616644807 4.31833237e-18
v -0.0163099039 0.0500809699 2.16315981e-18
v -0.0207807664 0.0605323017 2.14645118e-18
vn 4.38670052e-16 1.86055221e-16 -1
f 4600//1534 4601//1534 4602//1534
v -0.0207807664 0.0605323017 2.14645118e-18
v -0.0163099039 0.0500809699 2.16315981e-18
v -0.0304606333 0.0562863201 -2.88980365e-18
vn 4.38670052e-16 1.86055221e-16 -1
f 4603//1535 4604//1535 4605//1535
v -0.0296547431 0.0472119413 -4.22461942e-18
v -0.0305698067 0.048127003 -4.45577836e-18
v -0.0163099039 0.0500809699 2.16315981e-18
vn 4.38670052e-16 1.86055221e-16 -1
f 4606//1536 4607//1536 4608//1536
v -0.0305698067 0.048127003 -4.45577836e-18
v -0.0318198055 0.0484619401 -4.94179949e-18
v -0.0163099039 0.0500809699 2.16315981e-18
vn 4.38670052e-16 1.86055221e-16 -1
f 4609//1537 4610//1537 4611//1537
v -0.0163099039 0.0500809699 2.16315981e-18
v -0.0318198055 0.0484619401 -4.94179949e-18
v -0.0397702232 0.0500809699 -8.1281811e-18
vn 4.38670052e-16 1.86055221e-16 -1
f 4612//1538 4613//1538 4614//1538
v -0.0163099039 0.0500809699 2.16315981e-18
v -0.0397702232 0.0500809699 -8.1281811e-18
v -0.0393096134 0.0505049936 -7.84723334e-18
vn 4.38670052e-16 1.86055221e-16 -1
f 4615//1539 4616//1539 4617//1539
v -0.0318198055 0.0484619401 -4.94179949e-18
v -0.0330698043 0.048127003 -5.55245317e-18
v -0.0397702232 0.0500809699 -8.1281811e-18
vn 4.38670052e-16 1.86055221e-16 -1
f 4618//1540 4619//1540 4620//1540
v -0.0397702232 0.0500809699 -8.1281811e-18
v -0.0330698043 0.048127003 -5.55245317e-18
v -0.033984866 0.0472119413 -6.12411562e-18
vn 4.38670052e-16 1.86055221e-16 -1
f 4621//1541 4622//1541 4623//1541
v -0.0397702232 0.0500809699 -8.1281811e-18
v -0.033984866 0.0472119413 -6.12411562e-18
v -0.0430099033 0.0470986366 -1.01042105e-17
vn 4.38670052e-16 1.86055221e-16 -1
f 4624//1542 4625//1542 4626//1542
v -0.0430099033 0.0470986366 -1.01042105e-17
v -0.033984866 0.0472119413 -6.12411562e-18
v -0.0343198031 0.0459619425 -6.5036112e-18
vn 4.38670052e-16 1.86055221e-16 -1
f 4627//1543 4628//1543 4629//1543
v -0.0430099033 0.0470986366 -1.01042105e-17
v -0.0343198031 0.0459619425 -6.5036112e-18
v -0.0430099033 0.0233809706 -1.45170065e-17
vn 4.38670052e-16 1.86055221e-16 -1
f 4630//1544 4631//1544 4632//1544
v -0.0430099033 0.0233809706 -1.45170065e-17
v -0.0343198031 0.0459619425 -6.5036112e-18
v -0.033984866 0.04471194 -6.58925376e-18
vn 4.38670052e-16 1.86055221e-16 -1
f 4633//1545 4634//1545 4635//1545
v -0.0430099033 0.0233809706 -1.45170065e-17
v -0.033984866 0.04471194 -6.58925376e-18
v -0.0330698043 0.0437968783 -6.35809565e-18
vn 4.38670052e-16 1.86055221e-16 -1
f 4636//1546 4637//1546 4638//1546
v -0.059408538 0.0233809706 -2.17105959e-17
v -0.0586094931 0.0257085077 -2.09270276e-17
v -0.0430099033 0.0233809706 -1.45170065e-17
vn 4.38670052e-16 1.86055221e-16 -1
f 4639//1547 4640//1547 4641//1547
v -0.0430099033 0.0233809706 -1.45170065e-17
v -0.0586094931 0.0257085077 -2.09270276e-17
v -0.0535786524 0.0350046828 -1.69905479e-17
vn 4.38670052e-16 1.86055221e-16 -1
f 4642//1548 4643//1548 4644//1548
v -0.0430099033 0.0233809706 -1.45170065e-17
v -0.0535786524 0.0350046828 -1.69905479e-17
v -0.0470863283 0.0433460213 -1.25906096e-17
vn 4.38670052e-16 1.86055221e-16 -1
f 4645//1549 4646//1549 4647//1549
v -0.0578578822 -0.00164999999 -2.56875132e-17
v -0.0566499978 -0.00285788393 -2.53823829e-17
v -0.0611499995 -0.0157795716 -2.97605456e-17
vn 4.38670052e-16 1.86055221e-16 -1
f 4648//1550 4649//1550 4650//1550
v -0.0578578822 -0.00164999999 -2.56875132e-17
v -0.0611499995 -0.0157795716 -2.97605456e-17
v -0.0582999997 -4.0771293e-16 -2.55744658e-17
vn 4.38670052e-16 1.86055221e-16 -1
f 4651//1551 4652//1551 4653//1551
v -0.0582999997 -4.0771293e-16 -2.55744658e-17
v -0.0611499995 -0.0157795716 -2.97605456e-17
v -0.0611499995 0.0183082633 -2.34183269e-17
vn 4.38670052e-16 1.86055221e-16 -1
f 4654//1552 4655//1552 4656//1552
v -0.0582999997 -4.0771293e-16 -2.55744658e-17
v -0.0611499995 0.0183082633 -2.34183269e-17
v -0.0578578822 0.00164999999 -2.50735302e-17
vn 4.38670052e-16 1.86055221e-16 -1
f 4657//1553 4658//1553 4659//1553
v -0.0533499978 0.00285788393 -2.28713239e-17
v -0.0430099033 0.0159174334 -1.5905636e-17
v -0.0521421134 0.00164999999 -2.25661935e-17
vn 4.38670052e-16 1.86055221e-16 -1
f 4660//1554 4661//1554 4662//1554
v -0.0521421134 0.00164999999 -2.25661935e-17
v -0.0430099033 0.0159174334 -1.5905636e-17
v -0.0451161228 0.00897415448 -1.81214047e-17
vn 4.38670052e-16 1.86055221e-16 -1
f 4663//1555 4664//1555 4665//1555
v -0.0521421134 0.00164999999 -2.25661935e-17
v -0.0451161228 0.00897415448 -1.81214047e-17
v -0.0516999997 -3.62282609e-16 -2.26792426e-17
vn 4.38670052e-16 1.86055221e-16 -1
f 4666//1556 4667//1556 4668//1556
v -0.0516999997 -3.62282609e-16 -2.26792426e-17
v -0.0451161228 0.00897415448 -1.81214047e-17
v -0.0460000001 -3.12766228e-16 -2.01788229e-17
vn 4.38670052e-16 1.86055221e-16 -1
f 4669//1557 4670//1557 4671//1557
v -0.0516999997 -3.62282609e-16 -2.26792426e-17
v -0.0460000001 -3.12766228e-16 -2.01788229e-17
v -0.0521421134 -0.00164999999 -2.31801766e-17
vn 4.38670052e-16 1.86055221e-16 -1
f 4672//1558 4673//1558 4674//1558
v -0.0521421134 -0.00164999999 -2.31801766e-17
v -0.0460000001 -3.12766228e-16 -2.01788229e-17
v -0.0451161228 -0.00897415448 -2.14607808e-17
vn 4.38670052e-16 1.86055221e-16 -1
f 4675//1559 4676//1559 4677//1559
v -0.0521421134 -0.00164999999 -2.31801766e-17
v -0.0451161228 -0.00897415448 -2.14607808e-17
v -0.0533499978 -0.00285788393 -2.39347721e-17
vn 4.38670052e-16 1.86055221e-16 -1
f 4678//1560 4679//1560 4680//1560
v -0.0533499978 -0.00285788393 -2.39347721e-17
v -0.0451161228 -0.00897415448 -2.14607808e-17
v -0.0430517197 -0.0157795716 -2.18213736e-17
vn 4.38670052e-16 1.86055221e-16 -1
f 4681//1561 4682//1561 4683//1561
v -0.0533499978 -0.00285788393 -2.39347721e-17
v -0.0430517197 -0.0157795716 -2.18213736e-17
v -0.0549999997 -0.00329999998 -2.47408365e-17
vn 4.38670052e-16 1.86055221e-16 -1
f 4684//1562 4685//1562 4686//1562
v -0.0424984582 0.0176034383 -1.53675897e-17
v -0.0430099033 0.0159174334 -1.5905636e-17
v -0.0430099033 0.0233809706 -1.45170065e-17
vn 4.38670052e-16 1.86055221e-16 -1
f 4687//1563 4688//1563 4689//1563
v -0.0430099033 0.0233809706 -1.45170065e-17
v -0.0430099033 0.0159174334 -1.5905636e-17
v -0.0533499978 0.00285788393 -2.28713239e-17
vn 4.38670052e-16 1.86055221e-16 -1
f 4690//1564 4691//1564 4692//1564
v -0.0430099033 0.0233809706 -1.45170065e-17
v -0.0533499978 0.00285788393 -2.28713239e-17
v -0.059408538 0.0233809706 -2.17105959e-17
vn 4.38670052e-16 1.86055221e-16 -1
f 4693//1565 4694//1565 4695//1565
v -0.059408538 0.0233809706 -2.17105959e-17
v -0.0533499978 0.00285788393 -2.28713239e-17
v -0.0549999997 0.00329999998 -2.3512872e-17
vn 4.38670052e-16 1.86055221e-16 -1
f 4696//1566 4697//1566 4698//1566
v -0.059408538 0.0233809706 -2.17105959e-17
v -0.0549999997 0.00329999998 -2.3512872e-17
v -0.0611499995 0.0183082633 -2.34183269e-17
vn 4.38670052e-16 1.86055221e-16 -1
f 4699//1567 4700//1567 4701//1567
v -0.0611499995 0.0183082633 -2.34183269e-17
v -0.0549999997 0.00329999998 -2.3512872e-17
v -0.0566499978 0.00285788393 -2.43189346e-17
vn 4.38670052e-16 1.86055221e-16 -1
f 4702//1568 4703//1568 4704//1568
v -0.0611499995 0.0183082633 -2.34183269e-17
v -0.0566499978 0.00285788393 -2.43189346e-17
v -0.0578578822 0.00164999999 -2.50735302e-17
vn 4.38670052e-16 1.86055221e-16 -1
f 4705//1569 4706//1569 4707//1569
v -0.0620181002 -0.0157795716 -3.01413564e-17
v -0.0620416142 -0.015711071 -3.01389278e-17
v -0.0611499995 -0.0157795716 -2.97605456e-17
vn 4.38670052e-16 1.86055221e-16 -1
f 4708//1570 4709//1570 4710//1570
v -0.0611499995 -0.0157795716 -2.97605456e-17
v -0.0620416142 -0.015711071 -3.01389278e-17
v -0.0637814105 -0.00528507819 -2.89623097e-17
vn 4.38670052e-16 1.86055221e-16 -1
f 4711//1571 4712//1571 4713//1571
v -0.0611499995 -0.0157795716 -2.97605456e-17
v -0.0637814105 -0.00528507819 -2.89623097e-17
v -0.0620416142 0.015711071 -2.42926733e-17
vn 4.38670052e-16 1.86055221e-16 -1
f 4714//1572 4715//1572 4716//1572
v -0.0620416142 0.015711071 -2.42926733e-17
v -0.0637814105 -0.00528507819 -2.89623097e-17
v -0.0637814105 0.00528507819 -2.69956779e-17
vn 4.38670052e-16 1.86055221e-16 -1
f 4717//1573 4718//1573 4719//1573
v -0.0468753576 -0.0435402319 -2.86637041e-17
v -0.0470863283 -0.0433460213 -2.87201178e-17
v -0.0430099033 -0.0159174334 -2.18286793e-17
vn 4.38670052e-16 1.86055221e-16 -1
f 4720//1574 4721//1574 4722//1574
v -0.0430099033 -0.0159174334 -2.18286793e-17
v -0.0470863283 -0.0433460213 -2.87201178e-17
v -0.0535786524 -0.0350046828 -3.00161544e-17
vn 4.38670052e-16 1.86055221e-16 -1
f 4723//1575 4724//1575 4725//1575
v -0.0566499978 -0.00285788393 -2.53823829e-17
v -0.0549999997 -0.00329999998 -2.47408365e-17
v -0.0611499995 -0.0157795716 -2.97605456e-17
vn 4.38670052e-16 1.86055221e-16 -1
f 4726//1576 4727//1576 4728//1576
v -0.0611499995 -0.0157795716 -2.97605456e-17
v -0.0549999997 -0.00329999998 -2.47408365e-17
v -0.0430517197 -0.0157795716 -2.18213736e-17
vn 4.38670052e-16 1.86055221e-16 -1
f 4729//1577 4730//1577 4731//1577
v -0.0611499995 -0.0157795716 -2.97605456e-17
v -0.0430517197 -0.0157795716 -2.18213736e-17
v -0.0611499995 -0.0183082633 -3.02310228e-17
vn 4.38670052e-16 1.86055221e-16 -1
f 4732//1578 4733//1578 4734//1578
v -0.0611499995 -0.0183082633 -3.02310228e-17
v -0.0430517197 -0.0157795716 -2.18213736e-17
v -0.0430099033 -0.0159174334 -2.18286793e-17
vn 4.38670052e-16 1.86055221e-16 -1
f 4735//1579 4736//1579 4737//1579
v -0.0611499995 -0.0183082633 -3.02310228e-17
v -0.0430099033 -0.0159174334 -2.18286793e-17
v -0.0586094931 -0.0257085077 -3.04934343e-17
vn 4.38670052e-16 1.86055221e-16 -1
f 4738//1580 4739//1580 4740//1580
v -0.0586094931 -0.0257085077 -3.04934343e-17
v -0.0430099033 -0.0159174334 -2.18286793e-17
v -0.0535786524 -0.0350046828 -3.00161544e-17
vn 4.38670052e-16 1.86055221e-16 -1
f 4741//1581 4742//1581 4743//1581
v -0.0183415376 -0.0611499995 -1.94231603e-17
v -0.0207807664 -0.0605323017 -2.03782512e-17
v -0.0163099039 -0.0435402319 -1.52555531e-17
vn 4.38670052e-16 1.86055221e-16 -1
f 4744//1582 4745//1582 4746//1582
v -0.0207807664 -0.0605323017 -2.03782512e-17
v -0.0304606333 -0.0562863201 -2.38345311e-17
v -0.0163099039 -0.0435402319 -1.52555531e-17
vn 4.38670052e-16 1.86055221e-16 -1
f 4747//1583 4748//1583 4749//1583
v -0.0163099039 -0.0435402319 -1.52555531e-17
v -0.0304606333 -0.0562863201 -2.38345311e-17
v -0.0393096134 -0.0505049936 -2.66406685e-17
vn 4.38670052e-16 1.86055221e-16 -1
f 4750//1584 4751//1584 4752//1584
v -0.0163099039 -0.0435402319 -1.52555531e-17
v -0.0393096134 -0.0505049936 -2.66406685e-17
v -0.0430099033 -0.0435402319 -2.69680451e-17
vn 4.38670052e-16 1.86055221e-16 -1
f 4753//1585 4754//1585 4755//1585
v -0.0430099033 -0.0435402319 -2.69680451e-17
v -0.0393096134 -0.0505049936 -2.66406685e-17
v -0.0430099033 -0.0470986366 -2.76301056e-17
vn 4.38670052e-16 1.86055221e-16 -1
f 4756//1586 4757//1586 4758//1586
v -0.0430099033 -0.0435402319 -2.69680451e-17
v -0.0430099033 -0.0470986366 -2.76301056e-17
v -0.0468753576 -0.0435402319 -2.86637041e-17
vn 4.38670052e-16 1.86055221e-16 -1
f 4759//1587 4760//1587 4761//1587
v 0.0140671125 -0.0624348968 -5.44551774e-18
v 0.00342182978 -0.0639084578 -1.03894481e-17
v 0.0181389656 -0.0611499995 -3.42025535e-18
vn 4.38670052e-16 1.86055221e-16 -1
f 4762//1588 4763//1588 4764//1588
v 0.0181389656 -0.0611499995 -3.42025535e-18
v 0.00342182978 -0.0639084578 -1.03894481e-17
v -2.91433544e-16 -0.064000003 -1.19075346e-17
vn 4.38670052e-16 1.86055221e-16 -1
f 4765//1589 4766//1589 4767//1589
v 0.0181389656 -0.0611499995 -3.42025535e-18
v -2.91433544e-16 -0.064000003 -1.19075346e-17
v -0.0105340537 -0.0631271228 -1.63661043e-17
vn 4.38670052e-16 1.86055221e-16 -1
f 4768//1590 4769//1590 4770//1590
v 1.4849233e-15 -0.0582999997 -1.08470196e-17
v 0.0181389656 -0.0611499995 -3.42025535e-18
v -0.0163099039 -0.0611499995 -1.85319427e-17
vn 4.38670052e-16 1.86055221e-16 -1
f 4771//1591 4772//1591 4773//1591
v -0.0163099039 -0.0611499995 -1.85319427e-17
v 0.0181389656 -0.0611499995 -3.42025535e-18
v -0.0105340537 -0.0631271228 -1.63661043e-17
vn 4.38670052e-16 1.86055221e-16 -1
f 4774//1592 4775//1592 4776//1592
v -0.0163099039 -0.0611499995 -1.85319427e-17
v -0.0105340537 -0.0631271228 -1.63661043e-17
v -0.0163099039 -0.0616644807 -1.86276657e-17
vn 4.38670052e-16 1.86055221e-16 -1
f 4777//1593 4778//1593 4779//1593
v -0.00285788393 -0.0533500016 -1.11797149e-17
v -0.00329999998 -0.0549999997 -1.1680648e-17
v -0.0163099039 -0.0611499995 -1.85319427e-17
vn 4.38670052e-16 1.86055221e-16 -1
f 4780//1594 4781//1594 4782//1594
v -0.00329999998 -0.0549999997 -1.1680648e-17
v -0.00285788393 -0.0566500016 -1.17936972e-17
v -0.0163099039 -0.0611499995 -1.85319427e-17
vn 4.38670052e-16 1.86055221e-16 -1
f 4783//1595 4784//1595 4785//1595
v -0.0163099039 -0.0611499995 -1.85319427e-17
v -0.00285788393 -0.0566500016 -1.17936972e-17
v -0.00164999999 -0.0578578822 -1.14885668e-17
vn 4.38670052e-16 1.86055221e-16 -1
f 4786//1596 4787//1596 4788//1596
v -0.0163099039 -0.0611499995 -1.85319427e-17
v -0.00164999999 -0.0578578822 -1.14885668e-17
v 1.4849233e-15 -0.0582999997 -1.08470196e-17
vn 4.38670052e-16 1.86055221e-16 -1
f 4789//1597 4790//1597 4791//1597
v 0.00285788369 -0.0533500016 -8.67237826e-18
v 0.0228506401 -0.0435402319 1.92300447e-18
v 0.00329999998 -0.0549999997 -8.78542573e-18
vn 4.38670052e-16 1.86055221e-16 -1
f 4792//1598 4793//1598 4794//1598
v 0.00329999998 -0.0549999997 -8.78542573e-18
v 0.0228506401 -0.0435402319 1.92300447e-18
v 0.0228506401 -0.0596632063 -1.0767591e-18
vn 4.38670052e-16 1.86055221e-16 -1
f 4795//1599 4796//1599 4797//1599
v 0.00329999998 -0.0549999997 -8.78542573e-18
v 0.0228506401 -0.0596632063 -1.0767591e-18
v 0.00285788369 -0.0566500016 -9.28636052e-18
vn 4.38670052e-16 1.86055221e-16 -1
f 4798//1600 4799//1600 4800//1600
v 0.00285788369 -0.0566500016 -9.28636052e-18
v 0.0228506401 -0.0596632063 -1.0767591e-18
v 0.0181389656 -0.0611499995 -3.42025535e-18
vn 4.38670052e-16 1.86055221e-16 -1
f 4801//1601 4802//1601 4803//1601
v 0.00285788369 -0.0566500016 -9.28636052e-18
v 0.0181389656 -0.0611499995 -3.42025535e-18
v 0.00164999999 -0.0578578822 -1.0040956e-17
vn 4.38670052e-16 1.86055221e-16 -1
f 4804//1602 4805//1602 4806//1602
v 0.00164999999 -0.0578578822 -1.0040956e-17
v 0.0181389656 -0.0611499995 -3.42025535e-18
v 1.4849233e-15 -0.0582999997 -1.08470196e-17
vn 4.38670052e-16 1.86055221e-16 -1
f 4807//1603 4808//1603 4809//1603
v -0.0163099039 -0.0616644807 -1.86276657e-17
v -0.0183415376 -0.0611499995 -1.94231603e-17
v -0.0163099039 -0.0611499995 -1.85319427e-17
vn 4.38670052e-16 1.86055221e-16 -1
f 4810//1604 4811//1604 4812//1604
v -0.0163099039 -0.0611499995 -1.85319427e-17
v -0.0183415376 -0.0611499995 -1.94231603e-17
v -0.0163099039 -0.0435402319 -1.52555531e-17
vn 4.38670052e-16 1.86055221e-16 -1
f 4813//1605 4814//1605 4815//1605
v -0.0163099039 -0.0611499995 -1.85319427e-17
v -0.0163099039 -0.0435402319 -1.52555531e-17
v -0.00285788393 -0.0533500016 -1.11797149e-17
vn 4.38670052e-16 1.86055221e-16 -1
f 4816//1606 4817//1606 4818//1606
v -0.00285788393 -0.0533500016 -1.11797149e-17
v -0.0163099039 -0.0435402319 -1.52555531e-17
v -0.0141691687 -0.0435402319 -1.43164781e-17
vn 4.38670052e-16 1.86055221e-16 -1
f 4819//1607 4820//1607 4821//1607
v -0.00285788393 -0.0533500016 -1.11797149e-17
v -0.0141691687 -0.0435402319 -1.43164781e-17
v -0.00164999999 -0.0521421172 -1.04251186e-17
vn 4.38670052e-16 1.86055221e-16 -1
f 4822//1608 4823//1608 4824//1608
v -0.00164999999 -0.0521421172 -1.04251186e-17
v -0.0141691687 -0.0435402319 -1.43164781e-17
v -0.00897415448 -0.0451161228 -1.2330783e-17
vn 4.38670052e-16 1.86055221e-16 -1
f 4825//1609 4826//1609 4827//1609
v -0.00164999999 -0.0521421172 -1.04251186e-17
v -0.00897415448 -0.0451161228 -1.2330783e-17
v 1.4849233e-15 -0.0516999997 -9.61905504e-18
vn 4.38670052e-16 1.86055221e-16 -1
f 4828//1610 4829//1610 4830//1610
v 1.4849233e-15 -0.0516999997 -9.61905504e-18
v -0.00897415448 -0.0451161228 -1.2330783e-17
v -2.91433544e-16 -0.0460000001 -8.55854001e-18
vn 4.38670052e-16 1.86055221e-16 -1
f 4831//1611 4832//1611 4833//1611
v 1.4849233e-15 -0.0516999997 -9.61905504e-18
v -2.91433544e-16 -0.0460000001 -8.55854001e-18
v 0.00164999999 -0.0521421172 -8.97750782e-18
vn 4.38670052e-16 1.86055221e-16 -1
f 4834//1612 4835//1612 4836//1612
v 0.0228506401 -0.0435402319 1.92300447e-18
v 0.046601817 -0.0435402319 1.23419343e-17
v 0.0424865149 -0.0478633083 9.73234322e-18
vn 4.38670052e-16 1.86055221e-16 -1
f 4837//1613 4838//1613 4839//1613
v 0.0424865149 -0.0478633083 9.73234322e-18
v 0.033878766 -0.0542975999 4.75924776e-18
v 0.0228506401 -0.0435402319 1.92300447e-18
vn 4.38670052e-16 1.86055221e-16 -1
f 4840//1614 4841//1614 4842//1614
v 0.0228506401 -0.0435402319 1.92300447e-18
v 0.033878766 -0.0542975999 4.75924776e-18
v 0.0243157484 -0.0592008792 -3.48041594e-19
vn 4.38670052e-16 1.86055221e-16 -1
f 4843//1615 4844//1615 4845//1615
v 0.0228506401 -0.0435402319 1.92300447e-18
v 0.0243157484 -0.0592008792 -3.48041594e-19
v 0.0228506401 -0.0596632063 -1.0767591e-18
vn 4.38670052e-16 1.86055221e-16 -1
f 4846//1616 4847//1616 4848//1616
v 0.046601817 -0.0435402319 1.23419343e-17
v 0.0473025143 -0.035364747 1.41704013e-17
v 0.0498962849 -0.0400794335 1.44310178e-17
vn 4.38670052e-16 1.86055221e-16 -1
f 4849//1617 4850//1617 4851//1617
v 0.0498962849 -0.0400794335 1.44310178e-17
v 0.0473025143 -0.035364747 1.41704013e-17
v 0.0483526811 -0.034997277 1.46994478e-17
vn 4.38670052e-16 1.86055221e-16 -1
f 4852//1618 4853//1618 4854//1618
v 0.0498962849 -0.0400794335 1.44310178e-17
v 0.0483526811 -0.034997277 1.46994478e-17
v 0.0506113023 -0.0390176661 1.4942222e-17
vn 4.38670052e-16 1.86055221e-16 -1
f 4855//1619 4856//1619 4857//1619
v 0.0228506401 -0.0435402319 1.92300447e-18
v 0.0228506401 -0.0396803655 2.64115275e-18
v 0.0263845157 -0.0376809947 4.56335154e-18
vn 4.38670052e-16 1.86055221e-16 -1
f 4858//1620 4859//1620 4860//1620
v 0.0263845157 -0.0376809947 4.56335154e-18
v 0.0431335159 -0.0325269103 1.28695804e-17
v 0.0228506401 -0.0435402319 1.92300447e-18
vn 4.38670052e-16 1.86055221e-16 -1
f 4861//1621 4862//1621 4863//1621
v 0.0228506401 -0.0435402319 1.92300447e-18
v 0.0431335159 -0.0325269103 1.28695804e-17
v 0.045254834 -0.0346482322 1.34054561e-17
vn 4.38670052e-16 1.86055221e-16 -1
f 4864//1622 4865//1622 4866//1622
v 0.0228506401 -0.0435402319 1.92300447e-18
v 0.045254834 -0.0346482322 1.34054561e-17
v 0.046601817 -0.0435402319 1.23419343e-17
vn 4.38670052e-16 1.86055221e-16 -1
f 4867//1623 4868//1623 4869//1623
v 0.046601817 -0.0435402319 1.23419343e-17
v 0.045254834 -0.0346482322 1.34054561e-17
v 0.046196904 -0.0352401733 1.37085797e-17
vn 4.38670052e-16 1.86055221e-16 -1
f 4870//1624 4871//1624 4872//1624
v 0.046601817 -0.0435402319 1.23419343e-17
v 0.046196904 -0.0352401733 1.37085797e-17
v 0.0473025143 -0.035364747 1.41704013e-17
vn 4.38670052e-16 1.86055221e-16 -1
f 4873//1625 4874//1625 4875//1625
v 0.0483526811 -0.034997277 1.46994478e-17
v 0.049139414 -0.0342105441 1.51909387e-17
v 0.0506113023 -0.0390176661 1.4942222e-17
vn 4.38670052e-16 1.86055221e-16 -1
f 4876//1626 4877//1626 4878//1626
v 0.0506113023 -0.0390176661 1.4942222e-17
v 0.049139414 -0.0342105441 1.51909387e-17
v 0.0495068841 -0.0331603773 1.55475263e-17
vn 4.38670052e-16 1.86055221e-16 -1
f 4879//1627 4880//1627 4881//1627
v 0.0506113023 -0.0390176661 1.4942222e-17
v 0.0495068841 -0.0331603773 1.55475263e-17
v 0.0506113023 -0.0157795716 1.92657909e-17
vn 4.38670052e-16 1.86055221e-16 -1
f 4882//1628 4883//1628 4884//1628
v 0.0506113023 -0.0157795716 1.92657909e-17
v 0.0495068841 -0.0331603773 1.55475263e-17
v 0.0493823104 -0.032054767 1.56985844e-17
vn 4.38670052e-16 1.86055221e-16 -1
f 4885//1629 4886//1629 4887//1629
v 0.0506113023 -0.0157795716 1.92657909e-17
v 0.0493823104 -0.032054767 1.56985844e-17
v 0.0487903692 -0.0311126988 1.56141938e-17
vn 4.38670052e-16 1.86055221e-16 -1
f 4888//1630 4889//1630 4890//1630
v 0.0487903692 -0.0311126988 1.56141938e-17
v 0.0466690473 -0.0289913788 1.50783164e-17
v 0.0506113023 -0.0157795716 1.92657909e-17
vn 4.38670052e-16 1.86055221e-16 -1
f 4891//1631 4892//1631 4893//1631
v 0.0506113023 -0.0157795716 1.92657909e-17
v 0.0466690473 -0.0289913788 1.50783164e-17
v 0.045857992 -0.028449446 1.48233595e-17
vn 4.38670052e-16 1.86055221e-16 -1
f 4894//1632 4895//1632 4896//1632
v 0.0506113023 -0.0157795716 1.92657909e-17
v 0.045857992 -0.028449446 1.48233595e-17
v 0.0430806577 -0.0157795716 1.59623227e-17
vn 4.38670052e-16 1.86055221e-16 -1
f 4897//1633 4898//1633 4899//1633
v 0.0430806577 -0.0157795716 1.59623227e-17
v 0.045857992 -0.028449446 1.48233595e-17
v 0.0449012816 -0.0282591451 1.44390861e-17
vn 4.38670052e-16 1.86055221e-16 -1
f 4900//1634 4901//1634 4902//1634
v 0.0430806577 -0.0157795716 1.59623227e-17
v 0.0449012816 -0.0282591451 1.44390861e-17
v 0.0426504575 -0.017231904 1.55033929e-17
vn 4.38670052e-16 1.86055221e-16 -1
f 4903//1635 4904//1635 4905//1635
v 0.0426504575 -0.017231904 1.55033929e-17
v 0.0449012816 -0.0282591451 1.44390861e-17
v 0.0437663049 -0.0285316296 1.38905082e-17
vn 4.38670052e-16 1.86055221e-16 -1
f 4906//1636 4907//1636 4908//1636
v 0.0426504575 -0.017231904 1.55033929e-17
v 0.0437663049 -0.0285316296 1.38905082e-17
v 0.0385788456 -0.025053395 1.22620692e-17
vn 4.38670052e-16 1.86055221e-16 -1
f 4909//1637 4910//1637 4911//1637
v 0.0385788456 -0.025053395 1.22620692e-17
v 0.0437663049 -0.0285316296 1.38905082e-17
v 0.0428787395 -0.0292896815 1.33601208e-17
vn 4.38670052e-16 1.86055221e-16 -1
f 4912//1638 4913//1638 4914//1638
v 0.0385788456 -0.025053395 1.22620692e-17
v 0.0428787395 -0.0292896815 1.33601208e-17
v 0.0330896303 -0.0319542848 8.57016852e-18
vn 4.38670052e-16 1.86055221e-16 -1
f 4915//1639 4916//1639 4917//1639
v 0.0330896303 -0.0319542848 8.57016852e-18
v 0.0428787395 -0.0292896815 1.33601208e-17
v 0.0424320623 -0.030368058 1.2963539e-17
vn 4.38670052e-16 1.86055221e-16 -1
f 4918//1640 4919//1640 4920//1640
v 0.0330896303 -0.0319542848 8.57016852e-18
v 0.0424320623 -0.030368058 1.2963539e-17
v 0.0263845157 -0.0376809947 4.56335154e-18
vn 4.38670052e-16 1.86055221e-16 -1
f 4921//1641 4922//1641 4923//1641
v 0.0263845157 -0.0376809947 4.56335154e-18
v 0.0424320623 -0.030368058 1.2963539e-17
v 0.0425236411 -0.0315316878 1.2787213e-17
vn 4.38670052e-16 1.86055221e-16 -1
f 4924//1642 4925//1642 4926//1642
v 0.0263845157 -0.0376809947 4.56335154e-18
v 0.0425236411 -0.0315316878 1.2787213e-17
v 0.0431335159 -0.0325269103 1.28695804e-17
vn 4.38670052e-16 1.86055221e-16 -1
f 4927//1643 4928//1643 4929//1643
v 0.0630515516 -0.0109773288 2.56164402e-17
v 0.0617923848 -0.0157795716 2.4170598e-17
v 0.0506113023 -0.0157795716 1.92657909e-17
vn 4.38670052e-16 1.86055221e-16 -1
f 4930//1644 4931//1644 4932//1644
v 0.0506113023 -0.0157795716 1.92657909e-17
v 0.0617923848 -0.0157795716 2.4170598e-17
v 0.0603258424 -0.0213727094 2.24866369e-17
vn 4.38670052e-16 1.86055221e-16 -1
f 4933//1645 4934//1645 4935//1645
v 0.0506113023 -0.0157795716 1.92657909e-17
v 0.0603258424 -0.0213727094 2.24866369e-17
v 0.0558991469 -0.0311654508 1.87227865e-17
vn 4.38670052e-16 1.86055221e-16 -1
f 4936//1646 4937//1646 4938//1646
v 0.0533500016 -0.00285788393 2.28713239e-17
v 0.0549999997 -0.00329999998 2.35128703e-17
v 0.0506113023 -0.0157795716 1.92657909e-17
vn 4.38670052e-16 1.86055221e-16 -1
f 4939//1647 4940//1647 4941//1647
v 0.0506113023 -0.0157795716 1.92657909e-17
v 0.0549999997 -0.00329999998 2.35128703e-17
v 0.0566500016 -0.00285788393 2.43189346e-17
vn 4.38670052e-16 1.86055221e-16 -1
f 4942//1648 4943//1648 4944//1648
v 0.0506113023 -0.0157795716 1.92657909e-17
v 0.0566500016 -0.00285788393 2.43189346e-17
v 0.0630515516 -0.0109773288 2.56164402e-17
vn 4.38670052e-16 1.86055221e-16 -1
f 4945//1649 4946//1649 4947//1649
v 0.0630515516 -0.0109773288 2.56164402e-17
v 0.0566500016 -0.00285788393 2.43189346e-17
v 0.057857886 -0.00164999999 2.50735302e-17
vn 4.38670052e-16 1.86055221e-16 -1
f 4948//1650 4949//1650 4950//1650
v 0.0630515516 -0.0109773288 2.56164402e-17
v 0.057857886 -0.00164999999 2.50735302e-17
v 0.0639994144 -0.000272424746 2.80239428e-17
vn 4.38670052e-16 1.86055221e-16 -1
f 4951//1651 4952//1651 4953//1651
v 0.0639994144 -0.000272424746 2.80239428e-17
v 0.057857886 -0.00164999999 2.50735302e-17
v 0.0582999997 4.0584329e-16 2.55744641e-17
vn 4.38670052e-16 1.86055221e-16 -1
f 4954//1652 4955//1652 4956//1652
v 0.0639994144 -0.000272424746 2.80239428e-17
v 0.0582999997 4.0584329e-16 2.55744641e-17
v 0.0631427169 0.0104401605 2.96412662e-17
vn 4.38670052e-16 1.86055221e-16 -1
f 4957//1653 4958//1653 4959//1653
v 0.0631427169 0.0104401605 2.96412662e-17
v 0.0582999997 4.0584329e-16 2.55744641e-17
v 0.057857886 0.00164999999 2.56875132e-17
vn 4.38670052e-16 1.86055221e-16 -1
f 4960//1654 4961//1654 4962//1654
v 0.0631427169 0.0104401605 2.96412662e-17
v 0.057857886 0.00164999999 2.56875132e-17
v 0.0566500016 0.00285788393 2.53823829e-17
vn 4.38670052e-16 1.86055221e-16 -1
f 4963//1655 4964//1655 4965//1655
v 0.0533500016 0.00285788393 2.39347721e-17
v 0.0506113023 0.0223270301 2.6355723e-17
v 0.0549999997 0.00329999998 2.47408348e-17
vn 4.38670052e-16 1.86055221e-16 -1
f 4966//1656 4967//1656 4968//1656
v 0.0549999997 0.00329999998 2.47408348e-17
v 0.0506113023 0.0223270301 2.6355723e-17
v 0.050911691 0.022627417 2.65433838e-17
vn 4.38670052e-16 1.86055221e-16 -1
f 4969//1657 4970//1657 4971//1657
v 0.0549999997 0.00329999998 2.47408348e-17
v 0.050911691 0.022627417 2.65433838e-17
v 0.0514151976 0.0233809706 2.69044597e-17
vn 4.38670052e-16 1.86055221e-16 -1
f 4972//1658 4973//1658 4974//1658
v 0.0566500016 0.00285788393 2.53823829e-17
v 0.0549999997 0.00329999998 2.47408348e-17
v 0.0631427169 0.0104401605 2.96412662e-17
vn 4.38670052e-16 1.86055221e-16 -1
f 4975//1659 4976//1659 4977//1659
v 0.0631427169 0.0104401605 2.96412662e-17
v 0.0549999997 0.00329999998 2.47408348e-17
v 0.0514151976 0.0233809706 2.69044597e-17
vn 4.38670052e-16 1.86055221e-16 -1
f 4978//1660 4979//1660 4980//1660
v 0.0631427169 0.0104401605 2.96412662e-17
v 0.0514151976 0.0233809706 2.69044597e-17
v 0.0605056062 0.0208583698 3.04228063e-17
vn 4.38670052e-16 1.86055221e-16 -1
f 4981//1661 4982//1661 4983//1661
v 0.0605056062 0.0208583698 3.04228063e-17
v 0.0514151976 0.0233809706 2.69044597e-17
v 0.059391059 0.0233809706 3.04032319e-17
vn 4.38670052e-16 1.86055221e-16 -1
f 4984//1662 4985//1662 4986//1662
v 0.0533500016 0.00285788393 2.39347721e-17
v 0.0521421172 0.00164999999 2.31801766e-17
v 0.0506113023 0.0223270301 2.6355723e-17
vn 4.38670052e-16 1.86055221e-16 -1
f 4987//1663 4988//1663 4989//1663
v 0.0506113023 0.0223270301 2.6355723e-17
v 0.0521421172 0.00164999999 2.31801766e-17
v 0.0516999997 3.60412969e-16 2.2679241e-17
vn 4.38670052e-16 1.86055221e-16 -1
f 4990//1664 4991//1664 4992//1664
v 0.0506113023 0.0223270301 2.6355723e-17
v 0.0516999997 3.60412969e-16 2.2679241e-17
v 0.0506113023 -0.0157795716 1.92657909e-17
vn 4.38670052e-16 1.86055221e-16 -1
f 4993//1665 4994//1665 4995//1665
v 0.0506113023 -0.0157795716 1.92657909e-17
v 0.0516999997 3.60412969e-16 2.2679241e-17
v 0.0521421172 -0.00164999999 2.25661935e-17
vn 4.38670052e-16 1.86055221e-16 -1
f 4996//1666 4997//1666 4998//1666
v 0.0506113023 -0.0157795716 1.92657909e-17
v 0.0521421172 -0.00164999999 2.25661935e-17
v 0.0533500016 -0.00285788393 2.28713239e-17
vn 4.38670052e-16 1.86055221e-16 -1
f 4999//1667 5000//1667 5001//1667
v 0.0514151976 0.0233809706 2.69044597e-17
v 0.0519955531 0.0242495332 2.7320644e-17
v 0.059391059 0.0233809706 3.04032319e-17
vn 4.38670052e-16 1.86055221e-16 -1
f 5002//1668 5003//1668 5004//1668
v 0.059391059 0.0233809706 3.04032319e-17
v 0.0519955531 0.0242495332 2.7320644e-17
v 0.0523761548 0.0261629503 2.78436042e-17
vn 4.38670052e-16 1.86055221e-16 -1
f 5005//1669 5006//1669 5007//1669
v 0.059391059 0.0233809706 3.04032319e-17
v 0.0523761548 0.0261629503 2.78436042e-17
v 0.0561624393 0.0306884423 3.0346527e-17
vn 4.38670052e-16 1.86055221e-16 -1
f 5008//1670 5009//1670 5010//1670
v 0.0523761548 0.0261629503 2.78436042e-17
v 0.0519955531 0.0280763675 2.8032648e-17
v 0.0561624393 0.0306884423 3.0346527e-17
vn 4.38670052e-16 1.86055221e-16 -1
f 5011//1671 5012//1671 5013//1671
v 0.0561624393 0.0306884423 3.0346527e-17
v 0.0519955531 0.0280763675 2.8032648e-17
v 0.050911691 0.0296984855 2.7858993e-17
vn 4.38670052e-16 1.86055221e-16 -1
f 5014//1672 5015//1672 5016//1672
v 0.0561624393 0.0306884423 3.0346527e-17
v 0.050911691 0.0296984855 2.7858993e-17
v 0.0506113023 0.0390850417 2.94736397e-17
vn 4.38670052e-16 1.86055221e-16 -1
f 5017//1673 5018//1673 5019//1673
v 0.0506113023 0.0390850417 2.94736397e-17
v 0.050911691 0.0296984855 2.7858993e-17
v 0.0506113023 0.0299988724 2.77831108e-17
vn 4.38670052e-16 1.86055221e-16 -1
f 5020//1674 5021//1674 5022//1674
v 0.0506113023 0.0390850417 2.94736397e-17
v 0.0506113023 0.0299988724 2.77831108e-17
v 0.0502356812 0.0396532044 2.94145757e-17
vn 4.38670052e-16 1.86055221e-16 -1
f 5023//1675 5024//1675 5025//1675
v 0.0502356812 0.0396532044 2.94145757e-17
v 0.0506113023 0.0299988724 2.77831108e-17
v 0.0445477292 0.0360624455 2.62513609e-17
vn 4.38670052e-16 1.86055221e-16 -1
f 5026//1676 5027//1676 5028//1676
v 0.0502356812 0.0396532044 2.94145757e-17
v 0.0445477292 0.0360624455 2.62513609e-17
v 0.0492981635 0.0408128798 2.92190765e-17
vn 4.38670052e-16 1.86055221e-16 -1
f 5029//1677 5030//1677 5031//1677
v 0.0430806577 -0.0157795716 1.59623227e-17
v 0.0451548509 -0.00877721421 1.81750341e-17
v 0.0506113023 -0.0157795716 1.92657909e-17
vn 4.38670052e-16 1.86055221e-16 -1
f 5032//1678 5033//1678 5034//1678
v 0.0506113023 -0.0157795716 1.92657909e-17
v 0.0451548509 -0.00877721421 1.81750341e-17
v 0.0460000001 2.97971474e-16 2.01788229e-17
vn 4.38670052e-16 1.86055221e-16 -1
f 5035//1679 5036//1679 5037//1679
v 0.0506113023 -0.0157795716 1.92657909e-17
v 0.0460000001 2.97971474e-16 2.01788229e-17
v 0.0506113023 0.0223270301 2.6355723e-17
vn 4.38670052e-16 1.86055221e-16 -1
f 5038//1680 5039//1680 5040//1680
v 0.0506113023 0.0223270301 2.6355723e-17
v 0.0460000001 2.97971474e-16 2.01788229e-17
v 0.0451548509 0.00877721421 2.1441127e-17
vn 4.38670052e-16 1.86055221e-16 -1
f 5041//1681 5042//1681 5043//1681
v 0.0506113023 0.0223270301 2.6355723e-17
v 0.0451548509 0.00877721421 2.1441127e-17
v 0.0434337743 0.0151495012 2.18717407e-17
vn 4.38670052e-16 1.86055221e-16 -1
f 5044//1682 5045//1682 5046//1682
v -2.91433544e-16 -0.0460000001 -8.55854001e-18
v 0.00160537683 -0.0459719785 -7.84909615e-18
v 0.00164999999 -0.0521421172 -8.97750782e-18
vn 4.38670052e-16 1.86055221e-16 -1
f 5047//1683 5048//1683 5049//1683
v 0.00164999999 -0.0521421172 -8.97750782e-18
v 0.00160537683 -0.0459719785 -7.84909615e-18
v 0.0103477491 -0.0448210239 -3.79993787e-18
vn 4.38670052e-16 1.86055221e-16 -1
f 5050//1684 5051//1684 5052//1684
v 0.00164999999 -0.0521421172 -8.97750782e-18
v 0.0103477491 -0.0448210239 -3.79993787e-18
v 0.00285788369 -0.0533500016 -8.67237826e-18
vn 4.38670052e-16 1.86055221e-16 -1
f 5053//1685 5054//1685 5055//1685
v 0.00285788369 -0.0533500016 -8.67237826e-18
v 0.0103477491 -0.0448210239 -3.79993787e-18
v 0.0141756274 -0.0435402319 -1.88246434e-18
vn 4.38670052e-16 1.86055221e-16 -1
f 5056//1686 5057//1686 5058//1686
v 0.00285788369 -0.0533500016 -8.67237826e-18
v 0.0141756274 -0.0435402319 -1.88246434e-18
v 0.0228506401 -0.0435402319 1.92300447e-18
vn 4.38670052e-16 1.86055221e-16 -1
f 5059//1687 5060//1687 5061//1687
v 0.0228506401 -0.0435402319 1.92300447e-18
v 0.0141756274 -0.0435402319 -1.88246434e-18
v 0.018709885 -0.0420230925 3.88850885e-19
vn 4.38670052e-16 1.86055221e-16 -1
f 5062//1688 5063//1688 5064//1688
v 0.0228506401 -0.0435402319 1.92300447e-18
v 0.018709885 -0.0420230925 3.88850885e-19
v 0.0228506401 -0.0396803655 2.64115275e-18
vn 4.38670052e-16 1.86055221e-16 -1
f 5065//1689 5066//1689 5067//1689
v -0.0382476002 -0.0255562309 -2.15329473e-17
v -0.0325269103 -0.0325269103 -2.03203833e-17
v -0.0430099033 -0.0435402319 -2.69680451e-17
vn 4.38670052e-16 1.86055221e-16 -1
f 5068//1690 5069//1690 5070//1690
v -0.0468753576 -0.0435402319 -2.86637041e-17
v -0.0430099033 -0.0159174334 -2.18286793e-17
v -0.0430099033 -0.0435402319 -2.69680451e-17
vn 4.38670052e-16 1.86055221e-16 -1
f 5071//1691 5072//1691 5073//1691
v -0.0430099033 -0.0435402319 -2.69680451e-17
v -0.0430099033 -0.0159174334 -2.18286793e-17
v -0.0424984582 -0.0176034383 -2.19180131e-17
vn 4.38670052e-16 1.86055221e-16 -1
f 5074//1692 5075//1692 5076//1692
v -0.0430099033 -0.0435402319 -2.69680451e-17
v -0.0424984582 -0.0176034383 -2.19180131e-17
v -0.0382476002 -0.0255562309 -2.15329473e-17
vn 4.38670052e-16 1.86055221e-16 -1
f 5077//1693 5078//1693 5079//1693
v -0.0325269103 -0.0325269103 -2.03203833e-17
v -0.0255562309 -0.0382476039 -1.83269194e-17
v -0.0430099033 -0.0435402319 -2.69680451e-17
vn 4.38670052e-16 1.86055221e-16 -1
f 5080//1694 5081//1694 5082//1694
v -0.0430099033 -0.0435402319 -2.69680451e-17
v -0.0255562309 -0.0382476039 -1.83269194e-17
v -0.0176034383 -0.0424984582 -1.56291608e-17
vn 4.38670052e-16 1.86055221e-16 -1
f 5083//1695 5084//1695 5085//1695
v -0.0430099033 -0.0435402319 -2.69680451e-17
v -0.0176034383 -0.0424984582 -1.56291608e-17
v -0.0163099039 -0.0435402319 -1.52555531e-17
vn 4.38670052e-16 1.86055221e-16 -1
f 5086//1696 5087//1696 5088//1696
v -0.0163099039 -0.0435402319 -1.52555531e-17
v -0.0176034383 -0.0424984582 -1.56291608e-17
v -0.0163099039 -0.0428908467 -1.51347318e-17
vn 4.38670052e-16 1.86055221e-16 -1
f 5089//1697 5090//1697 5091//1697
v -0.0163099039 -0.0435402319 -1.52555531e-17
v -0.0163099039 -0.0428908467 -1.51347318e-17
v -0.0141691687 -0.0435402319 -1.43164781e-17
vn 4.38670052e-16 1.86055221e-16 -1
f 5092//1698 5093//1698 5094//1698
v -0.0296547431 0.0472119413 -4.22461942e-18
v -0.0163099039 0.0500809699 2.16315981e-18
v -0.029319806 0.0459619425 -4.31026116e-18
vn 4.38670052e-16 1.86055221e-16 -1
f 5095//1699 5096//1699 5097//1699
v -0.029319806 0.0459619425 -4.31026116e-18
v -0.0163099039 0.0500809699 2.16315981e-18
v -0.0163099039 0.0428908467 8.25399848e-19
vn 4.38670052e-16 1.86055221e-16 -1
f 5098//1700 5099//1700 5100//1700
v -0.029319806 0.0459619425 -4.31026116e-18
v -0.0163099039 0.0428908467 8.25399848e-19
v -0.0296547431 0.04471194 -4.68975756e-18
vn 4.38670052e-16 1.86055221e-16 -1
f 5101//1701 5102//1701 5103//1701
v -0.0296547431 0.04471194 -4.68975756e-18
v -0.0163099039 0.0428908467 8.25399848e-19
v -0.0176034383 0.0424984582 1.84959071e-19
vn 4.38670052e-16 1.86055221e-16 -1
f 5104//1702 5105//1702 5106//1702
v -0.0296547431 0.04471194 -4.68975756e-18
v -0.0176034383 0.0424984582 1.84959071e-19
v -0.0305698067 0.0437968783 -5.26142084e-18
vn 4.38670052e-16 1.86055221e-16 -1
f 5107//1703 5108//1703 5109//1703
v -0.0305698067 0.0437968783 -5.26142084e-18
v -0.0176034383 0.0424984582 1.84959071e-19
v -0.0255562309 0.0382476039 -4.09458663e-18
vn 4.38670052e-16 1.86055221e-16 -1
f 5110//1704 5111//1704 5112//1704
v -0.0305698067 0.0437968783 -5.26142084e-18
v -0.0255562309 0.0382476039 -4.09458663e-18
v -0.0318198055 0.0434619412 -5.87207535e-18
vn 4.38670052e-16 1.86055221e-16 -1
f 5113//1705 5114//1705 5115//1705
v -0.0318198055 0.0434619412 -5.87207535e-18
v -0.0255562309 0.0382476039 -4.09458663e-18
v -0.0325269103 0.0325269103 -8.21678042e-18
vn 4.38670052e-16 1.86055221e-16 -1
f 5116//1706 5117//1706 5118//1706
v -0.0318198055 0.0434619412 -5.87207535e-18
v -0.0325269103 0.0325269103 -8.21678042e-18
v -0.0330698043 0.0437968783 -6.35809565e-18
vn 4.38670052e-16 1.86055221e-16 -1
f 5119//1707 5120//1707 5121//1707
v -0.0330698043 0.0437968783 -6.35809565e-18
v -0.0325269103 0.0325269103 -8.21678042e-18
v -0.0382476002 0.0255562309 -1.20232075e-17
vn 4.38670052e-16 1.86055221e-16 -1
f 5122//1708 5123//1708 5124//1708
v -0.0330698043 0.0437968783 -6.35809565e-18
v -0.0382476002 0.0255562309 -1.20232075e-17
v -0.0430099033 0.0233809706 -1.45170065e-17
vn 4.38670052e-16 1.86055221e-16 -1
f 5125//1709 5126//1709 5127//1709
v -0.0430099033 0.0233809706 -1.45170065e-17
v -0.0382476002 0.0255562309 -1.20232075e-17
v -0.0394103006 0.0233809706 -1.29379675e-17
vn 4.38670052e-16 1.86055221e-16 -1
f 5128//1710 5129//1710 5130//1710
v -0.0430099033 0.0233809706 -1.45170065e-17
v -0.0394103006 0.0233809706 -1.29379675e-17
v -0.0424984582 0.0176034383 -1.53675897e-17
vn 4.38670052e-16 1.86055221e-16 -1
f 5131//1711 5132//1711 5133//1711
v 0.0151495012 0.0434337743 1.47267133e-17
v 0.0103477491 0.0448210239 1.28784337e-17
v 0.0217966978 0.0500809699 1.8879385e-17
vn 4.38670052e-16 1.86055221e-16 -1
f 5134//1712 5135//1712 5136//1712
v 0.0217966978 0.0500809699 1.8879385e-17
v 0.0103477491 0.0448210239 1.28784337e-17
v 0.00160537683 0.0459719785 9.25755726e-18
vn 4.38670052e-16 1.86055221e-16 -1
f 5137//1713 5138//1713 5139//1713
v 0.0217966978 0.0500809699 1.8879385e-17
v 0.00160537683 0.0459719785 9.25755726e-18
v -0.0163099039 0.0500809699 2.16315981e-18
vn 4.38670052e-16 1.86055221e-16 -1
f 5140//1714 5141//1714 5142//1714
v -0.0163099039 0.0500809699 2.16315981e-18
v 0.00160537683 0.0459719785 9.25755726e-18
v -2.91433544e-16 0.0460000001 8.55854001e-18
vn 4.38670052e-16 1.86055221e-16 -1
f 5143//1715 5144//1715 5145//1715
v -0.0163099039 0.0500809699 2.16315981e-18
v -2.91433544e-16 0.0460000001 8.55854001e-18
v -0.00897415448 0.0451161228 4.45739715e-18
vn 4.38670052e-16 1.86055221e-16 -1
f 5146//1716 5147//1716 5148//1716
v 0.0434337743 0.0151495012 0.00249999994
v 0.0434337743 0.0151495012 2.18717407e-17
v 0.0451548509 0.00877721421 2.1441127e-17
vn -0.965407789 -0.26074481 -4.72008422e-16
f 5149//1717 5150//1717 5151//1717
v 0.0385788456 0.025053395 0.0450000018
v 0.0385788456 0.025053395 0.00249999994
v 0.0426504575 0.017231904 0.0450000018
vn -0.887010753 -0.461748749 -4.75015812e-16
f 5152//1718 5153//1718 5154//1718
v 0.0426504575 0.017231904 0.0450000018
v 0.0385788456 0.025053395 0.00249999994
v 0.0426504575 0.017231904 0.00249999994
vn -0.887010753 -0.461748749 -4.75015812e-16
f 5155//1719 5156//1719 5157//1719
v 0.0426504575 0.017231904 0.0450000018
v 0.0426504575 0.017231904 0.00249999994
v 0.0451548509 0.00877721421 0.0450000018
vn -0.958819747 -0.284015357 -4.7344806e-16
f 5158//1720 5159//1720 5160//1720
v 0.0385788456 0.025053395 0.0450000018
v 0.0330896303 0.0319542848 0.0450000018
v 0.0330847912 0.0319496058 0.0128928619
vn -0.782608151 -0.622514606 0.000208672704
f 5161//1721 5162//1721 5163//1721
v 0.0330847912 0.0319496058 0.0128928619
v 0.0336209089 0.0313948169 0.0127899023
v 0.0385788456 0.025053395 0.0450000018
vn -0.721213937 -0.692251146 -0.0252754092
f 5164//1722 5165//1722 5166//1722
v 0.0385788456 0.025053395 0.0450000018
v 0.0336209089 0.0313948169 0.0127899023
v 0.0339463055 0.0310350209 0.0125860749
vn -0.746122479 -0.665611684 -0.0161966849
f 5167//1723 5168//1723 5169//1723
v 0.0385788456 0.025053395 0.0450000018
v 0.0339463055 0.0310350209 0.0125860749
v 0.0346042253 0.0303075537 0.0121739618
vn -0.746120512 -0.66561389 -0.0161973666
f 5170//1724 5171//1724 5172//1724
v 0.0346042253 0.0303075537 0.0121739618
v 0.035388127 0.0293884203 0.0112424819
v 0.0385788456 0.025053395 0.0450000018
vn -0.765885592 -0.642896473 -0.0101680243
f 5173//1725 5174//1725 5175//1725
v 0.0385788456 0.025053395 0.0450000018
v 0.035388127 0.0293884203 0.0112424819
v 0.0360005274 0.0286349822 0.00997910928
vn -0.781156003 -0.624303758 -0.00633706432
f 5176//1726 5177//1726 5178//1726
v 0.0360005274 0.0286349822 0.00997910928
v 0.0362331942 0.0283384733 0.00905772951
v 0.0385788456 0.025053395 0.0450000018
vn -0.792683542 -0.609620273 -0.00398669904
f 5179//1727 5180//1727 5181//1727
v 0.0385788456 0.025053395 0.0450000018
v 0.0362331942 0.0283384733 0.00905772951
v 0.0363750681 0.0281576738 0.00849590451
vn -0.792678833 -0.609626412 -0.00398757216
f 5182//1728 5183//1728 5184//1728
v 0.0385788456 0.025053395 0.0450000018
v 0.0363750681 0.0281576738 0.00849590451
v 0.0385788456 0.025053395 0.00249999994
vn -0.815415263 -0.578876436 -4.65401247e-16
f 5185//1729 5186//1729 5187//1729
v 0.0385788456 0.025053395 0.00249999994
v 0.0363750681 0.0281576738 0.00849590451
v 0.0364916734 0.0280063897 0.00700000022
vn -0.821084857 -0.570771635 -0.00627996074
f 5188//1730 5189//1730 5190//1730
v 0.0385788456 0.025053395 0.00249999994
v 0.0364916734 0.0280063897 0.00700000022
v 0.0364916734 0.0280063897 0.00249999994
vn -0.816615283 -0.577182412 -4.65612476e-16
f 5191//1731 5192//1731 5193//1731
v 0.0263845157 0.0376809947 0.00249999994
v 0.0280063897 0.0364916734 0.00249999994
v 0.0280063897 0.0364916734 0.00700000022
vn -0.591346502 -0.806417584 -4.09444212e-16
f 5194//1732 5195//1732 5196//1732
v 0.0286619067 0.0359790921 0.0100380871
v 0.0263845157 0.0376809947 0.0450000018
v 0.0283355787 0.0362354778 0.00905858912
vn -0.614733875 -0.788732886 -0.00164873351
f 5197//1733 5198//1733 5199//1733
v 0.0283355787 0.0362354778 0.00905858912
v 0.0263845157 0.0376809947 0.0450000018
v 0.0281741172 0.0363623314 0.00857395213
vn -0.614729524 -0.788736284 -0.00164835982
f 5200//1734 5201//1734 5202//1734
v 0.0286619067 0.0359790921 0.0100380871
v 0.0293883774 0.0353881493 0.0112424297
v 0.0263845157 0.0376809947 0.0450000018
vn -0.628006816 -0.778201938 -0.00302595366
f 5203//1735 5204//1735 5205//1735
v 0.0263845157 0.0376809947 0.0450000018
v 0.0293883774 0.0353881493 0.0112424297
v 0.0303519312 0.0345653035 0.0122081153
vn -0.646106243 -0.763226509 -0.00565364864
f 5206//1736 5207//1736 5208//1736
v 0.0303519312 0.0345653035 0.0122081153
v 0.0310353264 0.0339453891 0.0125824045
v 0.0263845157 0.0376809947 0.0450000018
vn -0.668740869 -0.743424594 -0.0102736205
f 5209//1737 5210//1737 5211//1737
v 0.0263845157 0.0376809947 0.0450000018
v 0.0310353264 0.0339453891 0.0125824045
v 0.0314519145 0.0335674994 0.0128105655
vn -0.668741167 -0.743424296 -0.0102737043
f 5212//1738 5213//1738 5214//1738
v 0.0263845157 0.0376809947 0.0450000018
v 0.0314519145 0.0335674994 0.0128105655
v 0.0330896303 0.0319542848 0.0450000018
vn -0.649439871 -0.760396063 -0.00506638363
f 5215//1739 5216//1739 5217//1739
v 0.0330896303 0.0319542848 0.0450000018
v 0.0314519145 0.0335674994 0.0128105655
v 0.032526914 0.0325269103 0.0130000003
vn -0.695456207 -0.718568206 -0.000628937851
f 5218//1740 5219//1740 5220//1740
v 0.0330896303 0.0319542848 0.0450000018
v 0.032526914 0.0325269103 0.0130000003
v 0.0330847912 0.0319496058 0.0128928619
vn -0.719083369 -0.694923759 0.00020965049
f 5221//1741 5222//1741 5223//1741
v 0.0280063897 0.0364916734 0.00700000022
v 0.0281741172 0.0363623314 0.00857395213
v 0.0263845157 0.0376809947 0.00249999994
vn -0.582913876 -0.812520623 -0.0046522622
f 5224//1742 5225//1742 5226//1742
v 0.0263845157 0.0376809947 0.00249999994
v 0.0281741172 0.0363623314 0.00857395213
v 0.0263845157 0.0376809947 0.0450000018
vn -0.593201816 -0.805053771 -4.10004339e-16
f 5227//1743 5228//1743 5229//1743
v 0.0263845157 0.0376809947 0.00249999994
v 0.0263845157 0.0376809947 0.0450000018
v 0.018709885 0.0420230925 0.00249999994
vn -0.492423624 -0.870355666 -3.77945704e-16
f 5230//1744 5231//1744 5232//1744
v 0.018709885 0.0420230925 0.00249999994
v 0.0263845157 0.0376809947 0.0450000018
v 0.018709885 0.0420230925 0.0450000018
vn -0.492423624 -0.870355666 -3.77945704e-16
f 5233//1745 5234//1745 5235//1745
v 0.018709885 0.0420230925 0.00249999994
v 0.018709885 0.0420230925 0.0450000018
v 0.0151495012 0.0434337743 0.00249999994
vn -0.368356079 -0.929684758 -3.34559485e-16
f 5236//1746 5237//1746 5238//1746
v 0.0151495012 0.0434337743 0.00249999994
v 0.018709885 0.0420230925 0.0450000018
v 0.0103477491 0.0448210239 0.0450000018
vn -0.317300826 -0.948312283 -0.00489538535
f 5239//1747 5240//1747 5241//1747
v -2.91433544e-16 -0.0460000001 -8.55854001e-18
v -3.111737e-16 -0.0460000001 0.0450000018
v 0.00160537683 -0.0459719785 -7.84909615e-18
vn -0.0174522046 0.99984771 1.78371123e-16
f 5242//1748 5243//1748 5244//1748
v 0.00160537683 -0.0459719785 -7.84909615e-18
v -3.111737e-16 -0.0460000001 0.0450000018
v 0.00160537683 -0.0459719785 0.0450000018
vn -0.0174522046 0.99984771 1.78371123e-16
f 5245//1749 5246//1749 5247//1749
v 0.00160537683 -0.0459719785 -7.84909615e-18
v 0.00160537683 -0.0459719785 0.0450000018
v 0.0103477491 -0.0448210239 -3.79993787e-18
vn -0.130526125 0.991444886 1.27205595e-16
f 5248//1750 5249//1750 5250//1750
v 0.0103477491 -0.0448210239 -3.79993787e-18
v 0.00160537683 -0.0459719785 0.0450000018
v 0.0103477491 -0.0448210239 0.0450000018
vn -0.130526125 0.991444886 1.27205595e-16
f 5251//1751 5252//1751 5253//1751
v 0.0103477491 -0.0448210239 -3.79993787e-18
v 0.0103477491 -0.0448210239 0.0450000018
v 0.0141756274 -0.0435402319 -1.88246434e-18
vn -0.317305088 0.948323488 3.72483036e-17
f 5254//1752 5255//1752 5256//1752
v 0.0141756274 -0.0435402319 -1.88246434e-18
v 0.0103477491 -0.0448210239 0.0450000018
v 0.018709885 -0.0420230925 0.0450000018
vn -0.317304611 0.948323667 4.3925489e-08
f 5257//1753 5258//1753 5259//1753
v 0.0263845157 -0.0376809947 0.0450000018
v 0.0228506401 -0.0396803655 2.64115275e-18
v 0.018709885 -0.0420230925 0.0450000018
vn -0.492423624 0.870355666 2.69096234e-09
f 5260//1754 5261//1754 5262//1754
v 0.018709885 -0.0420230925 0.0450000018
v 0.0228506401 -0.0396803655 2.64115275e-18
v 0.018709885 -0.0420230925 3.88850885e-19
vn -0.492423624 0.870355666 -5.40772932e-17
f 5263//1755 5264//1755 5265//1755
v 0.018709885 -0.0420230925 0.0450000018
v 0.018709885 -0.0420230925 3.88850885e-19
v 0.0141756274 -0.0435402319 -1.88246434e-18
vn -0.317304224 0.948323786 3.72487338e-17
f 5266//1756 5267//1756 5268//1756
v 0.0451548509 -0.00877721421 0.0450000018
v 0.0430806577 -0.0157795716 1.59623227e-17
v 0.0426504575 -0.017231904 0.0450000018
vn -0.958819747 0.284015357 5.1164184e-09
f 5269//1757 5270//1757 5271//1757
v 0.0426504575 -0.017231904 0.0450000018
v 0.0430806577 -0.0157795716 1.59623227e-17
v 0.0426504575 -0.017231904 1.55033929e-17
vn -0.958819747 0.284015238 -3.67763018e-16
f 5272//1758 5273//1758 5274//1758
v 0.0426504575 -0.017231904 0.0450000018
v 0.0426504575 -0.017231904 1.55033929e-17
v 0.0385788456 -0.025053395 0.0450000018
vn -0.887010753 0.461748749 -3.03194305e-16
f 5275//1759 5276//1759 5277//1759
v 0.0385788456 -0.025053395 0.0450000018
v 0.0426504575 -0.017231904 1.55033929e-17
v 0.0385788456 -0.025053395 1.22620692e-17
vn -0.887010753 0.461748749 -3.03194305e-16
f 5278//1760 5279//1760 5280//1760
v 0.0385788456 -0.025053395 0.0450000018
v 0.0385788456 -0.025053395 1.22620692e-17
v 0.0330896303 -0.0319542848 0.0450000018
vn -0.782608151 0.622514606 -2.27484674e-16
f 5281//1761 5282//1761 5283//1761
v 0.0330896303 -0.0319542848 0.0450000018
v 0.0385788456 -0.025053395 1.22620692e-17
v 0.0330896303 -0.0319542848 8.57016852e-18
vn -0.782608151 0.622514606 -2.27484674e-16
f 5284//1762 5285//1762 5286//1762
v 0.0330896303 -0.0319542848 0.0450000018
v 0.0330896303 -0.0319542848 8.57016852e-18
v 0.0263845157 -0.0376809947 0.0450000018
vn -0.649448216 0.760405838 -1.43416019e-16
f 5287//1763 5288//1763 5289//1763
v 0.0263845157 -0.0376809947 0.0450000018
v 0.0330896303 -0.0319542848 8.57016852e-18
v 0.0263845157 -0.0376809947 4.56335154e-18
vn -0.649448216 0.760405838 -1.43416019e-16
f 5290//1764 5291//1764 5292//1764
v 0.0263845157 -0.0376809947 0.0450000018
v 0.0263845157 -0.0376809947 4.56335154e-18
v 0.0228506401 -0.0396803655 2.64115275e-18
vn -0.492423594 0.870355666 -5.40772667e-17
f 5293//1765 5294//1765 5295//1765
v 0.0426504575 0.017231904 0.00249999994
v 0.0434337743 0.0151495012 0.00249999994
v 0.0451548509 0.00877721421 0.0450000018
vn -0.935868025 -0.352036178 -0.0148841161
f 5296//1766 5297//1766 5298//1766
v 0.0451548509 0.00877721421 0.0450000018
v 0.0434337743 0.0151495012 0.00249999994
v 0.0451548509 0.00877721421 2.1441127e-17
vn -0.965407789 -0.26074481 -4.72008422e-16
f 5299//1767 5300//1767 5301//1767
v 0.0451548509 0.00877721421 0.0450000018
v 0.0451548509 0.00877721421 2.1441127e-17
v 0.0460000001 2.89599003e-16 0.0450000018
vn -0.995396197 -0.0958456993 -4.54483098e-16
f 5302//1768 5303//1768 5304//1768
v 0.0460000001 2.89599003e-16 0.0450000018
v 0.0451548509 0.00877721421 2.1441127e-17
v 0.0460000001 2.97971474e-16 2.01788229e-17
vn -0.995396197 -0.0958456993 -4.54483098e-16
f 5305//1769 5306//1769 5307//1769
v 0.0460000001 2.89599003e-16 0.0450000018
v 0.0460000001 2.97971474e-16 2.01788229e-17
v 0.0451548509 -0.00877721421 0.0450000018
vn -0.995396197 0.0958456993 -4.18817929e-16
f 5308//1770 5309//1770 5310//1770
v 0.0451548509 -0.00877721421 0.0450000018
v 0.0460000001 2.97971474e-16 2.01788229e-17
v 0.0451548509 -0.00877721421 1.81750341e-17
vn -0.995396197 0.0958456993 -4.18817929e-16
f 5311//1771 5312//1771 5313//1771
v 0.0451548509 -0.00877721421 0.0450000018
v 0.0451548509 -0.00877721421 1.81750341e-17
v 0.0430806577 -0.0157795716 1.59623227e-17
vn -0.958819747 0.284015387 -3.67762965e-16
f 5314//1772 5315//1772 5316//1772
v 0.0151495012 0.0434337743 1.47267133e-17
v 0.0151495012 0.0434337743 0.00249999994
v 0.0103477491 0.0448210239 1.28784337e-17
vn -0.277553856 -0.960710108 -3.00499682e-16
f 5317//1773 5318//1773 5319//1773
v 0.0103477491 0.0448210239 1.28784337e-17
v 0.0151495012 0.0434337743 0.00249999994
v 0.0103477491 0.0448210239 0.0450000018
vn -0.277553856 -0.960710108 -3.00499682e-16
f 5320//1774 5321//1774 5322//1774
v 0.0103477491 0.0448210239 1.28784337e-17
v 0.0103477491 0.0448210239 0.0450000018
v 0.00160537683 0.0459719785 9.25755726e-18
vn -0.130526125 -0.991444886 -2.41721392e-16
f 5323//1775 5324//1775 5325//1775
v 0.00160537683 0.0459719785 9.25755726e-18
v 0.0103477491 0.0448210239 0.0450000018
v 0.00160537683 0.0459719785 0.0450000018
vn -0.130526125 -0.991444886 -2.41721392e-16
f 5326//1776 5327//1776 5328//1776
v 0.00160537683 0.0459719785 9.25755726e-18
v 0.00160537683 0.0459719785 0.0450000018
v -2.91433544e-16 0.0460000001 8.55854001e-18
vn -0.0174522046 -0.99984771 -1.93682646e-16
f 5329//1777 5330//1777 5331//1777
v -2.91433544e-16 0.0460000001 8.55854001e-18
v 0.00160537683 0.0459719785 0.0450000018
v -3.111737e-16 0.0460000001 0.0450000018
vn -0.0174522046 -0.99984771 -1.93682646e-16
f 5332//1778 5333//1778 5334//1778
v 0.0315339118 -0.0151859308 0.0450000018
v 0.0385788456 -0.025053395 0.0450000018
v 0.0273641013 -0.0218221433 0.0450000018
vn 4.38670052e-16 1.86055221e-16 -1
f 5335//1779 5336//1779 5337//1779
v 0.0273641013 -0.0218221433 0.0450000018
v 0.0385788456 -0.025053395 0.0450000018
v 0.0330896303 -0.0319542848 0.0450000018
vn 4.38670052e-16 1.86055221e-16 -1
f 5338//1780 5339//1780 5340//1780
v 0.0273641013 -0.0218221433 0.0450000018
v 0.0330896303 -0.0319542848 0.0450000018
v 0.0218221415 -0.0273641013 0.0450000018
vn 4.38670052e-16 1.86055221e-16 -1
f 5341//1781 5342//1781 5343//1781
v 0.0218221415 -0.0273641013 0.0450000018
v 0.0330896303 -0.0319542848 0.0450000018
v 0.0263845157 -0.0376809947 0.0450000018
vn 4.38670052e-16 1.86055221e-16 -1
f 5344//1782 5345//1782 5346//1782
v 0.0218221415 -0.0273641013 0.0450000018
v 0.0263845157 -0.0376809947 0.0450000018
v 0.0151859308 -0.0315339118 0.0450000018
vn 4.38670052e-16 1.86055221e-16 -1
f 5347//1783 5348//1783 5349//1783
v 0.0151859308 -0.0315339118 0.0450000018
v 0.0263845157 -0.0376809947 0.0450000018
v 0.018709885 -0.0420230925 0.0450000018
vn 4.38670052e-16 1.86055221e-16 -1
f 5350//1784 5351//1784 5352//1784
v 0.0151859308 -0.0315339118 0.0450000018
v 0.018709885 -0.0420230925 0.0450000018
v 0.00778823299 -0.0341224782 0.0450000018
vn 4.38670052e-16 1.86055221e-16 -1
f 5353//1785 5354//1785 5355//1785
v 0.0273641013 0.0218221433 0.0450000018
v 0.0385788456 0.025053395 0.0450000018
v 0.0315339118 0.0151859308 0.0450000018
vn 4.38670052e-16 1.86055221e-16 -1
f 5356//1786 5357//1786 5358//1786
v 0.0315339118 0.0151859308 0.0450000018
v 0.0385788456 0.025053395 0.0450000018
v 0.0426504575 0.017231904 0.0450000018
vn 4.38670052e-16 1.86055221e-16 -1
f 5359//1787 5360//1787 5361//1787
v 0.0315339118 0.0151859308 0.0450000018
v 0.0426504575 0.017231904 0.0450000018
v 0.0341224782 0.00778823253 0.0450000018
vn 4.38670052e-16 1.86055221e-16 -1
f 5362//1788 5363//1788 5364//1788
v 0.0341224782 0.00778823253 0.0450000018
v 0.0426504575 0.017231904 0.0450000018
v 0.0451548509 0.00877721421 0.0450000018
vn 4.38670052e-16 1.86055221e-16 -1
f 5365//1789 5366//1789 5367//1789
v 0.0341224782 0.00778823253 0.0450000018
v 0.0451548509 0.00877721421 0.0450000018
v 0.0350000001 2.10573383e-16 0.0450000018
vn 4.38670052e-16 1.86055221e-16 -1
f 5368//1790 5369//1790 5370//1790
v 0.0350000001 2.10573383e-16 0.0450000018
v 0.0451548509 0.00877721421 0.0450000018
v 0.0460000001 2.89599003e-16 0.0450000018
vn 4.38670052e-16 1.86055221e-16 -1
f 5371//1791 5372//1791 5373//1791
v 0.0350000001 2.10573383e-16 0.0450000018
v 0.0460000001 2.89599003e-16 0.0450000018
v 0.0341224782 -0.00778823253 0.0450000018
vn 4.38670052e-16 1.86055221e-16 -1
f 5374//1792 5375//1792 5376//1792
v 0.0341224782 -0.00778823253 0.0450000018
v 0.0460000001 2.89599003e-16 0.0450000018
v 0.0451548509 -0.00877721421 0.0450000018
vn 4.38670052e-16 1.86055221e-16 -1
f 5377//1793 5378//1793 5379//1793
v 0.0341224782 -0.00778823253 0.0450000018
v 0.0451548509 -0.00877721421 0.0450000018
v 0.0315339118 -0.0151859308 0.0450000018
vn 4.38670052e-16 1.86055221e-16 -1
f 5380//1794 5381//1794 5382//1794
v 0.0315339118 -0.0151859308 0.0450000018
v 0.0451548509 -0.00877721421 0.0450000018
v 0.0426504575 -0.017231904 0.0450000018
vn 4.38670052e-16 1.86055221e-16 -1
f 5383//1795 5384//1795 5385//1795
v 0.0315339118 -0.0151859308 0.0450000018
v 0.0426504575 -0.017231904 0.0450000018
v 0.0385788456 -0.025053395 0.0450000018
vn 4.38670052e-16 1.86055221e-16 -1
f 5386//1796 5387//1796 5388//1796
v -3.111737e-16 0.0350000001 0.0450000018
v 0.00160537683 0.0459719785 0.0450000018
v 0.00778823299 0.0341224782 0.0450000018
vn 4.38670052e-16 1.86055221e-16 -1
f 5389//1797 5390//1797 5391//1797
v 0.00778823299 0.0341224782 0.0450000018
v 0.00160537683 0.0459719785 0.0450000018
v 0.0103477491 0.0448210239 0.0450000018
vn 4.38670052e-16 1.86055221e-16 -1
f 5392//1798 5393//1798 5394//1798
v 0.00778823299 0.0341224782 0.0450000018
v 0.0103477491 0.0448210239 0.0450000018
v 0.0151859308 0.0315339118 0.0450000018
vn 4.38670052e-16 1.86055221e-16 -1
f 5395//1799 5396//1799 5397//1799
v 0.0151859308 0.0315339118 0.0450000018
v 0.0103477491 0.0448210239 0.0450000018
v 0.018709885 0.0420230925 0.0450000018
vn 4.38670052e-16 1.86055221e-16 -1
f 5398//1800 5399//1800 5400//1800
v 0.0151859308 0.0315339118 0.0450000018
v 0.018709885 0.0420230925 0.0450000018
v 0.0218221415 0.0273641013 0.0450000018
vn 4.38670052e-16 1.86055221e-16 -1
f 5401//1801 5402//1801 5403//1801
v 0.0218221415 0.0273641013 0.0450000018
v 0.018709885 0.0420230925 0.0450000018
v 0.0263845157 0.0376809947 0.0450000018
vn 4.38670052e-16 1.86055221e-16 -1
f 5404//1802 5405//1802 5406//1802
v 0.0218221415 0.0273641013 0.0450000018
v 0.0263845157 0.0376809947 0.0450000018
v 0.0273641013 0.0218221433 0.0450000018
vn 4.38670052e-16 1.86055221e-16 -1
f 5407//1803 5408//1803 5409//1803
v 0.0273641013 0.0218221433 0.0450000018
v 0.0263845157 0.0376809947 0.0450000018
v 0.0330896303 0.0319542848 0.0450000018
vn 4.38670052e-16 1.86055221e-16 -1
f 5410//1804 5411//1804 5412//1804
v 0.0273641013 0.0218221433 0.0450000018
v 0.0330896303 0.0319542848 0.0450000018
v 0.0385788456 0.025053395 0.0450000018
vn 4.38670052e-16 1.86055221e-16 -1
f 5413//1805 5414//1805 5415//1805
v -0.0273641031 0.0218221433 0.0450000018
v -0.0325269103 0.0325269103 0.0450000018
v -0.0218221433 0.0273641013 0.0450000018
vn 4.38670052e-16 1.86055221e-16 -1
f 5416//1806 5417//1806 5418//1806
v -0.0218221433 0.0273641013 0.0450000018
v -0.0325269103 0.0325269103 0.0450000018
v -0.0255562309 0.0382476039 0.0450000018
vn 4.38670052e-16 1.86055221e-16 -1
f 5419//1807 5420//1807 5421//1807
v -0.0218221433 0.0273641013 0.0450000018
v -0.0255562309 0.0382476039 0.0450000018
v -0.0151859308 0.0315339118 0.0450000018
vn 4.38670052e-16 1.86055221e-16 -1
f 5422//1808 5423//1808 5424//1808
v -0.0151859308 0.0315339118 0.0450000018
v -0.0255562309 0.0382476039 0.0450000018
v -0.0176034383 0.0424984582 0.0450000018
vn 4.38670052e-16 1.86055221e-16 -1
f 5425//1809 5426//1809 5427//1809
v -0.0151859308 0.0315339118 0.0450000018
v -0.0176034383 0.0424984582 0.0450000018
v -0.00778823253 0.0341224782 0.0450000018
vn 4.38670052e-16 1.86055221e-16 -1
f 5428//1810 5429//1810 5430//1810
v -0.00778823253 0.0341224782 0.0450000018
v -0.0176034383 0.0424984582 0.0450000018
v -0.00897415448 0.0451161228 0.0450000018
vn 4.38670052e-16 1.86055221e-16 -1
f 5431//1811 5432//1811 5433//1811
v -0.00778823253 0.0341224782 0.0450000018
v -0.00897415448 0.0451161228 0.0450000018
v -3.111737e-16 0.0350000001 0.0450000018
vn 4.38670052e-16 1.86055221e-16 -1
f 5434//1812 5435//1812 5436//1812
v -3.111737e-16 0.0350000001 0.0450000018
v -0.00897415448 0.0451161228 0.0450000018
v -3.111737e-16 0.0460000001 0.0450000018
vn 4.38670052e-16 1.86055221e-16 -1
f 5437//1813 5438//1813 5439//1813
v -3.111737e-16 0.0350000001 0.0450000018
v -3.111737e-16 0.0460000001 0.0450000018
v 0.00160537683 0.0459719785 0.0450000018
vn 4.38670052e-16 1.86055221e-16 -1
f 5440//1814 5441//1814 5442//1814
v 0.018709885 -0.0420230925 0.0450000018
v 0.0103477491 -0.0448210239 0.0450000018
v 0.00778823299 -0.0341224782 0.0450000018
vn 4.38670052e-16 1.86055221e-16 -1
f 5443//1815 5444//1815 5445//1815
v 0.00778823299 -0.0341224782 0.0450000018
v 0.0103477491 -0.0448210239 0.0450000018
v 0.00160537683 -0.0459719785 0.0450000018
vn 4.38670052e-16 1.86055221e-16 -1
f 5446//1816 5447//1816 5448//1816
v 0.00778823299 -0.0341224782 0.0450000018
v 0.00160537683 -0.0459719785 0.0450000018
v -3.111737e-16 -0.0350000001 0.0450000018
vn 4.38670052e-16 1.86055221e-16 -1
f 5449//1817 5450//1817 5451//1817
v -3.111737e-16 -0.0350000001 0.0450000018
v 0.00160537683 -0.0459719785 0.0450000018
v -3.111737e-16 -0.0460000001 0.0450000018
vn 4.38670052e-16 1.86055221e-16 -1
f 5452//1818 5453//1818 5454//1818
v -3.111737e-16 -0.0350000001 0.0450000018
v -3.111737e-16 -0.0460000001 0.0450000018
v -0.00778823253 -0.0341224782 0.0450000018
vn 4.38670052e-16 1.86055221e-16 -1
f 5455//1819 5456//1819 5457//1819
v -0.00778823253 -0.0341224782 0.0450000018
v -3.111737e-16 -0.0460000001 0.0450000018
v -0.00897415448 -0.0451161228 0.0450000018
vn 4.38670052e-16 1.86055221e-16 -1
f 5458//1820 5459//1820 5460//1820
v -0.00778823253 -0.0341224782 0.0450000018
v -0.00897415448 -0.0451161228 0.0450000018
v -0.0151859308 -0.0315339118 0.0450000018
vn 4.38670052e-16 1.86055221e-16 -1
f 5461//1821 5462//1821 5463//1821
v -0.0151859308 -0.0315339118 0.0450000018
v -0.00897415448 -0.0451161228 0.0450000018
v -0.0176034383 -0.0424984582 0.0450000018
vn 4.38670052e-16 1.86055221e-16 -1
f 5464//1822 5465//1822 5466//1822
v -0.0151859308 -0.0315339118 0.0450000018
v -0.0176034383 -0.0424984582 0.0450000018
v -0.0218221433 -0.0273641013 0.0450000018
vn 4.38670052e-16 1.86055221e-16 -1
f 5467//1823 5468//1823 5469//1823
v -0.0176034383 -0.0424984582 0.0450000018
v -0.0255562309 -0.0382476039 0.0450000018
v -0.0218221433 -0.0273641013 0.0450000018
vn 4.38670052e-16 1.86055221e-16 -1
f 5470//1824 5471//1824 5472//1824
v -0.0218221433 -0.0273641013 0.0450000018
v -0.0255562309 -0.0382476039 0.0450000018
v -0.0325269103 -0.0325269103 0.0450000018
vn 4.38670052e-16 1.86055221e-16 -1
f 5473//1825 5474//1825 5475//1825
v -0.0218221433 -0.0273641013 0.0450000018
v -0.0325269103 -0.0325269103 0.0450000018
v -0.0273641031 -0.0218221433 0.0450000018
vn 4.38670052e-16 1.86055221e-16 -1
f 5476//1826 5477//1826 5478//1826
v -0.0273641031 -0.0218221433 0.0450000018
v -0.0325269103 -0.0325269103 0.0450000018
v -0.0382476002 -0.0255562309 0.0450000018
vn 4.38670052e-16 1.86055221e-16 -1
f 5479//1827 5480//1827 5481//1827
v -0.0273641031 -0.0218221433 0.0450000018
v -0.0382476002 -0.0255562309 0.0450000018
v -0.0315339081 -0.0151859308 0.0450000018
vn 4.38670052e-16 1.86055221e-16 -1
f 5482//1828 5483//1828 5484//1828
v -0.0315339081 -0.0151859308 0.0450000018
v -0.0382476002 -0.0255562309 0.0450000018
v -0.0424984582 -0.0176034383 0.0450000018
vn 4.38670052e-16 1.86055221e-16 -1
f 5485//1829 5486//1829 5487//1829
v -0.0315339081 -0.0151859308 0.0450000018
v -0.0424984582 -0.0176034383 0.0450000018
v -0.0341224745 -0.00778823253 0.0450000018
vn 4.38670052e-16 1.86055221e-16 -1
f 5488//1830 5489//1830 5490//1830
v -0.0341224745 -0.00778823253 0.0450000018
v -0.0424984582 -0.0176034383 0.0450000018
v -0.0451161228 -0.00897415448 0.0450000018
vn 4.38670052e-16 1.86055221e-16 -1
f 5491//1831 5492//1831 5493//1831
v -0.0341224745 -0.00778823253 0.0450000018
v -0.0451161228 -0.00897415448 0.0450000018
v -0.0350000001 -2.46346774e-16 0.0450000018
vn 4.38670052e-16 1.86055221e-16 -1
f 5494//1832 5495//1832 5496//1832
v -0.0350000001 -2.46346774e-16 0.0450000018
v -0.0451161228 -0.00897415448 0.0450000018
v -0.0460000001 -3.21138698e-16 0.0450000018
vn 4.38670052e-16 1.86055221e-16 -1
f 5497//1833 5498//1833 5499//1833
v -0.0350000001 -2.46346774e-16 0.0450000018
v -0.0460000001 -3.21138698e-16 0.0450000018
v -0.0341224745 0.00778823253 0.0450000018
vn 4.38670052e-16 1.86055221e-16 -1
f 5500//1834 5501//1834 5502//1834
v -0.0341224745 0.00778823253 0.0450000018
v -0.0460000001 -3.21138698e-16 0.0450000018
v -0.0451161228 0.00897415448 0.0450000018
vn 4.38670052e-16 1.86055221e-16 -1
f 5503//1835 5504//1835 5505//1835
v -0.0341224745 0.00778823253 0.0450000018
v -0.0451161228 0.00897415448 0.0450000018
v -0.0315339081 0.0151859308 0.0450000018
vn 4.38670052e-16 1.86055221e-16 -1
f 5506//1836 5507//1836 5508//1836
v -0.0315339081 0.0151859308 0.0450000018
v -0.0451161228 0.00897415448 0.0450000018
v -0.0424984582 0.0176034383 0.0450000018
vn 4.38670052e-16 1.86055221e-16 -1
f 5509//1837 5510//1837 5511//1837
v -0.0315339081 0.0151859308 0.0450000018
v -0.0424984582 0.0176034383 0.0450000018
v -0.0273641031 0.0218221433 0.0450000018
vn 4.38670052e-16 1.86055221e-16 -1
f 5512//1838 5513//1838 5514//1838
v -0.0273641031 0.0218221433 0.0450000018
v -0.0424984582 0.0176034383 0.0450000018
v -0.0382476002 0.0255562309 0.0450000018
vn 4.38670052e-16 1.86055221e-16 -1
f 5515//1839 5516//1839 5517//1839
v -0.0273641031 0.0218221433 0.0450000018
v -0.0382476002 0.0255562309 0.0450000018
v -0.0325269103 0.0325269103 0.0450000018
vn 4.38670052e-16 1.86055221e-16 -1
f 5518//1840 5519//1840 5520//1840
v -3.2477247e-16 -0.0350000001 0.0759999976
v 0.00757528888 -0.0341464691 0.0759999976
v -3.111737e-16 -0.0350000001 0.0450000018
vn -0.111964606 0.993712187 1.35769826e-16
f 5521//1841 5522//1841 5523//1841
v -3.111737e-16 -0.0350000001 0.0450000018
v 0.00757528888 -0.0341464691 0.0759999976
v 0.00778823299 -0.0341224782 0.0450000018
vn -0.11196433 0.993712246 -6.8533808e-08
f 5524//1842 5525//1842 5526//1842
v 0.00757528888 -0.0341464691 0.0759999976
v 0.00778823299 -0.0341224782 0.0759999976
v 0.00778823299 -0.0341224782 0.0450000018
vn -0.11195448 0.993713319 1.35774485e-16
f 5527//1843 5528//1843 5529//1843
v 0.00778823299 -0.0341224782 0.0450000018
v 0.00778823299 -0.0341224782 0.0759999976
v 0.00925000012 -0.033610981 0.0759999976
vn -0.330280691 0.943882763 3.07300708e-17
f 5530//1844 5531//1844 5532//1844
v 0.00778823299 -0.0341224782 0.0450000018
v 0.00925000012 -0.033610981 0.0759999976
v 0.0151859308 -0.0315339118 0.0450000018
vn -0.330279052 0.943883359 -8.59341753e-08
f 5533//1845 5534//1845 5535//1845
v 0.0151859308 -0.0315339118 0.0450000018
v 0.00925000012 -0.033610981 0.0759999976
v 0.0151859308 -0.0315339118 0.0759999976
vn -0.330278665 0.943883479 3.07310899e-17
f 5536//1846 5537//1846 5538//1846
v 0.0151859308 -0.0315339118 0.0450000018
v 0.0151859308 -0.0315339118 0.0759999976
v 0.0218221415 -0.0273641013 0.0450000018
vn -0.532032311 0.846724033 -7.58492064e-17
f 5539//1847 5540//1847 5541//1847
v 0.0218221415 -0.0273641013 0.0450000018
v 0.0151859308 -0.0315339118 0.0759999976
v 0.0218221415 -0.0273641013 0.0759999976
vn -0.532032311 0.846724033 -7.58492064e-17
f 5542//1848 5543//1848 5544//1848
v 0.0218221415 -0.0273641013 0.0759999976
v 0.0239147749 -0.0252714697 0.0759999976
v 0.0218221415 -0.0273641013 0.0450000018
vn -0.707106471 0.707107067 -1.78625471e-16
f 5545//1849 5546//1849 5547//1849
v 0.0218221415 -0.0273641013 0.0450000018
v 0.0239147749 -0.0252714697 0.0759999976
v 0.0252714697 -0.0239147749 0.0759999976
vn -0.707106769 0.707106769 4.24867466e-08
f 5548//1850 5549//1850 5550//1850
v 0.0218221415 -0.0273641013 0.0450000018
v 0.0252714697 -0.0239147749 0.0759999976
v 0.0273641013 -0.0218221433 0.0450000018
vn -0.70710665 0.707106888 1.60429021e-08
f 5551//1851 5552//1851 5553//1851
v 0.0273641013 -0.0218221433 0.0450000018
v 0.0252714697 -0.0239147749 0.0759999976
v 0.0273641013 -0.0218221433 0.0759999976
vn -0.707106769 0.707106769 -1.7862567e-16
f 5554//1852 5555//1852 5556//1852
v 0.0273641013 -0.0218221433 0.0450000018
v 0.0273641013 -0.0218221433 0.0759999976
v 0.0315339118 -0.0151859308 0.0450000018
vn -0.846724212 0.532032073 -2.72445209e-16
f 5557//1853 5558//1853 5559//1853
v 0.0273641013 -0.0218221433 0.0759999976
v 0.0315339118 -0.0151859308 0.0759999976
v 0.0315339118 -0.0151859308 0.0450000018
vn -0.846724212 0.532032073 -2.72445209e-16
f 5560//1854 5561//1854 5562//1854
v 0.0315339118 -0.0151859308 0.0450000018
v 0.0315339118 -0.0151859308 0.0759999976
v 0.0336109847 -0.00925000012 0.0759999976
vn -0.9438833 0.330279201 -3.52603166e-16
f 5563//1855 5564//1855 5565//1855
v 0.0315339118 -0.0151859308 0.0450000018
v 0.0336109847 -0.00925000012 0.0759999976
v 0.0341224782 -0.00778823253 0.0450000018
vn -0.943883359 0.330279052 3.14738209e-08
f 5566//1856 5567//1856 5568//1856
v 0.0336109847 -0.00925000012 0.0759999976
v 0.0341224782 -0.00778823253 0.0759999976
v 0.0341224782 -0.00778823253 0.0450000018
vn -0.943883538 0.330278456 -3.52603431e-16
f 5569//1857 5570//1857 5571//1857
v 0.0341224782 -0.00778823253 0.0450000018
v 0.0341224782 -0.00778823253 0.0759999976
v 0.0341464728 -0.00757528841 0.0759999976
vn -0.993711412 0.111971647 -4.15078543e-16
f 5572//1858 5573//1858 5574//1858
v 0.0341224782 -0.00778823253 0.0450000018
v 0.0341464728 -0.00757528841 0.0759999976
v 0.0350000001 2.10573383e-16 0.0450000018
vn -0.993712246 0.111964338 5.08496569e-08
f 5575//1859 5576//1859 5577//1859
v 0.0341464728 -0.00757528841 0.0759999976
v 0.0350000001 2.04805685e-16 0.0759999976
v 0.0350000001 2.10573383e-16 0.0450000018
vn -0.993712246 0.111964129 -4.15080317e-16
f 5578//1860 5579//1860 5580//1860
v 0.0350000001 2.10573383e-16 0.0450000018
v 0.0350000001 2.04805685e-16 0.0759999976
v 0.0341464728 0.00757528841 0.0759999976
vn -0.993712246 -0.111964129 -4.56743353e-16
f 5581//1861 5582//1861 5583//1861
v 0.0350000001 2.10573383e-16 0.0450000018
v 0.0341464728 0.00757528841 0.0759999976
v 0.0341224782 0.00778823253 0.0450000018
vn -0.993712246 -0.111964338 5.08496569e-08
f 5584//1862 5585//1862 5586//1862
v 0.0341464728 0.00757528841 0.0759999976
v 0.0341224782 0.00778823253 0.0759999976
v 0.0341224782 0.00778823253 0.0450000018
vn -0.993711412 -0.111971647 -4.56744359e-16
f 5587//1863 5588//1863 5589//1863
v 0.0341224782 0.00778823253 0.0450000018
v 0.0341224782 0.00778823253 0.0759999976
v 0.0336109847 0.00925000012 0.0759999976
vn -0.943883538 -0.330278456 -4.75503491e-16
f 5590//1864 5591//1864 5592//1864
v 0.0341224782 0.00778823253 0.0450000018
v 0.0336109847 0.00925000012 0.0759999976
v 0.0315339118 0.0151859308 0.0450000018
vn -0.943883359 -0.330279052 3.14738209e-08
f 5593//1865 5594//1865 5595//1865
v 0.0315339118 0.0151859308 0.0450000018
v 0.0336109847 0.00925000012 0.0759999976
v 0.0315339118 0.0151859308 0.0759999976
vn -0.9438833 -0.330279201 -4.75503491e-16
f 5596//1866 5597//1866 5598//1866
v 0.0315339118 0.0151859308 0.0450000018
v 0.0315339118 0.0151859308 0.0759999976
v 0.0273641013 0.0218221433 0.0450000018
vn -0.846724212 -0.532032073 -4.70419917e-16
f 5599//1867 5600//1867 5601//1867
v 0.0273641013 0.0218221433 0.0450000018
v 0.0315339118 0.0151859308 0.0759999976
v 0.0273641013 0.0218221433 0.0759999976
vn -0.846724212 -0.532032073 -4.70419917e-16
f 5602//1868 5603//1868 5604//1868
v 0.0273641013 0.0218221433 0.0759999976
v 0.0252714697 0.0239147749 0.0759999976
v 0.0273641013 0.0218221433 0.0450000018
vn -0.707106769 -0.707106769 -4.41747481e-16
f 5605//1869 5606//1869 5607//1869
v 0.0273641013 0.0218221433 0.0450000018
v 0.0252714697 0.0239147749 0.0759999976
v 0.0239147749 0.0252714697 0.0759999976
vn -0.707106769 -0.707106769 -4.41747481e-16
f 5608//1870 5609//1870 5610//1870
v 0.0273641013 0.0218221433 0.0450000018
v 0.0239147749 0.0252714697 0.0759999976
v 0.0218221415 0.0273641013 0.0450000018
vn -0.70710665 -0.707106888 2.64438373e-08
f 5611//1871 5612//1871 5613//1871
v 0.0218221415 0.0273641013 0.0450000018
v 0.0239147749 0.0252714697 0.0759999976
v 0.0218221415 0.0273641013 0.0759999976
vn -0.707106471 -0.707107067 -4.41747402e-16
f 5614//1872 5615//1872 5616//1872
v 0.0218221415 0.0273641013 0.0450000018
v 0.0218221415 0.0273641013 0.0759999976
v 0.0151859308 0.0315339118 0.0450000018
vn -0.532032311 -0.846724033 -3.90924075e-16
f 5617//1873 5618//1873 5619//1873
v 0.0218221415 0.0273641013 0.0759999976
v 0.0151859308 0.0315339118 0.0759999976
v 0.0151859308 0.0315339118 0.0450000018
vn -0.532032311 -0.846724033 -3.90924075e-16
f 5620//1874 5621//1874 5622//1874
v 0.0151859308 0.0315339118 0.0450000018
v 0.0151859308 0.0315339118 0.0759999976
v 0.00925000012 0.033610981 0.0759999976
vn -0.330278665 -0.943883479 -3.20497812e-16
f 5623//1875 5624//1875 5625//1875
v 0.0151859308 0.0315339118 0.0450000018
v 0.00925000012 0.033610981 0.0759999976
v 0.00778823299 0.0341224782 0.0450000018
vn -0.330279052 -0.943883359 -8.59341753e-08
f 5626//1876 5627//1876 5628//1876
v -3.2477247e-16 0.0350000001 0.0759999976
v -3.111737e-16 0.0350000001 0.0450000018
v 0.00757528888 0.0341464691 0.0759999976
vn -0.111964606 -0.993712187 -2.34000872e-16
f 5629//1877 5630//1877 5631//1877
v 0.00757528888 0.0341464691 0.0759999976
v -3.111737e-16 0.0350000001 0.0450000018
v 0.00778823299 0.0341224782 0.0450000018
vn -0.11196433 -0.993712246 -6.8533808e-08
f 5632//1878 5633//1878 5634//1878
v 0.00757528888 0.0341464691 0.0759999976
v 0.00778823299 0.0341224782 0.0450000018
v 0.00778823299 0.0341224782 0.0759999976
vn -0.11195448 -0.993713319 -2.33996637e-16
f 5635//1879 5636//1879 5637//1879
v 0.00778823299 0.0341224782 0.0759999976
v 0.00778823299 0.0341224782 0.0450000018
v 0.00925000012 0.033610981 0.0759999976
vn -0.330280691 -0.943882763 -3.2049858e-16
f 5638//1880 5639//1880 5640//1880
v -0.0170829389 0.0383689106 0.0759999976
v -0.0243964195 0.0341464691 0.0759999976
v -0.00925000012 0.0341464691 0.0759999976
vn -4.38670052e-16 -1.86055221e-16 1
f 5641//1881 5642//1881 5643//1881
v -0.031212084 0.0281034857 0.0759999976
v -0.0332696624 0.0252714697 0.0759999976
v -0.0252714716 0.0252714697 0.0759999976
vn -4.38670052e-16 -1.86055221e-16 1
f 5644//1882 5645//1882 5646//1882
v -0.0399443731 0.012978714 0.0759999976
v -0.040736936 0.00925000012 0.0759999976
v -0.035374999 0.00925000012 0.0759999976
vn -4.38670052e-16 -1.86055221e-16 1
f 5647//1883 5648//1883 5649//1883
v -0.000625000044 -0.0359174684 0.0759999976
v -3.2477247e-16 -0.0357500017 0.0759999976
v -0.00925000012 -0.035374999 0.0759999976
vn -4.38670052e-16 -1.86055221e-16 1
f 5650//1884 5651//1884 5652//1884
v 0.0312120821 -0.0281034857 0.0759999976
v 0.0332696624 -0.0252714697 0.0759999976
v 0.0252714697 -0.0252714697 0.0759999976
vn -4.38670052e-16 -1.86055221e-16 1
f 5653//1885 5654//1885 5655//1885
v 0.0184999984 0.0332929417 0.0759999976
v 0.0243964177 0.0341464691 0.0759999976
v 0.00925000012 0.0341464691 0.0759999976
vn -4.38670052e-16 -1.86055221e-16 1
f 5656//1886 5657//1886 5658//1886
v 0.0363750011 0.00108253176 0.0759999976
v 0.0370000005 0.00124999997 0.0759999976
v 0.0341464728 0.00925000012 0.0759999976
vn -4.38670052e-16 -1.86055221e-16 1
f 5659//1887 5660//1887 5661//1887
v -0.00108253176 0.0363750011 0.0759999976
v -0.00124999997 0.0370000005 0.0759999976
v -0.00925000012 0.0341464691 0.0759999976
vn -4.38670052e-16 -1.86055221e-16 1
f 5662//1888 5663//1888 5664//1888
v -0.00925000012 0.0341464691 0.0759999976
v -0.00124999997 0.0370000005 0.0759999976
v -0.00108253176 0.0376249999 0.0759999976
vn -4.38670052e-16 -1.86055221e-16 1
f 5665//1889 5666//1889 5667//1889
v -0.000625000044 0.0380825326 0.0759999976
v -3.2477247e-16 0.0382499993 0.0759999976
v -3.2477247e-16 0.0419999994 0.0759999976
vn -4.38670052e-16 -1.86055221e-16 1
f 5668//1890 5669//1890 5670//1890
v -3.2477247e-16 0.0419999994 0.0759999976
v -3.2477247e-16 0.0382499993 0.0759999976
v 0.000624999986 0.0380825326 0.0759999976
vn -4.38670052e-16 -1.86055221e-16 1
f 5671//1891 5672//1891 5673//1891
v -3.2477247e-16 0.0419999994 0.0759999976
v 0.000624999986 0.0380825326 0.0759999976
v 0.00873229094 0.0410821997 0.0759999976
vn -4.38670052e-16 -1.86055221e-16 1
f 5674//1892 5675//1892 5676//1892
v -0.000625000044 0.0359174684 0.0759999976
v -0.00757528841 0.0341464691 0.0759999976
v -3.2477247e-16 0.0357500017 0.0759999976
vn -4.38670052e-16 -1.86055221e-16 1
f 5677//1893 5678//1893 5679//1893
v -3.2477247e-16 0.0357500017 0.0759999976
v -0.00757528841 0.0341464691 0.0759999976
v -3.2477247e-16 0.0350000001 0.0759999976
vn -4.38670052e-16 -1.86055221e-16 1
f 5680//1894 5681//1894 5682//1894
v -3.2477247e-16 0.0357500017 0.0759999976
v -3.2477247e-16 0.0350000001 0.0759999976
v 0.000624999986 0.0359174684 0.0759999976
vn -4.38670052e-16 -1.86055221e-16 1
f 5683//1895 5684//1895 5685//1895
v 0.000624999986 0.0359174684 0.0759999976
v -3.2477247e-16 0.0350000001 0.0759999976
v 0.00757528888 0.0341464691 0.0759999976
vn -4.38670052e-16 -1.86055221e-16 1
f 5686//1896 5687//1896 5688//1896
v 0.000624999986 0.0359174684 0.0759999976
v 0.00757528888 0.0341464691 0.0759999976
v 0.00108253176 0.0363750011 0.0759999976
vn -4.38670052e-16 -1.86055221e-16 1
f 5689//1897 5690//1897 5691//1897
v 0.00108253176 0.0363750011 0.0759999976
v 0.00757528888 0.0341464691 0.0759999976
v 0.00124999997 0.0370000005 0.0759999976
vn -4.38670052e-16 -1.86055221e-16 1
f 5692//1898 5693//1898 5694//1898
v 0.00757528888 0.0341464691 0.0759999976
v 0.00925000012 0.0341464691 0.0759999976
v 0.00124999997 0.0370000005 0.0759999976
vn -4.38670052e-16 -1.86055221e-16 1
f 5695//1899 5696//1899 5697//1899
v 0.00124999997 0.0370000005 0.0759999976
v 0.00925000012 0.0341464691 0.0759999976
v 0.00873229094 0.0410821997 0.0759999976
vn -4.38670052e-16 -1.86055221e-16 1
f 5698//1900 5699//1900 5700//1900
v 0.00124999997 0.0370000005 0.0759999976
v 0.00873229094 0.0410821997 0.0759999976
v 0.00108253176 0.0376249999 0.0759999976
vn -4.38670052e-16 -1.86055221e-16 1
f 5701//1901 5702//1901 5703//1901
v 0.00108253176 0.0376249999 0.0759999976
v 0.00873229094 0.0410821997 0.0759999976
v 0.000624999986 0.0380825326 0.0759999976
vn -4.38670052e-16 -1.86055221e-16 1
f 5704//1902 5705//1902 5706//1902
v -0.000625000044 0.0359174684 0.0759999976
v -0.00108253176 0.0363750011 0.0759999976
v -0.00757528841 0.0341464691 0.0759999976
vn -4.38670052e-16 -1.86055221e-16 1
f 5707//1903 5708//1903 5709//1903
v -0.00757528841 0.0341464691 0.0759999976
v -0.00108253176 0.0363750011 0.0759999976
v -0.00925000012 0.0341464691 0.0759999976
vn -4.38670052e-16 -1.86055221e-16 1
f 5710//1904 5711//1904 5712//1904
v -0.00757528841 0.0341464691 0.0759999976
v -0.00925000012 0.0341464691 0.0759999976
v -0.00778823253 0.0341224782 0.0759999976
vn -4.38670052e-16 -1.86055221e-16 1
f 5713//1905 5714//1905 5715//1905
v -0.00778823253 0.0341224782 0.0759999976
v -0.00925000012 0.0341464691 0.0759999976
v -0.00925000012 0.033610981 0.0759999976
vn -4.38670052e-16 -1.86055221e-16 1
f 5716//1906 5717//1906 5718//1906
v -0.0195825323 0.0326679386 0.0759999976
v -0.0191250015 0.0331254713 0.0759999976
v -0.0243964195 0.0341464691 0.0759999976
vn -4.38670052e-16 -1.86055221e-16 1
f 5719//1907 5720//1907 5721//1907
v -0.0243964195 0.0341464691 0.0759999976
v -0.0191250015 0.0331254713 0.0759999976
v -0.0185000002 0.0332929417 0.0759999976
vn -4.38670052e-16 -1.86055221e-16 1
f 5722//1908 5723//1908 5724//1908
v -0.0243964195 0.0341464691 0.0759999976
v -0.0185000002 0.0332929417 0.0759999976
v -0.00925000012 0.0341464691 0.0759999976
vn -4.38670052e-16 -1.86055221e-16 1
f 5725//1909 5726//1909 5727//1909
v -0.0195825323 0.0314179398 0.0759999976
v -0.0197500009 0.0320429392 0.0759999976
v -0.0252714716 0.0334524363 0.0759999976
vn -4.38670052e-16 -1.86055221e-16 1
f 5728//1910 5729//1910 5730//1910
v -0.0185000002 0.0332929417 0.0759999976
v -0.0178750008 0.0331254713 0.0759999976
v -0.00925000012 0.0341464691 0.0759999976
vn -4.38670052e-16 -1.86055221e-16 1
f 5731//1911 5732//1911 5733//1911
v -0.00925000012 0.0341464691 0.0759999976
v -0.0178750008 0.0331254713 0.0759999976
v -0.0174174681 0.0326679386 0.0759999976
vn -4.38670052e-16 -1.86055221e-16 1
f 5734//1912 5735//1912 5736//1912
v -0.00925000012 0.0341464691 0.0759999976
v -0.0174174681 0.0326679386 0.0759999976
v -0.00925000012 0.033610981 0.0759999976
vn -4.38670052e-16 -1.86055221e-16 1
f 5737//1913 5738//1913 5739//1913
v -0.00925000012 0.033610981 0.0759999976
v -0.0174174681 0.0326679386 0.0759999976
v -0.0172500014 0.0320429392 0.0759999976
vn -4.38670052e-16 -1.86055221e-16 1
f 5740//1914 5741//1914 5742//1914
v -0.00925000012 0.033610981 0.0759999976
v -0.0172500014 0.0320429392 0.0759999976
v -0.0151859308 0.0315339118 0.0759999976
vn -4.38670052e-16 -1.86055221e-16 1
f 5743//1915 5744//1915 5745//1915
v -0.0185000002 0.0307929404 0.0759999976
v -0.0218221433 0.0273641013 0.0759999976
v -0.0178750008 0.030960409 0.0759999976
vn -4.38670052e-16 -1.86055221e-16 1
f 5746//1916 5747//1916 5748//1916
v -0.0178750008 0.030960409 0.0759999976
v -0.0218221433 0.0273641013 0.0759999976
v -0.0151859308 0.0315339118 0.0759999976
vn -4.38670052e-16 -1.86055221e-16 1
f 5749//1917 5750//1917 5751//1917
v -0.0178750008 0.030960409 0.0759999976
v -0.0151859308 0.0315339118 0.0759999976
v -0.0174174681 0.0314179398 0.0759999976
vn -4.38670052e-16 -1.86055221e-16 1
f 5752//1918 5753//1918 5754//1918
v -0.0174174681 0.0314179398 0.0759999976
v -0.0151859308 0.0315339118 0.0759999976
v -0.0172500014 0.0320429392 0.0759999976
vn -4.38670052e-16 -1.86055221e-16 1
f 5755//1919 5756//1919 5757//1919
v -0.0195825323 0.0326679386 0.0759999976
v -0.0243964195 0.0341464691 0.0759999976
v -0.0197500009 0.0320429392 0.0759999976
vn -4.38670052e-16 -1.86055221e-16 1
f 5758//1920 5759//1920 5760//1920
v -0.0197500009 0.0320429392 0.0759999976
v -0.0243964195 0.0341464691 0.0759999976
v -0.024686981 0.0339787155 0.0759999976
vn -4.38670052e-16 -1.86055221e-16 1
f 5761//1921 5762//1921 5763//1921
v -0.0197500009 0.0320429392 0.0759999976
v -0.024686981 0.0339787155 0.0759999976
v -0.0252714716 0.0334524363 0.0759999976
vn -4.38670052e-16 -1.86055221e-16 1
f 5764//1922 5765//1922 5766//1922
v -0.0273641031 0.0218221433 0.0759999976
v -0.0252714716 0.0239147749 0.0759999976
v -0.0252714716 0.0252714697 0.0759999976
vn -4.38670052e-16 -1.86055221e-16 1
f 5767//1923 5768//1923 5769//1923
v -0.0252714716 0.0252714697 0.0759999976
v -0.0252714716 0.0239147749 0.0759999976
v -0.0239147749 0.0252714697 0.0759999976
vn -4.38670052e-16 -1.86055221e-16 1
f 5770//1924 5771//1924 5772//1924
v -0.0252714716 0.0252714697 0.0759999976
v -0.0239147749 0.0252714697 0.0759999976
v -0.0218221433 0.0273641013 0.0759999976
vn -4.38670052e-16 -1.86055221e-16 1
f 5773//1925 5774//1925 5775//1925
v -0.0320429392 0.0172499996 0.0759999976
v -0.0326679386 0.0174174681 0.0759999976
v -0.0341464691 0.00925000012 0.0759999976
vn -4.38670052e-16 -1.86055221e-16 1
f 5776//1926 5777//1926 5778//1926
v -0.0341464691 0.00925000012 0.0759999976
v -0.0326679386 0.0174174681 0.0759999976
v -0.0331254713 0.0178750008 0.0759999976
vn -4.38670052e-16 -1.86055221e-16 1
f 5779//1927 5780//1927 5781//1927
v -0.0341464691 0.00925000012 0.0759999976
v -0.0331254713 0.0178750008 0.0759999976
v -0.033292938 0.0185000002 0.0759999976
vn -4.38670052e-16 -1.86055221e-16 1
f 5782//1928 5783//1928 5784//1928
v -0.033292938 0.0185000002 0.0759999976
v -0.0331254713 0.0191249996 0.0759999976
v -0.0341464691 0.024064647 0.0759999976
vn -4.38670052e-16 -1.86055221e-16 1
f 5785//1929 5786//1929 5787//1929
v -0.0341464691 0.024064647 0.0759999976
v -0.0331254713 0.0191249996 0.0759999976
v -0.0326679386 0.0195825323 0.0759999976
vn -4.38670052e-16 -1.86055221e-16 1
f 5788//1930 5789//1930 5790//1930
v -0.0341464691 0.024064647 0.0759999976
v -0.0326679386 0.0195825323 0.0759999976
v -0.0332696624 0.0252714697 0.0759999976
vn -4.38670052e-16 -1.86055221e-16 1
f 5791//1931 5792//1931 5793//1931
v -0.0332696624 0.0252714697 0.0759999976
v -0.0326679386 0.0195825323 0.0759999976
v -0.0320429392 0.0197500009 0.0759999976
vn -4.38670052e-16 -1.86055221e-16 1
f 5794//1932 5795//1932 5796//1932
v -0.0332696624 0.0252714697 0.0759999976
v -0.0320429392 0.0197500009 0.0759999976
v -0.0252714716 0.0252714697 0.0759999976
vn -4.38670052e-16 -1.86055221e-16 1
f 5797//1933 5798//1933 5799//1933
v -0.030960409 0.0178750008 0.0759999976
v -0.0315339081 0.0151859308 0.0759999976
v -0.0273641031 0.0218221433 0.0759999976
vn -4.38670052e-16 -1.86055221e-16 1
f 5800//1934 5801//1934 5802//1934
v -0.0320429392 0.0197500009 0.0759999976
v -0.0314179398 0.0195825323 0.0759999976
v -0.0252714716 0.0252714697 0.0759999976
vn -4.38670052e-16 -1.86055221e-16 1
f 5803//1935 5804//1935 5805//1935
v -0.0252714716 0.0252714697 0.0759999976
v -0.0314179398 0.0195825323 0.0759999976
v -0.030960409 0.0191249996 0.0759999976
vn -4.38670052e-16 -1.86055221e-16 1
f 5806//1936 5807//1936 5808//1936
v -0.0252714716 0.0252714697 0.0759999976
v -0.030960409 0.0191249996 0.0759999976
v -0.0273641031 0.0218221433 0.0759999976
vn -4.38670052e-16 -1.86055221e-16 1
f 5809//1937 5810//1937 5811//1937
v -0.0273641031 0.0218221433 0.0759999976
v -0.030960409 0.0191249996 0.0759999976
v -0.0307929404 0.0185000002 0.0759999976
vn -4.38670052e-16 -1.86055221e-16 1
f 5812//1938 5813//1938 5814//1938
v -0.0273641031 0.0218221433 0.0759999976
v -0.0307929404 0.0185000002 0.0759999976
v -0.030960409 0.0178750008 0.0759999976
vn -4.38670052e-16 -1.86055221e-16 1
f 5815//1939 5816//1939 5817//1939
v -0.0341464691 0.00925000012 0.0759999976
v -0.033610981 0.00925000012 0.0759999976
v -0.0320429392 0.0172499996 0.0759999976
vn -4.38670052e-16 -1.86055221e-16 1
f 5818//1940 5819//1940 5820//1940
v -0.0320429392 0.0172499996 0.0759999976
v -0.033610981 0.00925000012 0.0759999976
v -0.0315339081 0.0151859308 0.0759999976
vn -4.38670052e-16 -1.86055221e-16 1
f 5821//1941 5822//1941 5823//1941
v -0.0320429392 0.0172499996 0.0759999976
v -0.0315339081 0.0151859308 0.0759999976
v -0.0314179398 0.0174174681 0.0759999976
vn -4.38670052e-16 -1.86055221e-16 1
f 5824//1942 5825//1942 5826//1942
v -0.0314179398 0.0174174681 0.0759999976
v -0.0315339081 0.0151859308 0.0759999976
v -0.030960409 0.0178750008 0.0759999976
vn -4.38670052e-16 -1.86055221e-16 1
f 5827//1943 5828//1943 5829//1943
v -0.0341464691 -0.00757528841 0.0759999976
v -0.0350000001 -2.52114486e-16 0.0759999976
v -0.035374999 -0.00925000012 0.0759999976
vn -4.38670052e-16 -1.86055221e-16 1
f 5830//1944 5831//1944 5832//1944
v -0.035374999 -0.00925000012 0.0759999976
v -0.0350000001 -2.52114486e-16 0.0759999976
v -0.035374999 0.00925000012 0.0759999976
vn -4.38670052e-16 -1.86055221e-16 1
f 5833//1945 5834//1945 5835//1945
v -0.035374999 0.00925000012 0.0759999976
v -0.0350000001 -2.52114486e-16 0.0759999976
v -0.0341464691 0.00757528841 0.0759999976
vn -4.38670052e-16 -1.86055221e-16 1
f 5836//1946 5837//1946 5838//1946
v -0.035374999 0.00925000012 0.0759999976
v -0.0341464691 0.00757528841 0.0759999976
v -0.0341464691 0.00925000012 0.0759999976
vn -4.38670052e-16 -1.86055221e-16 1
f 5839//1947 5840//1947 5841//1947
v -0.0341464691 0.00925000012 0.0759999976
v -0.0341464691 0.00757528841 0.0759999976
v -0.0341224745 0.00778823253 0.0759999976
vn -4.38670052e-16 -1.86055221e-16 1
f 5842//1948 5843//1948 5844//1948
v -0.0341464691 0.00925000012 0.0759999976
v -0.0341224745 0.00778823253 0.0759999976
v -0.033610981 0.00925000012 0.0759999976
vn -4.38670052e-16 -1.86055221e-16 1
f 5845//1949 5846//1949 5847//1949
v -0.0341464691 -0.00925000012 0.0759999976
v -0.033610981 -0.00925000012 0.0759999976
v -0.0341224745 -0.00778823253 0.0759999976
vn -4.38670052e-16 -1.86055221e-16 1
f 5848//1950 5849//1950 5850//1950
v -0.0273641031 -0.0218221433 0.0759999976
v -0.030960409 -0.0191249996 0.0759999976
v -0.0314179398 -0.0195825323 0.0759999976
vn -4.38670052e-16 -1.86055221e-16 1
f 5851//1951 5852//1951 5853//1951
v -0.0341464691 -0.00925000012 0.0759999976
v -0.0326679386 -0.0174174681 0.0759999976
v -0.033610981 -0.00925000012 0.0759999976
vn -4.38670052e-16 -1.86055221e-16 1
f 5854//1952 5855//1952 5856//1952
v -0.033610981 -0.00925000012 0.0759999976
v -0.0326679386 -0.0174174681 0.0759999976
v -0.0320429392 -0.0172499996 0.0759999976
vn -4.38670052e-16 -1.86055221e-16 1
f 5857//1953 5858//1953 5859//1953
v -0.033610981 -0.00925000012 0.0759999976
v -0.0320429392 -0.0172499996 0.0759999976
v -0.0315339081 -0.0151859308 0.0759999976
vn -4.38670052e-16 -1.86055221e-16 1
f 5860//1954 5861//1954 5862//1954
v -0.0320429392 -0.0172499996 0.0759999976
v -0.0314179398 -0.0174174681 0.0759999976
v -0.0315339081 -0.0151859308 0.0759999976
vn -4.38670052e-16 -1.86055221e-16 1
f 5863//1955 5864//1955 5865//1955
v -0.0315339081 -0.0151859308 0.0759999976
v -0.0314179398 -0.0174174681 0.0759999976
v -0.030960409 -0.0178750008 0.0759999976
vn -4.38670052e-16 -1.86055221e-16 1
f 5866//1956 5867//1956 5868//1956
v -0.0315339081 -0.0151859308 0.0759999976
v -0.030960409 -0.0178750008 0.0759999976
v -0.0273641031 -0.0218221433 0.0759999976
vn -4.38670052e-16 -1.86055221e-16 1
f 5869//1957 5870//1957 5871//1957
v -0.0273641031 -0.0218221433 0.0759999976
v -0.030960409 -0.0178750008 0.0759999976
v -0.0307929404 -0.0185000002 0.0759999976
vn -4.38670052e-16 -1.86055221e-16 1
f 5872//1958 5873//1958 5874//1958
v -0.0273641031 -0.0218221433 0.0759999976
v -0.0307929404 -0.0185000002 0.0759999976
v -0.030960409 -0.0191249996 0.0759999976
vn -4.38670052e-16 -1.86055221e-16 1
f 5875//1959 5876//1959 5877//1959
v -0.0326679386 -0.0195825323 0.0759999976
v -0.0341464691 -0.024064647 0.0759999976
v -0.0320429392 -0.0197500009 0.0759999976
vn -4.38670052e-16 -1.86055221e-16 1
f 5878//1960 5879//1960 5880//1960
v -0.0320429392 -0.0197500009 0.0759999976
v -0.0341464691 -0.024064647 0.0759999976
v -0.0332696624 -0.0252714697 0.0759999976
vn -4.38670052e-16 -1.86055221e-16 1
f 5881//1961 5882//1961 5883//1961
v -0.0320429392 -0.0197500009 0.0759999976
v -0.0332696624 -0.0252714697 0.0759999976
v -0.0314179398 -0.0195825323 0.0759999976
vn -4.38670052e-16 -1.86055221e-16 1
f 5884//1962 5885//1962 5886//1962
v -0.0314179398 -0.0195825323 0.0759999976
v -0.0332696624 -0.0252714697 0.0759999976
v -0.0252714716 -0.0252714697 0.0759999976
vn -4.38670052e-16 -1.86055221e-16 1
f 5887//1963 5888//1963 5889//1963
v -0.0314179398 -0.0195825323 0.0759999976
v -0.0252714716 -0.0252714697 0.0759999976
v -0.0273641031 -0.0218221433 0.0759999976
vn -4.38670052e-16 -1.86055221e-16 1
f 5890//1964 5891//1964 5892//1964
v -0.0326679386 -0.0195825323 0.0759999976
v -0.0331254713 -0.0191249996 0.0759999976
v -0.0341464691 -0.024064647 0.0759999976
vn -4.38670052e-16 -1.86055221e-16 1
f 5893//1965 5894//1965 5895//1965
v -0.0341464691 -0.024064647 0.0759999976
v -0.0331254713 -0.0191249996 0.0759999976
v -0.033292938 -0.0185000002 0.0759999976
vn -4.38670052e-16 -1.86055221e-16 1
f 5896//1966 5897//1966 5898//1966
v -0.0341464691 -0.024064647 0.0759999976
v -0.033292938 -0.0185000002 0.0759999976
v -0.0341464691 -0.00925000012 0.0759999976
vn -4.38670052e-16 -1.86055221e-16 1
f 5899//1967 5900//1967 5901//1967
v -0.0341464691 -0.00925000012 0.0759999976
v -0.033292938 -0.0185000002 0.0759999976
v -0.0331254713 -0.0178750008 0.0759999976
vn -4.38670052e-16 -1.86055221e-16 1
f 5902//1968 5903//1968 5904//1968
v -0.0341464691 -0.00925000012 0.0759999976
v -0.0331254713 -0.0178750008 0.0759999976
v -0.0326679386 -0.0174174681 0.0759999976
vn -4.38670052e-16 -1.86055221e-16 1
f 5905//1969 5906//1969 5907//1969
v -0.0218221433 -0.0273641013 0.0759999976
v -0.0239147749 -0.0252714697 0.0759999976
v -0.0252714716 -0.0252714697 0.0759999976
vn -4.38670052e-16 -1.86055221e-16 1
f 5908//1970 5909//1970 5910//1970
v -0.0252714716 -0.0252714697 0.0759999976
v -0.0239147749 -0.0252714697 0.0759999976
v -0.0252714716 -0.0239147749 0.0759999976
vn -4.38670052e-16 -1.86055221e-16 1
f 5911//1971 5912//1971 5913//1971
v -0.0252714716 -0.0252714697 0.0759999976
v -0.0252714716 -0.0239147749 0.0759999976
v -0.0273641031 -0.0218221433 0.0759999976
vn -4.38670052e-16 -1.86055221e-16 1
f 5914//1972 5915//1972 5916//1972
v -0.0178750008 -0.030960409 0.0759999976
v -0.0151859308 -0.0315339118 0.0759999976
v -0.0218221433 -0.0273641013 0.0759999976
vn -4.38670052e-16 -1.86055221e-16 1
f 5917//1973 5918//1973 5919//1973
v -0.0178750008 -0.030960409 0.0759999976
v -0.0174174681 -0.0314179398 0.0759999976
v -0.0151859308 -0.0315339118 0.0759999976
vn -4.38670052e-16 -1.86055221e-16 1
f 5920//1974 5921//1974 5922//1974
v -0.0151859308 -0.0315339118 0.0759999976
v -0.0174174681 -0.0314179398 0.0759999976
v -0.0172500014 -0.0320429392 0.0759999976
vn -4.38670052e-16 -1.86055221e-16 1
f 5923//1975 5924//1975 5925//1975
v -0.0151859308 -0.0315339118 0.0759999976
v -0.0172500014 -0.0320429392 0.0759999976
v -0.00925000012 -0.033610981 0.0759999976
vn -4.38670052e-16 -1.86055221e-16 1
f 5926//1976 5927//1976 5928//1976
v -0.00925000012 -0.033610981 0.0759999976
v -0.0172500014 -0.0320429392 0.0759999976
v -0.00925000012 -0.0341464691 0.0759999976
vn -4.38670052e-16 -1.86055221e-16 1
f 5929//1977 5930//1977 5931//1977
v -0.00925000012 -0.033610981 0.0759999976
v -0.00925000012 -0.0341464691 0.0759999976
v -0.00778823253 -0.0341224782 0.0759999976
vn -4.38670052e-16 -1.86055221e-16 1
f 5932//1978 5933//1978 5934//1978
v -0.0197500009 -0.0320429392 0.0759999976
v -0.0195825323 -0.0314179398 0.0759999976
v -0.0252714716 -0.0252714697 0.0759999976
vn -4.38670052e-16 -1.86055221e-16 1
f 5935//1979 5936//1979 5937//1979
v -0.0252714716 -0.0252714697 0.0759999976
v -0.0195825323 -0.0314179398 0.0759999976
v -0.0191250015 -0.030960409 0.0759999976
vn -4.38670052e-16 -1.86055221e-16 1
f 5938//1980 5939//1980 5940//1980
v -0.0252714716 -0.0252714697 0.0759999976
v -0.0191250015 -0.030960409 0.0759999976
v -0.0218221433 -0.0273641013 0.0759999976
vn -4.38670052e-16 -1.86055221e-16 1
f 5941//1981 5942//1981 5943//1981
v -0.0218221433 -0.0273641013 0.0759999976
v -0.0191250015 -0.030960409 0.0759999976
v -0.0185000002 -0.0307929404 0.0759999976
vn -4.38670052e-16 -1.86055221e-16 1
f 5944//1982 5945//1982 5946//1982
v -0.0218221433 -0.0273641013 0.0759999976
v -0.0185000002 -0.0307929404 0.0759999976
v -0.0178750008 -0.030960409 0.0759999976
vn -4.38670052e-16 -1.86055221e-16 1
f 5947//1983 5948//1983 5949//1983
v -0.0172500014 -0.0320429392 0.0759999976
v -0.0174174681 -0.0326679386 0.0759999976
v -0.00925000012 -0.0341464691 0.0759999976
vn -4.38670052e-16 -1.86055221e-16 1
f 5950//1984 5951//1984 5952//1984
v -0.00925000012 -0.0341464691 0.0759999976
v -0.0174174681 -0.0326679386 0.0759999976
v -0.0178750008 -0.0331254713 0.0759999976
vn -4.38670052e-16 -1.86055221e-16 1
f 5953//1985 5954//1985 5955//1985
v -0.00925000012 -0.0341464691 0.0759999976
v -0.0178750008 -0.0331254713 0.0759999976
v -0.0185000002 -0.0332929417 0.0759999976
vn -4.38670052e-16 -1.86055221e-16 1
f 5956//1986 5957//1986 5958//1986
v 0.00757528888 -0.0341464691 0.0759999976
v -3.2477247e-16 -0.0350000001 0.0759999976
v 0.00925000012 -0.035374999 0.0759999976
vn -4.38670052e-16 -1.86055221e-16 1
f 5959//1987 5960//1987 5961//1987
v -0.00778823253 -0.0341224782 0.0759999976
v -0.00925000012 -0.0341464691 0.0759999976
v -0.00757528841 -0.0341464691 0.0759999976
vn -4.38670052e-16 -1.86055221e-16 1
f 5962//1988 5963//1988 5964//1988
v -0.00757528841 -0.0341464691 0.0759999976
v -0.00925000012 -0.0341464691 0.0759999976
v -0.00925000012 -0.035374999 0.0759999976
vn -4.38670052e-16 -1.86055221e-16 1
f 5965//1989 5966//1989 5967//1989
v -0.00757528841 -0.0341464691 0.0759999976
v -0.00925000012 -0.035374999 0.0759999976
v -3.2477247e-16 -0.0350000001 0.0759999976
vn -4.38670052e-16 -1.86055221e-16 1
f 5968//1990 5969//1990 5970//1990
v 0.00925000012 -0.0341464691 0.0759999976
v 0.00925000012 -0.033610981 0.0759999976
v 0.00778823299 -0.0341224782 0.0759999976
vn -4.38670052e-16 -1.86055221e-16 1
f 5971//1991 5972//1991 5973//1991
v 0.0195825305 -0.0314179398 0.0759999976
v 0.019749999 -0.0320429392 0.0759999976
v 0.0252714697 -0.0334524363 0.0759999976
vn -4.38670052e-16 -1.86055221e-16 1
f 5974//1992 5975//1992 5976//1992
v 0.00925000012 -0.0341464691 0.0759999976
v 0.0174174681 -0.0326679386 0.0759999976
v 0.00925000012 -0.033610981 0.0759999976
vn -4.38670052e-16 -1.86055221e-16 1
f 5977//1993 5978//1993 5979//1993
v 0.00925000012 -0.033610981 0.0759999976
v 0.0174174681 -0.0326679386 0.0759999976
v 0.0172499996 -0.0320429392 0.0759999976
vn -4.38670052e-16 -1.86055221e-16 1
f 5980//1994 5981//1994 5982//1994
v 0.00925000012 -0.033610981 0.0759999976
v 0.0172499996 -0.0320429392 0.0759999976
v 0.0151859308 -0.0315339118 0.0759999976
vn -4.38670052e-16 -1.86055221e-16 1
f 5983//1995 5984//1995 5985//1995
v 0.0184999984 -0.0307929404 0.0759999976
v 0.0218221415 -0.0273641013 0.0759999976
v 0.017874999 -0.030960409 0.0759999976
vn -4.38670052e-16 -1.86055221e-16 1
f 5986//1996 5987//1996 5988//1996
v 0.017874999 -0.030960409 0.0759999976
v 0.0218221415 -0.0273641013 0.0759999976
v 0.0151859308 -0.0315339118 0.0759999976
vn -4.38670052e-16 -1.86055221e-16 1
f 5989//1997 5990//1997 5991//1997
v 0.017874999 -0.030960409 0.0759999976
v 0.0151859308 -0.0315339118 0.0759999976
v 0.0174174681 -0.0314179398 0.0759999976
vn -4.38670052e-16 -1.86055221e-16 1
f 5992//1998 5993//1998 5994//1998
v 0.0174174681 -0.0314179398 0.0759999976
v 0.0151859308 -0.0315339118 0.0759999976
v 0.0172499996 -0.0320429392 0.0759999976
vn -4.38670052e-16 -1.86055221e-16 1
f 5995//1999 5996//1999 5997//1999
v 0.0195825305 -0.0326679386 0.0759999976
v 0.0243964177 -0.0341464691 0.0759999976
v 0.019749999 -0.0320429392 0.0759999976
vn -4.38670052e-16 -1.86055221e-16 1
f 5998//2000 5999//2000 6000//2000
v 0.019749999 -0.0320429392 0.0759999976
v 0.0243964177 -0.0341464691 0.0759999976
v 0.0246869791 -0.0339787155 0.0759999976
vn -4.38670052e-16 -1.86055221e-16 1
f 6001//2001 6002//2001 6003//2001
v 0.019749999 -0.0320429392 0.0759999976
v 0.0246869791 -0.0339787155 0.0759999976
v 0.0252714697 -0.0334524363 0.0759999976
vn -4.38670052e-16 -1.86055221e-16 1
f 6004//2002 6005//2002 6006//2002
v 0.0195825305 -0.0326679386 0.0759999976
v 0.0191249996 -0.0331254713 0.0759999976
v 0.0243964177 -0.0341464691 0.0759999976
vn -4.38670052e-16 -1.86055221e-16 1
f 6007//2003 6008//2003 6009//2003
v 0.0243964177 -0.0341464691 0.0759999976
v 0.0191249996 -0.0331254713 0.0759999976
v 0.0184999984 -0.0332929417 0.0759999976
vn -4.38670052e-16 -1.86055221e-16 1
f 6010//2004 6011//2004 6012//2004
v 0.0243964177 -0.0341464691 0.0759999976
v 0.0184999984 -0.0332929417 0.0759999976
v 0.00925000012 -0.0341464691 0.0759999976
vn -4.38670052e-16 -1.86055221e-16 1
f 6013//2005 6014//2005 6015//2005
v 0.00925000012 -0.0341464691 0.0759999976
v 0.0184999984 -0.0332929417 0.0759999976
v 0.017874999 -0.0331254713 0.0759999976
vn -4.38670052e-16 -1.86055221e-16 1
f 6016//2006 6017//2006 6018//2006
v 0.00925000012 -0.0341464691 0.0759999976
v 0.017874999 -0.0331254713 0.0759999976
v 0.0174174681 -0.0326679386 0.0759999976
vn -4.38670052e-16 -1.86055221e-16 1
f 6019//2007 6020//2007 6021//2007
v 0.0273641013 -0.0218221433 0.0759999976
v 0.0252714697 -0.0239147749 0.0759999976
v 0.0252714697 -0.0252714697 0.0759999976
vn -4.38670052e-16 -1.86055221e-16 1
f 6022//2008 6023//2008 6024//2008
v 0.0252714697 -0.0252714697 0.0759999976
v 0.0252714697 -0.0239147749 0.0759999976
v 0.0239147749 -0.0252714697 0.0759999976
vn -4.38670052e-16 -1.86055221e-16 1
f 6025//2009 6026//2009 6027//2009
v 0.0252714697 -0.0252714697 0.0759999976
v 0.0239147749 -0.0252714697 0.0759999976
v 0.0218221415 -0.0273641013 0.0759999976
vn -4.38670052e-16 -1.86055221e-16 1
f 6028//2010 6029//2010 6030//2010
v 0.0331254713 -0.0191249996 0.0759999976
v 0.0326679423 -0.0195825323 0.0759999976
v 0.0341464728 -0.024064647 0.0759999976
vn -4.38670052e-16 -1.86055221e-16 1
f 6031//2011 6032//2011 6033//2011
v 0.0320429392 -0.0172499996 0.0759999976
v 0.0326679423 -0.0174174681 0.0759999976
v 0.0341464728 -0.00925000012 0.0759999976
vn -4.38670052e-16 -1.86055221e-16 1
f 6034//2012 6035//2012 6036//2012
v 0.0341464728 -0.00925000012 0.0759999976
v 0.0326679423 -0.0174174681 0.0759999976
v 0.0331254713 -0.0178750008 0.0759999976
vn -4.38670052e-16 -1.86055221e-16 1
f 6037//2013 6038//2013 6039//2013
v 0.0341464728 -0.00925000012 0.0759999976
v 0.0331254713 -0.0178750008 0.0759999976
v 0.0332929417 -0.0185000002 0.0759999976
vn -4.38670052e-16 -1.86055221e-16 1
f 6040//2014 6041//2014 6042//2014
v 0.0309604071 -0.0178750008 0.0759999976
v 0.0315339118 -0.0151859308 0.0759999976
v 0.0273641013 -0.0218221433 0.0759999976
vn -4.38670052e-16 -1.86055221e-16 1
f 6043//2015 6044//2015 6045//2015
v 0.0341464728 -0.00925000012 0.0759999976
v 0.0336109847 -0.00925000012 0.0759999976
v 0.0320429392 -0.0172499996 0.0759999976
vn -4.38670052e-16 -1.86055221e-16 1
f 6046//2016 6047//2016 6048//2016
v 0.0320429392 -0.0172499996 0.0759999976
v 0.0336109847 -0.00925000012 0.0759999976
v 0.0315339118 -0.0151859308 0.0759999976
vn -4.38670052e-16 -1.86055221e-16 1
f 6049//2017 6050//2017 6051//2017
v 0.0320429392 -0.0172499996 0.0759999976
v 0.0315339118 -0.0151859308 0.0759999976
v 0.0314179398 -0.0174174681 0.0759999976
vn -4.38670052e-16 -1.86055221e-16 1
f 6052//2018 6053//2018 6054//2018
v 0.0314179398 -0.0174174681 0.0759999976
v 0.0315339118 -0.0151859308 0.0759999976
v 0.0309604071 -0.0178750008 0.0759999976
vn -4.38670052e-16 -1.86055221e-16 1
f 6055//2019 6056//2019 6057//2019
v 0.0341464728 -0.024064647 0.0759999976
v 0.0326679423 -0.0195825323 0.0759999976
v 0.0332696624 -0.0252714697 0.0759999976
vn -4.38670052e-16 -1.86055221e-16 1
f 6058//2020 6059//2020 6060//2020
v 0.0332696624 -0.0252714697 0.0759999976
v 0.0326679423 -0.0195825323 0.0759999976
v 0.0320429392 -0.0197500009 0.0759999976
vn -4.38670052e-16 -1.86055221e-16 1
f 6061//2021 6062//2021 6063//2021
v 0.0332696624 -0.0252714697 0.0759999976
v 0.0320429392 -0.0197500009 0.0759999976
v 0.0252714697 -0.0252714697 0.0759999976
vn -4.38670052e-16 -1.86055221e-16 1
f 6064//2022 6065//2022 6066//2022
v 0.0320429392 -0.0197500009 0.0759999976
v 0.0314179398 -0.0195825323 0.0759999976
v 0.0252714697 -0.0252714697 0.0759999976
vn -4.38670052e-16 -1.86055221e-16 1
f 6067//2023 6068//2023 6069//2023
v 0.0252714697 -0.0252714697 0.0759999976
v 0.0314179398 -0.0195825323 0.0759999976
v 0.0309604071 -0.0191249996 0.0759999976
vn -4.38670052e-16 -1.86055221e-16 1
f 6070//2024 6071//2024 6072//2024
v 0.0252714697 -0.0252714697 0.0759999976
v 0.0309604071 -0.0191249996 0.0759999976
v 0.0273641013 -0.0218221433 0.0759999976
vn -4.38670052e-16 -1.86055221e-16 1
f 6073//2025 6074//2025 6075//2025
v 0.0273641013 -0.0218221433 0.0759999976
v 0.0309604071 -0.0191249996 0.0759999976
v 0.0307929385 -0.0185000002 0.0759999976
vn -4.38670052e-16 -1.86055221e-16 1
f 6076//2026 6077//2026 6078//2026
v 0.0273641013 -0.0218221433 0.0759999976
v 0.0307929385 -0.0185000002 0.0759999976
v 0.0309604071 -0.0178750008 0.0759999976
vn -4.38670052e-16 -1.86055221e-16 1
f 6079//2027 6080//2027 6081//2027
v 0.0376249999 -0.00108253176 0.0759999976
v 0.0370000005 -0.00124999997 0.0759999976
v 0.0341464728 -0.00925000012 0.0759999976
vn -4.38670052e-16 -1.86055221e-16 1
f 6082//2028 6083//2028 6084//2028
v 0.0370000005 -0.00124999997 0.0759999976
v 0.0341464728 -0.00757528841 0.0759999976
v 0.0341464728 -0.00925000012 0.0759999976
vn -4.38670052e-16 -1.86055221e-16 1
f 6085//2029 6086//2029 6087//2029
v 0.0341464728 -0.00925000012 0.0759999976
v 0.0341464728 -0.00757528841 0.0759999976
v 0.0341224782 -0.00778823253 0.0759999976
vn -4.38670052e-16 -1.86055221e-16 1
f 6088//2030 6089//2030 6090//2030
v 0.0341464728 -0.00925000012 0.0759999976
v 0.0341224782 -0.00778823253 0.0759999976
v 0.0336109847 -0.00925000012 0.0759999976
vn -4.38670052e-16 -1.86055221e-16 1
f 6091//2031 6092//2031 6093//2031
v 0.0417699218 0.00439019548 0.0759999976
v 0.040736936 0.00925000012 0.0759999976
v 0.0376249999 0.00108253176 0.0759999976
vn -4.38670052e-16 -1.86055221e-16 1
f 6094//2032 6095//2032 6096//2032
v 0.0359174684 0.000624999986 0.0759999976
v 0.0341464728 0.00757528841 0.0759999976
v 0.0357500017 6.25505244e-16 0.0759999976
vn -4.38670052e-16 -1.86055221e-16 1
f 6097//2033 6098//2033 6099//2033
v 0.0357500017 6.25505244e-16 0.0759999976
v 0.0341464728 0.00757528841 0.0759999976
v 0.0350000001 2.04805685e-16 0.0759999976
vn -4.38670052e-16 -1.86055221e-16 1
f 6100//2034 6101//2034 6102//2034
v 0.0357500017 6.25505244e-16 0.0759999976
v 0.0350000001 2.04805685e-16 0.0759999976
v 0.0359174684 -0.000624999986 0.0759999976
vn -4.38670052e-16 -1.86055221e-16 1
f 6103//2035 6104//2035 6105//2035
v 0.0359174684 -0.000624999986 0.0759999976
v 0.0350000001 2.04805685e-16 0.0759999976
v 0.0341464728 -0.00757528841 0.0759999976
vn -4.38670052e-16 -1.86055221e-16 1
f 6106//2036 6107//2036 6108//2036
v 0.0359174684 -0.000624999986 0.0759999976
v 0.0341464728 -0.00757528841 0.0759999976
v 0.0363750011 -0.00108253176 0.0759999976
vn -4.38670052e-16 -1.86055221e-16 1
f 6109//2037 6110//2037 6111//2037
v 0.0363750011 -0.00108253176 0.0759999976
v 0.0341464728 -0.00757528841 0.0759999976
v 0.0370000005 -0.00124999997 0.0759999976
vn -4.38670052e-16 -1.86055221e-16 1
f 6112//2038 6113//2038 6114//2038
v 0.0376249999 0.00108253176 0.0759999976
v 0.0380825326 0.000624999986 0.0759999976
v 0.0417699218 0.00439019548 0.0759999976
vn -4.38670052e-16 -1.86055221e-16 1
f 6115//2039 6116//2039 6117//2039
v 0.0417699218 0.00439019548 0.0759999976
v 0.0380825326 0.000624999986 0.0759999976
v 0.0382499993 6.37937994e-16 0.0759999976
vn -4.38670052e-16 -1.86055221e-16 1
f 6118//2040 6119//2040 6120//2040
v 0.0417699218 0.00439019548 0.0759999976
v 0.0382499993 6.37937994e-16 0.0759999976
v 0.0417699218 -0.00439019548 0.0759999976
vn -4.38670052e-16 -1.86055221e-16 1
f 6121//2041 6122//2041 6123//2041
v 0.0417699218 -0.00439019548 0.0759999976
v 0.0382499993 6.37937994e-16 0.0759999976
v 0.0380825326 -0.000624999986 0.0759999976
vn -4.38670052e-16 -1.86055221e-16 1
f 6124//2042 6125//2042 6126//2042
v 0.0417699218 -0.00439019548 0.0759999976
v 0.0380825326 -0.000624999986 0.0759999976
v 0.040736936 -0.00925000012 0.0759999976
vn -4.38670052e-16 -1.86055221e-16 1
f 6127//2043 6128//2043 6129//2043
v 0.0359174684 0.000624999986 0.0759999976
v 0.0363750011 0.00108253176 0.0759999976
v 0.0341464728 0.00757528841 0.0759999976
vn -4.38670052e-16 -1.86055221e-16 1
f 6130//2044 6131//2044 6132//2044
v 0.0341464728 0.00757528841 0.0759999976
v 0.0363750011 0.00108253176 0.0759999976
v 0.0341464728 0.00925000012 0.0759999976
vn -4.38670052e-16 -1.86055221e-16 1
f 6133//2045 6134//2045 6135//2045
v 0.0341464728 0.00757528841 0.0759999976
v 0.0341464728 0.00925000012 0.0759999976
v 0.0341224782 0.00778823253 0.0759999976
vn -4.38670052e-16 -1.86055221e-16 1
f 6136//2046 6137//2046 6138//2046
v 0.0341224782 0.00778823253 0.0759999976
v 0.0341464728 0.00925000012 0.0759999976
v 0.0336109847 0.00925000012 0.0759999976
vn -4.38670052e-16 -1.86055221e-16 1
f 6139//2047 6140//2047 6141//2047
v 0.0326679423 0.0195825323 0.0759999976
v 0.0331254713 0.0191249996 0.0759999976
v 0.0341464728 0.024064647 0.0759999976
vn -4.38670052e-16 -1.86055221e-16 1
f 6142//2048 6143//2048 6144//2048
v 0.0273641013 0.0218221433 0.0759999976
v 0.0309604071 0.0191249996 0.0759999976
v 0.0314179398 0.0195825323 0.0759999976
vn -4.38670052e-16 -1.86055221e-16 1
f 6145//2049 6146//2049 6147//2049
v 0.0332929417 0.0185000002 0.0759999976
v 0.0331254713 0.0178750008 0.0759999976
v 0.0341464728 0.00925000012 0.0759999976
vn -4.38670052e-16 -1.86055221e-16 1
f 6148//2050 6149//2050 6150//2050
v 0.0341464728 0.00925000012 0.0759999976
v 0.0331254713 0.0178750008 0.0759999976
v 0.0326679423 0.0174174681 0.0759999976
vn -4.38670052e-16 -1.86055221e-16 1
f 6151//2051 6152//2051 6153//2051
v 0.0341464728 0.00925000012 0.0759999976
v 0.0326679423 0.0174174681 0.0759999976
v 0.0336109847 0.00925000012 0.0759999976
vn -4.38670052e-16 -1.86055221e-16 1
f 6154//2052 6155//2052 6156//2052
v 0.0336109847 0.00925000012 0.0759999976
v 0.0326679423 0.0174174681 0.0759999976
v 0.0320429392 0.0172499996 0.0759999976
vn -4.38670052e-16 -1.86055221e-16 1
f 6157//2053 6158//2053 6159//2053
v 0.0336109847 0.00925000012 0.0759999976
v 0.0320429392 0.0172499996 0.0759999976
v 0.0315339118 0.0151859308 0.0759999976
vn -4.38670052e-16 -1.86055221e-16 1
f 6160//2054 6161//2054 6162//2054
v 0.0320429392 0.0172499996 0.0759999976
v 0.0314179398 0.0174174681 0.0759999976
v 0.0315339118 0.0151859308 0.0759999976
vn -4.38670052e-16 -1.86055221e-16 1
f 6163//2055 6164//2055 6165//2055
v 0.0315339118 0.0151859308 0.0759999976
v 0.0314179398 0.0174174681 0.0759999976
v 0.0309604071 0.0178750008 0.0759999976
vn -4.38670052e-16 -1.86055221e-16 1
f 6166//2056 6167//2056 6168//2056
v 0.0315339118 0.0151859308 0.0759999976
v 0.0309604071 0.0178750008 0.0759999976
v 0.0273641013 0.0218221433 0.0759999976
vn -4.38670052e-16 -1.86055221e-16 1
f 6169//2057 6170//2057 6171//2057
v 0.0273641013 0.0218221433 0.0759999976
v 0.0309604071 0.0178750008 0.0759999976
v 0.0307929385 0.0185000002 0.0759999976
vn -4.38670052e-16 -1.86055221e-16 1
f 6172//2058 6173//2058 6174//2058
v 0.0273641013 0.0218221433 0.0759999976
v 0.0307929385 0.0185000002 0.0759999976
v 0.0309604071 0.0191249996 0.0759999976
vn -4.38670052e-16 -1.86055221e-16 1
f 6175//2059 6176//2059 6177//2059
v 0.0326679423 0.0195825323 0.0759999976
v 0.0341464728 0.024064647 0.0759999976
v 0.0320429392 0.0197500009 0.0759999976
vn -4.38670052e-16 -1.86055221e-16 1
f 6178//2060 6179//2060 6180//2060
v 0.0320429392 0.0197500009 0.0759999976
v 0.0341464728 0.024064647 0.0759999976
v 0.0332696624 0.0252714697 0.0759999976
vn -4.38670052e-16 -1.86055221e-16 1
f 6181//2061 6182//2061 6183//2061
v 0.0320429392 0.0197500009 0.0759999976
v 0.0332696624 0.0252714697 0.0759999976
v 0.0314179398 0.0195825323 0.0759999976
vn -4.38670052e-16 -1.86055221e-16 1
f 6184//2062 6185//2062 6186//2062
v 0.0314179398 0.0195825323 0.0759999976
v 0.0332696624 0.0252714697 0.0759999976
v 0.0252714697 0.0252714697 0.0759999976
vn -4.38670052e-16 -1.86055221e-16 1
f 6187//2063 6188//2063 6189//2063
v 0.0314179398 0.0195825323 0.0759999976
v 0.0252714697 0.0252714697 0.0759999976
v 0.0273641013 0.0218221433 0.0759999976
vn -4.38670052e-16 -1.86055221e-16 1
f 6190//2064 6191//2064 6192//2064
v 0.017874999 0.030960409 0.0759999976
v 0.0151859308 0.0315339118 0.0759999976
v 0.0218221415 0.0273641013 0.0759999976
vn -4.38670052e-16 -1.86055221e-16 1
f 6193//2065 6194//2065 6195//2065
v 0.0218221415 0.0273641013 0.0759999976
v 0.0239147749 0.0252714697 0.0759999976
v 0.0252714697 0.0252714697 0.0759999976
vn -4.38670052e-16 -1.86055221e-16 1
f 6196//2066 6197//2066 6198//2066
v 0.0252714697 0.0252714697 0.0759999976
v 0.0239147749 0.0252714697 0.0759999976
v 0.0252714697 0.0239147749 0.0759999976
vn -4.38670052e-16 -1.86055221e-16 1
f 6199//2067 6200//2067 6201//2067
v 0.0252714697 0.0252714697 0.0759999976
v 0.0252714697 0.0239147749 0.0759999976
v 0.0273641013 0.0218221433 0.0759999976
vn -4.38670052e-16 -1.86055221e-16 1
f 6202//2068 6203//2068 6204//2068
v 0.0172499996 0.0320429392 0.0759999976
v 0.0174174681 0.0326679386 0.0759999976
v 0.00925000012 0.0341464691 0.0759999976
vn -4.38670052e-16 -1.86055221e-16 1
f 6205//2069 6206//2069 6207//2069
v 0.00925000012 0.0341464691 0.0759999976
v 0.0174174681 0.0326679386 0.0759999976
v 0.017874999 0.0331254713 0.0759999976
vn -4.38670052e-16 -1.86055221e-16 1
f 6208//2070 6209//2070 6210//2070
v 0.00925000012 0.0341464691 0.0759999976
v 0.017874999 0.0331254713 0.0759999976
v 0.0184999984 0.0332929417 0.0759999976
vn -4.38670052e-16 -1.86055221e-16 1
f 6211//2071 6212//2071 6213//2071
v 0.019749999 0.0320429392 0.0759999976
v 0.0195825305 0.0314179398 0.0759999976
v 0.0252714697 0.0252714697 0.0759999976
vn -4.38670052e-16 -1.86055221e-16 1
f 6214//2072 6215//2072 6216//2072
v 0.0252714697 0.0252714697 0.0759999976
v 0.0195825305 0.0314179398 0.0759999976
v 0.0191249996 0.030960409 0.0759999976
vn -4.38670052e-16 -1.86055221e-16 1
f 6217//2073 6218//2073 6219//2073
v 0.0252714697 0.0252714697 0.0759999976
v 0.0191249996 0.030960409 0.0759999976
v 0.0218221415 0.0273641013 0.0759999976
vn -4.38670052e-16 -1.86055221e-16 1
f 6220//2074 6221//2074 6222//2074
v 0.0218221415 0.0273641013 0.0759999976
v 0.0191249996 0.030960409 0.0759999976
v 0.0184999984 0.0307929404 0.0759999976
vn -4.38670052e-16 -1.86055221e-16 1
f 6223//2075 6224//2075 6225//2075
v 0.0218221415 0.0273641013 0.0759999976
v 0.0184999984 0.0307929404 0.0759999976
v 0.017874999 0.030960409 0.0759999976
vn -4.38670052e-16 -1.86055221e-16 1
f 6226//2076 6227//2076 6228//2076
v 0.017874999 0.030960409 0.0759999976
v 0.0174174681 0.0314179398 0.0759999976
v 0.0151859308 0.0315339118 0.0759999976
vn -4.38670052e-16 -1.86055221e-16 1
f 6229//2077 6230//2077 6231//2077
v 0.0151859308 0.0315339118 0.0759999976
v 0.0174174681 0.0314179398 0.0759999976
v 0.0172499996 0.0320429392 0.0759999976
vn -4.38670052e-16 -1.86055221e-16 1
f 6232//2078 6233//2078 6234//2078
v 0.0151859308 0.0315339118 0.0759999976
v 0.0172499996 0.0320429392 0.0759999976
v 0.00925000012 0.033610981 0.0759999976
vn -4.38670052e-16 -1.86055221e-16 1
f 6235//2079 6236//2079 6237//2079
v 0.00925000012 0.033610981 0.0759999976
v 0.0172499996 0.0320429392 0.0759999976
v 0.00925000012 0.0341464691 0.0759999976
vn -4.38670052e-16 -1.86055221e-16 1
f 6238//2080 6239//2080 6240//2080
v 0.00925000012 0.033610981 0.0759999976
v 0.00925000012 0.0341464691 0.0759999976
v 0.00778823299 0.0341224782 0.0759999976
vn -4.38670052e-16 -1.86055221e-16 1
f 6241//2081 6242//2081 6243//2081
v 0.00778823299 0.0341224782 0.0759999976
v 0.00925000012 0.0341464691 0.0759999976
v 0.00757528888 0.0341464691 0.0759999976
vn -4.38670052e-16 -1.86055221e-16 1
f 6244//2082 6245//2082 6246//2082
v 0.0243964177 0.0341464691 0.0759999976
v 0.0170829389 0.0383689106 0.0759999976
v 0.00925000012 0.0341464691 0.0759999976
vn -4.38670052e-16 -1.86055221e-16 1
f 6247//2083 6248//2083 6249//2083
v 0.00925000012 0.0341464691 0.0759999976
v 0.0170829389 0.0383689106 0.0759999976
v 0.00925000012 0.0409139842 0.0759999976
vn -4.38670052e-16 -1.86055221e-16 1
f 6250//2084 6251//2084 6252//2084
v 0.00925000012 0.0341464691 0.0759999976
v 0.00925000012 0.0409139842 0.0759999976
v 0.00873229094 0.0410821997 0.0759999976
vn -4.38670052e-16 -1.86055221e-16 1
f 6253//2085 6254//2085 6255//2085
v 0.0184999984 0.0332929417 0.0759999976
v 0.0191249996 0.0331254713 0.0759999976
v 0.0243964177 0.0341464691 0.0759999976
vn -4.38670052e-16 -1.86055221e-16 1
f 6256//2086 6257//2086 6258//2086
v 0.0243964177 0.0341464691 0.0759999976
v 0.0191249996 0.0331254713 0.0759999976
v 0.0195825305 0.0326679386 0.0759999976
vn -4.38670052e-16 -1.86055221e-16 1
f 6259//2087 6260//2087 6261//2087
v 0.0243964177 0.0341464691 0.0759999976
v 0.0195825305 0.0326679386 0.0759999976
v 0.0246869791 0.0339787155 0.0759999976
vn -4.38670052e-16 -1.86055221e-16 1
f 6262//2088 6263//2088 6264//2088
v 0.0246869791 0.0339787155 0.0759999976
v 0.0195825305 0.0326679386 0.0759999976
v 0.019749999 0.0320429392 0.0759999976
vn -4.38670052e-16 -1.86055221e-16 1
f 6265//2089 6266//2089 6267//2089
v 0.0246869791 0.0339787155 0.0759999976
v 0.019749999 0.0320429392 0.0759999976
v 0.0252714697 0.0334524363 0.0759999976
vn -4.38670052e-16 -1.86055221e-16 1
f 6268//2090 6269//2090 6270//2090
v 0.0252714697 0.0334524363 0.0759999976
v 0.019749999 0.0320429392 0.0759999976
v 0.0252714697 0.0252714697 0.0759999976
vn -4.38670052e-16 -1.86055221e-16 1
f 6271//2091 6272//2091 6273//2091
v 0.0252714697 0.0334524363 0.0759999976
v 0.0252714697 0.0252714697 0.0759999976
v 0.0312120821 0.0281034857 0.0759999976
vn -4.38670052e-16 -1.86055221e-16 1
f 6274//2092 6275//2092 6276//2092
v 0.0312120821 0.0281034857 0.0759999976
v 0.0252714697 0.0252714697 0.0759999976
v 0.0332696624 0.0252714697 0.0759999976
vn -4.38670052e-16 -1.86055221e-16 1
f 6277//2093 6278//2093 6279//2093
v 0.0399443731 0.012978714 0.0759999976
v 0.0341464728 0.00925000012 0.0759999976
v 0.040736936 0.00925000012 0.0759999976
vn -4.38670052e-16 -1.86055221e-16 1
f 6280//2094 6281//2094 6282//2094
v 0.040736936 0.00925000012 0.0759999976
v 0.0341464728 0.00925000012 0.0759999976
v 0.0370000005 0.00124999997 0.0759999976
vn -4.38670052e-16 -1.86055221e-16 1
f 6283//2095 6284//2095 6285//2095
v 0.040736936 0.00925000012 0.0759999976
v 0.0370000005 0.00124999997 0.0759999976
v 0.0376249999 0.00108253176 0.0759999976
vn -4.38670052e-16 -1.86055221e-16 1
f 6286//2096 6287//2096 6288//2096
v 0.0331254713 0.0191249996 0.0759999976
v 0.0332929417 0.0185000002 0.0759999976
v 0.0341464728 0.024064647 0.0759999976
vn -4.38670052e-16 -1.86055221e-16 1
f 6289//2097 6290//2097 6291//2097
v 0.0341464728 0.024064647 0.0759999976
v 0.0332929417 0.0185000002 0.0759999976
v 0.0341464728 0.00925000012 0.0759999976
vn -4.38670052e-16 -1.86055221e-16 1
f 6292//2098 6293//2098 6294//2098
v 0.0341464728 0.024064647 0.0759999976
v 0.0341464728 0.00925000012 0.0759999976
v 0.0363730676 0.0209999997 0.0759999976
vn -4.38670052e-16 -1.86055221e-16 1
f 6295//2099 6296//2099 6297//2099
v 0.0363730676 0.0209999997 0.0759999976
v 0.0341464728 0.00925000012 0.0759999976
v 0.0399443731 0.012978714 0.0759999976
vn -4.38670052e-16 -1.86055221e-16 1
f 6298//2100 6299//2100 6300//2100
v 0.0363730676 -0.0209999997 0.0759999976
v 0.0341464728 -0.00925000012 0.0759999976
v 0.0341464728 -0.024064647 0.0759999976
vn -4.38670052e-16 -1.86055221e-16 1
f 6301//2101 6302//2101 6303//2101
v 0.0341464728 -0.024064647 0.0759999976
v 0.0341464728 -0.00925000012 0.0759999976
v 0.0332929417 -0.0185000002 0.0759999976
vn -4.38670052e-16 -1.86055221e-16 1
f 6304//2102 6305//2102 6306//2102
v 0.0341464728 -0.024064647 0.0759999976
v 0.0332929417 -0.0185000002 0.0759999976
v 0.0331254713 -0.0191249996 0.0759999976
vn -4.38670052e-16 -1.86055221e-16 1
f 6307//2103 6308//2103 6309//2103
v 0.0380825326 -0.000624999986 0.0759999976
v 0.0376249999 -0.00108253176 0.0759999976
v 0.040736936 -0.00925000012 0.0759999976
vn -4.38670052e-16 -1.86055221e-16 1
f 6310//2104 6311//2104 6312//2104
v 0.040736936 -0.00925000012 0.0759999976
v 0.0376249999 -0.00108253176 0.0759999976
v 0.0341464728 -0.00925000012 0.0759999976
vn -4.38670052e-16 -1.86055221e-16 1
f 6313//2105 6314//2105 6315//2105
v 0.040736936 -0.00925000012 0.0759999976
v 0.0341464728 -0.00925000012 0.0759999976
v 0.0399443731 -0.012978714 0.0759999976
vn -4.38670052e-16 -1.86055221e-16 1
f 6316//2106 6317//2106 6318//2106
v 0.0399443731 -0.012978714 0.0759999976
v 0.0341464728 -0.00925000012 0.0759999976
v 0.0363730676 -0.0209999997 0.0759999976
vn -4.38670052e-16 -1.86055221e-16 1
f 6319//2107 6320//2107 6321//2107
v 0.0184999984 -0.0307929404 0.0759999976
v 0.0191249996 -0.030960409 0.0759999976
v 0.0218221415 -0.0273641013 0.0759999976
vn -4.38670052e-16 -1.86055221e-16 1
f 6322//2108 6323//2108 6324//2108
v 0.0218221415 -0.0273641013 0.0759999976
v 0.0191249996 -0.030960409 0.0759999976
v 0.0195825305 -0.0314179398 0.0759999976
vn -4.38670052e-16 -1.86055221e-16 1
f 6325//2109 6326//2109 6327//2109
v 0.0218221415 -0.0273641013 0.0759999976
v 0.0195825305 -0.0314179398 0.0759999976
v 0.0252714697 -0.0252714697 0.0759999976
vn -4.38670052e-16 -1.86055221e-16 1
f 6328//2110 6329//2110 6330//2110
v 0.0252714697 -0.0252714697 0.0759999976
v 0.0195825305 -0.0314179398 0.0759999976
v 0.0252714697 -0.0334524363 0.0759999976
vn -4.38670052e-16 -1.86055221e-16 1
f 6331//2111 6332//2111 6333//2111
v 0.0252714697 -0.0252714697 0.0759999976
v 0.0252714697 -0.0334524363 0.0759999976
v 0.0312120821 -0.0281034857 0.0759999976
vn -4.38670052e-16 -1.86055221e-16 1
f 6334//2112 6335//2112 6336//2112
v 0.00778823299 -0.0341224782 0.0759999976
v 0.00757528888 -0.0341464691 0.0759999976
v 0.00925000012 -0.0341464691 0.0759999976
vn -4.38670052e-16 -1.86055221e-16 1
f 6337//2113 6338//2113 6339//2113
v 0.00925000012 -0.0341464691 0.0759999976
v 0.00757528888 -0.0341464691 0.0759999976
v 0.00925000012 -0.035374999 0.0759999976
vn -4.38670052e-16 -1.86055221e-16 1
f 6340//2114 6341//2114 6342//2114
v 0.00925000012 -0.0341464691 0.0759999976
v 0.00925000012 -0.035374999 0.0759999976
v 0.0243964177 -0.0341464691 0.0759999976
vn -4.38670052e-16 -1.86055221e-16 1
f 6343//2115 6344//2115 6345//2115
v 0.0243964177 -0.0341464691 0.0759999976
v 0.00925000012 -0.035374999 0.0759999976
v 0.0222685412 -0.035374999 0.0759999976
vn -4.38670052e-16 -1.86055221e-16 1
f 6346//2116 6347//2116 6348//2116
v -3.2477247e-16 -0.0382499993 0.0759999976
v -0.000625000044 -0.0380825326 0.0759999976
v -3.2477247e-16 -0.0419999994 0.0759999976
vn -4.38670052e-16 -1.86055221e-16 1
f 6349//2117 6350//2117 6351//2117
v -3.2477247e-16 -0.0350000001 0.0759999976
v -0.00925000012 -0.035374999 0.0759999976
v 0.00925000012 -0.035374999 0.0759999976
vn -4.38670052e-16 -1.86055221e-16 1
f 6352//2118 6353//2118 6354//2118
v 0.00925000012 -0.035374999 0.0759999976
v -0.00925000012 -0.035374999 0.0759999976
v -3.2477247e-16 -0.0357500017 0.0759999976
vn -4.38670052e-16 -1.86055221e-16 1
f 6355//2119 6356//2119 6357//2119
v 0.00925000012 -0.035374999 0.0759999976
v -3.2477247e-16 -0.0357500017 0.0759999976
v 0.000624999986 -0.0359174684 0.0759999976
vn -4.38670052e-16 -1.86055221e-16 1
f 6358//2120 6359//2120 6360//2120
v 0.00873229094 -0.0410821997 0.0759999976
v 0.00925000012 -0.0409139842 0.0759999976
v 0.00925000012 -0.035374999 0.0759999976
vn -4.38670052e-16 -1.86055221e-16 1
f 6361//2121 6362//2121 6363//2121
v 0.00925000012 -0.035374999 0.0759999976
v 0.00925000012 -0.0409139842 0.0759999976
v 0.0170829389 -0.0383689106 0.0759999976
vn -4.38670052e-16 -1.86055221e-16 1
f 6364//2122 6365//2122 6366//2122
v 0.00925000012 -0.035374999 0.0759999976
v 0.0170829389 -0.0383689106 0.0759999976
v 0.0222685412 -0.035374999 0.0759999976
vn -4.38670052e-16 -1.86055221e-16 1
f 6367//2123 6368//2123 6369//2123
v -3.2477247e-16 -0.0419999994 0.0759999976
v -0.000625000044 -0.0380825326 0.0759999976
v -0.00873229094 -0.0410821997 0.0759999976
vn -4.38670052e-16 -1.86055221e-16 1
f 6370//2124 6371//2124 6372//2124
v 0.000624999986 -0.0359174684 0.0759999976
v 0.00108253176 -0.0363750011 0.0759999976
v 0.00925000012 -0.035374999 0.0759999976
vn -4.38670052e-16 -1.86055221e-16 1
f 6373//2125 6374//2125 6375//2125
v 0.00925000012 -0.035374999 0.0759999976
v 0.00108253176 -0.0363750011 0.0759999976
v 0.00124999997 -0.0370000005 0.0759999976
vn -4.38670052e-16 -1.86055221e-16 1
f 6376//2126 6377//2126 6378//2126
v 0.00925000012 -0.035374999 0.0759999976
v 0.00124999997 -0.0370000005 0.0759999976
v 0.00873229094 -0.0410821997 0.0759999976
vn -4.38670052e-16 -1.86055221e-16 1
f 6379//2127 6380//2127 6381//2127
v 0.00873229094 -0.0410821997 0.0759999976
v 0.00124999997 -0.0370000005 0.0759999976
v 0.00108253176 -0.0376249999 0.0759999976
vn -4.38670052e-16 -1.86055221e-16 1
f 6382//2128 6383//2128 6384//2128
v 0.00873229094 -0.0410821997 0.0759999976
v 0.00108253176 -0.0376249999 0.0759999976
v -3.2477247e-16 -0.0419999994 0.0759999976
vn -4.38670052e-16 -1.86055221e-16 1
f 6385//2129 6386//2129 6387//2129
v -3.2477247e-16 -0.0419999994 0.0759999976
v 0.00108253176 -0.0376249999 0.0759999976
v 0.000624999986 -0.0380825326 0.0759999976
vn -4.38670052e-16 -1.86055221e-16 1
f 6388//2130 6389//2130 6390//2130
v -3.2477247e-16 -0.0419999994 0.0759999976
v 0.000624999986 -0.0380825326 0.0759999976
v -3.2477247e-16 -0.0382499993 0.0759999976
vn -4.38670052e-16 -1.86055221e-16 1
f 6391//2131 6392//2131 6393//2131
v -0.00925000012 -0.035374999 0.0759999976
v -0.00925000012 -0.0409139842 0.0759999976
v -0.00873229094 -0.0410821997 0.0759999976
vn -4.38670052e-16 -1.86055221e-16 1
f 6394//2132 6395//2132 6396//2132
v -0.000625000044 -0.0380825326 0.0759999976
v -0.00108253176 -0.0376249999 0.0759999976
v -0.00873229094 -0.0410821997 0.0759999976
vn -4.38670052e-16 -1.86055221e-16 1
f 6397//2133 6398//2133 6399//2133
v -0.00873229094 -0.0410821997 0.0759999976
v -0.00108253176 -0.0376249999 0.0759999976
v -0.00124999997 -0.0370000005 0.0759999976
vn -4.38670052e-16 -1.86055221e-16 1
f 6400//2134 6401//2134 6402//2134
v -0.00873229094 -0.0410821997 0.0759999976
v -0.00124999997 -0.0370000005 0.0759999976
v -0.00925000012 -0.035374999 0.0759999976
vn -4.38670052e-16 -1.86055221e-16 1
f 6403//2135 6404//2135 6405//2135
v -0.00925000012 -0.035374999 0.0759999976
v -0.00124999997 -0.0370000005 0.0759999976
v -0.00108253176 -0.0363750011 0.0759999976
vn -4.38670052e-16 -1.86055221e-16 1
f 6406//2136 6407//2136 6408//2136
v -0.00925000012 -0.035374999 0.0759999976
v -0.00108253176 -0.0363750011 0.0759999976
v -0.000625000044 -0.0359174684 0.0759999976
vn -4.38670052e-16 -1.86055221e-16 1
f 6409//2137 6410//2137 6411//2137
v -0.0185000002 -0.0332929417 0.0759999976
v -0.0243964195 -0.0341464691 0.0759999976
v -0.00925000012 -0.0341464691 0.0759999976
vn -4.38670052e-16 -1.86055221e-16 1
f 6412//2138 6413//2138 6414//2138
v -0.00925000012 -0.0341464691 0.0759999976
v -0.0243964195 -0.0341464691 0.0759999976
v -0.022268543 -0.035374999 0.0759999976
vn -4.38670052e-16 -1.86055221e-16 1
f 6415//2139 6416//2139 6417//2139
v -0.00925000012 -0.0341464691 0.0759999976
v -0.022268543 -0.035374999 0.0759999976
v -0.00925000012 -0.035374999 0.0759999976
vn -4.38670052e-16 -1.86055221e-16 1
f 6418//2140 6419//2140 6420//2140
v -0.00925000012 -0.035374999 0.0759999976
v -0.022268543 -0.035374999 0.0759999976
v -0.0170829389 -0.0383689106 0.0759999976
vn -4.38670052e-16 -1.86055221e-16 1
f 6421//2141 6422//2141 6423//2141
v -0.00925000012 -0.035374999 0.0759999976
v -0.0170829389 -0.0383689106 0.0759999976
v -0.00925000012 -0.0409139842 0.0759999976
vn -4.38670052e-16 -1.86055221e-16 1
f 6424//2142 6425//2142 6426//2142
v -0.0185000002 -0.0332929417 0.0759999976
v -0.0191250015 -0.0331254713 0.0759999976
v -0.0243964195 -0.0341464691 0.0759999976
vn -4.38670052e-16 -1.86055221e-16 1
f 6427//2143 6428//2143 6429//2143
v -0.0243964195 -0.0341464691 0.0759999976
v -0.0191250015 -0.0331254713 0.0759999976
v -0.0195825323 -0.0326679386 0.0759999976
vn -4.38670052e-16 -1.86055221e-16 1
f 6430//2144 6431//2144 6432//2144
v -0.0243964195 -0.0341464691 0.0759999976
v -0.0195825323 -0.0326679386 0.0759999976
v -0.024686981 -0.0339787155 0.0759999976
vn -4.38670052e-16 -1.86055221e-16 1
f 6433//2145 6434//2145 6435//2145
v -0.024686981 -0.0339787155 0.0759999976
v -0.0195825323 -0.0326679386 0.0759999976
v -0.0197500009 -0.0320429392 0.0759999976
vn -4.38670052e-16 -1.86055221e-16 1
f 6436//2146 6437//2146 6438//2146
v -0.024686981 -0.0339787155 0.0759999976
v -0.0197500009 -0.0320429392 0.0759999976
v -0.0252714716 -0.0334524363 0.0759999976
vn -4.38670052e-16 -1.86055221e-16 1
f 6439//2147 6440//2147 6441//2147
v -0.0252714716 -0.0334524363 0.0759999976
v -0.0197500009 -0.0320429392 0.0759999976
v -0.0252714716 -0.0252714697 0.0759999976
vn -4.38670052e-16 -1.86055221e-16 1
f 6442//2148 6443//2148 6444//2148
v -0.0252714716 -0.0334524363 0.0759999976
v -0.0252714716 -0.0252714697 0.0759999976
v -0.031212084 -0.0281034857 0.0759999976
vn -4.38670052e-16 -1.86055221e-16 1
f 6445//2149 6446//2149 6447//2149
v -0.031212084 -0.0281034857 0.0759999976
v -0.0252714716 -0.0252714697 0.0759999976
v -0.0332696624 -0.0252714697 0.0759999976
vn -4.38670052e-16 -1.86055221e-16 1
f 6448//2150 6449//2150 6450//2150
v -0.0341224745 -0.00778823253 0.0759999976
v -0.0341464691 -0.00757528841 0.0759999976
v -0.0341464691 -0.00925000012 0.0759999976
vn -4.38670052e-16 -1.86055221e-16 1
f 6451//2151 6452//2151 6453//2151
v -0.0341464691 -0.00925000012 0.0759999976
v -0.0341464691 -0.00757528841 0.0759999976
v -0.035374999 -0.00925000012 0.0759999976
vn -4.38670052e-16 -1.86055221e-16 1
f 6454//2152 6455//2152 6456//2152
v -0.0341464691 -0.00925000012 0.0759999976
v -0.035374999 -0.00925000012 0.0759999976
v -0.0341464691 -0.024064647 0.0759999976
vn -4.38670052e-16 -1.86055221e-16 1
f 6457//2153 6458//2153 6459//2153
v -0.0341464691 -0.024064647 0.0759999976
v -0.035374999 -0.00925000012 0.0759999976
v -0.035374999 -0.022373721 0.0759999976
vn -4.38670052e-16 -1.86055221e-16 1
f 6460//2154 6461//2154 6462//2154
v -0.040736936 -0.00925000012 0.0759999976
v -0.0399443731 -0.012978714 0.0759999976
v -0.035374999 -0.00925000012 0.0759999976
vn -4.38670052e-16 -1.86055221e-16 1
f 6463//2155 6464//2155 6465//2155
v -0.035374999 -0.00925000012 0.0759999976
v -0.0399443731 -0.012978714 0.0759999976
v -0.0363730676 -0.0209999997 0.0759999976
vn -4.38670052e-16 -1.86055221e-16 1
f 6466//2156 6467//2156 6468//2156
v -0.035374999 -0.00925000012 0.0759999976
v -0.0363730676 -0.0209999997 0.0759999976
v -0.035374999 -0.022373721 0.0759999976
vn -4.38670052e-16 -1.86055221e-16 1
f 6469//2157 6470//2157 6471//2157
v -0.0417699181 -0.00439019548 0.0759999976
v -0.040736936 -0.00925000012 0.0759999976
v -0.0376249999 -0.00108253176 0.0759999976
vn -4.38670052e-16 -1.86055221e-16 1
f 6472//2158 6473//2158 6474//2158
v -0.0376249999 -0.00108253176 0.0759999976
v -0.040736936 -0.00925000012 0.0759999976
v -0.0370000005 -0.00124999997 0.0759999976
vn -4.38670052e-16 -1.86055221e-16 1
f 6475//2159 6476//2159 6477//2159
v -0.0370000005 -0.00124999997 0.0759999976
v -0.040736936 -0.00925000012 0.0759999976
v -0.035374999 -0.00925000012 0.0759999976
vn -4.38670052e-16 -1.86055221e-16 1
f 6478//2160 6479//2160 6480//2160
v -0.0370000005 -0.00124999997 0.0759999976
v -0.035374999 -0.00925000012 0.0759999976
v -0.0363749973 -0.00108253176 0.0759999976
vn -4.38670052e-16 -1.86055221e-16 1
f 6481//2161 6482//2161 6483//2161
v -0.0363749973 0.00108253176 0.0759999976
v -0.0359174684 0.000624999986 0.0759999976
v -0.035374999 0.00925000012 0.0759999976
vn -4.38670052e-16 -1.86055221e-16 1
f 6484//2162 6485//2162 6486//2162
v -0.035374999 0.00925000012 0.0759999976
v -0.0359174684 0.000624999986 0.0759999976
v -0.0357499979 -3.95540458e-16 0.0759999976
vn -4.38670052e-16 -1.86055221e-16 1
f 6487//2163 6488//2163 6489//2163
v -0.035374999 0.00925000012 0.0759999976
v -0.0357499979 -3.95540458e-16 0.0759999976
v -0.035374999 -0.00925000012 0.0759999976
vn -4.38670052e-16 -1.86055221e-16 1
f 6490//2164 6491//2164 6492//2164
v -0.035374999 -0.00925000012 0.0759999976
v -0.0357499979 -3.95540458e-16 0.0759999976
v -0.0359174684 -0.000624999986 0.0759999976
vn -4.38670052e-16 -1.86055221e-16 1
f 6493//2165 6494//2165 6495//2165
v -0.035374999 -0.00925000012 0.0759999976
v -0.0359174684 -0.000624999986 0.0759999976
v -0.0363749973 -0.00108253176 0.0759999976
vn -4.38670052e-16 -1.86055221e-16 1
f 6496//2166 6497//2166 6498//2166
v -0.0376249999 -0.00108253176 0.0759999976
v -0.0380825289 -0.000624999986 0.0759999976
v -0.0417699181 -0.00439019548 0.0759999976
vn -4.38670052e-16 -1.86055221e-16 1
f 6499//2167 6500//2167 6501//2167
v -0.0417699181 -0.00439019548 0.0759999976
v -0.0380825289 -0.000624999986 0.0759999976
v -0.0382499993 -4.0797326e-16 0.0759999976
vn -4.38670052e-16 -1.86055221e-16 1
f 6502//2168 6503//2168 6504//2168
v -0.0417699181 -0.00439019548 0.0759999976
v -0.0382499993 -4.0797326e-16 0.0759999976
v -0.0417699181 0.00439019548 0.0759999976
vn -4.38670052e-16 -1.86055221e-16 1
f 6505//2169 6506//2169 6507//2169
v -0.0417699181 0.00439019548 0.0759999976
v -0.0382499993 -4.0797326e-16 0.0759999976
v -0.0380825289 0.000624999986 0.0759999976
vn -4.38670052e-16 -1.86055221e-16 1
f 6508//2170 6509//2170 6510//2170
v -0.0417699181 0.00439019548 0.0759999976
v -0.0380825289 0.000624999986 0.0759999976
v -0.040736936 0.00925000012 0.0759999976
vn -4.38670052e-16 -1.86055221e-16 1
f 6511//2171 6512//2171 6513//2171
v -0.040736936 0.00925000012 0.0759999976
v -0.0380825289 0.000624999986 0.0759999976
v -0.0376249999 0.00108253176 0.0759999976
vn -4.38670052e-16 -1.86055221e-16 1
f 6514//2172 6515//2172 6516//2172
v -0.040736936 0.00925000012 0.0759999976
v -0.0376249999 0.00108253176 0.0759999976
v -0.035374999 0.00925000012 0.0759999976
vn -4.38670052e-16 -1.86055221e-16 1
f 6517//2173 6518//2173 6519//2173
v -0.035374999 0.00925000012 0.0759999976
v -0.0376249999 0.00108253176 0.0759999976
v -0.0370000005 0.00124999997 0.0759999976
vn -4.38670052e-16 -1.86055221e-16 1
f 6520//2174 6521//2174 6522//2174
v -0.035374999 0.00925000012 0.0759999976
v -0.0370000005 0.00124999997 0.0759999976
v -0.0363749973 0.00108253176 0.0759999976
vn -4.38670052e-16 -1.86055221e-16 1
f 6523//2175 6524//2175 6525//2175
v -0.033292938 0.0185000002 0.0759999976
v -0.0341464691 0.024064647 0.0759999976
v -0.0341464691 0.00925000012 0.0759999976
vn -4.38670052e-16 -1.86055221e-16 1
f 6526//2176 6527//2176 6528//2176
v -0.0341464691 0.00925000012 0.0759999976
v -0.0341464691 0.024064647 0.0759999976
v -0.035374999 0.022373721 0.0759999976
vn -4.38670052e-16 -1.86055221e-16 1
f 6529//2177 6530//2177 6531//2177
v -0.0341464691 0.00925000012 0.0759999976
v -0.035374999 0.022373721 0.0759999976
v -0.035374999 0.00925000012 0.0759999976
vn -4.38670052e-16 -1.86055221e-16 1
f 6532//2178 6533//2178 6534//2178
v -0.035374999 0.00925000012 0.0759999976
v -0.035374999 0.022373721 0.0759999976
v -0.0363730676 0.0209999997 0.0759999976
vn -4.38670052e-16 -1.86055221e-16 1
f 6535//2179 6536//2179 6537//2179
v -0.035374999 0.00925000012 0.0759999976
v -0.0363730676 0.0209999997 0.0759999976
v -0.0399443731 0.012978714 0.0759999976
vn -4.38670052e-16 -1.86055221e-16 1
f 6538//2180 6539//2180 6540//2180
v -0.0185000002 0.0307929404 0.0759999976
v -0.0191250015 0.030960409 0.0759999976
v -0.0218221433 0.0273641013 0.0759999976
vn -4.38670052e-16 -1.86055221e-16 1
f 6541//2181 6542//2181 6543//2181
v -0.0218221433 0.0273641013 0.0759999976
v -0.0191250015 0.030960409 0.0759999976
v -0.0195825323 0.0314179398 0.0759999976
vn -4.38670052e-16 -1.86055221e-16 1
f 6544//2182 6545//2182 6546//2182
v -0.0218221433 0.0273641013 0.0759999976
v -0.0195825323 0.0314179398 0.0759999976
v -0.0252714716 0.0252714697 0.0759999976
vn -4.38670052e-16 -1.86055221e-16 1
f 6547//2183 6548//2183 6549//2183
v -0.0252714716 0.0252714697 0.0759999976
v -0.0195825323 0.0314179398 0.0759999976
v -0.0252714716 0.0334524363 0.0759999976
vn -4.38670052e-16 -1.86055221e-16 1
f 6550//2184 6551//2184 6552//2184
v -0.0252714716 0.0252714697 0.0759999976
v -0.0252714716 0.0334524363 0.0759999976
v -0.031212084 0.0281034857 0.0759999976
vn -4.38670052e-16 -1.86055221e-16 1
f 6553//2185 6554//2185 6555//2185
v -0.000625000044 0.0380825326 0.0759999976
v -3.2477247e-16 0.0419999994 0.0759999976
v -0.00108253176 0.0376249999 0.0759999976
vn -4.38670052e-16 -1.86055221e-16 1
f 6556//2186 6557//2186 6558//2186
v -0.00108253176 0.0376249999 0.0759999976
v -3.2477247e-16 0.0419999994 0.0759999976
v -0.00873229094 0.0410821997 0.0759999976
vn -4.38670052e-16 -1.86055221e-16 1
f 6559//2187 6560//2187 6561//2187
v -0.00108253176 0.0376249999 0.0759999976
v -0.00873229094 0.0410821997 0.0759999976
v -0.00925000012 0.0341464691 0.0759999976
vn -4.38670052e-16 -1.86055221e-16 1
f 6562//2188 6563//2188 6564//2188
v -0.00925000012 0.0341464691 0.0759999976
v -0.00873229094 0.0410821997 0.0759999976
v -0.00925000012 0.0409139842 0.0759999976
vn -4.38670052e-16 -1.86055221e-16 1
f 6565//2189 6566//2189 6567//2189
v -0.00925000012 0.0341464691 0.0759999976
v -0.00925000012 0.0409139842 0.0759999976
v -0.0170829389 0.0383689106 0.0759999976
vn -4.38670052e-16 -1.86055221e-16 1
f 6568//2190 6569//2190 6570//2190
v -0.000861160399 0.0444916673 0.0798000023
v -0.0170829389 0.0383689106 0.0798000023
v -0.000496789056 0.0441321284 0.0798000023
vn -4.38670052e-16 -1.86055221e-16 1
f 6571//2191 6572//2191 6573//2191
v -0.000496789056 0.0441321284 0.0798000023
v -0.0170829389 0.0383689106 0.0798000023
v -0.00873229094 0.0410821997 0.0798000023
vn -4.38670052e-16 -1.86055221e-16 1
f 6574//2192 6575//2192 6576//2192
v -0.000496789056 0.0441321284 0.0798000023
v -0.00873229094 0.0410821997 0.0798000023
v -3.26439404e-16 0.0439999998 0.0798000023
vn -4.38670052e-16 -1.86055221e-16 1
f 6577//2193 6578//2193 6579//2193
v -3.26439404e-16 0.0439999998 0.0798000023
v -0.00873229094 0.0410821997 0.0798000023
v -3.26439404e-16 0.0419999994 0.0798000023
vn -4.38670052e-16 -1.86055221e-16 1
f 6580//2194 6581//2194 6582//2194
v -3.26439404e-16 0.0439999998 0.0798000023
v -3.26439404e-16 0.0419999994 0.0798000023
v 0.000496788998 0.0441321284 0.0798000023
vn -4.38670052e-16 -1.86055221e-16 1
f 6583//2195 6584//2195 6585//2195
v 0.000496788998 0.0441321284 0.0798000023
v -3.26439404e-16 0.0419999994 0.0798000023
v 0.00873229094 0.0410821997 0.0798000023
vn -4.38670052e-16 -1.86055221e-16 1
f 6586//2196 6587//2196 6588//2196
v 0.000496788998 0.0441321284 0.0798000023
v 0.00873229094 0.0410821997 0.0798000023
v 0.000861160341 0.0444916673 0.0798000023
vn -4.38670052e-16 -1.86055221e-16 1
f 6589//2197 6590//2197 6591//2197
v -3.26439404e-16 -0.0419999994 0.0798000023
v 0.00447435118 -0.0442744866 0.0798000023
v 0.00873229094 -0.0410821997 0.0798000023
vn -4.38670052e-16 -1.86055221e-16 1
f 6592//2198 6593//2198 6594//2198
v 0.00873229094 -0.0410821997 0.0798000023
v 0.00447435118 -0.0442744866 0.0798000023
v 0.0132421143 -0.0424840711 0.0798000023
vn -4.38670052e-16 -1.86055221e-16 1
f 6595//2199 6596//2199 6597//2199
v 0.00873229094 -0.0410821997 0.0798000023
v 0.0132421143 -0.0424840711 0.0798000023
v 0.0170829389 -0.0383689106 0.0798000023
vn -4.38670052e-16 -1.86055221e-16 1
f 6598//2200 6599//2200 6600//2200
v 0.0170829389 -0.0383689106 0.0798000023
v 0.0132421143 -0.0424840711 0.0798000023
v 0.02147438 -0.0389756449 0.0798000023
vn -4.38670052e-16 -1.86055221e-16 1
f 6601//2201 6602//2201 6603//2201
v 0.0170829389 -0.0383689106 0.0798000023
v 0.02147438 -0.0389756449 0.0798000023
v 0.0246869791 -0.0339787155 0.0798000023
vn -4.38670052e-16 -1.86055221e-16 1
f 6604//2202 6605//2202 6606//2202
v 0.0246869791 -0.0339787155 0.0798000023
v 0.02147438 -0.0389756449 0.0798000023
v 0.0288382452 -0.0338910855 0.0798000023
vn -4.38670052e-16 -1.86055221e-16 1
f 6607//2203 6608//2203 6609//2203
v 0.0246869791 -0.0339787155 0.0798000023
v 0.0288382452 -0.0338910855 0.0798000023
v 0.0312120821 -0.0281034857 0.0798000023
vn -4.38670052e-16 -1.86055221e-16 1
f 6610//2204 6611//2204 6612//2204
v 0.0312120821 -0.0281034857 0.0798000023
v 0.0288382452 -0.0338910855 0.0798000023
v 0.0350359231 -0.0274360031 0.0798000023
vn -4.38670052e-16 -1.86055221e-16 1
f 6613//2205 6614//2205 6615//2205
v 0.0312120821 -0.0281034857 0.0798000023
v 0.0350359231 -0.0274360031 0.0798000023
v 0.0363730676 -0.0209999997 0.0798000023
vn -4.38670052e-16 -1.86055221e-16 1
f 6616//2206 6617//2206 6618//2206
v 0.0363730676 -0.0209999997 0.0798000023
v 0.0350359231 -0.0274360031 0.0798000023
v 0.0398167819 -0.0198714379 0.0798000023
vn -4.38670052e-16 -1.86055221e-16 1
f 6619//2207 6620//2207 6621//2207
v 0.0363730676 -0.0209999997 0.0798000023
v 0.0398167819 -0.0198714379 0.0798000023
v 0.0399443731 -0.012978714 0.0798000023
vn -4.38670052e-16 -1.86055221e-16 1
f 6622//2208 6623//2208 6624//2208
v 0.0399443731 -0.012978714 0.0798000023
v 0.0398167819 -0.0198714379 0.0798000023
v 0.0429874919 -0.0115032913 0.0798000023
vn -4.38670052e-16 -1.86055221e-16 1
f 6625//2209 6626//2209 6627//2209
v 0.0399443731 -0.012978714 0.0798000023
v 0.0429874919 -0.0115032913 0.0798000023
v 0.0417699218 -0.00439019548 0.0798000023
vn -4.38670052e-16 -1.86055221e-16 1
f 6628//2210 6629//2210 6630//2210
v 0.0417699218 -0.00439019548 0.0798000023
v 0.0429874919 -0.0115032913 0.0798000023
v 0.0444198325 -0.00266996468 0.0798000023
vn -4.38670052e-16 -1.86055221e-16 1
f 6631//2211 6632//2211 6633//2211
v 0.0417699218 -0.00439019548 0.0798000023
v 0.0444198325 -0.00266996468 0.0798000023
v 0.0417699218 0.00439019548 0.0798000023
vn -4.38670052e-16 -1.86055221e-16 1
f 6634//2212 6635//2212 6636//2212
v 0.0417699218 0.00439019548 0.0798000023
v 0.0444198325 -0.00266996468 0.0798000023
v 0.0440558791 0.00627133297 0.0798000023
vn -4.38670052e-16 -1.86055221e-16 1
f 6637//2213 6638//2213 6639//2213
v 0.0417699218 0.00439019548 0.0798000023
v 0.0440558791 0.00627133297 0.0798000023
v 0.0399443731 0.012978714 0.0798000023
vn -4.38670052e-16 -1.86055221e-16 1
f 6640//2214 6641//2214 6642//2214
v 0.0399443731 0.012978714 0.0798000023
v 0.0440558791 0.00627133297 0.0798000023
v 0.041910354 0.0149590243 0.0798000023
vn -4.38670052e-16 -1.86055221e-16 1
f 6643//2215 6644//2215 6645//2215
v 0.0399443731 0.012978714 0.0798000023
v 0.041910354 0.0149590243 0.0798000023
v 0.0363730676 0.0209999997 0.0798000023
vn -4.38670052e-16 -1.86055221e-16 1
f 6646//2216 6647//2216 6648//2216
v 0.0363730676 0.0209999997 0.0798000023
v 0.041910354 0.0149590243 0.0798000023
v 0.0380700156 0.0230417885 0.0798000023
vn -4.38670052e-16 -1.86055221e-16 1
f 6649//2217 6650//2217 6651//2217
v 0.0363730676 0.0209999997 0.0798000023
v 0.0380700156 0.0230417885 0.0798000023
v 0.0312120821 0.0281034857 0.0798000023
vn -4.38670052e-16 -1.86055221e-16 1
f 6652//2218 6653//2218 6654//2218
v 0.0312120821 0.0281034857 0.0798000023
v 0.0380700156 0.0230417885 0.0798000023
v 0.0326901674 0.0301927663 0.0798000023
vn -4.38670052e-16 -1.86055221e-16 1
f 6655//2219 6656//2219 6657//2219
v 0.0312120821 0.0281034857 0.0798000023
v 0.0326901674 0.0301927663 0.0798000023
v 0.0246869791 0.0339787155 0.0798000023
vn -4.38670052e-16 -1.86055221e-16 1
f 6658//2220 6659//2220 6660//2220
v 0.0246869791 0.0339787155 0.0798000023
v 0.0326901674 0.0301927663 0.0798000023
v 0.025988359 0.0361227803 0.0798000023
vn -4.38670052e-16 -1.86055221e-16 1
f 6661//2221 6662//2221 6663//2221
v 0.0246869791 0.0339787155 0.0798000023
v 0.025988359 0.0361227803 0.0798000023
v 0.0170829389 0.0383689106 0.0798000023
vn -4.38670052e-16 -1.86055221e-16 1
f 6664//2222 6665//2222 6666//2222
v 0.0170829389 0.0383689106 0.0798000023
v 0.025988359 0.0361227803 0.0798000023
v 0.0182356108 0.040592026 0.0798000023
vn -4.38670052e-16 -1.86055221e-16 1
f 6667//2223 6668//2223 6669//2223
v 0.0170829389 0.0383689106 0.0798000023
v 0.0182356108 0.040592026 0.0798000023
v 0.00873229094 0.0410821997 0.0798000023
vn -4.38670052e-16 -1.86055221e-16 1
f 6670//2224 6671//2224 6672//2224
v 0.00873229094 0.0410821997 0.0798000023
v 0.0182356108 0.040592026 0.0798000023
v 0.009745433 0.0434197709 0.0798000023
vn -4.38670052e-16 -1.86055221e-16 1
f 6673//2225 6674//2225 6675//2225
v 0.00873229094 0.0410821997 0.0798000023
v 0.009745433 0.0434197709 0.0798000023
v 0.000861160341 0.0444916673 0.0798000023
vn -4.38670052e-16 -1.86055221e-16 1
f 6676//2226 6677//2226 6678//2226
v -0.000861160399 0.0444916673 0.0798000023
v -0.009745433 0.0434197709 0.0798000023
v -0.0170829389 0.0383689106 0.0798000023
vn -4.38670052e-16 -1.86055221e-16 1
f 6679//2227 6680//2227 6681//2227
v -0.0170829389 0.0383689106 0.0798000023
v -0.009745433 0.0434197709 0.0798000023
v -0.0182356108 0.040592026 0.0798000023
vn -4.38670052e-16 -1.86055221e-16 1
f 6682//2228 6683//2228 6684//2228
v -0.0170829389 0.0383689106 0.0798000023
v -0.0182356108 0.040592026 0.0798000023
v -0.024686981 0.0339787155 0.0798000023
vn -4.38670052e-16 -1.86055221e-16 1
f 6685//2229 6686//2229 6687//2229
v -0.024686981 0.0339787155 0.0798000023
v -0.0182356108 0.040592026 0.0798000023
v -0.025988359 0.0361227803 0.0798000023
vn -4.38670052e-16 -1.86055221e-16 1
f 6688//2230 6689//2230 6690//2230
v -0.024686981 0.0339787155 0.0798000023
v -0.025988359 0.0361227803 0.0798000023
v -0.031212084 0.0281034857 0.0798000023
vn -4.38670052e-16 -1.86055221e-16 1
f 6691//2231 6692//2231 6693//2231
v -0.031212084 0.0281034857 0.0798000023
v -0.025988359 0.0361227803 0.0798000023
v -0.0326901637 0.0301927663 0.0798000023
vn -4.38670052e-16 -1.86055221e-16 1
f 6694//2232 6695//2232 6696//2232
v -0.031212084 0.0281034857 0.0798000023
v -0.0326901637 0.0301927663 0.0798000023
v -0.0363730676 0.0209999997 0.0798000023
vn -4.38670052e-16 -1.86055221e-16 1
f 6697//2233 6698//2233 6699//2233
v -0.0363730676 0.0209999997 0.0798000023
v -0.0326901637 0.0301927663 0.0798000023
v -0.0380700119 0.0230417885 0.0798000023
vn -4.38670052e-16 -1.86055221e-16 1
f 6700//2234 6701//2234 6702//2234
v -0.0363730676 0.0209999997 0.0798000023
v -0.0380700119 0.0230417885 0.0798000023
v -0.0399443731 0.012978714 0.0798000023
vn -4.38670052e-16 -1.86055221e-16 1
f 6703//2235 6704//2235 6705//2235
v -0.0399443731 0.012978714 0.0798000023
v -0.0380700119 0.0230417885 0.0798000023
v -0.0419103503 0.0149590243 0.0798000023
vn -4.38670052e-16 -1.86055221e-16 1
f 6706//2236 6707//2236 6708//2236
v -0.0399443731 0.012978714 0.0798000023
v -0.0419103503 0.0149590243 0.0798000023
v -0.0417699181 0.00439019548 0.0798000023
vn -4.38670052e-16 -1.86055221e-16 1
f 6709//2237 6710//2237 6711//2237
v -0.0417699181 0.00439019548 0.0798000023
v -0.0419103503 0.0149590243 0.0798000023
v -0.0440558754 0.00627133297 0.0798000023
vn -4.38670052e-16 -1.86055221e-16 1
f 6712//2238 6713//2238 6714//2238
v -0.0417699181 0.00439019548 0.0798000023
v -0.0440558754 0.00627133297 0.0798000023
v -0.0417699181 -0.00439019548 0.0798000023
vn -4.38670052e-16 -1.86055221e-16 1
f 6715//2239 6716//2239 6717//2239
v -0.0417699181 -0.00439019548 0.0798000023
v -0.0440558754 0.00627133297 0.0798000023
v -0.0444198288 -0.00266996468 0.0798000023
vn -4.38670052e-16 -1.86055221e-16 1
f 6718//2240 6719//2240 6720//2240
v -0.0417699181 -0.00439019548 0.0798000023
v -0.0444198288 -0.00266996468 0.0798000023
v -0.0399443731 -0.012978714 0.0798000023
vn -4.38670052e-16 -1.86055221e-16 1
f 6721//2241 6722//2241 6723//2241
v -0.0399443731 -0.012978714 0.0798000023
v -0.0444198288 -0.00266996468 0.0798000023
v -0.0429874882 -0.0115032913 0.0798000023
vn -4.38670052e-16 -1.86055221e-16 1
f 6724//2242 6725//2242 6726//2242
v -0.0399443731 -0.012978714 0.0798000023
v -0.0429874882 -0.0115032913 0.0798000023
v -0.0363730676 -0.0209999997 0.0798000023
vn -4.38670052e-16 -1.86055221e-16 1
f 6727//2243 6728//2243 6729//2243
v -0.0363730676 -0.0209999997 0.0798000023
v -0.0429874882 -0.0115032913 0.0798000023
v -0.0398167782 -0.0198714379 0.0798000023
vn -4.38670052e-16 -1.86055221e-16 1
f 6730//2244 6731//2244 6732//2244
v -0.0363730676 -0.0209999997 0.0798000023
v -0.0398167782 -0.0198714379 0.0798000023
v -0.031212084 -0.0281034857 0.0798000023
vn -4.38670052e-16 -1.86055221e-16 1
f 6733//2245 6734//2245 6735//2245
v -0.031212084 -0.0281034857 0.0798000023
v -0.0398167782 -0.0198714379 0.0798000023
v -0.0350359194 -0.0274360031 0.0798000023
vn -4.38670052e-16 -1.86055221e-16 1
f 6736//2246 6737//2246 6738//2246
v -0.031212084 -0.0281034857 0.0798000023
v -0.0350359194 -0.0274360031 0.0798000023
v -0.024686981 -0.0339787155 0.0798000023
vn -4.38670052e-16 -1.86055221e-16 1
f 6739//2247 6740//2247 6741//2247
v -0.024686981 -0.0339787155 0.0798000023
v -0.0350359194 -0.0274360031 0.0798000023
v -0.0288382452 -0.0338910855 0.0798000023
vn -4.38670052e-16 -1.86055221e-16 1
f 6742//2248 6743//2248 6744//2248
v -0.024686981 -0.0339787155 0.0798000023
v -0.0288382452 -0.0338910855 0.0798000023
v -0.0170829389 -0.0383689106 0.0798000023
vn -4.38670052e-16 -1.86055221e-16 1
f 6745//2249 6746//2249 6747//2249
v -0.0170829389 -0.0383689106 0.0798000023
v -0.0288382452 -0.0338910855 0.0798000023
v -0.0214743819 -0.0389756449 0.0798000023
vn -4.38670052e-16 -1.86055221e-16 1
f 6748//2250 6749//2250 6750//2250
v -0.0170829389 -0.0383689106 0.0798000023
v -0.0214743819 -0.0389756449 0.0798000023
v -0.00873229094 -0.0410821997 0.0798000023
vn -4.38670052e-16 -1.86055221e-16 1
f 6751//2251 6752//2251 6753//2251
v -0.00873229094 -0.0410821997 0.0798000023
v -0.0214743819 -0.0389756449 0.0798000023
v -0.0132421143 -0.0424840711 0.0798000023
vn -4.38670052e-16 -1.86055221e-16 1
f 6754//2252 6755//2252 6756//2252
v -0.00873229094 -0.0410821997 0.0798000023
v -0.0132421143 -0.0424840711 0.0798000023
v -3.26439404e-16 -0.0419999994 0.0798000023
vn -4.38670052e-16 -1.86055221e-16 1
f 6757//2253 6758//2253 6759//2253
v -3.26439404e-16 -0.0419999994 0.0798000023
v -0.0132421143 -0.0424840711 0.0798000023
v -0.00447435072 -0.0442744866 0.0798000023
vn -4.38670052e-16 -1.86055221e-16 1
f 6760//2254 6761//2254 6762//2254
v -3.26439404e-16 -0.0419999994 0.0798000023
v -0.00447435072 -0.0442744866 0.0798000023
v 0.00447435118 -0.0442744866 0.0798000023
vn -4.38670052e-16 -1.86055221e-16 1
f 6763//2255 6764//2255 6765//2255
v -3.1970536e-16 0.0370000005 0.0644489229
v 0.00108253176 0.0363750011 0.065200001
v 0.00124999997 0.0370000005 0.065200001
vn -0.510203719 0.136708781 0.849118888
f 6766//2256 6767//2256 6768//2256
v 0.000624999986 0.0359174684 0.065200001
v 0.00108253176 0.0363750011 0.065200001
v -3.1970536e-16 0.0370000005 0.0644489229
vn -0.37349546 0.373494655 0.849118888
f 6769//2257 6770//2257 6771//2257
v -3.20034829e-16 0.0357500017 0.065200001
v 0.000624999986 0.0359174684 0.065200001
v -3.1970536e-16 0.0370000005 0.0644489229
vn -0.136707529 0.510204136 0.849118829
f 6772//2258 6773//2258 6774//2258
v -3.1970536e-16 0.0370000005 0.0644489229
v 0.000624999986 0.0380825326 0.065200001
v -3.20034829e-16 0.0382499993 0.065200001
vn -0.136707529 -0.510204136 0.849118829
f 6775//2259 6776//2259 6777//2259
v 0.00108253176 0.0376249999 0.065200001
v 0.000624999986 0.0380825326 0.065200001
v -3.1970536e-16 0.0370000005 0.0644489229
vn -0.37349546 -0.373494655 0.849118888
f 6778//2260 6779//2260 6780//2260
v 0.00124999997 0.0370000005 0.065200001
v 0.00108253176 0.0376249999 0.065200001
v -3.1970536e-16 0.0370000005 0.0644489229
vn -0.510203719 -0.136708781 0.849118888
f 6781//2261 6782//2261 6783//2261
v -3.20034829e-16 0.0357500017 0.065200001
v -3.2477247e-16 0.0357500017 0.0759999976
v 0.000624999986 0.0359174684 0.065200001
vn -0.258816808 0.965926409 6.61804709e-17
f 6784//2262 6785//2262 6786//2262
v 0.000624999986 0.0359174684 0.065200001
v -3.2477247e-16 0.0357500017 0.0759999976
v 0.000624999986 0.0359174684 0.0759999976
vn -0.258816808 0.965926409 6.61804709e-17
f 6787//2263 6788//2263 6789//2263
v 0.000624999986 0.0359174684 0.065200001
v 0.000624999986 0.0359174684 0.0759999976
v 0.00108253176 0.0363750011 0.065200001
vn -0.707107544 0.707105994 -1.78626146e-16
f 6790//2264 6791//2264 6792//2264
v 0.00108253176 0.0363750011 0.065200001
v 0.000624999986 0.0359174684 0.0759999976
v 0.00108253176 0.0363750011 0.0759999976
vn -0.707107544 0.707105994 -1.78626146e-16
f 6793//2265 6794//2265 6795//2265
v 0.00108253176 0.0363750011 0.065200001
v 0.00108253176 0.0363750011 0.0759999976
v 0.00124999997 0.0370000005 0.065200001
vn -0.965925753 0.258819222 -3.75568056e-16
f 6796//2266 6797//2266 6798//2266
v 0.00124999997 0.0370000005 0.065200001
v 0.00108253176 0.0363750011 0.0759999976
v 0.00124999997 0.0370000005 0.0759999976
vn -0.965925753 0.258819222 -3.75568056e-16
f 6799//2267 6800//2267 6801//2267
v 0.00124999997 0.0370000005 0.065200001
v 0.00124999997 0.0370000005 0.0759999976
v 0.00108253176 0.0376249999 0.065200001
vn -0.965925753 -0.258819222 -4.71877396e-16
f 6802//2268 6803//2268 6804//2268
v 0.00108253176 0.0376249999 0.065200001
v 0.00124999997 0.0370000005 0.0759999976
v 0.00108253176 0.0376249999 0.0759999976
vn -0.965925753 -0.258819222 -4.71877396e-16
f 6805//2269 6806//2269 6807//2269
v 0.00108253176 0.0376249999 0.065200001
v 0.00108253176 0.0376249999 0.0759999976
v 0.000624999986 0.0380825326 0.065200001
vn -0.707107544 -0.707105994 -4.41747693e-16
f 6808//2270 6809//2270 6810//2270
v 0.000624999986 0.0380825326 0.065200001
v 0.00108253176 0.0376249999 0.0759999976
v 0.000624999986 0.0380825326 0.0759999976
vn -0.707107544 -0.707105994 -4.41747693e-16
f 6811//2271 6812//2271 6813//2271
v 0.000624999986 0.0380825326 0.065200001
v 0.000624999986 0.0380825326 0.0759999976
v -3.20034829e-16 0.0382499993 0.065200001
vn -0.258816808 -0.965926409 -2.93250853e-16
f 6814//2272 6815//2272 6816//2272
v -3.20034829e-16 0.0382499993 0.065200001
v 0.000624999986 0.0380825326 0.0759999976
v -3.2477247e-16 0.0382499993 0.0759999976
vn -0.258816808 -0.965926409 -2.93250853e-16
f 6817//2273 6818//2273 6819//2273
v -0.0185000002 0.0320429392 0.0644489229
v -0.0174174681 0.0314179398 0.065200001
v -0.0172500014 0.0320429392 0.065200001
vn -0.510204136 0.136707664 0.849118829
f 6820//2274 6821//2274 6822//2274
v -0.0178750008 0.030960409 0.065200001
v -0.0174174681 0.0314179398 0.065200001
v -0.0185000002 0.0320429392 0.0644489229
vn -0.373494476 0.373495996 0.849118769
f 6823//2275 6824//2275 6825//2275
v -0.0185000002 0.0307929404 0.065200001
v -0.0178750008 0.030960409 0.065200001
v -0.0185000002 0.0320429392 0.0644489229
vn -0.136709154 0.510204017 0.84911865
f 6826//2276 6827//2276 6828//2276
v -0.0185000002 0.0320429392 0.0644489229
v -0.0178750008 0.0331254713 0.065200001
v -0.0185000002 0.0332929417 0.065200001
vn -0.136710346 -0.510202825 0.849119186
f 6829//2277 6830//2277 6831//2277
v -0.0174174681 0.0326679386 0.065200001
v -0.0178750008 0.0331254713 0.065200001
v -0.0185000002 0.0320429392 0.0644489229
vn -0.373495072 -0.373495072 0.849118888
f 6832//2278 6833//2278 6834//2278
v -0.0172500014 0.0320429392 0.065200001
v -0.0174174681 0.0326679386 0.065200001
v -0.0185000002 0.0320429392 0.0644489229
vn -0.510204136 -0.136707664 0.849118829
f 6835//2279 6836//2279 6837//2279
v -0.0185000002 0.0307929404 0.065200001
v -0.0185000002 0.0307929404 0.0759999976
v -0.0178750008 0.030960409 0.065200001
vn -0.258819729 0.965925634 6.61790415e-17
f 6838//2280 6839//2280 6840//2280
v -0.0178750008 0.030960409 0.065200001
v -0.0185000002 0.0307929404 0.0759999976
v -0.0178750008 0.030960409 0.0759999976
vn -0.258819729 0.965925634 6.61790415e-17
f 6841//2281 6842//2281 6843//2281
v -0.0178750008 0.030960409 0.065200001
v -0.0178750008 0.030960409 0.0759999976
v -0.0174174681 0.0314179398 0.065200001
vn -0.707105339 0.7071082 -1.7862477e-16
f 6844//2282 6845//2282 6846//2282
v -0.0174174681 0.0314179398 0.065200001
v -0.0178750008 0.030960409 0.0759999976
v -0.0174174681 0.0314179398 0.0759999976
vn -0.707105339 0.7071082 -1.7862477e-16
f 6847//2283 6848//2283 6849//2283
v -0.0174174681 0.0314179398 0.065200001
v -0.0174174681 0.0314179398 0.0759999976
v -0.0172500014 0.0320429392 0.065200001
vn -0.965926349 0.258817047 -3.75568718e-16
f 6850//2284 6851//2284 6852//2284
v -0.0172500014 0.0320429392 0.065200001
v -0.0174174681 0.0314179398 0.0759999976
v -0.0172500014 0.0320429392 0.0759999976
vn -0.965926349 0.258817047 -3.75568718e-16
f 6853//2285 6854//2285 6855//2285
v -0.0172500014 0.0320429392 0.065200001
v -0.0172500014 0.0320429392 0.0759999976
v -0.0174174681 0.0326679386 0.065200001
vn -0.965926349 -0.258817047 -4.71877237e-16
f 6856//2286 6857//2286 6858//2286
v -0.0174174681 0.0326679386 0.065200001
v -0.0172500014 0.0320429392 0.0759999976
v -0.0174174681 0.0326679386 0.0759999976
vn -0.965926349 -0.258817047 -4.71877237e-16
f 6859//2287 6860//2287 6861//2287
v -0.0174174681 0.0326679386 0.065200001
v -0.0174174681 0.0326679386 0.0759999976
v -0.0178750008 0.0331254713 0.065200001
vn -0.707106769 -0.707106769 -4.41747481e-16
f 6862//2288 6863//2288 6864//2288
v -0.0178750008 0.0331254713 0.065200001
v -0.0174174681 0.0326679386 0.0759999976
v -0.0178750008 0.0331254713 0.0759999976
vn -0.707106769 -0.707106769 -4.41747481e-16
f 6865//2289 6866//2289 6867//2289
v -0.0178750008 0.0331254713 0.065200001
v -0.0178750008 0.0331254713 0.0759999976
v -0.0185000002 0.0332929417 0.065200001
vn -0.258822411 -0.965924919 -2.93253024e-16
f 6868//2290 6869//2290 6870//2290
v -0.0185000002 0.0332929417 0.065200001
v -0.0178750008 0.0331254713 0.0759999976
v -0.0185000002 0.0332929417 0.0759999976
vn -0.258822411 -0.965924919 -2.93253024e-16
f 6871//2291 6872//2291 6873//2291
v -0.0320429392 0.0185000002 0.0644489229
v -0.030960409 0.0178750008 0.065200001
v -0.0307929404 0.0185000002 0.065200001
vn -0.510203481 0.136709005 0.849119008
f 6874//2292 6875//2292 6876//2292
v -0.0314179398 0.0174174681 0.065200001
v -0.030960409 0.0178750008 0.065200001
v -0.0320429392 0.0185000002 0.0644489229
vn -0.373495072 0.373495072 0.849118888
f 6877//2293 6878//2293 6879//2293
v -0.0320429392 0.0172499996 0.065200001
v -0.0314179398 0.0174174681 0.065200001
v -0.0320429392 0.0185000002 0.0644489229
vn -0.136709005 0.510203481 0.849119008
f 6880//2294 6881//2294 6882//2294
v -0.0320429392 0.0185000002 0.0644489229
v -0.0314179398 0.0195825323 0.065200001
v -0.0320429392 0.0197500009 0.065200001
vn -0.136709005 -0.510203481 0.849119008
f 6883//2295 6884//2295 6885//2295
v -0.030960409 0.0191249996 0.065200001
v -0.0314179398 0.0195825323 0.065200001
v -0.0320429392 0.0185000002 0.0644489229
vn -0.373495072 -0.373495072 0.849118888
f 6886//2296 6887//2296 6888//2296
v -0.0307929404 0.0185000002 0.065200001
v -0.030960409 0.0191249996 0.065200001
v -0.0320429392 0.0185000002 0.0644489229
vn -0.510203481 -0.136709005 0.849119008
f 6889//2297 6890//2297 6891//2297
v -0.0320429392 0.0172499996 0.065200001
v -0.0320429392 0.0172499996 0.0759999976
v -0.0314179398 0.0174174681 0.065200001
vn -0.258819729 0.965925634 6.61790415e-17
f 6892//2298 6893//2298 6894//2298
v -0.0314179398 0.0174174681 0.065200001
v -0.0320429392 0.0172499996 0.0759999976
v -0.0314179398 0.0174174681 0.0759999976
vn -0.258819729 0.965925634 6.61790415e-17
f 6895//2299 6896//2299 6897//2299
v -0.0314179398 0.0174174681 0.065200001
v -0.0314179398 0.0174174681 0.0759999976
v -0.030960409 0.0178750008 0.065200001
vn -0.707106769 0.707106769 -1.7862567e-16
f 6898//2300 6899//2300 6900//2300
v -0.030960409 0.0178750008 0.065200001
v -0.0314179398 0.0174174681 0.0759999976
v -0.030960409 0.0178750008 0.0759999976
vn -0.707106769 0.707106769 -1.7862567e-16
f 6901//2301 6902//2301 6903//2301
v -0.030960409 0.0178750008 0.065200001
v -0.030960409 0.0178750008 0.0759999976
v -0.0307929404 0.0185000002 0.065200001
vn -0.965925634 0.258819729 -3.75567897e-16
f 6904//2302 6905//2302 6906//2302
v -0.0307929404 0.0185000002 0.065200001
v -0.030960409 0.0178750008 0.0759999976
v -0.0307929404 0.0185000002 0.0759999976
vn -0.965925634 0.258819729 -3.75567897e-16
f 6907//2303 6908//2303 6909//2303
v -0.0307929404 0.0185000002 0.065200001
v -0.0307929404 0.0185000002 0.0759999976
v -0.030960409 0.0191249996 0.065200001
vn -0.965925634 -0.258819729 -4.71877449e-16
f 6910//2304 6911//2304 6912//2304
v -0.030960409 0.0191249996 0.065200001
v -0.0307929404 0.0185000002 0.0759999976
v -0.030960409 0.0191249996 0.0759999976
vn -0.965925634 -0.258819729 -4.71877449e-16
f 6913//2305 6914//2305 6915//2305
v -0.030960409 0.0191249996 0.065200001
v -0.030960409 0.0191249996 0.0759999976
v -0.0314179398 0.0195825323 0.065200001
vn -0.707106769 -0.707106769 -4.41747481e-16
f 6916//2306 6917//2306 6918//2306
v -0.0314179398 0.0195825323 0.065200001
v -0.030960409 0.0191249996 0.0759999976
v -0.0314179398 0.0195825323 0.0759999976
vn -0.707106769 -0.707106769 -4.41747481e-16
f 6919//2307 6920//2307 6921//2307
v -0.0314179398 0.0195825323 0.065200001
v -0.0314179398 0.0195825323 0.0759999976
v -0.0320429392 0.0197500009 0.065200001
vn -0.258819729 -0.965925634 -2.93251991e-16
f 6922//2308 6923//2308 6924//2308
v -0.0320429392 0.0197500009 0.065200001
v -0.0314179398 0.0195825323 0.0759999976
v -0.0320429392 0.0197500009 0.0759999976
vn -0.258819729 -0.965925634 -2.93251991e-16
f 6925//2309 6926//2309 6927//2309
v -0.0370000005 -3.99545494e-16 0.0644489229
v -0.0359174684 -0.000624999986 0.065200001
v -0.0357499979 -3.93531057e-16 0.065200001
vn -0.510202825 0.136710227 0.849119186
f 6928//2310 6929//2310 6930//2310
v -0.0363749973 -0.00108253176 0.065200001
v -0.0359174684 -0.000624999986 0.065200001
v -0.0370000005 -3.99545494e-16 0.0644489229
vn -0.373495907 0.373493612 0.849119127
f 6931//2311 6932//2311 6933//2311
v -0.0370000005 -0.00124999997 0.065200001
v -0.0363749973 -0.00108253176 0.065200001
v -0.0370000005 -3.99545494e-16 0.0644489229
vn -0.136707976 0.510203779 0.849119008
f 6934//2312 6935//2312 6936//2312
v -0.0370000005 -3.99545494e-16 0.0644489229
v -0.0363749973 0.00108253176 0.065200001
v -0.0370000005 0.00124999997 0.065200001
vn -0.136707976 -0.510203779 0.849119008
f 6937//2313 6938//2313 6939//2313
v -0.0359174684 0.000624999986 0.065200001
v -0.0363749973 0.00108253176 0.065200001
v -0.0370000005 -3.99545494e-16 0.0644489229
vn -0.373495907 -0.373493612 0.849119127
f 6940//2314 6941//2314 6942//2314
v -0.0357499979 -3.93531057e-16 0.065200001
v -0.0359174684 0.000624999986 0.065200001
v -0.0370000005 -3.99545494e-16 0.0644489229
vn -0.510202825 -0.136710227 0.849119186
f 6943//2315 6944//2315 6945//2315
v -0.0370000005 -0.00124999997 0.065200001
v -0.0370000005 -0.00124999997 0.0759999976
v -0.0363749973 -0.00108253176 0.065200001
vn -0.258817792 0.96592617 6.61799944e-17
f 6946//2316 6947//2316 6948//2316
v -0.0363749973 -0.00108253176 0.065200001
v -0.0370000005 -0.00124999997 0.0759999976
v -0.0363749973 -0.00108253176 0.0759999976
vn -0.258817792 0.96592617 6.61799944e-17
f 6949//2317 6950//2317 6951//2317
v -0.0363749973 -0.00108253176 0.065200001
v -0.0363749973 -0.00108253176 0.0759999976
v -0.0359174684 -0.000624999986 0.065200001
vn -0.707108915 0.707104623 -1.7862702e-16
f 6952//2318 6953//2318 6954//2318
v -0.0359174684 -0.000624999986 0.065200001
v -0.0363749973 -0.00108253176 0.0759999976
v -0.0359174684 -0.000624999986 0.0759999976
vn -0.707108915 0.707104623 -1.7862702e-16
f 6955//2319 6956//2319 6957//2319
v -0.0359174684 -0.000624999986 0.065200001
v -0.0359174684 -0.000624999986 0.0759999976
v -0.0357499979 -3.93531057e-16 0.065200001
vn -0.965924978 0.258822203 -3.75567156e-16
f 6958//2320 6959//2320 6960//2320
v -0.0357499979 -3.93531057e-16 0.065200001
v -0.0359174684 -0.000624999986 0.0759999976
v -0.0357499979 -3.95540458e-16 0.0759999976
vn -0.965924978 0.258822203 -3.75567156e-16
f 6961//2321 6962//2321 6963//2321
v -0.0357499979 -3.93531057e-16 0.065200001
v -0.0357499979 -3.95540458e-16 0.0759999976
v -0.0359174684 0.000624999986 0.065200001
vn -0.965924978 -0.258822203 -4.71877608e-16
f 6964//2322 6965//2322 6966//2322
v -0.0359174684 0.000624999986 0.065200001
v -0.0357499979 -3.95540458e-16 0.0759999976
v -0.0359174684 0.000624999986 0.0759999976
vn -0.965924978 -0.258822203 -4.71877608e-16
f 6967//2323 6968//2323 6969//2323
v -0.0359174684 0.000624999986 0.065200001
v -0.0359174684 0.000624999986 0.0759999976
v -0.0363749973 0.00108253176 0.065200001
vn -0.707108915 -0.707104623 -4.41748037e-16
f 6970//2324 6971//2324 6972//2324
v -0.0363749973 0.00108253176 0.065200001
v -0.0359174684 0.000624999986 0.0759999976
v -0.0363749973 0.00108253176 0.0759999976
vn -0.707108915 -0.707104623 -4.41748037e-16
f 6973//2325 6974//2325 6975//2325
v -0.0363749973 0.00108253176 0.065200001
v -0.0363749973 0.00108253176 0.0759999976
v -0.0370000005 0.00124999997 0.065200001
vn -0.258817792 -0.96592617 -2.93251224e-16
f 6976//2326 6977//2326 6978//2326
v -0.0370000005 0.00124999997 0.065200001
v -0.0363749973 0.00108253176 0.0759999976
v -0.0370000005 0.00124999997 0.0759999976
vn -0.258817792 -0.96592617 -2.93251224e-16
f 6979//2327 6980//2327 6981//2327
v -0.0320429392 -0.0185000002 0.0644489229
v -0.0320429392 -0.0197500009 0.065200001
v -0.0315005854 -0.0196262114 0.065200001
vn -0.116751134 0.511516809 0.85130471
f 6982//2328 6983//2328 6984//2328
v -0.031428773 -0.0195689443 0.065200001
v -0.0310656521 -0.0192793626 0.065200001
v -0.0320429392 -0.0185000002 0.0644489229
vn -0.327128083 0.410204172 0.85130471
f 6985//2329 6986//2329 6987//2329
v -0.0309854969 -0.0191129185 0.065200001
v -0.0308242813 -0.0187781509 0.065200001
v -0.0320429392 -0.0185000002 0.0644489229
vn -0.472712904 0.227646634 0.851304591
f 6988//2330 6989//2330 6990//2330
v -0.0308242813 -0.0185000002 0.065200001
v -0.0308242813 -0.0182218496 0.065200001
v -0.0320429392 -0.0185000002 0.0644489229
vn -0.524671674 -1.58389682e-16 0.85130465
f 6991//2331 6992//2331 6993//2331
v -0.0309854969 -0.017887082 0.065200001
v -0.0310656521 -0.0177206378 0.065200001
v -0.0320429392 -0.0185000002 0.0644489229
vn -0.472712994 -0.22764644 0.851304591
f 6994//2332 6995//2332 6996//2332
v -0.0320429392 -0.0185000002 0.0644489229
v -0.0315005854 -0.0173737891 0.065200001
v -0.0320429392 -0.0172499996 0.065200001
vn -0.116751134 -0.511516809 0.85130471
f 6997//2333 6998//2333 6999//2333
v -0.031428773 -0.0174310561 0.065200001
v -0.0315005854 -0.0173737891 0.065200001
v -0.0320429392 -0.0185000002 0.0644489229
vn -0.327121705 -0.410208195 0.851305246
f 7000//2334 7001//2334 7002//2334
v -0.0310656521 -0.0177206378 0.065200001
v -0.031428773 -0.0174310561 0.065200001
v -0.0320429392 -0.0185000002 0.0644489229
vn -0.327128083 -0.410204172 0.85130471
f 7003//2335 7004//2335 7005//2335
v -0.0308242813 -0.0182218496 0.065200001
v -0.0309854969 -0.017887082 0.065200001
v -0.0320429392 -0.0185000002 0.0644489229
vn -0.472712904 -0.227646634 0.851304591
f 7006//2336 7007//2336 7008//2336
v -0.0308242813 -0.0187781509 0.065200001
v -0.0308242813 -0.0185000002 0.065200001
v -0.0320429392 -0.0185000002 0.0644489229
vn -0.524671674 -1.58389682e-16 0.85130465
f 7009//2337 7010//2337 7011//2337
v -0.0310656521 -0.0192793626 0.065200001
v -0.0309854969 -0.0191129185 0.065200001
v -0.0320429392 -0.0185000002 0.0644489229
vn -0.472712994 0.22764644 0.851304591
f 7012//2338 7013//2338 7014//2338
v -0.0315005854 -0.0196262114 0.065200001
v -0.031428773 -0.0195689443 0.065200001
v -0.0320429392 -0.0185000002 0.0644489229
vn -0.327121705 0.410208195 0.851305246
f 7015//2339 7016//2339 7017//2339
v -0.0320429392 -0.0197500009 0.065200001
v -0.0320429392 -0.0197500009 0.0759999976
v -0.0315005854 -0.0196262114 0.065200001
vn -0.222522318 0.974927604 8.37764951e-17
f 7018//2340 7019//2340 7020//2340
v -0.0315005854 -0.0196262114 0.065200001
v -0.0320429392 -0.0197500009 0.0759999976
v -0.0314179398 -0.0195825323 0.0759999976
vn -0.258819252 0.965923846 -0.00192595914
f 7021//2341 7022//2341 7023//2341
v -0.0315005854 -0.0196262114 0.065200001
v -0.0314179398 -0.0195825323 0.0759999976
v -0.031428773 -0.0195689443 0.065200001
vn -0.623479187 0.781838298 0.00160906126
f 7024//2342 7025//2342 7026//2342
v -0.031428773 -0.0195689443 0.065200001
v -0.0314179398 -0.0195825323 0.0759999976
v -0.0310656521 -0.0192793626 0.065200001
vn -0.623490393 0.781829357 0.00160906126
f 7027//2343 7028//2343 7029//2343
v -0.0310656521 -0.0192793626 0.065200001
v -0.0314179398 -0.0195825323 0.0759999976
v -0.030960409 -0.0191249996 0.0759999976
vn -0.707103133 0.707103133 -0.00321599864
f 7030//2344 7031//2344 7032//2344
v -0.0310656521 -0.0192793626 0.065200001
v -0.030960409 -0.0191249996 0.0759999976
v -0.0309854969 -0.0191129185 0.065200001
vn -0.900965989 0.433882087 0.00257825875
f 7033//2345 7034//2345 7035//2345
v -0.0309854969 -0.0191129185 0.065200001
v -0.030960409 -0.0191249996 0.0759999976
v -0.0308242813 -0.0187781509 0.065200001
vn -0.90096581 0.433882445 0.00257825875
f 7036//2346 7037//2346 7038//2346
v -0.0308242813 -0.0187781509 0.065200001
v -0.030960409 -0.0191249996 0.0759999976
v -0.0307929404 -0.0185000002 0.0759999976
vn -0.965918422 0.258817792 -0.00386274396
f 7039//2347 7040//2347 7041//2347
v -0.0308242813 -0.0187781509 0.065200001
v -0.0307929404 -0.0185000002 0.0759999976
v -0.0308242813 -0.0185000002 0.065200001
vn -0.999995768 -5.39917536e-19 0.00290192082
f 7042//2348 7043//2348 7044//2348
v -0.0308242813 -0.0185000002 0.065200001
v -0.0307929404 -0.0185000002 0.0759999976
v -0.0308242813 -0.0182218496 0.065200001
vn -0.999995768 -5.39917536e-19 0.00290192082
f 7045//2349 7046//2349 7047//2349
v -0.0308242813 -0.0182218496 0.065200001
v -0.0307929404 -0.0185000002 0.0759999976
v -0.030960409 -0.0178750008 0.0759999976
vn -0.965918422 -0.258817792 -0.00386274396
f 7048//2350 7049//2350 7050//2350
v -0.0308242813 -0.0182218496 0.065200001
v -0.030960409 -0.0178750008 0.0759999976
v -0.0309854969 -0.017887082 0.065200001
vn -0.90096581 -0.433882445 0.00257825875
f 7051//2351 7052//2351 7053//2351
v -0.0309854969 -0.017887082 0.065200001
v -0.030960409 -0.0178750008 0.0759999976
v -0.0310656521 -0.0177206378 0.065200001
vn -0.900965989 -0.433882087 0.00257825875
f 7054//2352 7055//2352 7056//2352
v -0.0310656521 -0.0177206378 0.065200001
v -0.030960409 -0.0178750008 0.0759999976
v -0.0314179398 -0.0174174681 0.0759999976
vn -0.707103133 -0.707103133 -0.00321599864
f 7057//2353 7058//2353 7059//2353
v -0.0310656521 -0.0177206378 0.065200001
v -0.0314179398 -0.0174174681 0.0759999976
v -0.031428773 -0.0174310561 0.065200001
vn -0.623490393 -0.781829357 0.00160906126
f 7060//2354 7061//2354 7062//2354
v -0.031428773 -0.0174310561 0.065200001
v -0.0314179398 -0.0174174681 0.0759999976
v -0.0315005854 -0.0173737891 0.065200001
vn -0.623479187 -0.781838298 0.00160906126
f 7063//2355 7064//2355 7065//2355
v -0.0315005854 -0.0173737891 0.065200001
v -0.0314179398 -0.0174174681 0.0759999976
v -0.0320429392 -0.0172499996 0.0759999976
vn -0.258819252 -0.965923846 -0.00192595914
f 7066//2356 7067//2356 7068//2356
v -0.0315005854 -0.0173737891 0.065200001
v -0.0320429392 -0.0172499996 0.0759999976
v -0.0320429392 -0.0172499996 0.065200001
vn -0.222522318 -0.974927604 -2.79004262e-16
f 7069//2357 7070//2357 7071//2357
v -0.0185000002 -0.0320429392 0.0644489229
v -0.0174174681 -0.0326679386 0.065200001
v -0.0172500014 -0.0320429392 0.065200001
vn -0.510204136 0.136707664 0.849118829
f 7072//2358 7073//2358 7074//2358
v -0.0178750008 -0.0331254713 0.065200001
v -0.0174174681 -0.0326679386 0.065200001
v -0.0185000002 -0.0320429392 0.0644489229
vn -0.373495072 0.373495072 0.849118888
f 7075//2359 7076//2359 7077//2359
v -0.0185000002 -0.0332929417 0.065200001
v -0.0178750008 -0.0331254713 0.065200001
v -0.0185000002 -0.0320429392 0.0644489229
vn -0.136710346 0.510202825 0.849119186
f 7078//2360 7079//2360 7080//2360
v -0.0185000002 -0.0320429392 0.0644489229
v -0.0178750008 -0.030960409 0.065200001
v -0.0185000002 -0.0307929404 0.065200001
vn -0.136709154 -0.510204017 0.84911865
f 7081//2361 7082//2361 7083//2361
v -0.0174174681 -0.0314179398 0.065200001
v -0.0178750008 -0.030960409 0.065200001
v -0.0185000002 -0.0320429392 0.0644489229
vn -0.373494476 -0.373495996 0.849118769
f 7084//2362 7085//2362 7086//2362
v -0.0172500014 -0.0320429392 0.065200001
v -0.0174174681 -0.0314179398 0.065200001
v -0.0185000002 -0.0320429392 0.0644489229
vn -0.510204136 -0.136707664 0.849118829
f 7087//2363 7088//2363 7089//2363
v -0.0185000002 -0.0332929417 0.065200001
v -0.0185000002 -0.0332929417 0.0759999976
v -0.0178750008 -0.0331254713 0.065200001
vn -0.258822411 0.965924919 6.61777313e-17
f 7090//2364 7091//2364 7092//2364
v -0.0178750008 -0.0331254713 0.065200001
v -0.0185000002 -0.0332929417 0.0759999976
v -0.0178750008 -0.0331254713 0.0759999976
vn -0.258822411 0.965924919 6.61777313e-17
f 7093//2365 7094//2365 7095//2365
v -0.0178750008 -0.0331254713 0.065200001
v -0.0178750008 -0.0331254713 0.0759999976
v -0.0174174681 -0.0326679386 0.065200001
vn -0.707106769 0.707106769 -1.7862567e-16
f 7096//2366 7097//2366 7098//2366
v -0.0174174681 -0.0326679386 0.065200001
v -0.0178750008 -0.0331254713 0.0759999976
v -0.0174174681 -0.0326679386 0.0759999976
vn -0.707106769 0.707106769 -1.7862567e-16
f 7099//2367 7100//2367 7101//2367
v -0.0174174681 -0.0326679386 0.065200001
v -0.0174174681 -0.0326679386 0.0759999976
v -0.0172500014 -0.0320429392 0.065200001
vn -0.965926349 0.258817047 -3.75568718e-16
f 7102//2368 7103//2368 7104//2368
v -0.0172500014 -0.0320429392 0.065200001
v -0.0174174681 -0.0326679386 0.0759999976
v -0.0172500014 -0.0320429392 0.0759999976
vn -0.965926349 0.258817047 -3.75568718e-16
f 7105//2369 7106//2369 7107//2369
v -0.0172500014 -0.0320429392 0.065200001
v -0.0172500014 -0.0320429392 0.0759999976
v -0.0174174681 -0.0314179398 0.065200001
vn -0.965926349 -0.258817047 -4.71877237e-16
f 7108//2370 7109//2370 7110//2370
v -0.0174174681 -0.0314179398 0.065200001
v -0.0172500014 -0.0320429392 0.0759999976
v -0.0174174681 -0.0314179398 0.0759999976
vn -0.965926349 -0.258817047 -4.71877237e-16
f 7111//2371 7112//2371 7113//2371
v -0.0174174681 -0.0314179398 0.065200001
v -0.0174174681 -0.0314179398 0.0759999976
v -0.0178750008 -0.030960409 0.065200001
vn -0.707105339 -0.7071082 -4.41747137e-16
f 7114//2372 7115//2372 7116//2372
v -0.0178750008 -0.030960409 0.065200001
v -0.0174174681 -0.0314179398 0.0759999976
v -0.0178750008 -0.030960409 0.0759999976
vn -0.707105339 -0.7071082 -4.41747137e-16
f 7117//2373 7118//2373 7119//2373
v -0.0178750008 -0.030960409 0.065200001
v -0.0178750008 -0.030960409 0.0759999976
v -0.0185000002 -0.0307929404 0.065200001
vn -0.258819729 -0.965925634 -2.93251991e-16
f 7120//2374 7121//2374 7122//2374
v -0.0185000002 -0.0307929404 0.065200001
v -0.0178750008 -0.030960409 0.0759999976
v -0.0185000002 -0.0307929404 0.0759999976
vn -0.258819729 -0.965925634 -2.93251991e-16
f 7123//2375 7124//2375 7125//2375
v -3.1970536e-16 -0.0370000005 0.0644489229
v 0.00108253176 -0.0376249999 0.065200001
v 0.00124999997 -0.0370000005 0.065200001
vn -0.510203719 0.136708781 0.849118888
f 7126//2376 7127//2376 7128//2376
v 0.000624999986 -0.0380825326 0.065200001
v 0.00108253176 -0.0376249999 0.065200001
v -3.1970536e-16 -0.0370000005 0.0644489229
vn -0.37349546 0.373494655 0.849118888
f 7129//2377 7130//2377 7131//2377
v -3.20034829e-16 -0.0382499993 0.065200001
v 0.000624999986 -0.0380825326 0.065200001
v -3.1970536e-16 -0.0370000005 0.0644489229
vn -0.136707529 0.510204136 0.849118829
f 7132//2378 7133//2378 7134//2378
v -3.1970536e-16 -0.0370000005 0.0644489229
v 0.000624999986 -0.0359174684 0.065200001
v -3.20034829e-16 -0.0357500017 0.065200001
vn -0.136707529 -0.510204136 0.849118829
f 7135//2379 7136//2379 7137//2379
v 0.00108253176 -0.0363750011 0.065200001
v 0.000624999986 -0.0359174684 0.065200001
v -3.1970536e-16 -0.0370000005 0.0644489229
vn -0.37349546 -0.373494655 0.849118888
f 7138//2380 7139//2380 7140//2380
v 0.00124999997 -0.0370000005 0.065200001
v 0.00108253176 -0.0363750011 0.065200001
v -3.1970536e-16 -0.0370000005 0.0644489229
vn -0.510203719 -0.136708781 0.849118888
f 7141//2381 7142//2381 7143//2381
v -3.20034829e-16 -0.0382499993 0.065200001
v -3.2477247e-16 -0.0382499993 0.0759999976
v 0.000624999986 -0.0380825326 0.065200001
vn -0.258816808 0.965926409 6.61804709e-17
f 7144//2382 7145//2382 7146//2382
v 0.000624999986 -0.0380825326 0.065200001
v -3.2477247e-16 -0.0382499993 0.0759999976
v 0.000624999986 -0.0380825326 0.0759999976
vn -0.258816808 0.965926409 6.61804709e-17
f 7147//2383 7148//2383 7149//2383
v 0.000624999986 -0.0380825326 0.065200001
v 0.000624999986 -0.0380825326 0.0759999976
v 0.00108253176 -0.0376249999 0.065200001
vn -0.707107544 0.707105994 -1.78626146e-16
f 7150//2384 7151//2384 7152//2384
v 0.00108253176 -0.0376249999 0.065200001
v 0.000624999986 -0.0380825326 0.0759999976
v 0.00108253176 -0.0376249999 0.0759999976
vn -0.707107544 0.707105994 -1.78626146e-16
f 7153//2385 7154//2385 7155//2385
v 0.00108253176 -0.0376249999 0.065200001
v 0.00108253176 -0.0376249999 0.0759999976
v 0.00124999997 -0.0370000005 0.065200001
vn -0.965925753 0.258819222 -3.75568056e-16
f 7156//2386 7157//2386 7158//2386
v 0.00124999997 -0.0370000005 0.065200001
v 0.00108253176 -0.0376249999 0.0759999976
v 0.00124999997 -0.0370000005 0.0759999976
vn -0.965925753 0.258819222 -3.75568056e-16
f 7159//2387 7160//2387 7161//2387
v 0.00124999997 -0.0370000005 0.065200001
v 0.00124999997 -0.0370000005 0.0759999976
v 0.00108253176 -0.0363750011 0.065200001
vn -0.965925753 -0.258819222 -4.71877396e-16
f 7162//2388 7163//2388 7164//2388
v 0.00108253176 -0.0363750011 0.065200001
v 0.00124999997 -0.0370000005 0.0759999976
v 0.00108253176 -0.0363750011 0.0759999976
vn -0.965925753 -0.258819222 -4.71877396e-16
f 7165//2389 7166//2389 7167//2389
v 0.00108253176 -0.0363750011 0.065200001
v 0.00108253176 -0.0363750011 0.0759999976
v 0.000624999986 -0.0359174684 0.065200001
vn -0.707107544 -0.707105994 -4.41747693e-16
f 7168//2390 7169//2390 7170//2390
v 0.000624999986 -0.0359174684 0.065200001
v 0.00108253176 -0.0363750011 0.0759999976
v 0.000624999986 -0.0359174684 0.0759999976
vn -0.707107544 -0.707105994 -4.41747693e-16
f 7171//2391 7172//2391 7173//2391
v 0.000624999986 -0.0359174684 0.065200001
v 0.000624999986 -0.0359174684 0.0759999976
v -3.20034829e-16 -0.0357500017 0.065200001
vn -0.258816808 -0.965926409 -2.93250853e-16
f 7174//2392 7175//2392 7176//2392
v -3.20034829e-16 -0.0357500017 0.065200001
v 0.000624999986 -0.0359174684 0.0759999976
v -3.2477247e-16 -0.0357500017 0.0759999976
vn -0.258816808 -0.965926409 -2.93250853e-16
f 7177//2393 7178//2393 7179//2393
v 0.0184999984 -0.0320429392 0.0644489229
v 0.0195825305 -0.0326679386 0.065200001
v 0.019749999 -0.0320429392 0.065200001
vn -0.510203481 0.136709005 0.849119008
f 7180//2394 7181//2394 7182//2394
v 0.0191249996 -0.0331254713 0.065200001
v 0.0195825305 -0.0326679386 0.065200001
v 0.0184999984 -0.0320429392 0.0644489229
vn -0.373495698 0.373494178 0.849119008
f 7183//2395 7184//2395 7185//2395
v 0.0184999984 -0.0332929417 0.065200001
v 0.0191249996 -0.0331254713 0.065200001
v 0.0184999984 -0.0320429392 0.0644489229
vn -0.136709943 0.510202885 0.849119186
f 7186//2396 7187//2396 7188//2396
v 0.0184999984 -0.0320429392 0.0644489229
v 0.0191249996 -0.030960409 0.065200001
v 0.0184999984 -0.0307929404 0.065200001
vn -0.136708751 -0.510204077 0.84911871
f 7189//2397 7190//2397 7191//2397
v 0.0195825305 -0.0314179398 0.065200001
v 0.0191249996 -0.030960409 0.065200001
v 0.0184999984 -0.0320429392 0.0644489229
vn -0.373495072 -0.373495072 0.849118888
f 7192//2398 7193//2398 7194//2398
v 0.019749999 -0.0320429392 0.065200001
v 0.0195825305 -0.0314179398 0.065200001
v 0.0184999984 -0.0320429392 0.0644489229
vn -0.510203481 -0.136709005 0.849119008
f 7195//2399 7196//2399 7197//2399
v 0.0184999984 -0.0332929417 0.065200001
v 0.0184999984 -0.0332929417 0.0759999976
v 0.0191249996 -0.0331254713 0.065200001
vn -0.258821696 0.965925097 6.6178082e-17
f 7198//2400 7199//2400 7200//2400
v 0.0191249996 -0.0331254713 0.065200001
v 0.0184999984 -0.0332929417 0.0759999976
v 0.0191249996 -0.0331254713 0.0759999976
vn -0.258821696 0.965925097 6.6178082e-17
f 7201//2401 7202//2401 7203//2401
v 0.0191249996 -0.0331254713 0.065200001
v 0.0191249996 -0.0331254713 0.0759999976
v 0.0195825305 -0.0326679386 0.065200001
vn -0.7071082 0.707105339 -1.7862657e-16
f 7204//2402 7205//2402 7206//2402
v 0.0195825305 -0.0326679386 0.065200001
v 0.0191249996 -0.0331254713 0.0759999976
v 0.0195825305 -0.0326679386 0.0759999976
vn -0.7071082 0.707105339 -1.7862657e-16
f 7207//2403 7208//2403 7209//2403
v 0.0195825305 -0.0326679386 0.065200001
v 0.0195825305 -0.0326679386 0.0759999976
v 0.019749999 -0.0320429392 0.065200001
vn -0.965925634 0.258819729 -3.75567897e-16
f 7210//2404 7211//2404 7212//2404
v 0.019749999 -0.0320429392 0.065200001
v 0.0195825305 -0.0326679386 0.0759999976
v 0.019749999 -0.0320429392 0.0759999976
vn -0.965925634 0.258819729 -3.75567897e-16
f 7213//2405 7214//2405 7215//2405
v 0.019749999 -0.0320429392 0.065200001
v 0.019749999 -0.0320429392 0.0759999976
v 0.0195825305 -0.0314179398 0.065200001
vn -0.965925634 -0.258819729 -4.71877449e-16
f 7216//2406 7217//2406 7218//2406
v 0.0195825305 -0.0314179398 0.065200001
v 0.019749999 -0.0320429392 0.0759999976
v 0.0195825305 -0.0314179398 0.0759999976
vn -0.965925634 -0.258819729 -4.71877449e-16
f 7219//2407 7220//2407 7221//2407
v 0.0195825305 -0.0314179398 0.065200001
v 0.0195825305 -0.0314179398 0.0759999976
v 0.0191249996 -0.030960409 0.065200001
vn -0.707106769 -0.707106769 -4.41747481e-16
f 7222//2408 7223//2408 7224//2408
v 0.0191249996 -0.030960409 0.065200001
v 0.0195825305 -0.0314179398 0.0759999976
v 0.0191249996 -0.030960409 0.0759999976
vn -0.707106769 -0.707106769 -4.41747481e-16
f 7225//2409 7226//2409 7227//2409
v 0.0191249996 -0.030960409 0.065200001
v 0.0191249996 -0.030960409 0.0759999976
v 0.0184999984 -0.0307929404 0.065200001
vn -0.258819014 -0.965925813 -2.932517e-16
f 7228//2410 7229//2410 7230//2410
v 0.0184999984 -0.0307929404 0.065200001
v 0.0191249996 -0.030960409 0.0759999976
v 0.0184999984 -0.0307929404 0.0759999976
vn -0.258819014 -0.965925813 -2.932517e-16
f 7231//2411 7232//2411 7233//2411
v 0.0320429392 -0.0185000002 0.0644489229
v 0.0320429392 -0.0197500009 0.065200001
v 0.0325852968 -0.0196262114 0.065200001
vn -0.116750345 0.511516869 0.85130477
f 7234//2412 7235//2412 7236//2412
v 0.0326571055 -0.0195689443 0.065200001
v 0.0330202319 -0.0192793626 0.065200001
v 0.0320429392 -0.0185000002 0.0644489229
vn -0.327125847 0.410205573 0.851304889
f 7237//2413 7238//2413 7239//2413
v 0.0331003852 -0.0191129185 0.065200001
v 0.0332616009 -0.0187781509 0.065200001
v 0.0320429392 -0.0185000002 0.0644489229
vn -0.472712427 0.22764641 0.851304948
f 7240//2414 7241//2414 7242//2414
v 0.0332616009 -0.0185000002 0.065200001
v 0.0332616009 -0.0182218496 0.065200001
v 0.0320429392 -0.0185000002 0.0644489229
vn -0.524671137 -1.58389748e-16 0.851305008
f 7243//2415 7244//2415 7245//2415
v 0.0331003852 -0.017887082 0.065200001
v 0.0330202319 -0.0177206378 0.065200001
v 0.0320429392 -0.0185000002 0.0644489229
vn -0.472714841 -0.227642044 0.85130477
f 7246//2416 7247//2416 7248//2416
v 0.0320429392 -0.0185000002 0.0644489229
v 0.0325852968 -0.0173737891 0.065200001
v 0.0320429392 -0.0172499996 0.065200001
vn -0.116750345 -0.511516869 0.85130477
f 7249//2417 7250//2417 7251//2417
v 0.0326571055 -0.0174310561 0.065200001
v 0.0325852968 -0.0173737891 0.065200001
v 0.0320429392 -0.0185000002 0.0644489229
vn -0.327133 -0.410201073 0.851304352
f 7252//2418 7253//2418 7254//2418
v 0.0330202319 -0.0177206378 0.065200001
v 0.0326571055 -0.0174310561 0.065200001
v 0.0320429392 -0.0185000002 0.0644489229
vn -0.327125847 -0.410205573 0.851304889
f 7255//2419 7256//2419 7257//2419
v 0.0332616009 -0.0182218496 0.065200001
v 0.0331003852 -0.017887082 0.065200001
v 0.0320429392 -0.0185000002 0.0644489229
vn -0.472712427 -0.22764641 0.851304948
f 7258//2420 7259//2420 7260//2420
v 0.0332616009 -0.0187781509 0.065200001
v 0.0332616009 -0.0185000002 0.065200001
v 0.0320429392 -0.0185000002 0.0644489229
vn -0.524671137 -1.58389748e-16 0.851305008
f 7261//2421 7262//2421 7263//2421
v 0.0330202319 -0.0192793626 0.065200001
v 0.0331003852 -0.0191129185 0.065200001
v 0.0320429392 -0.0185000002 0.0644489229
vn -0.472714841 0.227642044 0.85130477
f 7264//2422 7265//2422 7266//2422
v 0.0325852968 -0.0196262114 0.065200001
v 0.0326571055 -0.0195689443 0.065200001
v 0.0320429392 -0.0185000002 0.0644489229
vn -0.327133 0.410201073 0.851304352
f 7267//2423 7268//2423 7269//2423
v 0.0320429392 -0.0197500009 0.065200001
v 0.0320429392 -0.0197500009 0.0759999976
v 0.0325852968 -0.0196262114 0.065200001
vn -0.222520858 0.974927902 8.37771899e-17
f 7270//2424 7271//2424 7272//2424
v 0.0325852968 -0.0196262114 0.065200001
v 0.0320429392 -0.0197500009 0.0759999976
v 0.0326679423 -0.0195825323 0.0759999976
vn -0.258817822 0.965924263 -0.00192597171
f 7273//2425 7274//2425 7275//2425
v 0.0325852968 -0.0196262114 0.065200001
v 0.0326679423 -0.0195825323 0.0759999976
v 0.0326571055 -0.0195689443 0.065200001
vn -0.623498976 0.781822503 0.00160927628
f 7276//2426 7277//2426 7278//2426
v 0.0326571055 -0.0195689443 0.065200001
v 0.0326679423 -0.0195825323 0.0759999976
v 0.0330202319 -0.0192793626 0.065200001
vn -0.623486459 0.781832516 0.00160927628
f 7279//2427 7280//2427 7281//2427
v 0.0330202319 -0.0192793626 0.065200001
v 0.0326679423 -0.0195825323 0.0759999976
v 0.0331254713 -0.0191249996 0.0759999976
vn -0.707105994 0.707100272 -0.0032161735
f 7282//2428 7283//2428 7284//2428
v 0.0330202319 -0.0192793626 0.065200001
v 0.0331254713 -0.0191249996 0.0759999976
v 0.0331003852 -0.0191129185 0.065200001
vn -0.900969923 0.433873892 0.00257810322
f 7285//2429 7286//2429 7287//2429
v 0.0331003852 -0.0191129185 0.065200001
v 0.0331254713 -0.0191249996 0.0759999976
v 0.0332616009 -0.0187781509 0.065200001
vn -0.90096581 0.433882445 0.00257810322
f 7288//2430 7289//2430 7290//2430
v 0.0332616009 -0.0187781509 0.065200001
v 0.0331254713 -0.0191249996 0.0759999976
v 0.0332929417 -0.0185000002 0.0759999976
vn -0.965917706 0.258820474 -0.00386281521
f 7291//2431 7292//2431 7293//2431
v 0.0332616009 -0.0187781509 0.065200001
v 0.0332929417 -0.0185000002 0.0759999976
v 0.0332616009 -0.0185000002 0.065200001
vn -0.999995768 -5.39917536e-19 0.00290192082
f 7294//2432 7295//2432 7296//2432
v 0.0332616009 -0.0185000002 0.065200001
v 0.0332929417 -0.0185000002 0.0759999976
v 0.0332616009 -0.0182218496 0.065200001
vn -0.999995768 -5.39917536e-19 0.00290192082
f 7297//2433 7298//2433 7299//2433
v 0.0332616009 -0.0182218496 0.065200001
v 0.0332929417 -0.0185000002 0.0759999976
v 0.0331254713 -0.0178750008 0.0759999976
vn -0.965917706 -0.258820474 -0.00386281521
f 7300//2434 7301//2434 7302//2434
v 0.0332616009 -0.0182218496 0.065200001
v 0.0331254713 -0.0178750008 0.0759999976
v 0.0331003852 -0.017887082 0.065200001
vn -0.90096581 -0.433882445 0.00257810322
f 7303//2435 7304//2435 7305//2435
v 0.0331003852 -0.017887082 0.065200001
v 0.0331254713 -0.0178750008 0.0759999976
v 0.0330202319 -0.0177206378 0.065200001
vn -0.900969923 -0.433873892 0.00257810322
f 7306//2436 7307//2436 7308//2436
v 0.0330202319 -0.0177206378 0.065200001
v 0.0331254713 -0.0178750008 0.0759999976
v 0.0326679423 -0.0174174681 0.0759999976
vn -0.707105994 -0.707100272 -0.0032161735
f 7309//2437 7310//2437 7311//2437
v 0.0330202319 -0.0177206378 0.065200001
v 0.0326679423 -0.0174174681 0.0759999976
v 0.0326571055 -0.0174310561 0.065200001
vn -0.623486459 -0.781832516 0.00160927628
f 7312//2438 7313//2438 7314//2438
v 0.0326571055 -0.0174310561 0.065200001
v 0.0326679423 -0.0174174681 0.0759999976
v 0.0325852968 -0.0173737891 0.065200001
vn -0.623498976 -0.781822503 0.00160927628
f 7315//2439 7316//2439 7317//2439
v 0.0325852968 -0.0173737891 0.065200001
v 0.0326679423 -0.0174174681 0.0759999976
v 0.0320429392 -0.0172499996 0.0759999976
vn -0.258817822 -0.965924263 -0.00192597171
f 7318//2440 7319//2440 7320//2440
v 0.0325852968 -0.0173737891 0.065200001
v 0.0320429392 -0.0172499996 0.0759999976
v 0.0320429392 -0.0172499996 0.065200001
vn -0.222520858 -0.974927902 -2.7900368e-16
f 7321//2441 7322//2441 7323//2441
v 0.0370000005 6.3393301e-16 0.0644489229
v 0.0380825326 -0.000624999986 0.065200001
v 0.0382499993 6.33932004e-16 0.065200001
vn -0.510204136 0.136707529 0.849118829
f 7324//2442 7325//2442 7326//2442
v 0.0376249999 -0.00108253176 0.065200001
v 0.0380825326 -0.000624999986 0.065200001
v 0.0370000005 6.3393301e-16 0.0644489229
vn -0.373494685 0.37349543 0.849118888
f 7327//2443 7328//2443 7329//2443
v 0.0370000005 -0.00124999997 0.065200001
v 0.0376249999 -0.00108253176 0.065200001
v 0.0370000005 6.3393301e-16 0.0644489229
vn -0.136708781 0.510203719 0.849118888
f 7330//2444 7331//2444 7332//2444
v 0.0370000005 6.3393301e-16 0.0644489229
v 0.0376249999 0.00108253176 0.065200001
v 0.0370000005 0.00124999997 0.065200001
vn -0.136708781 -0.510203719 0.849118888
f 7333//2445 7334//2445 7335//2445
v 0.0380825326 0.000624999986 0.065200001
v 0.0376249999 0.00108253176 0.065200001
v 0.0370000005 6.3393301e-16 0.0644489229
vn -0.373494685 -0.37349543 0.849118888
f 7336//2446 7337//2446 7338//2446
v 0.0382499993 6.33932004e-16 0.065200001
v 0.0380825326 0.000624999986 0.065200001
v 0.0370000005 6.3393301e-16 0.0644489229
vn -0.510204136 -0.136707529 0.849118829
f 7339//2447 7340//2447 7341//2447
v 0.0370000005 -0.00124999997 0.065200001
v 0.0370000005 -0.00124999997 0.0759999976
v 0.0376249999 -0.00108253176 0.065200001
vn -0.258819222 0.965925753 6.61792864e-17
f 7342//2448 7343//2448 7344//2448
v 0.0376249999 -0.00108253176 0.065200001
v 0.0370000005 -0.00124999997 0.0759999976
v 0.0376249999 -0.00108253176 0.0759999976
vn -0.258819222 0.965925753 6.61792864e-17
f 7345//2449 7346//2449 7347//2449
v 0.0376249999 -0.00108253176 0.065200001
v 0.0376249999 -0.00108253176 0.0759999976
v 0.0380825326 -0.000624999986 0.065200001
vn -0.707106054 0.707107484 -1.7862522e-16
f 7348//2450 7349//2450 7350//2450
v 0.0380825326 -0.000624999986 0.065200001
v 0.0376249999 -0.00108253176 0.0759999976
v 0.0380825326 -0.000624999986 0.0759999976
vn -0.707106054 0.707107484 -1.7862522e-16
f 7351//2451 7352//2451 7353//2451
v 0.0380825326 -0.000624999986 0.065200001
v 0.0380825326 -0.000624999986 0.0759999976
v 0.0382499993 6.33932004e-16 0.065200001
vn -0.965926409 0.258816808 -3.75568771e-16
f 7354//2452 7355//2452 7356//2452
v 0.0382499993 6.33932004e-16 0.065200001
v 0.0380825326 -0.000624999986 0.0759999976
v 0.0382499993 6.37937994e-16 0.0759999976
vn -0.965926409 0.258816808 -5.19724117e-16
f 7357//2453 7358//2453 7359//2453
v 0.0382499993 6.33932004e-16 0.065200001
v 0.0382499993 6.37937994e-16 0.0759999976
v 0.0380825326 0.000624999986 0.065200001
vn -0.965926409 -0.258816808 -3.27721891e-16
f 7360//2454 7361//2454 7362//2454
v 0.0380825326 0.000624999986 0.065200001
v 0.0382499993 6.37937994e-16 0.0759999976
v 0.0380825326 0.000624999986 0.0759999976
vn -0.965926409 -0.258816808 -4.71877237e-16
f 7363//2455 7364//2455 7365//2455
v 0.0380825326 0.000624999986 0.065200001
v 0.0380825326 0.000624999986 0.0759999976
v 0.0376249999 0.00108253176 0.065200001
vn -0.707106054 -0.707107484 -4.41747296e-16
f 7366//2456 7367//2456 7368//2456
v 0.0376249999 0.00108253176 0.065200001
v 0.0380825326 0.000624999986 0.0759999976
v 0.0376249999 0.00108253176 0.0759999976
vn -0.707106054 -0.707107484 -4.41747296e-16
f 7369//2457 7370//2457 7371//2457
v 0.0376249999 0.00108253176 0.065200001
v 0.0376249999 0.00108253176 0.0759999976
v 0.0370000005 0.00124999997 0.065200001
vn -0.258819222 -0.965925753 -2.9325178e-16
f 7372//2458 7373//2458 7374//2458
v 0.0370000005 0.00124999997 0.065200001
v 0.0376249999 0.00108253176 0.0759999976
v 0.0370000005 0.00124999997 0.0759999976
vn -0.258819222 -0.965925753 -2.9325178e-16
f 7375//2459 7376//2459 7377//2459
v 0.0320429392 0.0185000002 0.0644489229
v 0.0331254713 0.0178750008 0.065200001
v 0.0332929417 0.0185000002 0.065200001
vn -0.510202825 0.136710346 0.849119186
f 7378//2460 7379//2460 7380//2460
v 0.0326679423 0.0174174681 0.065200001
v 0.0331254713 0.0178750008 0.065200001
v 0.0320429392 0.0185000002 0.0644489229
vn -0.373496294 0.373493254 0.849119127
f 7381//2461 7382//2461 7383//2461
v 0.0320429392 0.0172499996 0.065200001
v 0.0326679423 0.0174174681 0.065200001
v 0.0320429392 0.0185000002 0.0644489229
vn -0.1367082 0.51020354 0.849119067
f 7384//2462 7385//2462 7386//2462
v 0.0320429392 0.0185000002 0.0644489229
v 0.0326679423 0.0195825323 0.065200001
v 0.0320429392 0.0197500009 0.065200001
vn -0.1367082 -0.51020354 0.849119067
f 7387//2463 7388//2463 7389//2463
v 0.0331254713 0.0191249996 0.065200001
v 0.0326679423 0.0195825323 0.065200001
v 0.0320429392 0.0185000002 0.0644489229
vn -0.373496294 -0.373493254 0.849119127
f 7390//2464 7391//2464 7392//2464
v 0.0332929417 0.0185000002 0.065200001
v 0.0331254713 0.0191249996 0.065200001
v 0.0320429392 0.0185000002 0.0644489229
vn -0.510202825 -0.136710346 0.849119186
f 7393//2465 7394//2465 7395//2465
v 0.0320429392 0.0172499996 0.065200001
v 0.0320429392 0.0172499996 0.0759999976
v 0.0326679423 0.0174174681 0.065200001
vn -0.258818299 0.965926051 6.6179743e-17
f 7396//2466 7397//2466 7398//2466
v 0.0326679423 0.0174174681 0.065200001
v 0.0320429392 0.0172499996 0.0759999976
v 0.0326679423 0.0174174681 0.0759999976
vn -0.258818299 0.965926051 6.6179743e-17
f 7399//2467 7400//2467 7401//2467
v 0.0326679423 0.0174174681 0.065200001
v 0.0326679423 0.0174174681 0.0759999976
v 0.0331254713 0.0178750008 0.065200001
vn -0.70710963 0.707103908 -1.7862747e-16
f 7402//2468 7403//2468 7404//2468
v 0.0331254713 0.0178750008 0.065200001
v 0.0326679423 0.0174174681 0.0759999976
v 0.0331254713 0.0178750008 0.0759999976
vn -0.70710963 0.707103908 -1.7862747e-16
f 7405//2469 7406//2469 7407//2469
v 0.0331254713 0.0178750008 0.065200001
v 0.0331254713 0.0178750008 0.0759999976
v 0.0332929417 0.0185000002 0.065200001
vn -0.965924919 0.258822411 -3.75567077e-16
f 7408//2470 7409//2470 7410//2470
v 0.0332929417 0.0185000002 0.065200001
v 0.0331254713 0.0178750008 0.0759999976
v 0.0332929417 0.0185000002 0.0759999976
vn -0.965924919 0.258822411 -3.75567077e-16
f 7411//2471 7412//2471 7413//2471
v 0.0332929417 0.0185000002 0.065200001
v 0.0332929417 0.0185000002 0.0759999976
v 0.0331254713 0.0191249996 0.065200001
vn -0.965924919 -0.258822411 -4.71877608e-16
f 7414//2472 7415//2472 7416//2472
v 0.0331254713 0.0191249996 0.065200001
v 0.0332929417 0.0185000002 0.0759999976
v 0.0331254713 0.0191249996 0.0759999976
vn -0.965924919 -0.258822411 -4.71877608e-16
f 7417//2473 7418//2473 7419//2473
v 0.0331254713 0.0191249996 0.065200001
v 0.0331254713 0.0191249996 0.0759999976
v 0.0326679423 0.0195825323 0.065200001
vn -0.70710963 -0.707103908 -4.41748223e-16
f 7420//2474 7421//2474 7422//2474
v 0.0326679423 0.0195825323 0.065200001
v 0.0331254713 0.0191249996 0.0759999976
v 0.0326679423 0.0195825323 0.0759999976
vn -0.70710963 -0.707103908 -4.41748223e-16
f 7423//2475 7424//2475 7425//2475
v 0.0326679423 0.0195825323 0.065200001
v 0.0326679423 0.0195825323 0.0759999976
v 0.0320429392 0.0197500009 0.065200001
vn -0.258818299 -0.965926051 -2.93251409e-16
f 7426//2476 7427//2476 7428//2476
v 0.0320429392 0.0197500009 0.065200001
v 0.0326679423 0.0195825323 0.0759999976
v 0.0320429392 0.0197500009 0.0759999976
vn -0.258818299 -0.965926051 -2.93251409e-16
f 7429//2477 7430//2477 7431//2477
v 0.0184999984 0.0320429392 0.0644489229
v 0.0195825305 0.0314179398 0.065200001
v 0.019749999 0.0320429392 0.065200001
vn -0.510203481 0.136709005 0.849119008
f 7432//2478 7433//2478 7434//2478
v 0.0191249996 0.030960409 0.065200001
v 0.0195825305 0.0314179398 0.065200001
v 0.0184999984 0.0320429392 0.0644489229
vn -0.373495072 0.373495072 0.849118888
f 7435//2479 7436//2479 7437//2479
v 0.0184999984 0.0307929404 0.065200001
v 0.0191249996 0.030960409 0.065200001
v 0.0184999984 0.0320429392 0.0644489229
vn -0.136708751 0.510204077 0.84911871
f 7438//2480 7439//2480 7440//2480
v 0.0184999984 0.0320429392 0.0644489229
v 0.0191249996 0.0331254713 0.065200001
v 0.0184999984 0.0332929417 0.065200001
vn -0.136709943 -0.510202885 0.849119186
f 7441//2481 7442//2481 7443//2481
v 0.0195825305 0.0326679386 0.065200001
v 0.0191249996 0.0331254713 0.065200001
v 0.0184999984 0.0320429392 0.0644489229
vn -0.373495698 -0.373494178 0.849119008
f 7444//2482 7445//2482 7446//2482
v 0.019749999 0.0320429392 0.065200001
v 0.0195825305 0.0326679386 0.065200001
v 0.0184999984 0.0320429392 0.0644489229
vn -0.510203481 -0.136709005 0.849119008
f 7447//2483 7448//2483 7449//2483
v 0.0184999984 0.0307929404 0.065200001
v 0.0184999984 0.0307929404 0.0759999976
v 0.0191249996 0.030960409 0.065200001
vn -0.258819014 0.965925813 6.61793922e-17
f 7450//2484 7451//2484 7452//2484
v 0.0191249996 0.030960409 0.065200001
v 0.0184999984 0.0307929404 0.0759999976
v 0.0191249996 0.030960409 0.0759999976
vn -0.258819014 0.965925813 6.61793922e-17
f 7453//2485 7454//2485 7455//2485
v 0.0191249996 0.030960409 0.065200001
v 0.0191249996 0.030960409 0.0759999976
v 0.0195825305 0.0314179398 0.065200001
vn -0.707106769 0.707106769 -1.7862567e-16
f 7456//2486 7457//2486 7458//2486
v 0.0195825305 0.0314179398 0.065200001
v 0.0191249996 0.030960409 0.0759999976
v 0.0195825305 0.0314179398 0.0759999976
vn -0.707106769 0.707106769 -1.7862567e-16
f 7459//2487 7460//2487 7461//2487
v 0.0195825305 0.0314179398 0.065200001
v 0.0195825305 0.0314179398 0.0759999976
v 0.019749999 0.0320429392 0.065200001
vn -0.965925634 0.258819729 -3.75567897e-16
f 7462//2488 7463//2488 7464//2488
v 0.019749999 0.0320429392 0.065200001
v 0.0195825305 0.0314179398 0.0759999976
v 0.019749999 0.0320429392 0.0759999976
vn -0.965925634 0.258819729 -3.75567897e-16
f 7465//2489 7466//2489 7467//2489
v 0.019749999 0.0320429392 0.065200001
v 0.019749999 0.0320429392 0.0759999976
v 0.0195825305 0.0326679386 0.065200001
vn -0.965925634 -0.258819729 -4.71877449e-16
f 7468//2490 7469//2490 7470//2490
v 0.0195825305 0.0326679386 0.065200001
v 0.019749999 0.0320429392 0.0759999976
v 0.0195825305 0.0326679386 0.0759999976
vn -0.965925634 -0.258819729 -4.71877449e-16
f 7471//2491 7472//2491 7473//2491
v 0.0195825305 0.0326679386 0.065200001
v 0.0195825305 0.0326679386 0.0759999976
v 0.0191249996 0.0331254713 0.065200001
vn -0.7071082 -0.707105339 -4.41747852e-16
f 7474//2492 7475//2492 7476//2492
v 0.0191249996 0.0331254713 0.065200001
v 0.0195825305 0.0326679386 0.0759999976
v 0.0191249996 0.0331254713 0.0759999976
vn -0.7071082 -0.707105339 -4.41747852e-16
f 7477//2493 7478//2493 7479//2493
v 0.0191249996 0.0331254713 0.065200001
v 0.0191249996 0.0331254713 0.0759999976
v 0.0184999984 0.0332929417 0.065200001
vn -0.258821696 -0.965925097 -2.93252733e-16
f 7480//2494 7481//2494 7482//2494
v 0.0184999984 0.0332929417 0.065200001
v 0.0191249996 0.0331254713 0.0759999976
v 0.0184999984 0.0332929417 0.0759999976
vn -0.258821696 -0.965925097 -2.93252733e-16
f 7483//2495 7484//2495 7485//2495
v 0.0360624455 0.0445477255 2.41078514e-17
v 0.0408128835 0.0492981635 2.70755703e-17
v 0.0360624455 0.0445477255 0.00249999994
vn 0.707106769 -0.707106769 1.7862567e-16
f 7486//2496 7487//2496 7488//2496
v 0.0360624455 0.0445477255 0.00249999994
v 0.0408128835 0.0492981635 2.70755703e-17
v 0.0408128835 0.0492981635 0.00700000022
vn 0.707106769 -0.707106769 1.7862567e-16
f 7489//2497 7490//2497 7491//2497
v 0.0360624455 0.0445477255 0.00249999994
v 0.0408128835 0.0492981635 0.00700000022
v 0.0280063897 0.0364916734 0.00249999994
vn 0.707106709 -0.707106888 1.72589324e-07
f 7492//2498 7493//2498 7494//2498
v 0.0280063897 0.0364916734 0.00249999994
v 0.0408128835 0.0492981635 0.00700000022
v 0.0280063897 0.0364916734 0.00700000022
vn 0.707106709 -0.707106829 1.7862563e-16
f 7495//2499 7496//2499 7497//2499
v 0.0364916734 0.0280063897 0.00249999994
v 0.0364916734 0.0280063897 0.00700000022
v 0.0445477292 0.0360624455 0.00249999994
vn -0.707106769 0.707106769 -1.7862567e-16
f 7498//2500 7499//2500 7500//2500
v 0.0445477292 0.0360624455 0.00249999994
v 0.0364916734 0.0280063897 0.00700000022
v 0.0492981635 0.0408128798 0.00700000022
vn -0.707106769 0.707106769 -1.7862567e-16
f 7501//2501 7502//2501 7503//2501
v 0.0445477292 0.0360624455 0.00249999994
v 0.0492981635 0.0408128798 0.00700000022
v 0.0445477292 0.0360624455 2.62513609e-17
vn -0.707106769 0.707106769 -1.7862567e-16
f 7504//2502 7505//2502 7506//2502
v 0.0445477292 0.0360624455 2.62513609e-17
v 0.0492981635 0.0408128798 0.00700000022
v 0.0492981635 0.0408128798 2.92190765e-17
vn -0.707106769 0.707106769 -1.7862567e-16
f 7507//2503 7508//2503 7509//2503
v -3.2152828e-16 -0.0450000018 0.0686044842
v -3.19972175e-16 -0.0453171022 0.065057151
v 0.000706829247 -0.0449944474 0.0686044842
vn 0.00782675296 -0.995997906 0.0890334621
f 7510//2504 7511//2504 7512//2504
v 0.000706829247 -0.0449944474 0.0686044842
v -3.19972175e-16 -0.0453171022 0.065057151
v 0.000711810077 -0.0453115143 0.065057151
vn 0.00781889912 -0.995997787 0.0890350193
f 7513//2505 7514//2505 7515//2505
v 0.000706829247 -0.0449944474 0.0686044842
v 0.000711810077 -0.0453115143 0.065057151
v 0.0045866007 -0.0447656475 0.0686044842
vn 0.0586368553 -0.994308114 0.0889553502
f 7516//2506 7517//2506 7518//2506
v 0.0045866007 -0.0447656475 0.0686044842
v 0.000711810077 -0.0453115143 0.065057151
v 0.00461892132 -0.0450810976 0.065057151
vn 0.0586379953 -0.994308174 0.088954106
f 7519//2507 7520//2507 7521//2507
v 0.0045866007 -0.0447656475 0.0686044842
v 0.00461892132 -0.0450810976 0.065057151
v 0.0084321592 -0.0442029275 0.0686044842
vn 0.144213945 -0.985540211 0.0889541134
f 7522//2508 7523//2508 7524//2508
v 0.0084321592 -0.0442029275 0.0686044842
v 0.00461892132 -0.0450810976 0.065057151
v 0.00849157851 -0.0445144139 0.065057151
vn 0.144213542 -0.985540211 0.0889545605
f 7525//2509 7526//2509 7527//2509
v 0.0084321592 -0.0442029275 0.0686044842
v 0.00849157851 -0.0445144139 0.065057151
v 0.00905314181 -0.0440564193 0.0686044842
vn 0.228715092 -0.969420671 0.0889545679
f 7528//2510 7529//2510 7530//2510
v 0.00905314181 -0.0440564193 0.0686044842
v 0.00849157851 -0.0445144139 0.065057151
v 0.0123008946 -0.0436156839 0.065057151
vn 0.228714943 -0.969420731 0.0889545903
f 7531//2511 7532//2511 7533//2511
v 0.00905314181 -0.0440564193 0.0686044842
v 0.0123008946 -0.0436156839 0.065057151
v 0.0122148208 -0.0433104858 0.0686044842
vn 0.228714988 -0.969420731 0.0889546424
f 7534//2512 7535//2512 7536//2512
v 0.0122148208 -0.0433104858 0.0686044842
v 0.0123008946 -0.0436156839 0.065057151
v 0.0159063675 -0.0420949832 0.0686044842
vn 0.311509192 -0.946070373 0.0889546201
f 7537//2513 7538//2513 7539//2513
v 0.0159063675 -0.0420949832 0.0686044842
v 0.0123008946 -0.0436156839 0.065057151
v 0.0160184558 -0.0423916131 0.065057151
vn 0.311509758 -0.946070194 0.0889539793
f 7540//2514 7541//2514 7542//2514
v 0.0159063675 -0.0420949832 0.0686044842
v 0.0160184558 -0.0423916131 0.065057151
v 0.0177295003 -0.0413145274 0.0686044842
vn 0.391981363 -0.915662467 0.0889540091
f 7543//2515 7544//2515 7545//2515
v 0.0177295003 -0.0413145274 0.0686044842
v 0.0160184558 -0.0423916131 0.065057151
v 0.0196165312 -0.040851336 0.065057151
vn 0.39198029 -0.915662885 0.088954635
f 7546//2516 7547//2516 7548//2516
v 0.0177295003 -0.0413145274 0.0686044842
v 0.0196165312 -0.040851336 0.065057151
v 0.0194792654 -0.0405654795 0.0686044842
vn 0.391981184 -0.915662467 0.088955164
f 7549//2517 7550//2517 7551//2517
v 0.0194792654 -0.0405654795 0.0686044842
v 0.0196165312 -0.040851336 0.065057151
v 0.0229068622 -0.038733393 0.0686044842
vn 0.469527543 -0.878425241 0.0889551491
f 7552//2518 7553//2518 7554//2518
v 0.0229068622 -0.038733393 0.0686044842
v 0.0196165312 -0.040851336 0.065057151
v 0.0230682809 -0.0390063338 0.065057151
vn 0.469528705 -0.878424764 0.0889537781
f 7555//2519 7556//2519 7557//2519
v 0.0229068622 -0.038733393 0.0686044842
v 0.0230682809 -0.0390063338 0.065057151
v 0.0256957952 -0.036917042 0.0686044842
vn 0.54357338 -0.834634781 0.0889538154
f 7558//2520 7559//2520 7560//2520
v 0.0256957952 -0.036917042 0.0686044842
v 0.0230682809 -0.0390063338 0.065057151
v 0.0263479613 -0.036870379 0.065057151
vn 0.543572307 -0.834635377 0.0889549479
f 7561//2521 7562//2521 7563//2521
v 0.0256957952 -0.036917042 0.0686044842
v 0.0263479613 -0.036870379 0.065057151
v 0.0261635929 -0.0366123803 0.0686044842
vn 0.543571591 -0.834635854 0.0889548138
f 7564//2522 7565//2522 7566//2522
v 0.0261635929 -0.0366123803 0.0686044842
v 0.0263479613 -0.036870379 0.065057151
v 0.0292251613 -0.0342182666 0.0686044842
vn 0.613563538 -0.784618855 0.0889548138
f 7567//2523 7568//2523 7569//2523
v 0.0292251613 -0.0342182666 0.0686044842
v 0.0263479613 -0.036870379 0.065057151
v 0.0294311028 -0.0344593972 0.065057151
vn 0.61356324 -0.784619093 0.0889552161
f 7570//2524 7571//2524 7572//2524
v 0.0292251613 -0.0342182666 0.0686044842
v 0.0294311028 -0.0344593972 0.065057151
v 0.0320687331 -0.0315689147 0.0686044842
vn 0.678976595 -0.728750825 0.0889551565
f 7573//2525 7574//2525 7575//2525
v 0.0320687331 -0.0315689147 0.0686044842
v 0.0294311028 -0.0344593972 0.065057151
v 0.032294713 -0.0317913704 0.065057151
vn 0.67897737 -0.728750229 0.088954106
f 7576//2526 7577//2526 7578//2526
v 0.0320687331 -0.0315689147 0.0686044842
v 0.032294713 -0.0317913704 0.065057151
v 0.03259556 -0.0309853517 0.0686044842
vn 0.73932606 -0.667446017 0.0889541358
f 7579//2527 7580//2527 7581//2527
v 0.03259556 -0.0309853517 0.0686044842
v 0.032294713 -0.0317913704 0.065057151
v 0.0349174291 -0.0288862083 0.065057151
vn 0.739325404 -0.667446673 0.0889543369
f 7582//2528 7583//2528 7584//2528
v 0.03259556 -0.0309853517 0.0686044842
v 0.0349174291 -0.0288862083 0.065057151
v 0.0346730985 -0.0286840796 0.0686044842
vn 0.739325285 -0.667446852 0.0889541283
f 7585//2529 7586//2529 7587//2529
v 0.0346730985 -0.0286840796 0.0686044842
v 0.0349174291 -0.0288862083 0.065057151
v 0.0370188244 -0.0255852826 0.0686044842
vn 0.794160128 -0.60116291 0.0889541134
f 7588//2530 7589//2530 7590//2530
v 0.0370188244 -0.0255852826 0.0686044842
v 0.0349174291 -0.0288862083 0.065057151
v 0.0372796878 -0.0257655755 0.065057151
vn 0.794159591 -0.601163507 0.0889549106
f 7591//2531 7592//2531 7593//2531
v 0.0370188244 -0.0255852826 0.0686044842
v 0.0372796878 -0.0257655755 0.065057151
v 0.0381537937 -0.0237812363 0.0686044842
vn 0.843070149 -0.530395865 0.088954933
f 7594//2532 7595//2532 7596//2532
v 0.0381537937 -0.0237812363 0.0686044842
v 0.0372796878 -0.0257655755 0.065057151
v 0.0393638648 -0.0224527512 0.065057151
vn 0.843070269 -0.530395687 0.0889547914
f 7597//2533 7598//2533 7599//2533
v 0.0381537937 -0.0237812363 0.0686044842
v 0.0393638648 -0.0224527512 0.065057151
v 0.0390884206 -0.0222956408 0.0686044842
vn 0.843069494 -0.530397058 0.0889540166
f 7600//2534 7601//2534 7602//2534
v 0.0390884206 -0.0222956408 0.0686044842
v 0.0393638648 -0.0224527512 0.065057151
v 0.0408664457 -0.018839689 0.0686044842
vn 0.885691702 -0.455672473 0.088954024
f 7603//2535 7604//2535 7605//2535
v 0.0408664457 -0.018839689 0.0686044842
v 0.0393638648 -0.0224527512 0.065057151
v 0.0411544181 -0.0189724471 0.065057151
vn 0.885691762 -0.455672354 0.0889538676
f 7606//2536 7607//2536 7608//2536
v 0.0408664457 -0.018839689 0.0686044842
v 0.0411544181 -0.0189724471 0.065057151
v 0.0421841778 -0.0156227266 0.0686044842
vn 0.921706855 -0.377549559 0.0889538452
f 7609//2537 7610//2537 7611//2537
v 0.0421841778 -0.0156227266 0.0686044842
v 0.0411544181 -0.0189724471 0.065057151
v 0.0426379927 -0.0153506212 0.065057151
vn 0.921706617 -0.377550006 0.0889543593
f 7612//2538 7613//2538 7614//2538
v 0.0421841778 -0.0156227266 0.0686044842
v 0.0426379927 -0.0153506212 0.065057151
v 0.0423396342 -0.0152432062 0.0686044842
vn 0.92170912 -0.377543688 0.0889551714
f 7615//2539 7616//2539 7617//2539
v 0.0423396342 -0.0152432062 0.0686044842
v 0.0426379927 -0.0153506212 0.065057151
v 0.0434970073 -0.0115330219 0.0686044842
vn 0.950846195 -0.296611667 0.088955164
f 7618//2540 7619//2540 7620//2540
v 0.0434970073 -0.0115330219 0.0686044842
v 0.0426379927 -0.0153506212 0.065057151
v 0.0438035168 -0.0116142919 0.065057151
vn 0.950846672 -0.296610564 0.0889538676
f 7621//2541 7622//2541 7623//2541
v 0.0434970073 -0.0115330219 0.0686044842
v 0.0438035168 -0.0116142919 0.065057151
v 0.0443299189 -0.00773680955 0.0686044842
vn 0.972893953 -0.213458717 0.0889538527
f 7624//2542 7625//2542 7626//2542
v 0.0443299189 -0.00773680955 0.0686044842
v 0.0438035168 -0.0116142919 0.065057151
v 0.0446423031 -0.00779132871 0.065057151
vn 0.972893476 -0.213460013 0.0889553428
f 7627//2543 7628//2543 7629//2543
v 0.0443299189 -0.00773680955 0.0686044842
v 0.0446423031 -0.00779132871 0.065057151
v 0.0444506668 -0.00681028701 0.0686044842
vn 0.987683415 -0.12871854 0.0889553651
f 7630//2544 7631//2544 7632//2544
v 0.0444506668 -0.00681028701 0.0686044842
v 0.0446423031 -0.00779132871 0.065057151
v 0.0451480895 -0.00391024817 0.065057151
vn 0.987683773 -0.128715962 0.0889546797
f 7633//2545 7634//2545 7635//2545
v 0.0444506668 -0.00681028701 0.0686044842
v 0.0451480895 -0.00391024817 0.065057151
v 0.0448321663 -0.00388288638 0.0686044842
vn 0.987683833 -0.128715187 0.0889553204
f 7636//2546 7637//2546 7638//2546
v 0.0448321663 -0.00388288638 0.0686044842
v 0.0451480895 -0.00391024817 0.065057151
v 0.0450000018 2.18777586e-16 0.0686044842
vn 0.995106459 -0.0430128984 0.0889553204
f 7639//2547 7640//2547 7641//2547
v 0.0450000018 2.18777586e-16 0.0686044842
v 0.0451480895 -0.00391024817 0.065057151
v 0.0453171059 2.21069207e-16 0.065057151
vn 0.995106518 -0.0430124477 0.0889548287
f 7642//2548 7643//2548 7644//2548
v 0.0450000018 2.18777586e-16 0.0686044842
v 0.0453171059 2.21069207e-16 0.065057151
v 0.044901561 0.00227745413 0.0686044842
vn 0.995106518 0.0430125371 0.0889548287
f 7645//2549 7646//2549 7647//2549
v 0.044901561 0.00227745413 0.0686044842
v 0.0453171059 2.21069207e-16 0.065057151
v 0.0451480895 0.00391024817 0.065057151
vn 0.995106518 0.0430124477 0.0889548883
f 7648//2550 7649//2550 7650//2550
v 0.044901561 0.00227745413 0.0686044842
v 0.0451480895 0.00391024817 0.065057151
v 0.0448321663 0.00388288638 0.0686044842
vn 0.995106399 0.0430134125 0.0889553279
f 7651//2551 7652//2551 7653//2551
v 0.0448321663 0.00388288638 0.0686044842
v 0.0451480895 0.00391024817 0.065057151
v 0.0443299189 0.00773680955 0.0686044842
vn 0.987683713 0.128715992 0.0889553204
f 7654//2552 7655//2552 7656//2552
v 0.0443299189 0.00773680955 0.0686044842
v 0.0451480895 0.00391024817 0.065057151
v 0.0446423031 0.00779132871 0.065057151
vn 0.987683713 0.128715947 0.0889553577
f 7657//2553 7658//2553 7659//2553
v 0.0443299189 0.00773680955 0.0686044842
v 0.0446423031 0.00779132871 0.065057151
v 0.0435531549 0.011277101 0.0686044842
vn 0.972893596 0.213459477 0.0889553428
f 7660//2554 7661//2554 7662//2554
v 0.0435531549 0.011277101 0.0686044842
v 0.0446423031 0.00779132871 0.065057151
v 0.0438035168 0.0116142919 0.065057151
vn 0.972893536 0.213460028 0.0889547765
f 7663//2555 7664//2555 7665//2555
v 0.0435531549 0.011277101 0.0686044842
v 0.0438035168 0.0116142919 0.065057151
v 0.0434970073 0.0115330219 0.0686044842
vn 0.972896338 0.213447839 0.088953808
f 7666//2556 7667//2556 7668//2556
v 0.0434970073 0.0115330219 0.0686044842
v 0.0438035168 0.0116142919 0.065057151
v 0.0423396342 0.0152432062 0.0686044842
vn 0.950846314 0.296611696 0.0889538676
f 7669//2557 7670//2557 7671//2557
v 0.0423396342 0.0152432062 0.0686044842
v 0.0438035168 0.0116142919 0.065057151
v 0.0426379927 0.0153506212 0.065057151
vn 0.950846553 0.296610534 0.0889551565
f 7672//2558 7673//2558 7674//2558
v 0.0423396342 0.0152432062 0.0686044842
v 0.0426379927 0.0153506212 0.065057151
v 0.0408664457 0.018839689 0.0686044842
vn 0.921707034 0.377548873 0.0889551491
f 7675//2559 7676//2559 7677//2559
v 0.0408664457 0.018839689 0.0686044842
v 0.0426379927 0.0153506212 0.065057151
v 0.0411544181 0.0189724471 0.065057151
vn 0.921706676 0.377550036 0.0889538452
f 7678//2560 7679//2560 7680//2560
v 0.0408664457 0.018839689 0.0686044842
v 0.0411544181 0.0189724471 0.065057151
v 0.0403711982 0.0198022984 0.0686044842
vn 0.885690868 0.455674142 0.0889538601
f 7681//2561 7682//2561 7683//2561
v 0.0403711982 0.0198022984 0.0686044842
v 0.0411544181 0.0189724471 0.065057151
v 0.0393638648 0.0224527512 0.065057151
vn 0.885691702 0.455672324 0.0889544711
f 7684//2562 7685//2562 7686//2562
v 0.0403711982 0.0198022984 0.0686044842
v 0.0393638648 0.0224527512 0.065057151
v 0.0390884206 0.0222956408 0.0686044842
vn 0.885692 0.455671847 0.0889540166
f 7687//2563 7688//2563 7689//2563
v 0.0390884206 0.0222956408 0.0686044842
v 0.0393638648 0.0224527512 0.065057151
v 0.0370188244 0.0255852826 0.0686044842
vn 0.843069911 0.530396402 0.0889540166
f 7690//2564 7691//2564 7692//2564
v 0.0370188244 0.0255852826 0.0686044842
v 0.0393638648 0.0224527512 0.065057151
v 0.0372796878 0.0257655755 0.065057151
vn 0.843070269 0.530395687 0.088954933
f 7693//2565 7694//2565 7695//2565
v 0.0370188244 0.0255852826 0.0686044842
v 0.0372796878 0.0257655755 0.065057151
v 0.0355535187 0.0275210068 0.0686044842
vn 0.794159651 0.601163447 0.0889549106
f 7696//2566 7697//2566 7698//2566
v 0.0355535187 0.0275210068 0.0686044842
v 0.0372796878 0.0257655755 0.065057151
v 0.0349174291 0.0288862083 0.065057151
vn 0.794159591 0.601163507 0.0889548957
f 7699//2567 7700//2567 7701//2567
v 0.0355535187 0.0275210068 0.0686044842
v 0.0349174291 0.0288862083 0.065057151
v 0.0346730985 0.0286840796 0.0686044842
vn 0.794160843 0.601162016 0.0889541134
f 7702//2568 7703//2568 7704//2568
v 0.0346730985 0.0286840796 0.0686044842
v 0.0349174291 0.0288862083 0.065057151
v 0.0320687331 0.0315689147 0.0686044842
vn 0.739325404 0.667446673 0.0889541283
f 7705//2569 7706//2569 7707//2569
v 0.0320687331 0.0315689147 0.0686044842
v 0.0349174291 0.0288862083 0.065057151
v 0.032294713 0.0317913704 0.065057151
vn 0.739325464 0.667446673 0.0889541358
f 7708//2570 7709//2570 7710//2570
v 0.0320687331 0.0315689147 0.0686044842
v 0.032294713 0.0317913704 0.065057151
v 0.0293085035 0.0341406204 0.0686044842
vn 0.678977191 0.728750408 0.088954106
f 7711//2571 7712//2571 7713//2571
v 0.0293085035 0.0341406204 0.0686044842
v 0.032294713 0.0317913704 0.065057151
v 0.0294311028 0.0344593972 0.065057151
vn 0.67897737 0.728750229 0.0889543816
f 7714//2572 7715//2572 7716//2572
v 0.0293085035 0.0341406204 0.0686044842
v 0.0294311028 0.0344593972 0.065057151
v 0.0292251613 0.0342182666 0.0686044842
vn 0.678959548 0.72876668 0.0889552459
f 7717//2573 7718//2573 7719//2573
v 0.0292251613 0.0342182666 0.0686044842
v 0.0294311028 0.0344593972 0.065057151
v 0.0261635929 0.0366123803 0.0686044842
vn 0.613563538 0.784618855 0.0889552236
f 7720//2574 7721//2574 7722//2574
v 0.0261635929 0.0366123803 0.0686044842
v 0.0294311028 0.0344593972 0.065057151
v 0.0263479613 0.036870379 0.065057151
vn 0.613563299 0.784619093 0.0889548138
f 7723//2575 7724//2575 7725//2575
v 0.0261635929 0.0366123803 0.0686044842
v 0.0263479613 0.036870379 0.065057151
v 0.0229068622 0.038733393 0.0686044842
vn 0.543573081 0.83463484 0.0889548212
f 7726//2576 7727//2576 7728//2576
v 0.0229068622 0.038733393 0.0686044842
v 0.0263479613 0.036870379 0.065057151
v 0.0230682809 0.0390063338 0.065057151
vn 0.543572366 0.834635437 0.0889538229
f 7729//2577 7730//2577 7731//2577
v 0.0229068622 0.038733393 0.0686044842
v 0.0230682809 0.0390063338 0.065057151
v 0.0218214579 0.039313551 0.0686044842
vn 0.46952638 0.878426015 0.0889537707
f 7732//2578 7733//2578 7734//2578
v 0.0218214579 0.039313551 0.0686044842
v 0.0230682809 0.0390063338 0.065057151
v 0.0196165312 0.040851336 0.065057151
vn 0.469528675 0.878424644 0.0889546946
f 7735//2579 7736//2579 7737//2579
v 0.0218214579 0.039313551 0.0686044842
v 0.0196165312 0.040851336 0.065057151
v 0.0194792654 0.0405654795 0.0686044842
vn 0.469528109 0.878424942 0.0889551491
f 7738//2580 7739//2580 7740//2580
v 0.0194792654 0.0405654795 0.0686044842
v 0.0196165312 0.040851336 0.065057151
v 0.0159063675 0.0420949832 0.0686044842
vn 0.391981244 0.915662408 0.088955164
f 7741//2581 7742//2581 7743//2581
v 0.0159063675 0.0420949832 0.0686044842
v 0.0196165312 0.040851336 0.065057151
v 0.0160184558 0.0423916131 0.065057151
vn 0.39198032 0.915662944 0.0889540091
f 7744//2582 7745//2582 7746//2582
v 0.0159063675 0.0420949832 0.0686044842
v 0.0160184558 0.0423916131 0.065057151
v 0.0134596033 0.0429006182 0.0686044842
vn 0.311508328 0.946070671 0.0889539719
f 7747//2583 7748//2583 7749//2583
v 0.0134596033 0.0429006182 0.0686044842
v 0.0160184558 0.0423916131 0.065057151
v 0.0123008946 0.0436156839 0.065057151
vn 0.311509728 0.946070135 0.088955082
f 7750//2584 7751//2584 7752//2584
v 0.0134596033 0.0429006182 0.0686044842
v 0.0123008946 0.0436156839 0.065057151
v 0.0122148208 0.0433104858 0.0686044842
vn 0.31151095 0.946069777 0.0889546126
f 7753//2585 7754//2585 7755//2585
v -3.19972175e-16 -0.0453171022 0.065057151
v -3.18465409e-16 -0.0462583564 0.061622303
v 0.000711810077 -0.0453115143 0.065057151
vn 0.00757097453 -0.964416325 0.264279783
f 7756//2586 7757//2586 7758//2586
v 0.000711810077 -0.0453115143 0.065057151
v -3.18465409e-16 -0.0462583564 0.061622303
v 0.000726594648 -0.0462526493 0.061622303
vn 0.00757515151 -0.964416504 0.264278978
f 7759//2587 7760//2587 7761//2587
v 0.000711810077 -0.0453115143 0.065057151
v 0.000726594648 -0.0462526493 0.061622303
v 0.00461892132 -0.0450810976 0.065057151
vn 0.0567818582 -0.962834179 0.264057219
f 7762//2588 7763//2588 7764//2588
v 0.00461892132 -0.0450810976 0.065057151
v 0.000726594648 -0.0462526493 0.061622303
v 0.00471485825 -0.0460174493 0.061622303
vn 0.0567812249 -0.962834001 0.264057875
f 7765//2589 7766//2589 7767//2589
v 0.00461892132 -0.0450810976 0.065057151
v 0.00471485825 -0.0460174493 0.061622303
v 0.00849157851 -0.0445144139 0.065057151
vn 0.139648557 -0.954343617 0.264057904
f 7768//2590 7769//2590 7770//2590
v 0.00849157851 -0.0445144139 0.065057151
v 0.00471485825 -0.0460174493 0.061622303
v 0.00866795238 -0.0454389937 0.061622303
vn 0.139648959 -0.954343677 0.264057487
f 7771//2591 7772//2591 7773//2591
v 0.00849157851 -0.0445144139 0.065057151
v 0.00866795238 -0.0454389937 0.061622303
v 0.0123008946 -0.0436156839 0.065057151
vn 0.221475139 -0.938734472 0.264057487
f 7774//2592 7775//2592 7776//2592
v 0.0123008946 -0.0436156839 0.065057151
v 0.00866795238 -0.0454389937 0.061622303
v 0.0125563899 -0.0445216 0.061622303
vn 0.22147432 -0.938734412 0.264058352
f 7777//2593 7778//2593 7779//2593
v 0.0123008946 -0.0436156839 0.065057151
v 0.0125563899 -0.0445216 0.061622303
v 0.0160184558 -0.0423916131 0.065057151
vn 0.301649064 -0.916122794 0.264058352
f 7780//2594 7781//2594 7782//2594
v 0.0160184558 -0.0423916131 0.065057151
v 0.0125563899 -0.0445216 0.061622303
v 0.0163511652 -0.0432721041 0.061622303
vn 0.301649332 -0.916122794 0.264058113
f 7783//2595 7784//2595 7785//2595
v 0.0160184558 -0.0423916131 0.065057151
v 0.0163511652 -0.0432721041 0.061622303
v 0.0196165312 -0.040851336 0.065057151
vn 0.379572392 -0.886678159 0.264058083
f 7786//2596 7787//2596 7788//2596
v 0.0196165312 -0.040851336 0.065057151
v 0.0163511652 -0.0432721041 0.061622303
v 0.0200239737 -0.0416998342 0.061622303
vn 0.37957257 -0.8866781 0.264057904
f 7789//2597 7790//2597 7791//2597
v 0.0196165312 -0.040851336 0.065057151
v 0.0200239737 -0.0416998342 0.061622303
v 0.0230682809 -0.0390063338 0.065057151
vn 0.454666048 -0.85061872 0.264057875
f 7792//2598 7793//2598 7794//2598
v 0.0230682809 -0.0390063338 0.065057151
v 0.0200239737 -0.0416998342 0.061622303
v 0.0235474184 -0.0398165137 0.061622303
vn 0.454665273 -0.850618899 0.264058679
f 7795//2599 7796//2599 7797//2599
v 0.0230682809 -0.0390063338 0.065057151
v 0.0235474184 -0.0398165137 0.061622303
v 0.0263479613 -0.036870379 0.065057151
vn 0.526365757 -0.80821538 0.264058679
f 7798//2600 7799//2600 7800//2600
v 0.0263479613 -0.036870379 0.065057151
v 0.0235474184 -0.0398165137 0.061622303
v 0.0268952176 -0.0376361907 0.061622303
vn 0.526366711 -0.808215082 0.264057696
f 7801//2601 7802//2601 7803//2601
v 0.0263479613 -0.036870379 0.065057151
v 0.0268952176 -0.0376361907 0.061622303
v 0.0294311028 -0.0344593972 0.065057151
vn 0.594141364 -0.759782553 0.264057666
f 7804//2602 7805//2602 7806//2602
v 0.0294311028 -0.0344593972 0.065057151
v 0.0268952176 -0.0376361907 0.061622303
v 0.0300423987 -0.0351751298 0.061622303
vn 0.594141543 -0.759782493 0.264057517
f 7807//2603 7808//2603 7809//2603
v 0.0294311028 -0.0344593972 0.065057151
v 0.0300423987 -0.0351751298 0.061622303
v 0.032294713 -0.0317913704 0.065057151
vn 0.657484829 -0.705682158 0.264057547
f 7810//2604 7811//2604 7812//2604
v 0.032294713 -0.0317913704 0.065057151
v 0.0300423987 -0.0351751298 0.061622303
v 0.0329654887 -0.032451693 0.061622303
vn 0.657483578 -0.705682814 0.264058948
f 7813//2605 7814//2605 7815//2605
v 0.032294713 -0.0317913704 0.065057151
v 0.0329654887 -0.032451693 0.061622303
v 0.0349174291 -0.0288862083 0.065057151
vn 0.715922356 -0.646318853 0.264058948
f 7816//2606 7817//2606 7818//2606
v 0.0349174291 -0.0288862083 0.065057151
v 0.0329654887 -0.032451693 0.061622303
v 0.0356426798 -0.0294861868 0.061622303
vn 0.715922713 -0.646318614 0.264058471
f 7819//2607 7820//2607 7821//2607
v 0.0349174291 -0.0288862083 0.065057151
v 0.0356426798 -0.0294861868 0.061622303
v 0.0372796878 -0.0257655755 0.065057151
vn 0.769020915 -0.582133949 0.264058501
f 7822//2608 7823//2608 7824//2608
v 0.0372796878 -0.0257655755 0.065057151
v 0.0356426798 -0.0294861868 0.061622303
v 0.0380540006 -0.0263007376 0.061622303
vn 0.769021332 -0.582133651 0.264057964
f 7825//2609 7826//2609 7827//2609
v 0.0372796878 -0.0257655755 0.065057151
v 0.0380540006 -0.0263007376 0.061622303
v 0.0393638648 -0.0224527512 0.065057151
vn 0.816383421 -0.513606369 0.264057904
f 7828//2610 7829//2610 7830//2610
v 0.0393638648 -0.0224527512 0.065057151
v 0.0380540006 -0.0263007376 0.061622303
v 0.0401814692 -0.0229191035 0.061622303
vn 0.816383183 -0.513606608 0.264058292
f 7831//2611 7832//2611 7833//2611
v 0.0393638648 -0.0224527512 0.065057151
v 0.0401814692 -0.0229191035 0.061622303
v 0.0411544181 -0.0189724471 0.065057151
vn 0.857655644 -0.441248268 0.264058292
f 7834//2612 7835//2612 7836//2612
v 0.0411544181 -0.0189724471 0.065057151
v 0.0401814692 -0.0229191035 0.061622303
v 0.0420092121 -0.0193665121 0.061622303
vn 0.857655764 -0.441248119 0.264058083
f 7837//2613 7838//2613 7839//2613
v 0.0411544181 -0.0189724471 0.065057151
v 0.0420092121 -0.0193665121 0.061622303
v 0.0426379927 -0.0153506212 0.065057151
vn 0.89253056 -0.365598887 0.264058083
f 7840//2614 7841//2614 7842//2614
v 0.0426379927 -0.0153506212 0.065057151
v 0.0420092121 -0.0193665121 0.061622303
v 0.0435235985 -0.0156694595 0.061622303
vn 0.892530918 -0.36559844 0.264057487
f 7843//2615 7844//2615 7845//2615
v 0.0426379927 -0.0153506212 0.065057151
v 0.0435235985 -0.0156694595 0.061622303
v 0.0438035168 -0.0116142919 0.065057151
vn 0.920748293 -0.287221581 0.264057457
f 7846//2616 7847//2616 7848//2616
v 0.0438035168 -0.0116142919 0.065057151
v 0.0435235985 -0.0156694595 0.061622303
v 0.0447133332 -0.0118555259 0.061622303
vn 0.920747936 -0.287222058 0.264058083
f 7849//2617 7850//2617 7851//2617
v 0.0438035168 -0.0116142919 0.065057151
v 0.0447133332 -0.0118555259 0.061622303
v 0.0446423031 -0.00779132871 0.065057151
vn 0.942097187 -0.206703082 0.264058083
f 7852//2618 7853//2618 7854//2618
v 0.0446423031 -0.00779132871 0.065057151
v 0.0447133332 -0.0118555259 0.061622303
v 0.0455695391 -0.00795315765 0.061622303
vn 0.942097545 -0.20670253 0.264057428
f 7855//2619 7856//2619 7857//2619
v 0.0446423031 -0.00779132871 0.065057151
v 0.0455695391 -0.00795315765 0.061622303
v 0.0451480895 -0.00391024817 0.065057151
vn 0.956419468 -0.12464156 0.264057428
f 7858//2620 7859//2620 7860//2620
v 0.0451480895 -0.00391024817 0.065057151
v 0.0455695391 -0.00795315765 0.061622303
v 0.0460858308 -0.00399146555 0.061622303
vn 0.956419468 -0.124641545 0.264057398
f 7861//2621 7862//2621 7863//2621
v 0.0451480895 -0.00391024817 0.065057151
v 0.0460858308 -0.00399146555 0.061622303
v 0.0453171059 2.21069207e-16 0.065057151
vn 0.963607252 -0.0416509211 0.264057398
f 7864//2622 7865//2622 7866//2622
v 0.0453171059 2.21069207e-16 0.065057151
v 0.0460858308 -0.00399146555 0.061622303
v 0.0462583601 2.26551376e-16 0.061622303
vn 0.963607013 -0.0416514985 0.264058024
f 7867//2623 7868//2623 7869//2623
v 0.0453171059 2.21069207e-16 0.065057151
v 0.0462583601 2.26551376e-16 0.061622303
v 0.0451480895 0.00391024817 0.065057151
vn 0.963607073 0.0416509137 0.264058024
f 7870//2624 7871//2624 7872//2624
v 0.0451480895 0.00391024817 0.065057151
v 0.0462583601 2.26551376e-16 0.061622303
v 0.0460858308 0.00399146555 0.061622303
vn 0.963607192 0.0416515023 0.264057398
f 7873//2625 7874//2625 7875//2625
v 0.0451480895 0.00391024817 0.065057151
v 0.0460858308 0.00399146555 0.061622303
v 0.0446423031 0.00779132871 0.065057151
vn 0.956419468 0.12464156 0.264057398
f 7876//2626 7877//2626 7878//2626
v 0.0446423031 0.00779132871 0.065057151
v 0.0460858308 0.00399146555 0.061622303
v 0.0455695391 0.00795315765 0.061622303
vn 0.956419468 0.124641545 0.264057428
f 7879//2627 7880//2627 7881//2627
v 0.0446423031 0.00779132871 0.065057151
v 0.0455695391 0.00795315765 0.061622303
v 0.0438035168 0.0116142919 0.065057151
vn 0.942097366 0.206703126 0.264057428
f 7882//2628 7883//2628 7884//2628
v 0.0438035168 0.0116142919 0.065057151
v 0.0455695391 0.00795315765 0.061622303
v 0.0447133332 0.0118555259 0.061622303
vn 0.942097366 0.206702486 0.264058083
f 7885//2629 7886//2629 7887//2629
v 0.0438035168 0.0116142919 0.065057151
v 0.0447133332 0.0118555259 0.061622303
v 0.0426379927 0.0153506212 0.065057151
vn 0.920748115 0.287221521 0.264058083
f 7888//2630 7889//2630 7890//2630
v 0.0426379927 0.0153506212 0.065057151
v 0.0447133332 0.0118555259 0.061622303
v 0.0435235985 0.0156694595 0.061622303
vn 0.920748115 0.287222117 0.264057487
f 7891//2631 7892//2631 7893//2631
v 0.0426379927 0.0153506212 0.065057151
v 0.0435235985 0.0156694595 0.061622303
v 0.0411544181 0.0189724471 0.065057151
vn 0.89253068 0.365598947 0.264057487
f 7894//2632 7895//2632 7896//2632
v 0.0411544181 0.0189724471 0.065057151
v 0.0435235985 0.0156694595 0.061622303
v 0.0420092121 0.0193665121 0.061622303
vn 0.892530739 0.365598381 0.264058083
f 7897//2633 7898//2633 7899//2633
v 0.0411544181 0.0189724471 0.065057151
v 0.0420092121 0.0193665121 0.061622303
v 0.0393638648 0.0224527512 0.065057151
vn 0.857655704 0.441248298 0.264058083
f 7900//2634 7901//2634 7902//2634
v 0.0393638648 0.0224527512 0.065057151
v 0.0420092121 0.0193665121 0.061622303
v 0.0401814692 0.0229191035 0.061622303
vn 0.857655704 0.441248089 0.264058292
f 7903//2635 7904//2635 7905//2635
v 0.0393638648 0.0224527512 0.065057151
v 0.0401814692 0.0229191035 0.061622303
v 0.0372796878 0.0257655755 0.065057151
vn 0.816383362 0.51360631 0.264058292
f 7906//2636 7907//2636 7908//2636
v 0.0372796878 0.0257655755 0.065057151
v 0.0401814692 0.0229191035 0.061622303
v 0.0380540006 0.0263007376 0.061622303
vn 0.816383243 0.513606668 0.264057904
f 7909//2637 7910//2637 7911//2637
v 0.0372796878 0.0257655755 0.065057151
v 0.0380540006 0.0263007376 0.061622303
v 0.0349174291 0.0288862083 0.065057151
vn 0.769021034 0.582134068 0.264057934
f 7912//2638 7913//2638 7914//2638
v 0.0349174291 0.0288862083 0.065057151
v 0.0380540006 0.0263007376 0.061622303
v 0.0356426798 0.0294861868 0.061622303
vn 0.769021213 0.582133532 0.264058501
f 7915//2639 7916//2639 7917//2639
v 0.0349174291 0.0288862083 0.065057151
v 0.0356426798 0.0294861868 0.061622303
v 0.032294713 0.0317913704 0.065057151
vn 0.715922415 0.646318972 0.264058471
f 7918//2640 7919//2640 7920//2640
v 0.032294713 0.0317913704 0.065057151
v 0.0356426798 0.0294861868 0.061622303
v 0.0329654887 0.032451693 0.061622303
vn 0.715922654 0.646318555 0.264058918
f 7921//2641 7922//2641 7923//2641
v 0.032294713 0.0317913704 0.065057151
v 0.0329654887 0.032451693 0.061622303
v 0.0294311028 0.0344593972 0.065057151
vn 0.657484531 0.70568186 0.264058977
f 7924//2642 7925//2642 7926//2642
v 0.0294311028 0.0344593972 0.065057151
v 0.0329654887 0.032451693 0.061622303
v 0.0300423987 0.0351751298 0.061622303
vn 0.657483876 0.705683053 0.264057547
f 7927//2643 7928//2643 7929//2643
v 0.0294311028 0.0344593972 0.065057151
v 0.0300423987 0.0351751298 0.061622303
v 0.0263479613 0.036870379 0.065057151
vn 0.594141424 0.759782612 0.264057487
f 7930//2644 7931//2644 7932//2644
v 0.0263479613 0.036870379 0.065057151
v 0.0300423987 0.0351751298 0.061622303
v 0.0268952176 0.0376361907 0.061622303
vn 0.594141483 0.759782493 0.264057666
f 7933//2645 7934//2645 7935//2645
v 0.0263479613 0.036870379 0.065057151
v 0.0268952176 0.0376361907 0.061622303
v 0.0230682809 0.0390063338 0.065057151
vn 0.526365936 0.808215618 0.264057666
f 7936//2646 7937//2646 7938//2646
v 0.0230682809 0.0390063338 0.065057151
v 0.0268952176 0.0376361907 0.061622303
v 0.0235474184 0.0398165137 0.061622303
vn 0.526366532 0.808214903 0.26405865
f 7939//2647 7940//2647 7941//2647
v 0.0230682809 0.0390063338 0.065057151
v 0.0235474184 0.0398165137 0.061622303
v 0.0196165312 0.040851336 0.065057151
vn 0.454665959 0.850618541 0.264058709
f 7942//2648 7943//2648 7944//2648
v 0.0196165312 0.040851336 0.065057151
v 0.0235474184 0.0398165137 0.061622303
v 0.0200239737 0.0416998342 0.061622303
vn 0.454665393 0.850619078 0.264057904
f 7945//2649 7946//2649 7947//2649
v 0.0196165312 0.040851336 0.065057151
v 0.0200239737 0.0416998342 0.061622303
v 0.0160184558 0.0423916131 0.065057151
vn 0.379572421 0.886678159 0.264057904
f 7948//2650 7949//2650 7950//2650
v 0.0160184558 0.0423916131 0.065057151
v 0.0200239737 0.0416998342 0.061622303
v 0.0163511652 0.0432721041 0.061622303
vn 0.37957257 0.88667804 0.264058083
f 7951//2651 7952//2651 7953//2651
v 0.0160184558 0.0423916131 0.065057151
v 0.0163511652 0.0432721041 0.061622303
v 0.0123008946 0.0436156839 0.065057151
vn 0.301649094 0.916122913 0.264058083
f 7954//2652 7955//2652 7956//2652
v 0.0123008946 0.0436156839 0.065057151
v 0.0163511652 0.0432721041 0.061622303
v 0.0125563899 0.0445216 0.061622303
vn 0.301649302 0.916122735 0.264058352
f 7957//2653 7958//2653 7959//2653
v 0.0123008946 0.0436156839 0.065057151
v 0.0125563899 0.0445216 0.061622303
v 0.00849157851 0.0445144139 0.065057151
vn 0.221475095 0.938734233 0.264058352
f 7960//2654 7961//2654 7962//2654
v 0.00849157851 0.0445144139 0.065057151
v 0.0125563899 0.0445216 0.061622303
v 0.00866795238 0.0454389937 0.061622303
vn 0.221474379 0.938734651 0.264057487
f 7963//2655 7964//2655 7965//2655
v 0.00849157851 0.0445144139 0.065057151
v 0.00866795238 0.0454389937 0.061622303
v 0.00461892132 0.0450810976 0.065057151
vn 0.139648572 0.954343736 0.264057457
f 7966//2656 7967//2656 7968//2656
v -3.18465409e-16 0.0462583564 0.061622303
v -3.19972175e-16 0.0453171022 0.065057151
v 0.00072499353 0.0462213121 0.061622303
vn 0.0492195226 0.963275075 0.263967037
f 7969//2657 7970//2657 7971//2657
v 0.00072499353 0.0462213121 0.061622303
v -3.19972175e-16 0.0453171022 0.065057151
v 0.00461892132 0.0450810976 0.065057151
vn 0.0492187142 0.963275135 0.263966888
f 7972//2658 7973//2658 7974//2658
v 0.00072499353 0.0462213121 0.061622303
v 0.00461892132 0.0450810976 0.065057151
v 0.00471485825 0.0460174493 0.061622303
vn 0.0492187031 0.963275135 0.263966918
f 7975//2659 7976//2659 7977//2659
v 0.00471485825 0.0460174493 0.061622303
v 0.00461892132 0.0450810976 0.065057151
v 0.00866795238 0.0454389937 0.061622303
vn 0.139648944 0.954343557 0.264057875
f 7978//2660 7979//2660 7980//2660
v 0.0122148208 0.0433104858 0.0686044842
v 0.0123008946 0.0436156839 0.065057151
v 0.0084321592 0.0442029275 0.0686044842
vn 0.228715003 0.969420731 0.0889546424
f 7981//2661 7982//2661 7983//2661
v 0.0084321592 0.0442029275 0.0686044842
v 0.0123008946 0.0436156839 0.065057151
v 0.00849157851 0.0445144139 0.065057151
vn 0.228714943 0.969420731 0.0889545679
f 7984//2662 7985//2662 7986//2662
v 0.0084321592 0.0442029275 0.0686044842
v 0.00849157851 0.0445144139 0.065057151
v 0.0045866007 0.0447656475 0.0686044842
vn 0.144213945 0.985540152 0.0889545605
f 7987//2663 7988//2663 7989//2663
v 0.0045866007 0.0447656475 0.0686044842
v 0.00849157851 0.0445144139 0.065057151
v 0.00461892132 0.0450810976 0.065057151
vn 0.144213542 0.985540271 0.0889541134
f 7990//2664 7991//2664 7992//2664
v 0.0045866007 0.0447656475 0.0686044842
v 0.00461892132 0.0450810976 0.065057151
v 0.00455248635 0.0447673909 0.0686044842
vn 0.0508368574 0.994740486 0.0889214724
f 7993//2665 7994//2665 7995//2665
v 0.00455248635 0.0447673909 0.0686044842
v 0.00461892132 0.0450810976 0.065057151
v -3.19972175e-16 0.0453171022 0.065057151
vn 0.0508264676 0.994741023 0.0889213234
f 7996//2666 7997//2666 7998//2666
v 0.00455248635 0.0447673909 0.0686044842
v -3.19972175e-16 0.0453171022 0.065057151
v -3.2152828e-16 0.0450000018 0.0686044842
vn 0.0508266352 0.994741023 0.0889211148
f 7999//2667 8000//2667 8001//2667
v -0.000861749402 0.0444937758 0.0797978789
v -0.000861160399 0.0444916673 0.0798000023
v -0.000496789056 0.0441321284 0.0798000023
vn 0.625192881 0.633595765 0.455730468
f 8002//2668 8003//2668 8004//2668
v -0.000999938231 0.0449888892 0.0759999976
v -0.000999938231 0.0449888892 0.0793000013
v -0.000861749402 0.0444937758 0.0797978789
vn 0.963187397 0.268830895 4.72538876e-16
f 8005//2669 8006//2669 8007//2669
v -3.26439404e-16 0.0439999998 0.0798000023
v -3.2477247e-16 0.0439999998 0.0759999976
v -0.000496789056 0.0441321284 0.0798000023
vn 0.257029712 0.966403484 2.92555651e-16
f 8008//2670 8009//2670 8010//2670
v -0.000496789056 0.0441321284 0.0798000023
v -3.2477247e-16 0.0439999998 0.0759999976
v -0.000496789056 0.0441321284 0.0759999976
vn 0.257029712 0.966403484 2.92555651e-16
f 8011//2671 8012//2671 8013//2671
v -0.000496789056 0.0441321284 0.0798000023
v -0.000496789056 0.0441321284 0.0759999976
v -0.000861749402 0.0444937758 0.0797978789
vn 0.703875482 0.710323393 4.4092848e-16
f 8014//2672 8015//2672 8016//2672
v -0.000861749402 0.0444937758 0.0797978789
v -0.000496789056 0.0441321284 0.0759999976
v -0.000862297951 0.044493597 0.0759999976
vn 0.703166068 0.711025596 -0.000135039067
f 8017//2673 8018//2673 8019//2673
v -0.000861749402 0.0444937758 0.0797978789
v -0.000862297951 0.044493597 0.0759999976
v -0.000999938231 0.0449888892 0.0759999976
vn 0.963488221 0.26775071 -0.000151768312
f 8020//2674 8021//2674 8022//2674
v 0.000862297893 0.044493597 0.0759999976
v 0.000999938347 0.0449888892 0.0759999976
v 0.000496788998 0.0441321284 0.0759999976
vn -4.38670052e-16 -1.86055221e-16 1
f 8023//2675 8024//2675 8025//2675
v 0.000496788998 0.0441321284 0.0759999976
v 0.000999938347 0.0449888892 0.0759999976
v -3.2477247e-16 0.0450000018 0.0759999976
vn -4.38670052e-16 -1.86055221e-16 1
f 8026//2676 8027//2676 8028//2676
v 0.000496788998 0.0441321284 0.0759999976
v -3.2477247e-16 0.0450000018 0.0759999976
v -3.2477247e-16 0.0439999998 0.0759999976
vn -4.38670052e-16 -1.86055221e-16 1
f 8029//2677 8030//2677 8031//2677
v -0.000999938231 0.0449888892 0.0759999976
v -0.000862297951 0.044493597 0.0759999976
v -3.2477247e-16 0.0450000018 0.0759999976
vn -4.38670052e-16 -1.86055221e-16 1
f 8032//2678 8033//2678 8034//2678
v -3.2477247e-16 0.0450000018 0.0759999976
v -0.000862297951 0.044493597 0.0759999976
v -0.000496789056 0.0441321284 0.0759999976
vn -4.38670052e-16 -1.86055221e-16 1
f 8035//2679 8036//2679 8037//2679
v -3.2477247e-16 0.0450000018 0.0759999976
v -0.000496789056 0.0441321284 0.0759999976
v -3.2477247e-16 0.0439999998 0.0759999976
vn -4.38670052e-16 -1.86055221e-16 1
f 8038//2680 8039//2680 8040//2680
v 0.000999938347 0.0449888892 0.0793000013
v 0.000861749344 0.0444937758 0.0797978789
v 0.00452682376 0.0445582308 0.0793000013
vn 0.0848214328 0.694646657 0.714332759
f 8041//2681 8042//2681 8043//2681
v 0.00452682376 0.0445582308 0.0793000013
v 0.000861749344 0.0444937758 0.0797978789
v 0.000861160341 0.0444916673 0.0798000023
vn 0.0847416446 0.695187926 0.71381551
f 8044//2682 8045//2682 8046//2682
v 0.00452682376 0.0445582308 0.0793000013
v 0.000861160341 0.0444916673 0.0798000023
v 0.009745433 0.0434197709 0.0798000023
vn 0.0842625722 0.698399305 0.710730791
f 8047//2683 8048//2683 8049//2683
v -0.000999938231 0.0449888892 0.0793000013
v -0.00452682376 0.0445582308 0.0793000013
v -0.000861749402 0.0444937758 0.0797978789
vn -0.0848214254 0.694646716 0.714332759
f 8050//2684 8051//2684 8052//2684
v -0.000861749402 0.0444937758 0.0797978789
v -0.00452682376 0.0445582308 0.0793000013
v -0.009745433 0.0434197709 0.0798000023
vn -0.084264949 0.698406816 0.710723102
f 8053//2685 8054//2685 8055//2685
v -0.000861749402 0.0444937758 0.0797978789
v -0.009745433 0.0434197709 0.0798000023
v -0.000861160399 0.0444916673 0.0798000023
vn -0.083895646 0.695358038 0.713749766
f 8056//2686 8057//2686 8058//2686
v -0.00452682376 0.0445582308 0.0793000013
v -0.00985493232 0.0439076349 0.0793000013
v -0.009745433 0.0434197709 0.0798000023
vn -0.0859169066 0.703623593 0.705359519
f 8059//2687 8060//2687 8061//2687
v -0.009745433 0.0434197709 0.0798000023
v -0.00985493232 0.0439076349 0.0793000013
v -0.0134014515 0.0427264273 0.0793000013
vn -0.224009231 0.672576964 0.705308497
f 8062//2688 8063//2688 8064//2688
v -0.009745433 0.0434197709 0.0798000023
v -0.0134014515 0.0427264273 0.0793000013
v -0.0182356108 0.040592026 0.0798000023
vn -0.224009275 0.672577739 0.705307722
f 8065//2689 8066//2689 8067//2689
v -0.0134014515 0.0427264273 0.0793000013
v -0.0184405055 0.041048117 0.0793000013
v -0.0182356108 0.040592026 0.0798000023
vn -0.224009082 0.672577381 0.705308139
f 8068//2690 8069//2690 8070//2690
v -0.0182356108 0.040592026 0.0798000023
v -0.0184405055 0.041048117 0.0793000013
v -0.0217276569 0.0391531624 0.0793000013
vn -0.354046375 0.614159286 0.70530808
f 8071//2691 8072//2691 8073//2691
v -0.0182356108 0.040592026 0.0798000023
v -0.0217276569 0.0391531624 0.0793000013
v -0.025988359 0.0361227803 0.0798000023
vn -0.354046732 0.614160776 0.705306649
f 8074//2692 8075//2692 8076//2692
v -0.0217276569 0.0391531624 0.0793000013
v -0.026280364 0.0365286544 0.0793000013
v -0.025988359 0.0361227803 0.0798000023
vn -0.354045868 0.614159763 0.705307961
f 8077//2693 8078//2693 8079//2693
v -0.025988359 0.0361227803 0.0798000023
v -0.026280364 0.0365286544 0.0793000013
v -0.0291639902 0.0339771099 0.0793000013
vn -0.469765782 0.530905485 0.70530808
f 8080//2694 8081//2694 8082//2694
v -0.025988359 0.0361227803 0.0798000023
v -0.0291639902 0.0339771099 0.0793000013
v -0.0326901637 0.0301927663 0.0798000023
vn -0.469766319 0.530906498 0.705306947
f 8083//2695 8084//2695 8085//2695
v -0.0291639902 0.0339771099 0.0793000013
v -0.0330574699 0.0305320099 0.0793000013
v -0.0326901637 0.0301927663 0.0798000023
vn -0.469765931 0.5309062 0.705307424
f 8086//2696 8087//2696 8088//2696
v -0.0326901637 0.0301927663 0.0798000023
v -0.0330574699 0.0305320099 0.0793000013
v -0.0354060642 0.0274102222 0.0793000013
vn -0.566488683 0.426182747 0.705307662
f 8089//2697 8090//2697 8091//2697
v -0.0326901637 0.0301927663 0.0798000023
v -0.0354060642 0.0274102222 0.0793000013
v -0.0380700119 0.0230417885 0.0798000023
vn -0.566488504 0.426182598 0.705307841
f 8092//2698 8093//2698 8094//2698
v -0.0354060642 0.0274102222 0.0793000013
v -0.0384977646 0.023300685 0.0793000013
v -0.0380700119 0.0230417885 0.0798000023
vn -0.566488922 0.426182777 0.705307424
f 8095//2699 8096//2699 8097//2699
v -0.0380700119 0.0230417885 0.0798000023
v -0.0384977646 0.023300685 0.0793000013
v -0.0401983932 0.0197213758 0.0793000013
vn -0.640303195 0.304225713 0.705307424
f 8098//2700 8099//2700 8100//2700
v -0.0380700119 0.0230417885 0.0798000023
v -0.0401983932 0.0197213758 0.0793000013
v -0.0419103503 0.0149590243 0.0798000023
vn -0.640301883 0.30422464 0.705309033
f 8101//2701 8102//2701 8103//2701
v -0.0401983932 0.0197213758 0.0793000013
v -0.0423812531 0.0151271028 0.0793000013
v -0.0419103503 0.0149590243 0.0798000023
vn -0.640303493 0.304225057 0.705307424
f 8104//2702 8105//2702 8106//2702
v -0.0419103503 0.0149590243 0.0798000023
v -0.0423812531 0.0151271028 0.0793000013
v -0.043344833 0.0112253688 0.0793000013
vn -0.688224673 0.169965312 0.705307424
f 8107//2703 8108//2703 8109//2703
v -0.0419103503 0.0149590243 0.0798000023
v -0.043344833 0.0112253688 0.0793000013
v -0.0440558754 0.00627133297 0.0798000023
vn -0.688223541 0.169964701 0.705308735
f 8110//2704 8111//2704 8112//2704
v -0.043344833 0.0112253688 0.0793000013
v -0.0445508882 0.0063417973 0.0793000013
v -0.0440558754 0.00627133297 0.0798000023
vn -0.688222647 0.169964656 0.70530957
f 8113//2705 8114//2705 8115//2705
v -0.0440558754 0.00627133297 0.0798000023
v -0.0445508882 0.0063417973 0.0793000013
v -0.0447166264 0.00227002893 0.0793000013
vn -0.708312809 0.0288313236 0.705309629
f 8116//2706 8117//2706 8118//2706
v -0.0440558754 0.00627133297 0.0798000023
v -0.0447166264 0.00227002893 0.0793000013
v -0.0444198288 -0.00266996468 0.0798000023
vn -0.708314359 0.0288317688 0.70530808
f 8119//2707 8120//2707 8121//2707
v -0.0447166264 0.00227002893 0.0793000013
v -0.0449189283 -0.00269996445 0.0793000013
v -0.0444198288 -0.00266996468 0.0798000023
vn -0.708314717 0.0288317092 0.705307722
f 8122//2708 8123//2708 8124//2708
v -0.0444198288 -0.00266996468 0.0798000023
v -0.0449189283 -0.00269996445 0.0793000013
v -0.0442576632 -0.00677802367 0.0793000013
vn -0.69976145 -0.113467656 0.705307722
f 8125//2709 8126//2709 8127//2709
v -0.0444198288 -0.00266996468 0.0798000023
v -0.0442576632 -0.00677802367 0.0793000013
v -0.0429874882 -0.0115032913 0.0798000023
vn -0.69976151 -0.113467649 0.705307662
f 8128//2710 8129//2710 8130//2710
v -0.0442576632 -0.00677802367 0.0793000013
v -0.0434704944 -0.0116325421 0.0793000013
v -0.0429874882 -0.0115032913 0.0798000023
vn -0.699761152 -0.1134675 0.70530808
f 8131//2711 8132//2711 8133//2711
v -0.0429874882 -0.0115032913 0.0798000023
v -0.0434704944 -0.0116325421 0.0793000013
v -0.0419867747 -0.015548382 0.0793000013
vn -0.662910283 -0.251178086 0.705308139
f 8134//2712 8135//2712 8136//2712
v -0.0429874882 -0.0115032913 0.0798000023
v -0.0419867747 -0.015548382 0.0793000013
v -0.0398167782 -0.0198714379 0.0798000023
vn -0.662909627 -0.251177996 0.705308735
f 8137//2713 8138//2713 8139//2713
v -0.0419867747 -0.015548382 0.0793000013
v -0.0402641594 -0.0200947113 0.0793000013
v -0.0398167782 -0.0198714379 0.0798000023
vn -0.662909925 -0.251178175 0.705308378
f 8140//2714 8141//2714 8142//2714
v -0.0398167782 -0.0198714379 0.0798000023
v -0.0402641594 -0.0200947113 0.0793000013
v -0.0379969589 -0.023682015 0.0793000013
vn -0.599251986 -0.37873137 0.705308139
f 8143//2715 8144//2715 8145//2715
v -0.0398167782 -0.0198714379 0.0798000023
v -0.0379969589 -0.023682015 0.0793000013
v -0.0350359194 -0.0274360031 0.0798000023
vn -0.599251509 -0.378731221 0.705308616
f 8146//2716 8147//2716 8148//2716
v -0.0379969589 -0.023682015 0.0793000013
v -0.035429582 -0.0277442727 0.0793000013
v -0.0350359194 -0.0274360031 0.0798000023
vn -0.599252105 -0.378731757 0.705307841
f 8149//2717 8150//2717 8151//2717
v -0.0350359194 -0.0274360031 0.0798000023
v -0.035429582 -0.0277442727 0.0793000013
v -0.0324515775 -0.0308459587 0.0793000013
vn -0.511360586 -0.490969777 0.705307782
f 8152//2718 8153//2718 8154//2718
v -0.0350359194 -0.0274360031 0.0798000023
v -0.0324515775 -0.0308459587 0.0793000013
v -0.0288382452 -0.0338910855 0.0798000023
vn -0.511361897 -0.490970582 0.705306232
f 8155//2719 8156//2719 8157//2719
v -0.0324515775 -0.0308459587 0.0793000013
v -0.0291622709 -0.0342718847 0.0793000013
v -0.0288382452 -0.0338910855 0.0798000023
vn -0.511360884 -0.490969092 0.70530802
f 8158//2720 8159//2720 8160//2720
v -0.0288382452 -0.0338910855 0.0798000023
v -0.0291622709 -0.0342718847 0.0793000013
v -0.0255776756 -0.0367469564 0.0793000013
vn -0.402790278 -0.583352864 0.70530802
f 8161//2721 8162//2721 8163//2721
v -0.0288382452 -0.0338910855 0.0798000023
v -0.0255776756 -0.0367469564 0.0793000013
v -0.0214743819 -0.0389756449 0.0798000023
vn -0.402790189 -0.583352804 0.705308139
f 8164//2722 8165//2722 8166//2722
v -0.0255776756 -0.0367469564 0.0793000013
v -0.0217156671 -0.0394135751 0.0793000013
v -0.0214743819 -0.0389756449 0.0798000023
vn -0.40279007 -0.583352447 0.705308497
f 8167//2723 8168//2723 8169//2723
v -0.0214743819 -0.0389756449 0.0798000023
v -0.0217156671 -0.0394135751 0.0793000013
v -0.0176566616 -0.0411434397 0.0793000013
vn -0.277931094 -0.652145743 0.705308557
f 8170//2724 8171//2724 8172//2724
v -0.0214743819 -0.0389756449 0.0798000023
v -0.0176566616 -0.0411434397 0.0793000013
v -0.0132421143 -0.0424840711 0.0798000023
vn -0.277931809 -0.652146697 0.705307424
f 8173//2725 8174//2725 8175//2725
v -0.0176566616 -0.0411434397 0.0793000013
v -0.0133909024 -0.0429614224 0.0793000013
v -0.0132421143 -0.0424840711 0.0798000023
vn -0.277931511 -0.652145147 0.705308974
f 8176//2726 8177//2726 8178//2726
v -0.0132421143 -0.0424840711 0.0798000023
v -0.0133909024 -0.0429614224 0.0793000013
v -0.00901281368 -0.0438554473 0.0793000013
vn -0.141833499 -0.694566309 0.705309033
f 8179//2727 8180//2727 8181//2727
v -0.0132421143 -0.0424840711 0.0798000023
v -0.00901281368 -0.0438554473 0.0793000013
v -0.00447435072 -0.0442744866 0.0798000023
vn -0.141833439 -0.69456619 0.705309212
f 8182//2728 8183//2728 8184//2728
v 0.00901281368 -0.0438554473 0.0793000013
v 0.0132421143 -0.0424840711 0.0798000023
v 0.00447435118 -0.0442744866 0.0798000023
vn 0.141833454 -0.69456625 0.705309153
f 8185//2729 8186//2729 8187//2729
v -0.00901281368 -0.0438554473 0.0793000013
v -0.00452462444 -0.0447719544 0.0793000013
v -0.00447435072 -0.0442744866 0.0798000023
vn -0.141833439 -0.694566667 0.705308735
f 8188//2730 8189//2730 8190//2730
v -0.00447435072 -0.0442744866 0.0798000023
v -0.00452462444 -0.0447719544 0.0793000013
v -3.26220075e-16 -0.0447719544 0.0793000013
vn -3.09397816e-16 -0.708900273 0.705308735
f 8191//2731 8192//2731 8193//2731
v -0.00447435072 -0.0442744866 0.0798000023
v -3.26220075e-16 -0.0447719544 0.0793000013
v 0.00447435118 -0.0442744866 0.0798000023
vn -3.09397816e-16 -0.708900273 0.705308735
f 8194//2732 8195//2732 8196//2732
v 0.00447435118 -0.0442744866 0.0798000023
v -3.26220075e-16 -0.0447719544 0.0793000013
v 0.00452462444 -0.0447719544 0.0793000013
vn -3.09397816e-16 -0.708900273 0.705308735
f 8197//2733 8198//2733 8199//2733
v 0.00447435118 -0.0442744866 0.0798000023
v 0.00452462444 -0.0447719544 0.0793000013
v 0.00901281368 -0.0438554473 0.0793000013
vn 0.141833454 -0.694566786 0.705308676
f 8200//2734 8201//2734 8202//2734
v 0.0255776737 -0.0367469564 0.0793000013
v 0.0288382452 -0.0338910855 0.0798000023
v 0.02147438 -0.0389756449 0.0798000023
vn 0.402790338 -0.583353162 0.705307782
f 8203//2735 8204//2735 8205//2735
v 0.00901281368 -0.0438554473 0.0793000013
v 0.0133909024 -0.0429614224 0.0793000013
v 0.0132421143 -0.0424840711 0.0798000023
vn 0.141833499 -0.694566309 0.705309033
f 8206//2736 8207//2736 8208//2736
v 0.0132421143 -0.0424840711 0.0798000023
v 0.0133909024 -0.0429614224 0.0793000013
v 0.0176566597 -0.0411434397 0.0793000013
vn 0.277931511 -0.652145147 0.705308974
f 8209//2737 8210//2737 8211//2737
v 0.0132421143 -0.0424840711 0.0798000023
v 0.0176566597 -0.0411434397 0.0793000013
v 0.02147438 -0.0389756449 0.0798000023
vn 0.277931809 -0.652146697 0.705307424
f 8212//2738 8213//2738 8214//2738
v 0.02147438 -0.0389756449 0.0798000023
v 0.0176566597 -0.0411434397 0.0793000013
v 0.0217156652 -0.0394135751 0.0793000013
vn 0.277931094 -0.652145743 0.705308557
f 8215//2739 8216//2739 8217//2739
v 0.02147438 -0.0389756449 0.0798000023
v 0.0217156652 -0.0394135751 0.0793000013
v 0.0255776737 -0.0367469564 0.0793000013
vn 0.40279007 -0.583352447 0.705308497
f 8218//2740 8219//2740 8220//2740
v 0.0379969589 -0.023682015 0.0793000013
v 0.0398167819 -0.0198714379 0.0798000023
v 0.0350359231 -0.0274360031 0.0798000023
vn 0.599253416 -0.378732413 0.705306411
f 8221//2741 8222//2741 8223//2741
v 0.0255776737 -0.0367469564 0.0793000013
v 0.0291622691 -0.0342718847 0.0793000013
v 0.0288382452 -0.0338910855 0.0798000023
vn 0.402790725 -0.583353519 0.705307245
f 8224//2742 8225//2742 8226//2742
v 0.0288382452 -0.0338910855 0.0798000023
v 0.0291622691 -0.0342718847 0.0793000013
v 0.0324515812 -0.0308459587 0.0793000013
vn 0.51136142 -0.490969867 0.705307066
f 8227//2743 8228//2743 8229//2743
v 0.0288382452 -0.0338910855 0.0798000023
v 0.0324515812 -0.0308459587 0.0793000013
v 0.0350359231 -0.0274360031 0.0798000023
vn 0.511361897 -0.490970582 0.705306232
f 8230//2744 8231//2744 8232//2744
v 0.0350359231 -0.0274360031 0.0798000023
v 0.0324515812 -0.0308459587 0.0793000013
v 0.0354295857 -0.0277442727 0.0793000013
vn 0.511360586 -0.490969777 0.705307782
f 8233//2745 8234//2745 8235//2745
v 0.0350359231 -0.0274360031 0.0798000023
v 0.0354295857 -0.0277442727 0.0793000013
v 0.0379969589 -0.023682015 0.0793000013
vn 0.599252343 -0.37873137 0.705307841
f 8236//2746 8237//2746 8238//2746
v 0.0442576669 -0.00677802367 0.0793000013
v 0.0444198325 -0.00266996468 0.0798000023
v 0.0429874919 -0.0115032913 0.0798000023
vn 0.69976151 -0.113467649 0.705307662
f 8239//2747 8240//2747 8241//2747
v 0.0379969589 -0.023682015 0.0793000013
v 0.0402641594 -0.0200947113 0.0793000013
v 0.0398167819 -0.0198714379 0.0798000023
vn 0.599253893 -0.378732562 0.705305874
f 8242//2748 8243//2748 8244//2748
v 0.0398167819 -0.0198714379 0.0798000023
v 0.0402641594 -0.0200947113 0.0793000013
v 0.0419867747 -0.015548382 0.0793000013
vn 0.66291225 -0.251179069 0.705305934
f 8245//2749 8246//2749 8247//2749
v 0.0398167819 -0.0198714379 0.0798000023
v 0.0419867747 -0.015548382 0.0793000013
v 0.0429874919 -0.0115032913 0.0798000023
vn 0.662911952 -0.251178861 0.705306232
f 8248//2750 8249//2750 8250//2750
v 0.0429874919 -0.0115032913 0.0798000023
v 0.0419867747 -0.015548382 0.0793000013
v 0.0434704982 -0.0116325421 0.0793000013
vn 0.662910104 -0.251178622 0.70530808
f 8251//2751 8252//2751 8253//2751
v 0.0429874919 -0.0115032913 0.0798000023
v 0.0434704982 -0.0116325421 0.0793000013
v 0.0442576669 -0.00677802367 0.0793000013
vn 0.699761152 -0.1134675 0.70530808
f 8254//2752 8255//2752 8256//2752
v 0.043344833 0.0112253688 0.0793000013
v 0.041910354 0.0149590243 0.0798000023
v 0.0440558791 0.00627133297 0.0798000023
vn 0.688225985 0.169965312 0.705306113
f 8257//2753 8258//2753 8259//2753
v 0.0442576669 -0.00677802367 0.0793000013
v 0.044918932 -0.00269996445 0.0793000013
v 0.0444198325 -0.00266996468 0.0798000023
vn 0.69976145 -0.113467656 0.705307722
f 8260//2754 8261//2754 8262//2754
v 0.0444198325 -0.00266996468 0.0798000023
v 0.044918932 -0.00269996445 0.0793000013
v 0.0447166301 0.00227002893 0.0793000013
vn 0.708314717 0.0288317092 0.705307722
f 8263//2755 8264//2755 8265//2755
v 0.0444198325 -0.00266996468 0.0798000023
v 0.0447166301 0.00227002893 0.0793000013
v 0.0440558791 0.00627133297 0.0798000023
vn 0.708314359 0.0288317688 0.70530808
f 8266//2756 8267//2756 8268//2756
v 0.0440558791 0.00627133297 0.0798000023
v 0.0447166301 0.00227002893 0.0793000013
v 0.0445508882 0.0063417973 0.0793000013
vn 0.708315432 0.0288320761 0.705307007
f 8269//2757 8270//2757 8271//2757
v 0.0440558791 0.00627133297 0.0798000023
v 0.0445508882 0.0063417973 0.0793000013
v 0.043344833 0.0112253688 0.0793000013
vn 0.68822515 0.169965267 0.705307007
f 8272//2758 8273//2758 8274//2758
v 0.035406068 0.0274102222 0.0793000013
v 0.0326901674 0.0301927663 0.0798000023
v 0.0380700156 0.0230417885 0.0798000023
vn 0.566488504 0.426182598 0.705307841
f 8275//2759 8276//2759 8277//2759
v 0.043344833 0.0112253688 0.0793000013
v 0.0423812568 0.0151271028 0.0793000013
v 0.041910354 0.0149590243 0.0798000023
vn 0.688224852 0.169964701 0.705307424
f 8278//2760 8279//2760 8280//2760
v 0.041910354 0.0149590243 0.0798000023
v 0.0423812568 0.0151271028 0.0793000013
v 0.0401983932 0.0197213758 0.0793000013
vn 0.640303314 0.304225475 0.705307364
f 8281//2761 8282//2761 8283//2761
v 0.041910354 0.0149590243 0.0798000023
v 0.0401983932 0.0197213758 0.0793000013
v 0.0380700156 0.0230417885 0.0798000023
vn 0.640304029 0.304225653 0.705306649
f 8284//2762 8285//2762 8286//2762
v 0.0380700156 0.0230417885 0.0798000023
v 0.0401983932 0.0197213758 0.0793000013
v 0.0384977683 0.023300685 0.0793000013
vn 0.640303493 0.304225177 0.705307364
f 8287//2763 8288//2763 8289//2763
v 0.0380700156 0.0230417885 0.0798000023
v 0.0384977683 0.023300685 0.0793000013
v 0.035406068 0.0274102222 0.0793000013
vn 0.566488922 0.426182777 0.705307424
f 8290//2764 8291//2764 8292//2764
v 0.0217276551 0.0391531624 0.0793000013
v 0.0182356108 0.040592026 0.0798000023
v 0.025988359 0.0361227803 0.0798000023
vn 0.35404706 0.614161313 0.705305994
f 8293//2765 8294//2765 8295//2765
v 0.035406068 0.0274102222 0.0793000013
v 0.0330574699 0.0305320099 0.0793000013
v 0.0326901674 0.0301927663 0.0798000023
vn 0.566489995 0.426184446 0.705305517
f 8296//2766 8297//2766 8298//2766
v 0.0326901674 0.0301927663 0.0798000023
v 0.0330574699 0.0305320099 0.0793000013
v 0.0291639883 0.0339771099 0.0793000013
vn 0.469767213 0.530907393 0.705305696
f 8299//2767 8300//2767 8301//2767
v 0.0326901674 0.0301927663 0.0798000023
v 0.0291639883 0.0339771099 0.0793000013
v 0.025988359 0.0361227803 0.0798000023
vn 0.469766885 0.530907154 0.705306113
f 8302//2768 8303//2768 8304//2768
v 0.025988359 0.0361227803 0.0798000023
v 0.0291639883 0.0339771099 0.0793000013
v 0.0262803622 0.0365286544 0.0793000013
vn 0.469766378 0.530906141 0.705307186
f 8305//2769 8306//2769 8307//2769
v 0.025988359 0.0361227803 0.0798000023
v 0.0262803622 0.0365286544 0.0793000013
v 0.0217276551 0.0391531624 0.0793000013
vn 0.354046196 0.614160299 0.705307305
f 8308//2770 8309//2770 8310//2770
v 0.0217276551 0.0391531624 0.0793000013
v 0.0184405036 0.041048117 0.0793000013
v 0.0182356108 0.040592026 0.0798000023
vn 0.354046702 0.614159882 0.705307424
f 8311//2771 8312//2771 8313//2771
v 0.0182356108 0.040592026 0.0798000023
v 0.0184405036 0.041048117 0.0793000013
v 0.0134014515 0.0427264273 0.0793000013
vn 0.224009201 0.672577798 0.705307722
f 8314//2772 8315//2772 8316//2772
v 0.0182356108 0.040592026 0.0798000023
v 0.0134014515 0.0427264273 0.0793000013
v 0.009745433 0.0434197709 0.0798000023
vn 0.22400929 0.672577918 0.705307543
f 8317//2773 8318//2773 8319//2773
v 0.009745433 0.0434197709 0.0798000023
v 0.0134014515 0.0427264273 0.0793000013
v 0.00985493232 0.0439076349 0.0793000013
vn 0.224009231 0.672576964 0.705308497
f 8320//2774 8321//2774 8322//2774
v 0.009745433 0.0434197709 0.0798000023
v 0.00985493232 0.0439076349 0.0793000013
v 0.00452682376 0.0445582308 0.0793000013
vn 0.0859169066 0.703623593 0.705359519
f 8323//2775 8324//2775 8325//2775
v 0.0549999997 0.00329999998 0.0199999996
v 0.0549999997 0.00329999998 2.47408348e-17
v 0.0566500016 0.00285788393 0.0199999996
vn -0.258818716 -0.965925932 -2.93251594e-16
f 8326//2776 8327//2776 8328//2776
v 0.0566500016 0.00285788393 0.0199999996
v 0.0549999997 0.00329999998 2.47408348e-17
v 0.0566500016 0.00285788393 2.53823829e-17
vn -0.258818716 -0.965925932 -2.93251594e-16
f 8329//2777 8330//2777 8331//2777
v 0.0566500016 0.00285788393 0.0199999996
v 0.0566500016 0.00285788393 2.53823829e-17
v 0.057857886 0.00164999999 0.0199999996
vn -0.70710665 -0.707106888 -4.41747455e-16
f 8332//2778 8333//2778 8334//2778
v 0.057857886 0.00164999999 0.0199999996
v 0.0566500016 0.00285788393 2.53823829e-17
v 0.057857886 0.00164999999 2.56875132e-17
vn -0.70710665 -0.707106888 -4.41747455e-16
f 8335//2779 8336//2779 8337//2779
v 0.057857886 0.00164999999 0.0199999996
v 0.057857886 0.00164999999 2.56875132e-17
v 0.0582999997 4.02122195e-16 0.0199999996
vn -0.96592617 -0.258817703 -4.7187729e-16
f 8338//2780 8339//2780 8340//2780
v 0.0582999997 4.02122195e-16 0.0199999996
v 0.057857886 0.00164999999 2.56875132e-17
v 0.0582999997 4.0584329e-16 2.55744641e-17
vn -0.96592617 -0.258817703 -4.7187729e-16
f 8341//2781 8342//2781 8343//2781
v 0.0582999997 4.02122195e-16 0.0199999996
v 0.0582999997 4.0584329e-16 2.55744641e-17
v 0.057857886 -0.00164999999 0.0199999996
vn -0.96592617 0.258817703 -3.75568506e-16
f 8344//2782 8345//2782 8346//2782
v 0.057857886 -0.00164999999 0.0199999996
v 0.0582999997 4.0584329e-16 2.55744641e-17
v 0.057857886 -0.00164999999 2.50735302e-17
vn -0.96592617 0.258817703 -3.75568506e-16
f 8347//2783 8348//2783 8349//2783
v 0.057857886 -0.00164999999 0.0199999996
v 0.057857886 -0.00164999999 2.50735302e-17
v 0.0566500016 -0.00285788393 0.0199999996
vn -0.70710665 0.707106888 -1.78625577e-16
f 8350//2784 8351//2784 8352//2784
v 0.0566500016 -0.00285788393 0.0199999996
v 0.057857886 -0.00164999999 2.50735302e-17
v 0.0566500016 -0.00285788393 2.43189346e-17
vn -0.70710665 0.707106888 -1.78625577e-16
f 8353//2785 8354//2785 8355//2785
v 0.0566500016 -0.00285788393 0.0199999996
v 0.0566500016 -0.00285788393 2.43189346e-17
v 0.0549999997 -0.00329999998 0.0199999996
vn -0.258818716 0.965925932 6.61795444e-17
f 8356//2786 8357//2786 8358//2786
v 0.0549999997 -0.00329999998 0.0199999996
v 0.0566500016 -0.00285788393 2.43189346e-17
v 0.0549999997 -0.00329999998 2.35128703e-17
vn -0.258818716 0.965925932 6.61795444e-17
f 8359//2787 8360//2787 8361//2787
v 0.0516999997 3.56691874e-16 0.0199999996
v 0.0521421172 0.00164999999 0.0199999996
v 0.048856359 0.00430182321 0.0199999996
vn -4.38670052e-16 -1.86055221e-16 1
f 8362//2788 8363//2788 8364//2788
v 0.048856359 0.00430182321 0.0199999996
v 0.0521421172 0.00164999999 0.0199999996
v 0.0533500016 0.00285788393 0.0199999996
vn -4.38670052e-16 -1.86055221e-16 1
f 8365//2789 8366//2789 8367//2789
v 0.048856359 0.00430182321 0.0199999996
v 0.0533500016 0.00285788393 0.0199999996
v 0.0588883609 0.0186290052 0.0199999996
vn -4.38670052e-16 -1.86055221e-16 1
f 8368//2790 8369//2790 8370//2790
v 0.0588883609 0.0186290052 0.0199999996
v 0.0533500016 0.00285788393 0.0199999996
v 0.0549999997 0.00329999998 0.0199999996
vn -4.38670052e-16 -1.86055221e-16 1
f 8371//2791 8372//2791 8373//2791
v 0.0588883609 0.0186290052 0.0199999996
v 0.0549999997 0.00329999998 0.0199999996
v 0.0608449876 0.0106191505 0.0199999996
vn -4.38670052e-16 -1.86055221e-16 1
f 8374//2792 8375//2792 8376//2792
v 0.0549999997 0.00329999998 0.0199999996
v 0.0566500016 0.00285788393 0.0199999996
v 0.0608449876 0.0106191505 0.0199999996
vn -4.38670052e-16 -1.86055221e-16 1
f 8377//2793 8378//2793 8379//2793
v 0.0608449876 0.0106191505 0.0199999996
v 0.0566500016 0.00285788393 0.0199999996
v 0.057857886 0.00164999999 0.0199999996
vn -4.38670052e-16 -1.86055221e-16 1
f 8380//2794 8381//2794 8382//2794
v 0.0608449876 0.0106191505 0.0199999996
v 0.057857886 0.00164999999 0.0199999996
v 0.0617647059 3.62788923e-16 0.0199999996
vn -4.38670052e-16 -1.86055221e-16 1
f 8383//2795 8384//2795 8385//2795
v 0.0617647059 3.62788923e-16 0.0199999996
v 0.057857886 0.00164999999 0.0199999996
v 0.0582999997 4.02122195e-16 0.0199999996
vn -4.38670052e-16 -1.86055221e-16 1
f 8386//2796 8387//2796 8388//2796
v 0.0617647059 3.62788923e-16 0.0199999996
v 0.0582999997 4.02122195e-16 0.0199999996
v 0.0608449876 -0.0106191505 0.0199999996
vn -4.38670052e-16 -1.86055221e-16 1
f 8389//2797 8390//2797 8391//2797
v 0.048856359 -0.00430182321 0.0199999996
v 0.0521421172 -0.00164999999 0.0199999996
v 0.047687348 -0.00166586833 0.0199999996
vn -4.38670052e-16 -1.86055221e-16 1
f 8392//2798 8393//2798 8394//2798
v 0.047687348 -0.00166586833 0.0199999996
v 0.0521421172 -0.00164999999 0.0199999996
v 0.0516999997 3.56691874e-16 0.0199999996
vn -4.38670052e-16 -1.86055221e-16 1
f 8395//2799 8396//2799 8397//2799
v 0.047687348 -0.00166586833 0.0199999996
v 0.0516999997 3.56691874e-16 0.0199999996
v 0.047687348 0.00166586833 0.0199999996
vn -4.38670052e-16 -1.86055221e-16 1
f 8398//2800 8399//2800 8400//2800
v 0.047687348 0.00166586833 0.0199999996
v 0.0516999997 3.56691874e-16 0.0199999996
v 0.048856359 0.00430182321 0.0199999996
vn -4.38670052e-16 -1.86055221e-16 1
f 8401//2801 8402//2801 8403//2801
v 0.0582999997 4.02122195e-16 0.0199999996
v 0.057857886 -0.00164999999 0.0199999996
v 0.0608449876 -0.0106191505 0.0199999996
vn -4.38670052e-16 -1.86055221e-16 1
f 8404//2802 8405//2802 8406//2802
v 0.0608449876 -0.0106191505 0.0199999996
v 0.057857886 -0.00164999999 0.0199999996
v 0.0566500016 -0.00285788393 0.0199999996
vn -4.38670052e-16 -1.86055221e-16 1
f 8407//2803 8408//2803 8409//2803
v 0.0608449876 -0.0106191505 0.0199999996
v 0.0566500016 -0.00285788393 0.0199999996
v 0.0588883609 -0.0186290052 0.0199999996
vn -4.38670052e-16 -1.86055221e-16 1
f 8410//2804 8411//2804 8412//2804
v 0.0588883609 -0.0186290052 0.0199999996
v 0.0566500016 -0.00285788393 0.0199999996
v 0.0549999997 -0.00329999998 0.0199999996
vn -4.38670052e-16 -1.86055221e-16 1
f 8413//2805 8414//2805 8415//2805
v 0.0588883609 -0.0186290052 0.0199999996
v 0.0549999997 -0.00329999998 0.0199999996
v 0.048856359 -0.00430182321 0.0199999996
vn -4.38670052e-16 -1.86055221e-16 1
f 8416//2806 8417//2806 8418//2806
v 0.048856359 -0.00430182321 0.0199999996
v 0.0549999997 -0.00329999998 0.0199999996
v 0.0533500016 -0.00285788393 0.0199999996
vn -4.38670052e-16 -1.86055221e-16 1
f 8419//2807 8420//2807 8421//2807
v 0.048856359 -0.00430182321 0.0199999996
v 0.0533500016 -0.00285788393 0.0199999996
v 0.0521421172 -0.00164999999 0.0199999996
vn -4.38670052e-16 -1.86055221e-16 1
f 8422//2808 8423//2808 8424//2808
v 0.048856359 0.00430182321 0.0199999996
v 0.048856359 0.00430182321 0.0541413426
v 0.047687348 0.00166586833 0.0199999996
vn 0.914136171 -0.40540725 3.25576039e-16
f 8425//2809 8426//2809 8427//2809
v 0.047687348 0.00166586833 0.0199999996
v 0.048856359 0.00430182321 0.0541413426
v 0.0481708981 0.00310054352 0.0562208481
vn 0.874107659 -0.485673308 0.00756770233
f 8428//2810 8429//2810 8430//2810
v 0.047687348 -0.00166586833 0.0199999996
v 0.0476960763 -0.00166425086 0.0576819368
v 0.0477249287 -0.00182299945 0.0575926453
vn 0.983858585 0.178947672 -0.000235574684
f 8431//2811 8432//2811 8433//2811
v 0.048856359 -0.00430182321 0.0541413426
v 0.048856359 -0.00430182321 0.0199999996
v 0.0486711897 -0.00402444229 0.0546997674
vn 0.831705987 0.555216253 4.68145422e-16
f 8434//2812 8435//2812 8436//2812
v 0.0486711897 -0.00402444229 0.0546997674
v 0.048856359 -0.00430182321 0.0199999996
v 0.047687348 -0.00166586833 0.0199999996
vn 0.914134979 0.405406713 0.00163740641
f 8437//2813 8438//2813 8439//2813
v 0.0486711897 -0.00402444229 0.0546997674
v 0.047687348 -0.00166586833 0.0199999996
v 0.0480669737 -0.00286061969 0.0565392487
vn 0.891085744 0.453800648 0.00558029674
f 8440//2814 8441//2814 8442//2814
v 0.0480669737 -0.00286061969 0.0565392487
v 0.047687348 -0.00166586833 0.0199999996
v 0.0477249287 -0.00182299945 0.0575926453
vn 0.949837148 0.312744707 0.000357685727
f 8443//2815 8444//2815 8445//2815
v 0.0481708981 0.00310054352 0.0562208481
v 0.04780351 0.00211199722 0.0573495477
v 0.047687348 0.00166586833 0.0199999996
vn 0.937816024 -0.347130507 0.00122963649
f 8446//2816 8447//2816 8448//2816
v 0.047687348 0.00166586833 0.0199999996
v 0.04780351 0.00211199722 0.0573495477
v 0.0477030687 0.00166234933 0.0576602332
vn 0.975884676 -0.218286365 -0.000427765917
f 8449//2817 8450//2817 8451//2817
v 0.047687348 0.00166586833 0.0199999996
v 0.0477030687 0.00166234933 0.0576602332
v 0.0475888513 0.00115101459 0.0580135398
vn 0.975886047 -0.218280286 -0.000427765917
f 8452//2818 8453//2818 8454//2818
v 0.0476960763 -0.00166425086 0.0576819368
v 0.047687348 -0.00166586833 0.0199999996
v 0.0475487225 -0.000853492413 0.0581379794
vn 0.983858705 0.178947017 -0.000235574684
f 8455//2819 8456//2819 8457//2819
v 0.0475487225 -0.000853492413 0.0581379794
v 0.047687348 -0.00166586833 0.0199999996
v 0.047687348 0.00166586833 0.0199999996
vn 0.999993384 -6.76276761e-19 0.0036348172
f 8458//2820 8459//2820 8460//2820
v 0.0475487225 -0.000853492413 0.0581379794
v 0.047687348 0.00166586833 0.0199999996
v 0.04750783 -6.81181902e-08 0.0582651161
vn 0.998878837 0.0468600504 0.00672629895
f 8461//2821 8462//2821 8463//2821
v 0.04750783 -6.81181902e-08 0.0582651161
v 0.047687348 0.00166586833 0.0199999996
v 0.0475888513 0.00115101459 0.0580135398
vn 0.997555673 -0.0698568895 0.00163862237
f 8464//2822 8465//2822 8466//2822
v 0.04750783 -6.81181902e-08 0.0582651161
v 0.0475888513 0.00115101459 0.0580135398
v 0.0475012548 0.000137158611 0.0582855605
vn 0.951904714 -3.7438258e-05 0.30639413
f 8467//2823 8468//2823 8469//2823
v 0.048856359 -0.00430182321 0.0199999996
v 0.048856359 -0.00430182321 0.0541413426
v 0.051966168 -0.00874308869 0.0443404168
vn 0.819151938 0.573576629 4.66054362e-16
f 8470//2824 8471//2824 8472//2824
v 0.051966168 -0.00874308869 0.0443404168
v 0.0522436351 -0.00913935062 0.0433973558
v 0.048856359 -0.00430182321 0.0199999996
vn 0.819150984 0.57357794 3.57090954e-07
f 8473//2825 8474//2825 8475//2825
v 0.048856359 -0.00430182321 0.0199999996
v 0.0522436351 -0.00913935062 0.0433973558
v 0.0551353581 -0.0132691618 0.033568874
vn 0.819152057 0.573576391 -1.19821664e-07
f 8476//2826 8477//2826 8478//2826
v 0.048856359 -0.00430182321 0.0199999996
v 0.0551353581 -0.0132691618 0.033568874
v 0.0588883609 -0.0186290052 0.0199999996
vn 0.819151998 0.57357645 -2.41328095e-08
f 8479//2827 8480//2827 8481//2827
v 0.048856359 0.00430182321 0.0199999996
v 0.0588883609 0.0186290052 0.0199999996
v 0.0546620004 0.0125931343 0.0352216959
vn 0.819151998 -0.57357645 -1.21834532e-07
f 8482//2828 8483//2828 8484//2828
v 0.0546620004 0.0125931343 0.0352216959
v 0.05227229 0.00918027665 0.043252755
v 0.048856359 0.00430182321 0.0199999996
vn 0.819151878 -0.573576689 3.18530446e-08
f 8485//2829 8486//2829 8487//2829
v 0.048856359 0.00430182321 0.0199999996
v 0.05227229 0.00918027665 0.043252755
v 0.0513829812 0.00791020971 0.0462414473
vn 0.819152355 -0.573575974 -1.808326e-07
f 8488//2830 8489//2830 8490//2830
v 0.048856359 0.00430182321 0.0199999996
v 0.0513829812 0.00791020971 0.0462414473
v 0.048856359 0.00430182321 0.0541413426
vn 0.819151759 -0.573576868 2.52620377e-16
f 8491//2831 8492//2831 8493//2831
v -3.00206952e-16 0.0582999997 0.0199999996
v -2.91433544e-16 0.0582999997 1.08470196e-17
v 0.00164999999 0.0578578822 0.0199999996
vn -0.258819759 -0.965925634 -2.93251991e-16
f 8494//2832 8495//2832 8496//2832
v 0.00164999999 0.0578578822 0.0199999996
v -2.91433544e-16 0.0582999997 1.08470196e-17
v 0.00164999999 0.0578578822 1.14885668e-17
vn -0.258819759 -0.965925634 -2.93251991e-16
f 8497//2833 8498//2833 8499//2833
v 0.00164999999 0.0578578822 0.0199999996
v 0.00164999999 0.0578578822 1.14885668e-17
v 0.00285788369 0.0566500016 0.0199999996
vn -0.707105875 -0.707107723 -4.41747243e-16
f 8500//2834 8501//2834 8502//2834
v 0.00285788369 0.0566500016 0.0199999996
v 0.00164999999 0.0578578822 1.14885668e-17
v 0.00285788369 0.0566500016 1.17936972e-17
vn -0.707105875 -0.707107723 -4.41747243e-16
f 8503//2835 8504//2835 8505//2835
v 0.00285788369 0.0566500016 0.0199999996
v 0.00285788369 0.0566500016 1.17936972e-17
v 0.00329999998 0.0549999997 0.0199999996
vn -0.965925872 -0.258818835 -4.71877343e-16
f 8506//2836 8507//2836 8508//2836
v 0.00329999998 0.0549999997 0.0199999996
v 0.00285788369 0.0566500016 1.17936972e-17
v 0.00329999998 0.0549999997 1.16806489e-17
vn -0.965925872 -0.258818835 -4.71877343e-16
f 8509//2837 8510//2837 8511//2837
v 0.00329999998 0.0549999997 0.0199999996
v 0.00329999998 0.0549999997 1.16806489e-17
v 0.00285788369 0.0533500016 0.0199999996
vn -0.965925753 0.258819371 -3.75568003e-16
f 8512//2838 8513//2838 8514//2838
v 0.00285788369 0.0533500016 0.0199999996
v 0.00329999998 0.0549999997 1.16806489e-17
v 0.00285788369 0.0533500016 1.11797149e-17
vn -0.965925753 0.258819371 -3.75568003e-16
f 8515//2839 8516//2839 8517//2839
v 0.00285788369 0.0533500016 0.0199999996
v 0.00285788369 0.0533500016 1.11797149e-17
v 0.00164999999 0.0521421172 0.0199999996
vn -0.707106948 0.70710659 -1.78625775e-16
f 8518//2840 8519//2840 8520//2840
v 0.00164999999 0.0521421172 0.0199999996
v 0.00285788369 0.0533500016 1.11797149e-17
v 0.00164999999 0.0521421172 1.04251186e-17
vn -0.707106948 0.70710659 -1.78625775e-16
f 8521//2841 8522//2841 8523//2841
v 0.00164999999 0.0521421172 0.0199999996
v 0.00164999999 0.0521421172 1.04251186e-17
v -3.00206952e-16 0.0516999997 0.0199999996
vn -0.258819759 0.965925634 6.61790349e-17
f 8524//2842 8525//2842 8526//2842
v -3.00206952e-16 0.0516999997 0.0199999996
v 0.00164999999 0.0521421172 1.04251186e-17
v -2.91433544e-16 0.0516999997 9.61905504e-18
vn -0.258819759 0.965925634 6.61790349e-17
f 8527//2843 8528//2843 8529//2843
v 1.47614994e-15 -0.0516999997 0.0199999996
v 1.4849233e-15 -0.0516999997 -9.61905504e-18
v 0.00164999999 -0.0521421172 0.0199999996
vn -0.258819759 -0.965925634 -2.93251991e-16
f 8530//2844 8531//2844 8532//2844
v 0.00164999999 -0.0521421172 0.0199999996
v 1.4849233e-15 -0.0516999997 -9.61905504e-18
v 0.00164999999 -0.0521421172 -8.97750782e-18
vn -0.258819759 -0.965925634 -2.93251991e-16
f 8533//2845 8534//2845 8535//2845
v 0.00164999999 -0.0521421172 0.0199999996
v 0.00164999999 -0.0521421172 -8.97750782e-18
v 0.00285788369 -0.0533500016 0.0199999996
vn -0.707106948 -0.70710659 -4.41747534e-16
f 8536//2846 8537//2846 8538//2846
v 0.00285788369 -0.0533500016 0.0199999996
v 0.00164999999 -0.0521421172 -8.97750782e-18
v 0.00285788369 -0.0533500016 -8.67237826e-18
vn -0.707106948 -0.70710659 -4.41747534e-16
f 8539//2847 8540//2847 8541//2847
v 0.00285788369 -0.0533500016 0.0199999996
v 0.00285788369 -0.0533500016 -8.67237826e-18
v 0.00329999998 -0.0549999997 0.0199999996
vn -0.965925753 -0.258819371 -4.71877396e-16
f 8542//2848 8543//2848 8544//2848
v 0.00329999998 -0.0549999997 0.0199999996
v 0.00285788369 -0.0533500016 -8.67237826e-18
v 0.00329999998 -0.0549999997 -8.78542573e-18
vn -0.965925753 -0.258819371 -4.71877396e-16
f 8545//2849 8546//2849 8547//2849
v 0.00329999998 -0.0549999997 0.0199999996
v 0.00329999998 -0.0549999997 -8.78542573e-18
v 0.00285788369 -0.0566500016 0.0199999996
vn -0.965925872 0.258818835 -3.75568162e-16
f 8548//2850 8549//2850 8550//2850
v 0.00285788369 -0.0566500016 0.0199999996
v 0.00329999998 -0.0549999997 -8.78542573e-18
v 0.00285788369 -0.0566500016 -9.28636052e-18
vn -0.965925872 0.258818835 -3.75568162e-16
f 8551//2851 8552//2851 8553//2851
v 0.00285788369 -0.0566500016 0.0199999996
v 0.00285788369 -0.0566500016 -9.28636052e-18
v 0.00164999999 -0.0578578822 0.0199999996
vn -0.707105875 0.707107723 -1.78625087e-16
f 8554//2852 8555//2852 8556//2852
v 0.00164999999 -0.0578578822 0.0199999996
v 0.00285788369 -0.0566500016 -9.28636052e-18
v 0.00164999999 -0.0578578822 -1.0040956e-17
vn -0.707105875 0.707107723 -1.78625087e-16
f 8557//2853 8558//2853 8559//2853
v 0.00164999999 -0.0578578822 0.0199999996
v 0.00164999999 -0.0578578822 -1.0040956e-17
v 1.47614994e-15 -0.0582999997 0.0199999996
vn -0.258819759 0.965925634 6.61790349e-17
f 8560//2854 8561//2854 8562//2854
v 1.47614994e-15 -0.0582999997 0.0199999996
v 0.00164999999 -0.0578578822 -1.0040956e-17
v 1.4849233e-15 -0.0582999997 -1.08470196e-17
vn -0.258819759 0.965925634 6.61790349e-17
f 8563//2855 8564//2855 8565//2855
v -0.0549999997 0.00329999998 0.0199999996
v -0.0549999997 0.00329999998 -2.3512872e-17
v -0.0533499978 0.00285788393 0.0199999996
vn -0.258818716 -0.965925932 -2.93251594e-16
f 8566//2856 8567//2856 8568//2856
v -0.0533499978 0.00285788393 0.0199999996
v -0.0549999997 0.00329999998 -2.3512872e-17
v -0.0533499978 0.00285788393 -2.28713239e-17
vn -0.258818716 -0.965925932 -2.93251594e-16
f 8569//2857 8570//2857 8571//2857
v -0.0533499978 0.00285788393 0.0199999996
v -0.0533499978 0.00285788393 -2.28713239e-17
v -0.0521421134 0.00164999999 0.0199999996
vn -0.70710665 -0.707106888 -4.41747455e-16
f 8572//2858 8573//2858 8574//2858
v -0.0521421134 0.00164999999 0.0199999996
v -0.0533499978 0.00285788393 -2.28713239e-17
v -0.0521421134 0.00164999999 -2.25661935e-17
vn -0.70710665 -0.707106888 -4.41747455e-16
f 8575//2859 8576//2859 8577//2859
v -0.0521421134 0.00164999999 0.0199999996
v -0.0521421134 0.00164999999 -2.25661935e-17
v -0.0516999997 -3.66003704e-16 0.0199999996
vn -0.96592617 -0.258817703 -4.7187729e-16
f 8578//2860 8579//2860 8580//2860
v -0.0516999997 -3.66003704e-16 0.0199999996
v -0.0521421134 0.00164999999 -2.25661935e-17
v -0.0516999997 -3.62282609e-16 -2.26792426e-17
vn -0.96592617 -0.258817703 -4.7187729e-16
f 8581//2861 8582//2861 8583//2861
v -0.0516999997 -3.66003704e-16 0.0199999996
v -0.0516999997 -3.62282609e-16 -2.26792426e-17
v -0.0521421134 -0.00164999999 0.0199999996
vn -0.96592617 0.258817703 -3.75568506e-16
f 8584//2862 8585//2862 8586//2862
v -0.0521421134 -0.00164999999 0.0199999996
v -0.0516999997 -3.62282609e-16 -2.26792426e-17
v -0.0521421134 -0.00164999999 -2.31801766e-17
vn -0.96592617 0.258817703 -3.75568506e-16
f 8587//2863 8588//2863 8589//2863
v -0.0521421134 -0.00164999999 0.0199999996
v -0.0521421134 -0.00164999999 -2.31801766e-17
v -0.0533499978 -0.00285788393 0.0199999996
vn -0.70710665 0.707106888 -1.78625577e-16
f 8590//2864 8591//2864 8592//2864
v -0.0533499978 -0.00285788393 0.0199999996
v -0.0521421134 -0.00164999999 -2.31801766e-17
v -0.0533499978 -0.00285788393 -2.39347721e-17
vn -0.70710665 0.707106888 -1.78625577e-16
f 8593//2865 8594//2865 8595//2865
v -0.0533499978 -0.00285788393 0.0199999996
v -0.0533499978 -0.00285788393 -2.39347721e-17
v -0.0549999997 -0.00329999998 0.0199999996
vn -0.258818716 0.965925932 6.61795444e-17
f 8596//2866 8597//2866 8598//2866
v -0.0549999997 -0.00329999998 0.0199999996
v -0.0533499978 -0.00285788393 -2.39347721e-17
v -0.0549999997 -0.00329999998 -2.47408365e-17
vn -0.258818716 0.965925932 6.61795444e-17
f 8599//2867 8600//2867 8601//2867
v -3.00206952e-16 0.0516999997 0.0199999996
v -0.00164999999 0.0521421172 0.0199999996
v -0.00430182321 0.048856359 0.0199999996
vn -4.38670052e-16 -1.86055221e-16 1
f 8602//2868 8603//2868 8604//2868
v -0.00430182321 0.048856359 0.0199999996
v -0.00164999999 0.0521421172 0.0199999996
v -0.00285788393 0.0533500016 0.0199999996
vn -4.38670052e-16 -1.86055221e-16 1
f 8605//2869 8606//2869 8607//2869
v -0.00430182321 0.048856359 0.0199999996
v -0.00285788393 0.0533500016 0.0199999996
v -0.018629007 0.0588883609 0.0199999996
vn -4.38670052e-16 -1.86055221e-16 1
f 8608//2870 8609//2870 8610//2870
v -0.018629007 0.0588883609 0.0199999996
v -0.00285788393 0.0533500016 0.0199999996
v -0.00329999998 0.0549999997 0.0199999996
vn -4.38670052e-16 -1.86055221e-16 1
f 8611//2871 8612//2871 8613//2871
v -0.018629007 0.0588883609 0.0199999996
v -0.00329999998 0.0549999997 0.0199999996
v -0.0115735512 0.0606706813 0.0199999996
vn -4.38670052e-16 -1.86055221e-16 1
f 8614//2872 8615//2872 8616//2872
v -0.0115735512 0.0606706813 0.0199999996
v -0.00329999998 0.0549999997 0.0199999996
v -0.00285788393 0.0566500016 0.0199999996
vn -4.38670052e-16 -1.86055221e-16 1
f 8617//2873 8618//2873 8619//2873
v -0.0115735512 0.0606706813 0.0199999996
v -0.00285788393 0.0566500016 0.0199999996
v -0.000970157853 0.0617570877 0.0199999996
vn -4.38670052e-16 -1.86055221e-16 1
f 8620//2874 8621//2874 8622//2874
v -0.000970157853 0.0617570877 0.0199999996
v -0.00285788393 0.0566500016 0.0199999996
v -0.00164999999 0.0578578822 0.0199999996
vn -4.38670052e-16 -1.86055221e-16 1
f 8623//2875 8624//2875 8625//2875
v -0.000970157853 0.0617570877 0.0199999996
v -0.00164999999 0.0578578822 0.0199999996
v -3.00206952e-16 0.0617647059 0.0199999996
vn -4.38670052e-16 -1.86055221e-16 1
f 8626//2876 8627//2876 8628//2876
v -3.00206952e-16 0.0617647059 0.0199999996
v -0.00164999999 0.0578578822 0.0199999996
v -3.00206952e-16 0.0582999997 0.0199999996
vn -4.38670052e-16 -1.86055221e-16 1
f 8629//2877 8630//2877 8631//2877
v -3.00206952e-16 0.0617647059 0.0199999996
v -3.00206952e-16 0.0582999997 0.0199999996
v 0.000970157795 0.0617570877 0.0199999996
vn -4.38670052e-16 -1.86055221e-16 1
f 8632//2878 8633//2878 8634//2878
v 0.000970157795 0.0617570877 0.0199999996
v -3.00206952e-16 0.0582999997 0.0199999996
v 0.00164999999 0.0578578822 0.0199999996
vn -4.38670052e-16 -1.86055221e-16 1
f 8635//2879 8636//2879 8637//2879
v 0.000970157795 0.0617570877 0.0199999996
v 0.00164999999 0.0578578822 0.0199999996
v 0.0115735522 0.0606706813 0.0199999996
vn -4.38670052e-16 -1.86055221e-16 1
f 8638//2880 8639//2880 8640//2880
v 0.0115735522 0.0606706813 0.0199999996
v 0.00164999999 0.0578578822 0.0199999996
v 0.00285788369 0.0566500016 0.0199999996
vn -4.38670052e-16 -1.86055221e-16 1
f 8641//2881 8642//2881 8643//2881
v 0.0115735522 0.0606706813 0.0199999996
v 0.00285788369 0.0566500016 0.0199999996
v 0.0186290052 0.0588883609 0.0199999996
vn -4.38670052e-16 -1.86055221e-16 1
f 8644//2882 8645//2882 8646//2882
v 0.0186290052 0.0588883609 0.0199999996
v 0.00285788369 0.0566500016 0.0199999996
v 0.00329999998 0.0549999997 0.0199999996
vn -4.38670052e-16 -1.86055221e-16 1
f 8647//2883 8648//2883 8649//2883
v 0.0186290052 0.0588883609 0.0199999996
v 0.00329999998 0.0549999997 0.0199999996
v 0.00430182321 0.048856359 0.0199999996
vn -4.38670052e-16 -1.86055221e-16 1
f 8650//2884 8651//2884 8652//2884
v 0.00329999998 0.0549999997 0.0199999996
v 0.00285788369 0.0533500016 0.0199999996
v 0.00430182321 0.048856359 0.0199999996
vn -4.38670052e-16 -1.86055221e-16 1
f 8653//2885 8654//2885 8655//2885
v 0.00430182321 0.048856359 0.0199999996
v 0.00285788369 0.0533500016 0.0199999996
v 0.00164999999 0.0521421172 0.0199999996
vn -4.38670052e-16 -1.86055221e-16 1
f 8656//2886 8657//2886 8658//2886
v 0.00430182321 0.048856359 0.0199999996
v 0.00164999999 0.0521421172 0.0199999996
v 0.00166586833 0.047687348 0.0199999996
vn -4.38670052e-16 -1.86055221e-16 1
f 8659//2887 8660//2887 8661//2887
v 0.00166586833 0.047687348 0.0199999996
v 0.00164999999 0.0521421172 0.0199999996
v -3.00206952e-16 0.0516999997 0.0199999996
vn -4.38670052e-16 -1.86055221e-16 1
f 8662//2888 8663//2888 8664//2888
v 0.00166586833 0.047687348 0.0199999996
v -3.00206952e-16 0.0516999997 0.0199999996
v -0.00166586833 0.047687348 0.0199999996
vn -4.38670052e-16 -1.86055221e-16 1
f 8665//2889 8666//2889 8667//2889
v -0.00166586833 0.047687348 0.0199999996
v -3.00206952e-16 0.0516999997 0.0199999996
v -0.00430182321 0.048856359 0.0199999996
vn -4.38670052e-16 -1.86055221e-16 1
f 8668//2890 8669//2890 8670//2890
v -0.00430182321 0.048856359 0.0199999996
v -0.00430182321 0.048856359 0.0541413426
v -0.00166586833 0.047687348 0.0199999996
vn 0.40540725 0.914136171 3.47919842e-16
f 8671//2891 8672//2891 8673//2891
v -0.00166586833 0.047687348 0.0199999996
v -0.00430182321 0.048856359 0.0541413426
v -0.00320701441 0.048220247 0.0560701191
vn 0.491605401 0.870780051 0.00813964102
f 8674//2892 8675//2892 8676//2892
v 0.00166586833 0.047687348 0.0199999996
v 0.00166328705 0.0477000996 0.0576696619
v 0.00194256566 0.047755938 0.0574969836
vn -0.196262896 0.980551243 -0.000345378037
f 8677//2893 8678//2893 8679//2893
v 0.00430182321 0.048856359 0.0541413426
v 0.00430182321 0.048856359 0.0199999996
v 0.00412565889 0.0487366989 0.0545019582
vn -0.561887085 0.827213943 -9.25755792e-17
f 8680//2894 8681//2894 8682//2894
v 0.00412565889 0.0487366989 0.0545019582
v 0.00430182321 0.048856359 0.0199999996
v 0.00166586833 0.047687348 0.0199999996
vn -0.405407041 0.914135635 0.00110043783
f 8683//2895 8684//2895 8685//2895
v 0.00412565889 0.0487366989 0.0545019582
v 0.00166586833 0.047687348 0.0199999996
v 0.00295751775 0.0481077507 0.0564142205
vn -0.466025442 0.884748757 0.00631595962
f 8686//2896 8687//2896 8688//2896
v 0.00295751775 0.0481077507 0.0564142205
v 0.00166586833 0.047687348 0.0199999996
v 0.00194256566 0.047755938 0.0574969836
vn -0.326861292 0.945072055 0.000683231163
f 8689//2897 8690//2897 8691//2897
v -0.00320701441 0.048220247 0.0560701191
v -0.00210464955 0.0478013568 0.0573561899
v -0.00166586833 0.047687348 0.0199999996
vn 0.353883356 0.935288668 0.00130222598
f 8692//2898 8693//2898 8694//2898
v -0.00166586833 0.047687348 0.0199999996
v -0.00210464955 0.0478013568 0.0573561899
v -0.00166235038 0.0477031507 0.0576599836
vn 0.21703814 0.97616303 -0.000429886626
f 8695//2899 8696//2899 8697//2899
v -0.00166586833 0.047687348 0.0199999996
v -0.00166235038 0.0477031507 0.0576599836
v 0.00166586833 0.047687348 0.0199999996
vn 1.84072372e-19 0.99999994 -0.000419614633
f 8698//2900 8699//2900 8700//2900
v -0.00166235038 0.0477031507 0.0576599836
v -0.00113971357 0.0475871004 0.0580189563
v 0.00166586833 0.047687348 0.0199999996
vn 0.205121502 0.978576124 0.0177170839
f 8701//2901 8702//2901 8703//2901
v 0.00166586833 0.047687348 0.0199999996
v -0.00113971357 0.0475871004 0.0580189563
v -0.00074730406 0.0475537814 0.05812243
vn 0.0823225081 0.996567726 0.00870265905
f 8704//2902 8705//2902 8706//2902
v 0.00166586833 0.047687348 0.0199999996
v -0.00074730406 0.0475537814 0.05812243
v -0.000126434024 0.0475010648 0.0582861453
vn 0.0823214278 0.996567845 0.00870259106
f 8707//2903 8708//2903 8709//2903
v 0.000992099405 0.0475659072 0.058084663
v 0.00166328705 0.0477000996 0.0576696619
v 0.000747127517 0.0475496314 0.0581352338
vn 0.000445965357 0.951281846 0.3083224
f 8710//2904 8711//2904 8712//2904
v 0.000747127517 0.0475496314 0.0581352338
v 0.00166328705 0.0477000996 0.0576696619
v 0.00166586833 0.047687348 0.0199999996
vn -0.16223751 0.986751676 -0.000345145381
f 8713//2905 8714//2905 8715//2905
v 0.000747127517 0.0475496314 0.0581352338
v 0.00166586833 0.047687348 0.0199999996
v -3.17003404e-16 0.0474999994 0.058289472
vn -0.0658697858 0.997826219 0.00201650546
f 8716//2906 8717//2906 8718//2906
v -3.17003404e-16 0.0474999994 0.058289472
v 0.00166586833 0.047687348 0.0199999996
v -0.000126434024 0.0475010648 0.0582861453
vn 0.00828816183 0.999951839 0.00525331171
f 8719//2907 8720//2907 8721//2907
v 0.00430182321 0.048856359 0.0199999996
v 0.00430182321 0.048856359 0.0541413426
v 0.00874308869 0.051966168 0.0443404168
vn -0.573576629 0.819151938 -9.92033937e-17
f 8722//2908 8723//2908 8724//2908
v 0.00874308869 0.051966168 0.0443404168
v 0.0101602273 0.0529584587 0.0409677848
v 0.00430182321 0.048856359 0.0199999996
vn -0.573576391 0.819152117 -6.79684504e-08
f 8725//2909 8726//2909 8727//2909
v 0.00430182321 0.048856359 0.0199999996
v 0.0101602273 0.0529584587 0.0409677848
v 0.0132691618 0.0551353581 0.033568874
vn -0.57357651 0.819151998 -1.89095726e-08
f 8728//2910 8729//2910 8730//2910
v 0.00430182321 0.048856359 0.0199999996
v 0.0132691618 0.0551353581 0.033568874
v 0.0186290052 0.0588883609 0.0199999996
vn -0.57357645 0.819152057 -4.87733622e-08
f 8731//2911 8732//2911 8733//2911
v -0.00430182321 0.048856359 0.0199999996
v -0.018629007 0.0588883609 0.0199999996
v -0.0125931343 0.0546619967 0.0352216959
vn 0.57357645 0.819152057 5.83319917e-08
f 8734//2912 8735//2912 8736//2912
v -0.0125931343 0.0546619967 0.0352216959
v -0.010177684 0.0529706813 0.0409056768
v -0.00430182321 0.048856359 0.0199999996
vn 0.573576272 0.819152176 -7.54644702e-08
f 8737//2913 8738//2913 8739//2913
v -0.00430182321 0.048856359 0.0199999996
v -0.010177684 0.0529706813 0.0409056768
v -0.00791020971 0.0513829775 0.0462414473
vn 0.573576629 0.819151938 6.6709859e-08
f 8740//2914 8741//2914 8742//2914
v -0.00430182321 0.048856359 0.0199999996
v -0.00791020971 0.0513829775 0.0462414473
v -0.00430182321 0.048856359 0.0541413426
vn 0.573576272 0.819152117 4.04018278e-16
f 8743//2915 8744//2915 8745//2915
v -0.0608449876 -0.0106191505 0.0199999996
v -0.0578578822 -0.00164999999 0.0199999996
v -0.0617647059 -3.36651577e-16 0.0199999996
vn -4.38670052e-16 -1.86055221e-16 1
f 8746//2916 8747//2916 8748//2916
v -0.0617647059 -3.36651577e-16 0.0199999996
v -0.0578578822 -0.00164999999 0.0199999996
v -0.0582999997 -4.11434025e-16 0.0199999996
vn -4.38670052e-16 -1.86055221e-16 1
f 8749//2917 8750//2917 8751//2917
v -0.0617647059 -3.36651577e-16 0.0199999996
v -0.0582999997 -4.11434025e-16 0.0199999996
v -0.0608449876 0.0106191505 0.0199999996
vn -4.38670052e-16 -1.86055221e-16 1
f 8752//2918 8753//2918 8754//2918
v -0.0582999997 -4.11434025e-16 0.0199999996
v -0.0578578822 0.00164999999 0.0199999996
v -0.0608449876 0.0106191505 0.0199999996
vn -4.38670052e-16 -1.86055221e-16 1
f 8755//2919 8756//2919 8757//2919
v -0.0608449876 0.0106191505 0.0199999996
v -0.0578578822 0.00164999999 0.0199999996
v -0.0566499978 0.00285788393 0.0199999996
vn -4.38670052e-16 -1.86055221e-16 1
f 8758//2920 8759//2920 8760//2920
v -0.0608449876 0.0106191505 0.0199999996
v -0.0566499978 0.00285788393 0.0199999996
v -0.0588883609 0.0186290052 0.0199999996
vn -4.38670052e-16 -1.86055221e-16 1
f 8761//2921 8762//2921 8763//2921
v -0.0588883609 0.0186290052 0.0199999996
v -0.0566499978 0.00285788393 0.0199999996
v -0.0549999997 0.00329999998 0.0199999996
vn -4.38670052e-16 -1.86055221e-16 1
f 8764//2922 8765//2922 8766//2922
v -0.0588883609 0.0186290052 0.0199999996
v -0.0549999997 0.00329999998 0.0199999996
v -0.048856359 0.00430182321 0.0199999996
vn -4.38670052e-16 -1.86055221e-16 1
f 8767//2923 8768//2923 8769//2923
v -0.0549999997 0.00329999998 0.0199999996
v -0.0533499978 0.00285788393 0.0199999996
v -0.048856359 0.00430182321 0.0199999996
vn -4.38670052e-16 -1.86055221e-16 1
f 8770//2924 8771//2924 8772//2924
v -0.048856359 0.00430182321 0.0199999996
v -0.0533499978 0.00285788393 0.0199999996
v -0.0521421134 0.00164999999 0.0199999996
vn -4.38670052e-16 -1.86055221e-16 1
f 8773//2925 8774//2925 8775//2925
v -0.048856359 0.00430182321 0.0199999996
v -0.0521421134 0.00164999999 0.0199999996
v -0.047687348 0.00166586833 0.0199999996
vn -4.38670052e-16 -1.86055221e-16 1
f 8776//2926 8777//2926 8778//2926
v -0.047687348 0.00166586833 0.0199999996
v -0.0521421134 0.00164999999 0.0199999996
v -0.0516999997 -3.66003704e-16 0.0199999996
vn -4.38670052e-16 -1.86055221e-16 1
f 8779//2927 8780//2927 8781//2927
v -0.047687348 0.00166586833 0.0199999996
v -0.0516999997 -3.66003704e-16 0.0199999996
v -0.047687348 -0.00166586833 0.0199999996
vn -4.38670052e-16 -1.86055221e-16 1
f 8782//2928 8783//2928 8784//2928
v -0.047687348 -0.00166586833 0.0199999996
v -0.0516999997 -3.66003704e-16 0.0199999996
v -0.048856359 -0.00430182321 0.0199999996
vn -4.38670052e-16 -1.86055221e-16 1
f 8785//2929 8786//2929 8787//2929
v -0.0516999997 -3.66003704e-16 0.0199999996
v -0.0521421134 -0.00164999999 0.0199999996
v -0.048856359 -0.00430182321 0.0199999996
vn -4.38670052e-16 -1.86055221e-16 1
f 8788//2930 8789//2930 8790//2930
v -0.048856359 -0.00430182321 0.0199999996
v -0.0521421134 -0.00164999999 0.0199999996
v -0.0533499978 -0.00285788393 0.0199999996
vn -4.38670052e-16 -1.86055221e-16 1
f 8791//2931 8792//2931 8793//2931
v -0.048856359 -0.00430182321 0.0199999996
v -0.0533499978 -0.00285788393 0.0199999996
v -0.0588883609 -0.0186290052 0.0199999996
vn -4.38670052e-16 -1.86055221e-16 1
f 8794//2932 8795//2932 8796//2932
v -0.0588883609 -0.0186290052 0.0199999996
v -0.0533499978 -0.00285788393 0.0199999996
v -0.0549999997 -0.00329999998 0.0199999996
vn -4.38670052e-16 -1.86055221e-16 1
f 8797//2933 8798//2933 8799//2933
v -0.0588883609 -0.0186290052 0.0199999996
v -0.0549999997 -0.00329999998 0.0199999996
v -0.0608449876 -0.0106191505 0.0199999996
vn -4.38670052e-16 -1.86055221e-16 1
f 8800//2934 8801//2934 8802//2934
v -0.0608449876 -0.0106191505 0.0199999996
v -0.0549999997 -0.00329999998 0.0199999996
v -0.0566499978 -0.00285788393 0.0199999996
vn -4.38670052e-16 -1.86055221e-16 1
f 8803//2935 8804//2935 8805//2935
v -0.0608449876 -0.0106191505 0.0199999996
v -0.0566499978 -0.00285788393 0.0199999996
v -0.0578578822 -0.00164999999 0.0199999996
vn -4.38670052e-16 -1.86055221e-16 1
f 8806//2936 8807//2936 8808//2936
v -0.048856359 -0.00430182321 0.0199999996
v -0.048856359 -0.00430182321 0.0541413426
v -0.047687348 -0.00166586833 0.0199999996
vn -0.914136171 0.40540725 -3.25576039e-16
f 8809//2937 8810//2937 8811//2937
v -0.047687348 -0.00166586833 0.0199999996
v -0.048856359 -0.00430182321 0.0541413426
v -0.0481708981 -0.00310054352 0.0562208481
vn -0.874107659 0.485673308 0.00756770233
f 8812//2938 8813//2938 8814//2938
v -0.047687348 0.00166586833 0.0199999996
v -0.0476960763 0.00166425086 0.0576819368
v -0.0477249287 0.00182299945 0.0575926453
vn -0.983858585 -0.178947672 -0.000235574684
f 8815//2939 8816//2939 8817//2939
v -0.048856359 0.00430182321 0.0541413426
v -0.048856359 0.00430182321 0.0199999996
v -0.048671186 0.00402444229 0.0546997674
vn -0.831700861 -0.555224001 -4.68144575e-16
f 8818//2940 8819//2940 8820//2940
v -0.048671186 0.00402444229 0.0546997674
v -0.048856359 0.00430182321 0.0199999996
v -0.047687348 0.00166586833 0.0199999996
vn -0.914134979 -0.405406713 0.00163750455
f 8821//2941 8822//2941 8823//2941
v -0.048671186 0.00402444229 0.0546997674
v -0.047687348 0.00166586833 0.0199999996
v -0.0480669737 0.00286061969 0.0565392487
vn -0.891086876 -0.453798473 0.00558021525
f 8824//2942 8825//2942 8826//2942
v -0.0480669737 0.00286061969 0.0565392487
v -0.047687348 0.00166586833 0.0199999996
v -0.0477249287 0.00182299945 0.0575926453
vn -0.949837148 -0.312744707 0.000357685727
f 8827//2943 8828//2943 8829//2943
v -0.0481708981 -0.00310054352 0.0562208481
v -0.04780351 -0.00211199722 0.0573495477
v -0.047687348 -0.00166586833 0.0199999996
vn -0.937816024 0.347130507 0.00122963649
f 8830//2944 8831//2944 8832//2944
v -0.047687348 -0.00166586833 0.0199999996
v -0.04780351 -0.00211199722 0.0573495477
v -0.0477030687 -0.00166234933 0.0576602332
vn -0.975884676 0.218286365 -0.000427765917
f 8833//2945 8834//2945 8835//2945
v -0.047687348 -0.00166586833 0.0199999996
v -0.0477030687 -0.00166234933 0.0576602332
v -0.0475888476 -0.00115101459 0.0580135398
vn -0.975884497 0.218287066 -0.000427765917
f 8836//2946 8837//2946 8838//2946
v -0.0476960763 0.00166425086 0.0576819368
v -0.047687348 0.00166586833 0.0199999996
v -0.0475487188 0.000853492413 0.0581379794
vn -0.98385787 -0.178951398 -0.000235574684
f 8839//2947 8840//2947 8841//2947
v -0.0475487188 0.000853492413 0.0581379794
v -0.047687348 0.00166586833 0.0199999996
v -0.047687348 -0.00166586833 0.0199999996
vn -0.999993384 -6.76294907e-19 0.00363491499
f 8842//2948 8843//2948 8844//2948
v -0.0475487188 0.000853492413 0.0581379794
v -0.047687348 -0.00166586833 0.0199999996
v -0.04750783 6.81181902e-08 0.0582651161
vn -0.998879015 -0.0468557253 0.00672611129
f 8845//2949 8846//2949 8847//2949
v -0.04750783 6.81181902e-08 0.0582651161
v -0.047687348 -0.00166586833 0.0199999996
v -0.0475888476 -0.00115101459 0.0580135398
vn -0.997555912 0.0698536485 0.00163876463
f 8848//2950 8849//2950 8850//2950
v -0.04750783 6.81181902e-08 0.0582651161
v -0.0475888476 -0.00115101459 0.0580135398
v -0.0475012548 -0.000137158611 0.0582855605
vn -0.951907158 3.61895909e-05 0.30638653
f 8851//2951 8852//2951 8853//2951
v -0.048856359 0.00430182321 0.0199999996
v -0.048856359 0.00430182321 0.0541413426
v -0.0519661643 0.00874308869 0.0443404168
vn -0.819152236 -0.573576152 -4.66054415e-16
f 8854//2952 8855//2952 8856//2952
v -0.0519661643 0.00874308869 0.0443404168
v -0.0522436313 0.00913935062 0.0433973558
v -0.048856359 0.00430182321 0.0199999996
vn -0.819151103 -0.573577762 4.44503286e-07
f 8857//2953 8858//2953 8859//2953
v -0.048856359 0.00430182321 0.0199999996
v -0.0522436313 0.00913935062 0.0433973558
v -0.0551353581 0.0132691618 0.033568874
vn -0.819151938 -0.57357657 6.9982903e-08
f 8860//2954 8861//2954 8862//2954
v -0.048856359 0.00430182321 0.0199999996
v -0.0551353581 0.0132691618 0.033568874
v -0.0588883609 0.0186290052 0.0199999996
vn -0.819151998 -0.57357645 -2.41328113e-08
f 8863//2955 8864//2955 8865//2955
v -0.048856359 -0.00430182321 0.0199999996
v -0.0588883609 -0.0186290052 0.0199999996
v -0.0546619967 -0.0125931343 0.0352216959
vn -0.819151998 0.57357645 7.86410936e-08
f 8866//2956 8867//2956 8868//2956
v -0.0546619967 -0.0125931343 0.0352216959
v -0.05227229 -0.00918027665 0.043252755
v -0.048856359 -0.00430182321 0.0199999996
vn -0.819152176 0.573576272 -9.37358138e-08
f 8869//2957 8870//2957 8871//2957
v -0.048856359 -0.00430182321 0.0199999996
v -0.05227229 -0.00918027665 0.043252755
v -0.0513829775 -0.00791020971 0.0462414473
vn -0.81915158 0.573577046 1.56643196e-07
f 8872//2958 8873//2958 8874//2958
v -0.048856359 -0.00430182321 0.0199999996
v -0.0513829775 -0.00791020971 0.0462414473
v -0.048856359 -0.00430182321 0.0541413426
vn -0.819152117 0.573576272 -2.52620641e-16
f 8875//2959 8876//2959 8877//2959
v 1.47614994e-15 -0.0516999997 0.0199999996
v -0.00225529354 -0.047847122 0.0199999996
v -0.00164999999 -0.0521421172 0.0199999996
vn -4.38670052e-16 -1.86055221e-16 1
f 8878//2960 8879//2960 8880//2960
v -0.00164999999 -0.0521421172 0.0199999996
v -0.00225529354 -0.047847122 0.0199999996
v -0.00430182321 -0.048856359 0.0199999996
vn -4.38670052e-16 -1.86055221e-16 1
f 8881//2961 8882//2961 8883//2961
v -0.00164999999 -0.0521421172 0.0199999996
v -0.00430182321 -0.048856359 0.0199999996
v -0.00285788393 -0.0533500016 0.0199999996
vn -4.38670052e-16 -1.86055221e-16 1
f 8884//2962 8885//2962 8886//2962
v -0.00285788393 -0.0533500016 0.0199999996
v -0.00430182321 -0.048856359 0.0199999996
v -0.00329999998 -0.0549999997 0.0199999996
vn -4.38670052e-16 -1.86055221e-16 1
f 8887//2963 8888//2963 8889//2963
v -0.00329999998 -0.0549999997 0.0199999996
v -0.00430182321 -0.048856359 0.0199999996
v -0.018629007 -0.0588883609 0.0199999996
vn -4.38670052e-16 -1.86055221e-16 1
f 8890//2964 8891//2964 8892//2964
v -0.00329999998 -0.0549999997 0.0199999996
v -0.018629007 -0.0588883609 0.0199999996
v -0.00285788393 -0.0566500016 0.0199999996
vn -4.38670052e-16 -1.86055221e-16 1
f 8893//2965 8894//2965 8895//2965
v -0.00285788393 -0.0566500016 0.0199999996
v -0.018629007 -0.0588883609 0.0199999996
v -0.0115735512 -0.0606706813 0.0199999996
vn -4.38670052e-16 -1.86055221e-16 1
f 8896//2966 8897//2966 8898//2966
v -0.00285788393 -0.0566500016 0.0199999996
v -0.0115735512 -0.0606706813 0.0199999996
v -0.00164999999 -0.0578578822 0.0199999996
vn -4.38670052e-16 -1.86055221e-16 1
f 8899//2967 8900//2967 8901//2967
v -0.00164999999 -0.0578578822 0.0199999996
v -0.0115735512 -0.0606706813 0.0199999996
v -0.000970157853 -0.0617570877 0.0199999996
vn -4.38670052e-16 -1.86055221e-16 1
f 8902//2968 8903//2968 8904//2968
v -0.00164999999 -0.0578578822 0.0199999996
v -0.000970157853 -0.0617570877 0.0199999996
v 1.47614994e-15 -0.0582999997 0.0199999996
vn -4.38670052e-16 -1.86055221e-16 1
f 8905//2969 8906//2969 8907//2969
v 1.47614994e-15 -0.0582999997 0.0199999996
v -0.000970157853 -0.0617570877 0.0199999996
v -3.00206952e-16 -0.0617647059 0.0199999996
vn -4.38670052e-16 -1.86055221e-16 1
f 8908//2970 8909//2970 8910//2970
v 1.47614994e-15 -0.0582999997 0.0199999996
v -3.00206952e-16 -0.0617647059 0.0199999996
v 0.00164999999 -0.0578578822 0.0199999996
vn -4.38670052e-16 -1.86055221e-16 1
f 8911//2971 8912//2971 8913//2971
v 0.00164999999 -0.0578578822 0.0199999996
v -3.00206952e-16 -0.0617647059 0.0199999996
v 0.000970157795 -0.0617570877 0.0199999996
vn -4.38670052e-16 -1.86055221e-16 1
f 8914//2972 8915//2972 8916//2972
v 0.00164999999 -0.0578578822 0.0199999996
v 0.000970157795 -0.0617570877 0.0199999996
v 0.00285788369 -0.0566500016 0.0199999996
vn -4.38670052e-16 -1.86055221e-16 1
f 8917//2973 8918//2973 8919//2973
v 0.00285788369 -0.0566500016 0.0199999996
v 0.000970157795 -0.0617570877 0.0199999996
v 0.0115735522 -0.0606706813 0.0199999996
vn -4.38670052e-16 -1.86055221e-16 1
f 8920//2974 8921//2974 8922//2974
v 0.00285788369 -0.0566500016 0.0199999996
v 0.0115735522 -0.0606706813 0.0199999996
v 0.00329999998 -0.0549999997 0.0199999996
vn -4.38670052e-16 -1.86055221e-16 1
f 8923//2975 8924//2975 8925//2975
v 0.00329999998 -0.0549999997 0.0199999996
v 0.0115735522 -0.0606706813 0.0199999996
v 0.0186290052 -0.0588883609 0.0199999996
vn -4.38670052e-16 -1.86055221e-16 1
f 8926//2976 8927//2976 8928//2976
v 0.00329999998 -0.0549999997 0.0199999996
v 0.0186290052 -0.0588883609 0.0199999996
v 0.00285788369 -0.0533500016 0.0199999996
vn -4.38670052e-16 -1.86055221e-16 1
f 8929//2977 8930//2977 8931//2977
v 0.00285788369 -0.0533500016 0.0199999996
v 0.0186290052 -0.0588883609 0.0199999996
v 0.00430182321 -0.048856359 0.0199999996
vn -4.38670052e-16 -1.86055221e-16 1
f 8932//2978 8933//2978 8934//2978
v 0.00285788369 -0.0533500016 0.0199999996
v 0.00430182321 -0.048856359 0.0199999996
v 0.00164999999 -0.0521421172 0.0199999996
vn -4.38670052e-16 -1.86055221e-16 1
f 8935//2979 8936//2979 8937//2979
v 0.00164999999 -0.0521421172 0.0199999996
v 0.00430182321 -0.048856359 0.0199999996
v 0.00225529331 -0.047847122 0.0199999996
vn -4.38670052e-16 -1.86055221e-16 1
f 8938//2980 8939//2980 8940//2980
v 0.00164999999 -0.0521421172 0.0199999996
v 0.00225529331 -0.047847122 0.0199999996
v 1.47614994e-15 -0.0516999997 0.0199999996
vn -4.38670052e-16 -1.86055221e-16 1
f 8941//2981 8942//2981 8943//2981
v 1.47614994e-15 -0.0516999997 0.0199999996
v 0.00225529331 -0.047847122 0.0199999996
v 1.47614994e-15 -0.0474999994 0.0199999996
vn -4.38670052e-16 -1.86055221e-16 1
f 8944//2982 8945//2982 8946//2982
v 1.47614994e-15 -0.0516999997 0.0199999996
v 1.47614994e-15 -0.0474999994 0.0199999996
v -0.00225529354 -0.047847122 0.0199999996
vn -4.38670052e-16 -1.86055221e-16 1
f 8947//2983 8948//2983 8949//2983
v -0.00430182321 -0.048856359 0.0541413426
v -0.00430182321 -0.048856359 0.0199999996
v -0.00412565889 -0.0487366989 0.0545019582
vn 0.561887085 -0.827213943 9.25755792e-17
f 8950//2984 8951//2984 8952//2984
v -0.00412565889 -0.0487366989 0.0545019582
v -0.00430182321 -0.048856359 0.0199999996
v -0.00225529354 -0.047847122 0.0199999996
vn 0.442288578 -0.896872401 0.000852250902
f 8953//2985 8954//2985 8955//2985
v -0.00412565889 -0.0487366989 0.0545019582
v -0.00225529354 -0.047847122 0.0199999996
v -0.00295751775 -0.0481077507 0.0564142205
vn 0.470562845 -0.882362187 0.00275913253
f 8956//2986 8957//2986 8958//2986
v 1.47614994e-15 -0.0474999994 0.0199999996
v -3.17003404e-16 -0.0474999994 0.058289472
v -0.000747127575 -0.0475496314 0.0581352338
vn 0.0662843883 -0.997800767 2.91855091e-15
f 8959//2987 8960//2987 8961//2987
v -0.000747127575 -0.0475496314 0.0581352338
v -0.000992099405 -0.0475659072 0.058084663
v 1.47614994e-15 -0.0474999994 0.0199999996
vn 0.0662932396 -0.997800171 1.74276977e-07
f 8962//2988 8963//2988 8964//2988
v 1.47614994e-15 -0.0474999994 0.0199999996
v -0.000992099405 -0.0475659072 0.058084663
v -0.00194256555 -0.047755938 0.0574969836
vn 0.194056511 -0.980984628 0.0033574875
f 8965//2989 8966//2989 8967//2989
v 1.47614994e-15 -0.0474999994 0.0199999996
v -0.00194256555 -0.047755938 0.0574969836
v -0.00225529354 -0.047847122 0.0199999996
vn 0.152123153 -0.988360882 0.00113474403
f 8968//2990 8969//2990 8970//2990
v -0.00225529354 -0.047847122 0.0199999996
v -0.00194256555 -0.047755938 0.0574969836
v -0.00225003902 -0.0478625186 0.057168968
vn 0.327932 -0.944701254 -0.000437685987
f 8971//2991 8972//2991 8973//2991
v -0.00225529354 -0.047847122 0.0199999996
v -0.00225003902 -0.0478625186 0.057168968
v -0.00295751775 -0.0481077507 0.0564142205
vn 0.327927619 -0.944702744 -0.000437685987
f 8974//2992 8975//2992 8976//2992
v -0.00430182321 -0.048856359 0.0199999996
v -0.00430182321 -0.048856359 0.0541413426
v -0.00874308869 -0.051966168 0.0443404168
vn 0.573576629 -0.819151938 9.92033937e-17
f 8977//2993 8978//2993 8979//2993
v -0.00874308869 -0.051966168 0.0443404168
v -0.0101602273 -0.0529584587 0.0409677848
v -0.00430182321 -0.048856359 0.0199999996
vn 0.573576391 -0.819152117 -6.79684504e-08
f 8980//2994 8981//2994 8982//2994
v -0.00430182321 -0.048856359 0.0199999996
v -0.0101602273 -0.0529584587 0.0409677848
v -0.0132691618 -0.0551353581 0.033568874
vn 0.57357651 -0.819151998 -1.89095726e-08
f 8983//2995 8984//2995 8985//2995
v -0.00430182321 -0.048856359 0.0199999996
v -0.0132691618 -0.0551353581 0.033568874
v -0.018629007 -0.0588883609 0.0199999996
vn 0.57357645 -0.819152057 -4.87733622e-08
f 8986//2996 8987//2996 8988//2996
v 0.00430182321 -0.048856359 0.0199999996
v 0.0186290052 -0.0588883609 0.0199999996
v 0.0125931343 -0.0546619967 0.0352216959
vn -0.57357645 -0.819152057 5.83319917e-08
f 8989//2997 8990//2997 8991//2997
v 0.0125931343 -0.0546619967 0.0352216959
v 0.010177684 -0.0529706813 0.0409056768
v 0.00430182321 -0.048856359 0.0199999996
vn -0.573576272 -0.819152176 -7.54644702e-08
f 8992//2998 8993//2998 8994//2998
v 0.00430182321 -0.048856359 0.0199999996
v 0.010177684 -0.0529706813 0.0409056768
v 0.00791020971 -0.0513829775 0.0462414473
vn -0.573576629 -0.819151938 6.6709859e-08
f 8995//2999 8996//2999 8997//2999
v 0.00430182321 -0.048856359 0.0199999996
v 0.00791020971 -0.0513829775 0.0462414473
v 0.00430182321 -0.048856359 0.0541413426
vn -0.573576272 -0.819152117 -4.04018278e-16
f 8998//3000 8999//3000 9000//3000
v -0.0343164243 0.0525251999 0.0173776969
v -0.0348312408 0.0533131845 0.0139428508
v -0.0391148441 0.0502547547 0.0139428508
vn -0.560449004 0.78495878 0.264076978
f 9001//3001 9002//3001 9003//3001
v -2.97549863e-16 0.0636828989 0.0139428508
v -2.95993758e-16 0.064000003 0.0103955166
v -0.00528507819 0.0637814105 0.0103955166
vn -0.041161146 0.995184183 0.0889617503
f 9004//3002 9005//3002 9006//3002
v -2.99056629e-16 0.0627416447 0.0173776969
v -2.97549863e-16 0.0636828989 0.0139428508
v -0.000984139508 0.0627009347 0.0173776969
vn -0.0398635305 0.963677347 0.264077425
f 9007//3003 9008//3003 9009//3003
v -0.000984139508 0.0627009347 0.0173776969
v -2.97549863e-16 0.0636828989 0.0139428508
v -0.00525889173 0.0634653866 0.0139428508
vn -0.0398585089 0.963677168 0.264078826
f 9010//3004 9011//3004 9012//3004
v -0.000984139508 0.0627009347 0.0173776969
v -0.00525889173 0.0634653866 0.0139428508
v -0.00518116355 0.0625273511 0.0173776969
vn -0.0398565009 0.963677883 0.264076471
f 9013//3005 9014//3005 9015//3005
v -0.00518116355 0.0625273511 0.0173776969
v -0.00525889173 0.0634653866 0.0139428508
v -0.0104818605 0.0628143474 0.0139428508
vn -0.119301178 0.957094967 0.264076501
f 9016//3006 9017//3006 9018//3006
v -0.00518116355 0.0625273511 0.0173776969
v -0.0104818605 0.0628143474 0.0139428508
v -0.010326935 0.0618859269 0.0173776969
vn -0.119302511 0.957094252 0.264078498
f 9019//3007 9020//3007 9021//3007
v -0.010326935 0.0618859269 0.0173776969
v -0.0104818605 0.0628143474 0.0139428508
v -0.0117477421 0.0615880154 0.0173776969
vn -0.197930157 0.943973601 0.264078468
f 9022//3008 9023//3008 9024//3008
v -0.0117477421 0.0615880154 0.0173776969
v -0.0104818605 0.0628143474 0.0139428508
v -0.0156332273 0.0617342182 0.0139428508
vn -0.197930709 0.943973601 0.264078259
f 9025//3009 9026//3009 9027//3009
v -0.0117477421 0.0615880154 0.0173776969
v -0.0156332273 0.0617342182 0.0139428508
v -0.0154021624 0.0608217642 0.0173776969
vn -0.19793044 0.94397372 0.264077961
f 9028//3010 9029//3010 9030//3010
v -0.0154021624 0.0608217642 0.0173776969
v -0.0156332273 0.0617342182 0.0139428508
v -0.0206778031 0.0602323823 0.0139428508
vn -0.275207281 0.924404562 0.264077932
f 9031//3011 9032//3011 9033//3011
v -0.0154021624 0.0608217642 0.0173776969
v -0.0206778031 0.0602323823 0.0139428508
v -0.0203721784 0.0593421273 0.0173776969
vn -0.275207072 0.92440474 0.264077604
f 9034//3012 9035//3012 9036//3012
v -0.0203721784 0.0593421273 0.0173776969
v -0.0206778031 0.0602323823 0.0139428508
v -0.0221594274 0.0586447418 0.0173776969
vn -0.350603431 0.898521125 0.264077604
f 9037//3013 9038//3013 9039//3013
v -0.0221594274 0.0586447418 0.0173776969
v -0.0206778031 0.0602323823 0.0139428508
v -0.0255811289 0.0583190992 0.0139428508
vn -0.350603878 0.898521066 0.264077365
f 9040//3014 9041//3014 9042//3014
v -0.0221594274 0.0586447418 0.0173776969
v -0.0255811289 0.0583190992 0.0139428508
v -0.0252030306 0.057457123 0.0173776969
vn -0.350604236 0.898520768 0.264077753
f 9043//3015 9044//3015 9045//3015
v -0.0252030306 0.057457123 0.0173776969
v -0.0255811289 0.0583190992 0.0139428508
v -0.0303097088 0.0560074374 0.0139428508
vn -0.42360571 0.866499364 0.264077783
f 9046//3016 9047//3016 9048//3016
v -0.0252030306 0.057457123 0.0173776969
v -0.0303097088 0.0560074374 0.0139428508
v -0.0298617221 0.0551796257 0.0173776969
vn -0.423605919 0.866499126 0.26407817
f 9049//3017 9050//3017 9051//3017
v -0.0348312408 0.0533131845 0.0139428508
v -0.0343164243 0.0525251999 0.0173776969
v -0.0303097088 0.0560074374 0.0139428508
vn -0.493714422 0.828558624 0.264076978
f 9052//3018 9053//3018 9054//3018
v -0.0303097088 0.0560074374 0.0139428508
v -0.0343164243 0.0525251999 0.0173776969
v -0.031910833 0.0539586209 0.0173776969
vn -0.493713737 0.828558743 0.264077902
f 9055//3019 9056//3019 9057//3019
v -0.0303097088 0.0560074374 0.0139428508
v -0.031910833 0.0539586209 0.0173776969
v -0.0298617221 0.0551796257 0.0173776969
vn -0.493713409 0.828558862 0.26407811
f 9058//3020 9059//3020 9060//3020
v -0.0468530282 0.0431312509 0.0139428508
v -0.0424937569 0.0461605266 0.0173776969
v -0.0431312509 0.0468530282 0.0139428508
vn -0.682005584 0.682005584 0.264077187
f 9061//3021 9062//3021 9063//3021
v -0.0431312509 0.0468530282 0.0139428508
v -0.0424937569 0.0461605266 0.0173776969
v -0.0407131426 0.0476686284 0.0173776969
vn -0.623356283 0.735996068 0.264077157
f 9064//3022 9065//3022 9066//3022
v -0.0431312509 0.0468530282 0.0139428508
v -0.0407131426 0.0476686284 0.0173776969
v -0.0391148441 0.0502547547 0.0139428508
vn -0.623356879 0.735995352 0.264077783
f 9067//3023 9068//3023 9069//3023
v -0.0391148441 0.0502547547 0.0139428508
v -0.0407131426 0.0476686284 0.0173776969
v -0.0385367125 0.0495119728 0.0173776969
vn -0.623356938 0.735995293 0.264077693
f 9070//3024 9071//3024 9072//3024
v -0.0391148441 0.0502547547 0.0139428508
v -0.0385367125 0.0495119728 0.0173776969
v -0.0343164243 0.0525251999 0.0173776969
vn -0.560449302 0.784958303 0.264077693
f 9073//3025 9074//3025 9075//3025
v -0.0533131845 0.0348312445 0.0139428508
v -0.0495119691 0.0385367125 0.0173776969
v -0.050254751 0.0391148441 0.0139428508
vn -0.784958065 0.56044966 0.264077693
f 9076//3026 9077//3026 9078//3026
v -0.050254751 0.0391148441 0.0139428508
v -0.0495119691 0.0385367125 0.0173776969
v -0.0483055748 0.0399611033 0.0173776969
vn -0.735996485 0.623355567 0.264077723
f 9079//3027 9080//3027 9081//3027
v -0.050254751 0.0391148441 0.0139428508
v -0.0483055748 0.0399611033 0.0173776969
v -0.0468530282 0.0431312509 0.0139428508
vn -0.735995829 0.623356581 0.264077097
f 9082//3028 9083//3028 9084//3028
v -0.0468530282 0.0431312509 0.0139428508
v -0.0483055748 0.0399611033 0.0173776969
v -0.0461605266 0.0424937569 0.0173776969
vn -0.73599577 0.62335664 0.264077157
f 9085//3029 9086//3029 9087//3029
v -0.0468530282 0.0431312509 0.0139428508
v -0.0461605266 0.0424937569 0.0173776969
v -0.0424937569 0.0461605266 0.0173776969
vn -0.682005584 0.682005584 0.264077187
f 9088//3030 9089//3030 9090//3030
v -0.0583190955 0.0255811289 0.0139428508
v -0.0551796257 0.0298617203 0.0173776969
v -0.0560074337 0.0303097088 0.0139428508
vn -0.866499424 0.42360574 0.264077514
f 9091//3031 9092//3031 9093//3031
v -0.0560074337 0.0303097088 0.0139428508
v -0.0551796257 0.0298617203 0.0173776969
v -0.0544630699 0.0310642608 0.0173776969
vn -0.828559637 0.493712485 0.264077544
f 9094//3032 9095//3032 9096//3032
v -0.0560074337 0.0303097088 0.0139428508
v -0.0544630699 0.0310642608 0.0173776969
v -0.0533131845 0.0348312445 0.0139428508
vn -0.828559041 0.493713766 0.264077008
f 9097//3033 9098//3033 9099//3033
v -0.0533131845 0.0348312445 0.0139428508
v -0.0544630699 0.0310642608 0.0173776969
v -0.0525251999 0.0343164243 0.0173776969
vn -0.828558683 0.493714094 0.264077455
f 9100//3034 9101//3034 9102//3034
v -0.0533131845 0.0348312445 0.0139428508
v -0.0525251999 0.0343164243 0.0173776969
v -0.0495119691 0.0385367125 0.0173776969
vn -0.784958005 0.560449779 0.264077544
f 9103//3035 9104//3035 9105//3035
v -0.0617342144 0.0156332273 0.0139428508
v -0.0593421273 0.0203721784 0.0173776969
v -0.0602323823 0.0206778031 0.0139428508
vn -0.92440486 0.275206685 0.264077604
f 9106//3036 9107//3036 9108//3036
v -0.0602323823 0.0206778031 0.0139428508
v -0.0593421273 0.0203721784 0.0173776969
v -0.0590029284 0.0212414712 0.0173776969
vn -0.898521006 0.350603759 0.264077604
f 9109//3037 9110//3037 9111//3037
v -0.0602323823 0.0206778031 0.0139428508
v -0.0590029284 0.0212414712 0.0173776969
v -0.0583190955 0.0255811289 0.0139428508
vn -0.898520827 0.350604475 0.264077425
f 9112//3038 9113//3038 9114//3038
v -0.0583190955 0.0255811289 0.0139428508
v -0.0590029284 0.0212414712 0.0173776969
v -0.057457123 0.0252030306 0.0173776969
vn -0.898521125 0.350604087 0.264076859
f 9115//3039 9116//3039 9117//3039
v -0.0583190955 0.0255811289 0.0139428508
v -0.057457123 0.0252030306 0.0173776969
v -0.0551796257 0.0298617203 0.0173776969
vn -0.866499364 0.423606217 0.264076889
f 9118//3040 9119//3040 9120//3040
v -0.0628143474 -0.0104818605 0.0139428508
v -0.0625273511 -0.00518116355 0.0173776969
v -0.0634653866 -0.00525889173 0.0139428508
vn -0.957094967 -0.119301178 0.264076501
f 9121//3041 9122//3041 9123//3041
v -0.0634653866 -0.00525889173 0.0139428508
v -0.0625273511 -0.00518116355 0.0173776969
v -0.0627416447 -3.31095862e-16 0.0173776969
vn -0.963677824 -0.039857842 0.264076501
f 9124//3042 9125//3042 9126//3042
v -0.0634653866 -0.00525889173 0.0139428508
v -0.0627416447 -3.31095862e-16 0.0173776969
v -0.0636828989 -4.02426015e-16 0.0139428508
vn -0.963677526 -0.0398585238 0.264077485
f 9127//3043 9128//3043 9129//3043
v -0.0636828989 -4.02426015e-16 0.0139428508
v -0.0627416447 -3.31095862e-16 0.0173776969
v -0.0625273511 0.00518116355 0.0173776969
vn -0.963677585 0.0398578309 0.264077485
f 9130//3044 9131//3044 9132//3044
v -0.0636828989 -4.02426015e-16 0.0139428508
v -0.0625273511 0.00518116355 0.0173776969
v -0.0634653866 0.00525889173 0.0139428508
vn -0.963677824 0.0398585349 0.264076501
f 9133//3045 9134//3045 9135//3045
v -0.0634653866 0.00525889173 0.0139428508
v -0.0625273511 0.00518116355 0.0173776969
v -0.0618859269 0.010326935 0.0173776969
vn -0.957094908 0.119301893 0.264076501
f 9136//3046 9137//3046 9138//3046
v -0.0634653866 0.00525889173 0.0139428508
v -0.0618859269 0.010326935 0.0173776969
v -0.0628143474 0.0104818605 0.0139428508
vn -0.957094729 0.119301148 0.264077514
f 9139//3047 9140//3047 9141//3047
v -0.0628143474 0.0104818605 0.0139428508
v -0.0618859269 0.010326935 0.0173776969
v -0.0617901944 0.0107835112 0.0173776969
vn -0.943974435 0.197927609 0.264077544
f 9142//3048 9143//3048 9144//3048
v -0.0628143474 0.0104818605 0.0139428508
v -0.0617901944 0.0107835112 0.0173776969
v -0.0617342144 0.0156332273 0.0139428508
vn -0.943973899 0.197930738 0.264077127
f 9145//3049 9146//3049 9147//3049
v -0.0617342144 0.0156332273 0.0139428508
v -0.0617901944 0.0107835112 0.0173776969
v -0.0608217642 0.0154021624 0.0173776969
vn -0.943973899 0.197930694 0.264077067
f 9148//3050 9149//3050 9150//3050
v -0.0617342144 0.0156332273 0.0139428508
v -0.0608217642 0.0154021624 0.0173776969
v -0.0593421273 0.0203721784 0.0173776969
vn -0.92440486 0.275207072 0.264077067
f 9151//3051 9152//3051 9153//3051
v -0.0602323823 -0.0206778031 0.0139428508
v -0.0608217642 -0.0154021624 0.0173776969
v -0.0617342144 -0.0156332273 0.0139428508
vn -0.924404979 -0.275206715 0.264077067
f 9154//3052 9155//3052 9156//3052
v -0.0617342144 -0.0156332273 0.0139428508
v -0.0608217642 -0.0154021624 0.0173776969
v -0.0617901944 -0.0107835112 0.0173776969
vn -0.943973899 -0.197930694 0.264077067
f 9157//3053 9158//3053 9159//3053
v -0.0617342144 -0.0156332273 0.0139428508
v -0.0617901944 -0.0107835112 0.0173776969
v -0.0628143474 -0.0104818605 0.0139428508
vn -0.943973899 -0.197930738 0.264077127
f 9160//3054 9161//3054 9162//3054
v -0.0628143474 -0.0104818605 0.0139428508
v -0.0617901944 -0.0107835112 0.0173776969
v -0.0618859269 -0.010326935 0.0173776969
vn -0.943974435 -0.197927609 0.264077544
f 9163//3055 9164//3055 9165//3055
v -0.0628143474 -0.0104818605 0.0139428508
v -0.0618859269 -0.010326935 0.0173776969
v -0.0625273511 -0.00518116355 0.0173776969
vn -0.95709461 -0.119301863 0.264077514
f 9166//3056 9167//3056 9168//3056
v -0.0560074337 -0.0303097088 0.0139428508
v -0.057457123 -0.0252030306 0.0173776969
v -0.0583190955 -0.0255811289 0.0139428508
vn -0.866499543 -0.423605829 0.264076889
f 9169//3057 9170//3057 9171//3057
v -0.0583190955 -0.0255811289 0.0139428508
v -0.057457123 -0.0252030306 0.0173776969
v -0.0590029284 -0.0212414712 0.0173776969
vn -0.898521125 -0.350604087 0.264076859
f 9172//3058 9173//3058 9174//3058
v -0.0583190955 -0.0255811289 0.0139428508
v -0.0590029284 -0.0212414712 0.0173776969
v -0.0602323823 -0.0206778031 0.0139428508
vn -0.898520827 -0.350604475 0.264077425
f 9175//3059 9176//3059 9177//3059
v -0.0602323823 -0.0206778031 0.0139428508
v -0.0590029284 -0.0212414712 0.0173776969
v -0.0593421273 -0.0203721784 0.0173776969
vn -0.898521006 -0.350603759 0.264077604
f 9178//3060 9179//3060 9180//3060
v -0.0602323823 -0.0206778031 0.0139428508
v -0.0593421273 -0.0203721784 0.0173776969
v -0.0608217642 -0.0154021624 0.0173776969
vn -0.92440474 -0.275207043 0.264077604
f 9181//3061 9182//3061 9183//3061
v -0.050254751 -0.0391148441 0.0139428508
v -0.0525251999 -0.0343164243 0.0173776969
v -0.0533131845 -0.0348312445 0.0139428508
vn -0.784958065 -0.560449719 0.264077544
f 9184//3062 9185//3062 9186//3062
v -0.0533131845 -0.0348312445 0.0139428508
v -0.0525251999 -0.0343164243 0.0173776969
v -0.0544630699 -0.0310642608 0.0173776969
vn -0.828558683 -0.493714094 0.264077455
f 9187//3063 9188//3063 9189//3063
v -0.0533131845 -0.0348312445 0.0139428508
v -0.0544630699 -0.0310642608 0.0173776969
v -0.0560074337 -0.0303097088 0.0139428508
vn -0.828559041 -0.493713766 0.264077008
f 9190//3064 9191//3064 9192//3064
v -0.0560074337 -0.0303097088 0.0139428508
v -0.0544630699 -0.0310642608 0.0173776969
v -0.0551796257 -0.0298617203 0.0173776969
vn -0.828559637 -0.493712485 0.264077544
f 9193//3065 9194//3065 9195//3065
v -0.0560074337 -0.0303097088 0.0139428508
v -0.0551796257 -0.0298617203 0.0173776969
v -0.057457123 -0.0252030306 0.0173776969
vn -0.866499245 -0.423606128 0.264077514
f 9196//3066 9197//3066 9198//3066
v -0.0431312509 -0.0468530282 0.0139428508
v -0.0461605266 -0.0424937569 0.0173776969
v -0.0468530282 -0.0431312509 0.0139428508
vn -0.682005584 -0.682005584 0.264077187
f 9199//3067 9200//3067 9201//3067
v -0.0468530282 -0.0431312509 0.0139428508
v -0.0461605266 -0.0424937569 0.0173776969
v -0.0483055748 -0.0399611033 0.0173776969
vn -0.73599577 -0.62335664 0.264077157
f 9202//3068 9203//3068 9204//3068
v -0.0468530282 -0.0431312509 0.0139428508
v -0.0483055748 -0.0399611033 0.0173776969
v -0.050254751 -0.0391148441 0.0139428508
vn -0.735995829 -0.623356581 0.264077097
f 9205//3069 9206//3069 9207//3069
v -0.050254751 -0.0391148441 0.0139428508
v -0.0483055748 -0.0399611033 0.0173776969
v -0.0495119691 -0.0385367125 0.0173776969
vn -0.735996485 -0.623355567 0.264077723
f 9208//3070 9209//3070 9210//3070
v -0.050254751 -0.0391148441 0.0139428508
v -0.0495119691 -0.0385367125 0.0173776969
v -0.0525251999 -0.0343164243 0.0173776969
vn -0.784957945 -0.560449779 0.264077693
f 9211//3071 9212//3071 9213//3071
v -0.0385367125 -0.0495119728 0.0173776969
v -0.0407131426 -0.0476686284 0.0173776969
v -0.0431312509 -0.0468530282 0.0139428508
vn -0.623356938 -0.735995293 0.264077812
f 9214//3072 9215//3072 9216//3072
v -0.0431312509 -0.0468530282 0.0139428508
v -0.0407131426 -0.0476686284 0.0173776969
v -0.0424937569 -0.0461605266 0.0173776969
vn -0.623356283 -0.735996068 0.264077157
f 9217//3073 9218//3073 9219//3073
v -0.0431312509 -0.0468530282 0.0139428508
v -0.0424937569 -0.0461605266 0.0173776969
v -0.0461605266 -0.0424937569 0.0173776969
vn -0.682005584 -0.682005584 0.264077187
f 9220//3074 9221//3074 9222//3074
v -0.0431312509 -0.0468530282 0.0139428508
v -0.0391148441 -0.0502547547 0.0139428508
v -0.0385367125 -0.0495119728 0.0173776969
vn -0.623356879 -0.735995352 0.264077693
f 9223//3075 9224//3075 9225//3075
v -0.0385367125 -0.0495119728 0.0173776969
v -0.0391148441 -0.0502547547 0.0139428508
v -0.0348312408 -0.0533131845 0.0139428508
vn -0.560448885 -0.784958601 0.264077693
f 9226//3076 9227//3076 9228//3076
v -0.0385367125 -0.0495119728 0.0173776969
v -0.0348312408 -0.0533131845 0.0139428508
v -0.0343164243 -0.0525251999 0.0173776969
vn -0.560449421 -0.784958482 0.264076978
f 9229//3077 9230//3077 9231//3077
v -0.0343164243 -0.0525251999 0.0173776969
v -0.0348312408 -0.0533131845 0.0139428508
v -0.031910833 -0.0539586209 0.0173776969
vn -0.493713856 -0.828558981 0.264076948
f 9232//3078 9233//3078 9234//3078
v -0.031910833 -0.0539586209 0.0173776969
v -0.0348312408 -0.0533131845 0.0139428508
v -0.0303097088 -0.0560074374 0.0139428508
vn -0.493714362 -0.828558505 0.264077455
f 9235//3079 9236//3079 9237//3079
v -0.031910833 -0.0539586209 0.0173776969
v -0.0303097088 -0.0560074374 0.0139428508
v -0.0298617221 -0.0551796257 0.0173776969
vn -0.493713409 -0.828558862 0.26407811
f 9238//3080 9239//3080 9240//3080
v -0.0298617221 -0.0551796257 0.0173776969
v -0.0303097088 -0.0560074374 0.0139428508
v -0.0255811289 -0.0583190992 0.0139428508
vn -0.42360568 -0.866499245 0.26407817
f 9241//3081 9242//3081 9243//3081
v -0.0298617221 -0.0551796257 0.0173776969
v -0.0255811289 -0.0583190992 0.0139428508
v -0.0252030306 -0.057457123 0.0173776969
vn -0.423605978 -0.866499245 0.264077753
f 9244//3082 9245//3082 9246//3082
v -0.0252030306 -0.057457123 0.0173776969
v -0.0255811289 -0.0583190992 0.0139428508
v -0.0221594274 -0.0586447418 0.0173776969
vn -0.350604236 -0.898520768 0.264077753
f 9247//3083 9248//3083 9249//3083
v -0.0221594274 -0.0586447418 0.0173776969
v -0.0255811289 -0.0583190992 0.0139428508
v -0.0206778031 -0.0602323823 0.0139428508
vn -0.350603878 -0.898521066 0.264077365
f 9250//3084 9251//3084 9252//3084
v -0.0221594274 -0.0586447418 0.0173776969
v -0.0206778031 -0.0602323823 0.0139428508
v -0.0203721784 -0.0593421273 0.0173776969
vn -0.350603431 -0.898521125 0.264077604
f 9253//3085 9254//3085 9255//3085
v -0.0203721784 -0.0593421273 0.0173776969
v -0.0206778031 -0.0602323823 0.0139428508
v -0.0156332273 -0.0617342182 0.0139428508
vn -0.275207311 -0.924404621 0.264077604
f 9256//3086 9257//3086 9258//3086
v -0.0203721784 -0.0593421273 0.0173776969
v -0.0156332273 -0.0617342182 0.0139428508
v -0.0154021624 -0.0608217642 0.0173776969
vn -0.275207043 -0.924404621 0.264077932
f 9259//3087 9260//3087 9261//3087
v -0.0154021624 -0.0608217642 0.0173776969
v -0.0156332273 -0.0617342182 0.0139428508
v -0.0117477421 -0.0615880154 0.0173776969
vn -0.19793044 -0.94397372 0.264077961
f 9262//3088 9263//3088 9264//3088
v -0.0117477421 -0.0615880154 0.0173776969
v -0.0156332273 -0.0617342182 0.0139428508
v -0.0104818605 -0.0628143474 0.0139428508
vn -0.197930709 -0.943973601 0.264078259
f 9265//3089 9266//3089 9267//3089
v -0.0117477421 -0.0615880154 0.0173776969
v -0.0104818605 -0.0628143474 0.0139428508
v -0.010326935 -0.0618859269 0.0173776969
vn -0.197930157 -0.943973601 0.264078468
f 9268//3090 9269//3090 9270//3090
v -0.010326935 -0.0618859269 0.0173776969
v -0.0104818605 -0.0628143474 0.0139428508
v -0.00525889173 -0.0634653866 0.0139428508
vn -0.119301118 -0.957094431 0.264078498
f 9271//3091 9272//3091 9273//3091
v -0.010326935 -0.0618859269 0.0173776969
v -0.00525889173 -0.0634653866 0.0139428508
v -0.00518116355 -0.0625273511 0.0173776969
vn -0.119302578 -0.957094848 0.264076501
f 9274//3092 9275//3092 9276//3092
v -2.97549863e-16 0.0636828989 0.0139428508
v -0.00528507819 0.0637814105 0.0103955166
v -0.00525889173 0.0634653866 0.0139428508
vn -0.0411616638 0.995184124 0.0889625177
f 9277//3093 9278//3093 9279//3093
v -0.00525889173 0.0634653866 0.0139428508
v -0.00528507819 0.0637814105 0.0103955166
v -0.0105340537 0.0631271228 0.0103955166
vn -0.123202838 0.988385916 0.0889625102
f 9280//3094 9281//3094 9282//3094
v -0.00525889173 0.0634653866 0.0139428508
v -0.0105340537 0.0631271228 0.0103955166
v -0.0104818605 0.0628143474 0.0139428508
vn -0.123201609 0.988386214 0.088960655
f 9283//3095 9284//3095 9285//3095
v -0.0104818605 0.0628143474 0.0139428508
v -0.0105340537 0.0631271228 0.0103955166
v -0.0157110728 0.0620416179 0.0103955166
vn -0.204401389 0.974836409 0.0889606625
f 9286//3096 9287//3096 9288//3096
v -0.0104818605 0.0628143474 0.0139428508
v -0.0157110728 0.0620416179 0.0103955166
v -0.0156332273 0.0617342182 0.0139428508
vn -0.20440194 0.97483623 0.0889615193
f 9289//3097 9290//3097 9291//3097
v -0.0156332273 0.0617342182 0.0139428508
v -0.0157110728 0.0620416179 0.0103955166
v -0.0207807664 0.0605323017 0.0103955166
vn -0.284205407 0.954627216 0.0889615417
f 9292//3098 9293//3098 9294//3098
v -0.0156332273 0.0617342182 0.0139428508
v -0.0207807664 0.0605323017 0.0103955166
v -0.0206778031 0.0602323823 0.0139428508
vn -0.284205019 0.954627395 0.0889608786
f 9295//3099 9296//3099 9297//3099
v -0.0206778031 0.0602323823 0.0139428508
v -0.0207807664 0.0605323017 0.0103955166
v -0.0257085077 0.0586094931 0.0103955166
vn -0.362066358 0.927897573 0.0889609009
f 9298//3100 9299//3100 9300//3100
v -0.0206778031 0.0602323823 0.0139428508
v -0.0257085077 0.0586094931 0.0103955166
v -0.0255811289 0.0583190992 0.0139428508
vn -0.362066597 0.927897453 0.0889612585
f 9301//3101 9302//3101 9303//3101
v -0.0255811289 0.0583190992 0.0139428508
v -0.0257085077 0.0586094931 0.0103955166
v -0.0304606333 0.0562863201 0.0103955166
vn -0.437455267 0.894828916 0.088961266
f 9304//3102 9305//3102 9306//3102
v -0.0255811289 0.0583190992 0.0139428508
v -0.0304606333 0.0562863201 0.0103955166
v -0.0303097088 0.0560074374 0.0139428508
vn -0.437455207 0.894828975 0.0889611766
f 9307//3103 9308//3103 9309//3103
v -0.0303097088 0.0560074374 0.0139428508
v -0.0304606333 0.0562863201 0.0103955166
v -0.0350046828 0.0535786562 0.0103955166
vn -0.509855032 0.85564816 0.0889611989
f 9310//3104 9311//3104 9312//3104
v -0.0303097088 0.0560074374 0.0139428508
v -0.0350046828 0.0535786562 0.0103955166
v -0.0348312408 0.0533131845 0.0139428508
vn -0.509855866 0.855647445 0.0889627486
f 9313//3105 9314//3105 9315//3105
v -0.0348312408 0.0533131845 0.0139428508
v -0.0350046828 0.0535786562 0.0103955166
v -0.0393096134 0.0505049936 0.0103955166
vn -0.578772962 0.810621679 0.0889627635
f 9316//3106 9317//3106 9318//3106
v -0.0348312408 0.0533131845 0.0139428508
v -0.0393096134 0.0505049936 0.0103955166
v -0.0391148441 0.0502547547 0.0139428508
vn -0.578772366 0.810622215 0.0889615566
f 9319//3107 9320//3107 9321//3107
v -0.0391148441 0.0502547547 0.0139428508
v -0.0393096134 0.0505049936 0.0103955166
v -0.0433460213 0.047086332 0.0103955166
vn -0.643736541 0.760058641 0.088961564
f 9322//3108 9323//3108 9324//3108
v -0.0391148441 0.0502547547 0.0139428508
v -0.0433460213 0.047086332 0.0103955166
v -0.0431312509 0.0468530282 0.0139428508
vn -0.643737018 0.760058105 0.0889626071
f 9325//3109 9326//3109 9327//3109
v -0.0431312509 0.0468530282 0.0139428508
v -0.0433460213 0.047086332 0.0103955166
v -0.0470863283 0.0433460213 0.0103955166
vn -0.704303443 0.704302728 0.0889625922
f 9328//3110 9329//3110 9330//3110
v -0.0431312509 0.0468530282 0.0139428508
v -0.0470863283 0.0433460213 0.0103955166
v -0.0468530282 0.0431312509 0.0139428508
vn -0.704303145 0.704303145 0.0889618546
f 9331//3111 9332//3111 9333//3111
v -0.0468530282 0.0431312509 0.0139428508
v -0.0470863283 0.0433460213 0.0103955166
v -0.0505049899 0.0393096134 0.0103955166
vn -0.760058582 0.643736541 0.0889618099
f 9334//3112 9335//3112 9336//3112
v -0.0468530282 0.0431312509 0.0139428508
v -0.0505049899 0.0393096134 0.0103955166
v -0.050254751 0.0391148441 0.0139428508
vn -0.760058522 0.64373666 0.088961564
f 9337//3113 9338//3113 9339//3113
v -0.050254751 0.0391148441 0.0139428508
v -0.0505049899 0.0393096134 0.0103955166
v -0.0535786524 0.0350046828 0.0103955166
vn -0.810621738 0.578773022 0.0889615566
f 9340//3114 9341//3114 9342//3114
v -0.050254751 0.0391148441 0.0139428508
v -0.0535786524 0.0350046828 0.0103955166
v -0.0533131845 0.0348312445 0.0139428508
vn -0.810621679 0.578773201 0.0889613107
f 9343//3115 9344//3115 9345//3115
v -0.0533131845 0.0348312445 0.0139428508
v -0.0535786524 0.0350046828 0.0103955166
v -0.0562863201 0.0304606333 0.0103955166
vn -0.855647743 0.509855747 0.0889613256
f 9346//3116 9347//3116 9348//3116
v -0.0533131845 0.0348312445 0.0139428508
v -0.0562863201 0.0304606333 0.0103955166
v -0.0560074337 0.0303097088 0.0139428508
vn -0.855647922 0.50985527 0.0889620855
f 9349//3117 9350//3117 9351//3117
v -0.0560074337 0.0303097088 0.0139428508
v -0.0562863201 0.0304606333 0.0103955166
v -0.0586094931 0.0257085077 0.0103955166
vn -0.894828856 0.437455237 0.0889621153
f 9352//3118 9353//3118 9354//3118
v -0.0560074337 0.0303097088 0.0139428508
v -0.0586094931 0.0257085077 0.0103955166
v -0.0583190955 0.0255811289 0.0139428508
vn -0.894828856 0.437455177 0.0889622048
f 9355//3119 9356//3119 9357//3119
v -0.0583190955 0.0255811289 0.0139428508
v -0.0586094931 0.0257085077 0.0103955166
v -0.0605323017 0.0207807664 0.0103955166
vn -0.927897453 0.362066329 0.0889622271
f 9358//3120 9359//3120 9360//3120
v -0.0583190955 0.0255811289 0.0139428508
v -0.0605323017 0.0207807664 0.0103955166
v -0.0602323823 0.0206778031 0.0139428508
vn -0.927897215 0.362067223 0.0889608935
f 9361//3121 9362//3121 9363//3121
v -0.0602323823 0.0206778031 0.0139428508
v -0.0605323017 0.0207807664 0.0103955166
v -0.0620416142 0.015711071 0.0103955166
vn -0.954627514 0.284204692 0.0889608786
f 9364//3122 9365//3122 9366//3122
v -0.0602323823 0.0206778031 0.0139428508
v -0.0620416142 0.015711071 0.0103955166
v -0.0617342144 0.0156332273 0.0139428508
vn -0.954627573 0.284204334 0.0889614001
f 9367//3123 9368//3123 9369//3123
v -0.0617342144 0.0156332273 0.0139428508
v -0.0620416142 0.015711071 0.0103955166
v -0.0631271228 0.0105340537 0.0103955166
vn -0.974836349 0.204401404 0.0889614075
f 9370//3124 9371//3124 9372//3124
v -0.0617342144 0.0156332273 0.0139428508
v -0.0631271228 0.0105340537 0.0103955166
v -0.0628143474 0.0104818605 0.0139428508
vn -0.974836349 0.204401925 0.0889606625
f 9373//3125 9374//3125 9375//3125
v -0.0628143474 0.0104818605 0.0139428508
v -0.0631271228 0.0105340537 0.0103955166
v -0.0637814105 0.00528507819 0.0103955166
vn -0.988386095 0.12320286 0.088960655
f 9376//3126 9377//3126 9378//3126
v -0.0628143474 0.0104818605 0.0139428508
v -0.0637814105 0.00528507819 0.0103955166
v -0.0634653866 0.00525889173 0.0139428508
vn -0.988386095 0.123201594 0.0889625177
f 9379//3127 9380//3127 9381//3127
v -0.0634653866 0.00525889173 0.0139428508
v -0.0637814105 0.00528507819 0.0103955166
v -0.064000003 -3.80243704e-16 0.0103955166
vn -0.995184124 0.041161146 0.0889625102
f 9382//3128 9383//3128 9384//3128
v -0.0634653866 0.00525889173 0.0139428508
v -0.064000003 -3.80243704e-16 0.0103955166
v -0.0636828989 -4.02426015e-16 0.0139428508
vn -0.995184183 0.0411616676 0.0889617503
f 9385//3129 9386//3129 9387//3129
v -0.0636828989 -4.02426015e-16 0.0139428508
v -0.064000003 -3.80243704e-16 0.0103955166
v -0.0637814105 -0.00528507819 0.0103955166
vn -0.995184183 -0.041161146 0.0889617503
f 9388//3130 9389//3130 9390//3130
v -0.0636828989 -4.02426015e-16 0.0139428508
v -0.0637814105 -0.00528507819 0.0103955166
v -0.0634653866 -0.00525889173 0.0139428508
vn -0.995184124 -0.0411616638 0.0889625177
f 9391//3131 9392//3131 9393//3131
v -0.0634653866 -0.00525889173 0.0139428508
v -0.0637814105 -0.00528507819 0.0103955166
v -0.0631271228 -0.0105340537 0.0103955166
vn -0.988385916 -0.123202838 0.0889625102
f 9394//3132 9395//3132 9396//3132
v -0.0634653866 -0.00525889173 0.0139428508
v -0.0631271228 -0.0105340537 0.0103955166
v -0.0628143474 -0.0104818605 0.0139428508
vn -0.988386214 -0.123201609 0.088960655
f 9397//3133 9398//3133 9399//3133
v -0.0628143474 -0.0104818605 0.0139428508
v -0.0631271228 -0.0105340537 0.0103955166
v -0.0620416142 -0.015711071 0.0103955166
vn -0.974836409 -0.204401419 0.0889606625
f 9400//3134 9401//3134 9402//3134
v -0.0628143474 -0.0104818605 0.0139428508
v -0.0620416142 -0.015711071 0.0103955166
v -0.0617342144 -0.0156332273 0.0139428508
vn -0.97483623 -0.20440191 0.0889614075
f 9403//3135 9404//3135 9405//3135
v -0.0617342144 -0.0156332273 0.0139428508
v -0.0620416142 -0.015711071 0.0103955166
v -0.0605323017 -0.0207807664 0.0103955166
vn -0.954627454 -0.284204692 0.0889614001
f 9406//3136 9407//3136 9408//3136
v -0.0617342144 -0.0156332273 0.0139428508
v -0.0605323017 -0.0207807664 0.0103955166
v -0.0602323823 -0.0206778031 0.0139428508
vn -0.954627573 -0.284204364 0.0889608786
f 9409//3137 9410//3137 9411//3137
v -0.0602323823 -0.0206778031 0.0139428508
v -0.0605323017 -0.0207807664 0.0103955166
v -0.0586094931 -0.0257085077 0.0103955166
vn -0.927897573 -0.362066358 0.0889609009
f 9412//3138 9413//3138 9414//3138
v -0.0602323823 -0.0206778031 0.0139428508
v -0.0586094931 -0.0257085077 0.0103955166
v -0.0583190955 -0.0255811289 0.0139428508
vn -0.927897155 -0.362067163 0.0889622346
f 9415//3139 9416//3139 9417//3139
v -0.0583190955 -0.0255811289 0.0139428508
v -0.0586094931 -0.0257085077 0.0103955166
v -0.0562863201 -0.0304606333 0.0103955166
vn -0.894828856 -0.437455237 0.0889622048
f 9418//3140 9419//3140 9420//3140
v -0.0583190955 -0.0255811289 0.0139428508
v -0.0562863201 -0.0304606333 0.0103955166
v -0.0560074337 -0.0303097088 0.0139428508
vn -0.894828856 -0.437455177 0.0889621153
f 9421//3141 9422//3141 9423//3141
v -0.0560074337 -0.0303097088 0.0139428508
v -0.0562863201 -0.0304606333 0.0103955166
v -0.0535786524 -0.0350046828 0.0103955166
vn -0.855647683 -0.509855688 0.0889620855
f 9424//3142 9425//3142 9426//3142
v -0.0560074337 -0.0303097088 0.0139428508
v -0.0535786524 -0.0350046828 0.0103955166
v -0.0533131845 -0.0348312445 0.0139428508
vn -0.855647981 -0.50985527 0.0889613256
f 9427//3143 9428//3143 9429//3143
v -0.0533131845 -0.0348312445 0.0139428508
v -0.0535786524 -0.0350046828 0.0103955166
v -0.0505049899 -0.0393096134 0.0103955166
vn -0.810621798 -0.578773022 0.0889613107
f 9430//3144 9431//3144 9432//3144
v -0.0533131845 -0.0348312445 0.0139428508
v -0.0505049899 -0.0393096134 0.0103955166
v -0.050254751 -0.0391148441 0.0139428508
vn -0.810621679 -0.578773141 0.0889615566
f 9433//3145 9434//3145 9435//3145
v -0.050254751 -0.0391148441 0.0139428508
v -0.0505049899 -0.0393096134 0.0103955166
v -0.0470863283 -0.0433460213 0.0103955166
vn -0.760058641 -0.643736541 0.088961564
f 9436//3146 9437//3146 9438//3146
v -0.050254751 -0.0391148441 0.0139428508
v -0.0470863283 -0.0433460213 0.0103955166
v -0.0468530282 -0.0431312509 0.0139428508
vn -0.760058522 -0.64373666 0.0889618099
f 9439//3147 9440//3147 9441//3147
v -0.0468530282 -0.0431312509 0.0139428508
v -0.0470863283 -0.0433460213 0.0103955166
v -0.0433460213 -0.047086332 0.0103955166
vn -0.704303503 -0.704302788 0.088961862
f 9442//3148 9443//3148 9444//3148
v -0.0468530282 -0.0431312509 0.0139428508
v -0.0433460213 -0.047086332 0.0103955166
v -0.0431312509 -0.0468530282 0.0139428508
vn -0.704303086 -0.704303086 0.0889625922
f 9445//3149 9446//3149 9447//3149
v -0.0431312509 -0.0468530282 0.0139428508
v -0.0433460213 -0.047086332 0.0103955166
v -0.0393096134 -0.0505049936 0.0103955166
vn -0.643736482 -0.760058522 0.0889626071
f 9448//3150 9449//3150 9450//3150
v -0.0431312509 -0.0468530282 0.0139428508
v -0.0393096134 -0.0505049936 0.0103955166
v -0.0391148441 -0.0502547547 0.0139428508
vn -0.643737078 -0.760058165 0.088961564
f 9451//3151 9452//3151 9453//3151
v -0.0391148441 -0.0502547547 0.0139428508
v -0.0393096134 -0.0505049936 0.0103955166
v -0.0350046828 -0.0535786562 0.0103955166
vn -0.578773022 -0.810621738 0.0889615566
f 9454//3152 9455//3152 9456//3152
v -0.0391148441 -0.0502547547 0.0139428508
v -0.0350046828 -0.0535786562 0.0103955166
v -0.0348312408 -0.0533131845 0.0139428508
vn -0.578772306 -0.810622156 0.0889627635
f 9457//3153 9458//3153 9459//3153
v -0.0348312408 -0.0533131845 0.0139428508
v -0.0350046828 -0.0535786562 0.0103955166
v -0.0304606333 -0.0562863201 0.0103955166
vn -0.509854972 -0.855648041 0.0889627486
f 9460//3154 9461//3154 9462//3154
v -0.0348312408 -0.0533131845 0.0139428508
v -0.0304606333 -0.0562863201 0.0103955166
v -0.0303097088 -0.0560074374 0.0139428508
vn -0.509855986 -0.855647564 0.0889611915
f 9463//3155 9464//3155 9465//3155
v -0.0303097088 -0.0560074374 0.0139428508
v -0.0304606333 -0.0562863201 0.0103955166
v -0.0257085077 -0.0586094931 0.0103955166
vn -0.437455267 -0.894828916 0.0889611766
f 9466//3156 9467//3156 9468//3156
v -0.0303097088 -0.0560074374 0.0139428508
v -0.0257085077 -0.0586094931 0.0103955166
v -0.0255811289 -0.0583190992 0.0139428508
vn -0.437455207 -0.894828916 0.088961266
f 9469//3157 9470//3157 9471//3157
v -0.0255811289 -0.0583190992 0.0139428508
v -0.0257085077 -0.0586094931 0.0103955166
v -0.0207807664 -0.0605323017 0.0103955166
vn -0.362066358 -0.927897513 0.0889612585
f 9472//3158 9473//3158 9474//3158
v -0.0255811289 -0.0583190992 0.0139428508
v -0.0207807664 -0.0605323017 0.0103955166
v -0.0206778031 -0.0602323823 0.0139428508
vn -0.362066597 -0.927897453 0.0889608935
f 9475//3159 9476//3159 9477//3159
v -0.0206778031 -0.0602323823 0.0139428508
v -0.0207807664 -0.0605323017 0.0103955166
v -0.0157110728 -0.0620416179 0.0103955166
vn -0.284205437 -0.954627275 0.0889608786
f 9478//3160 9479//3160 9480//3160
v -0.0206778031 -0.0602323823 0.0139428508
v -0.0157110728 -0.0620416179 0.0103955166
v -0.0156332273 -0.0617342182 0.0139428508
vn -0.28420499 -0.954627335 0.0889615417
f 9481//3161 9482//3161 9483//3161
v -0.0156332273 -0.0617342182 0.0139428508
v -0.0157110728 -0.0620416179 0.0103955166
v -0.0105340537 -0.0631271228 0.0103955166
vn -0.204401374 -0.974836349 0.0889615119
f 9484//3162 9485//3162 9486//3162
v -0.0156332273 -0.0617342182 0.0139428508
v -0.0105340537 -0.0631271228 0.0103955166
v -0.0104818605 -0.0628143474 0.0139428508
vn -0.204401955 -0.97483629 0.0889606625
f 9487//3163 9488//3163 9489//3163
v -0.0104818605 -0.0628143474 0.0139428508
v -0.0105340537 -0.0631271228 0.0103955166
v -0.00528507819 -0.0637814105 0.0103955166
vn -0.12320286 -0.988386095 0.088960655
f 9490//3164 9491//3164 9492//3164
v -0.0104818605 -0.0628143474 0.0139428508
v -0.00528507819 -0.0637814105 0.0103955166
v -0.00525889173 -0.0634653866 0.0139428508
vn -0.123201594 -0.988386095 0.0889625177
f 9493//3165 9494//3165 9495//3165
v -0.00525889173 -0.0634653866 0.0139428508
v -0.00528507819 -0.0637814105 0.0103955166
v -2.95993758e-16 -0.064000003 0.0103955166
vn -0.0411611423 -0.995184124 0.0889625102
f 9496//3166 9497//3166 9498//3166
v -0.00525889173 -0.0634653866 0.0139428508
v -2.95993758e-16 -0.064000003 0.0103955166
v -2.97549863e-16 -0.0636828989 0.0139428508
vn -0.0411616638 -0.995184183 0.0889617503
f 9499//3167 9500//3167 9501//3167
v -0.00518116355 -0.0625273511 0.0173776969
v -0.00525889173 -0.0634653866 0.0139428508
v -0.000984139508 -0.0627009347 0.0173776969
vn -0.0398565009 -0.963677883 0.264076471
f 9502//3168 9503//3168 9504//3168
v -0.000984139508 -0.0627009347 0.0173776969
v -0.00525889173 -0.0634653866 0.0139428508
v -2.97549863e-16 -0.0636828989 0.0139428508
vn -0.0398585089 -0.963677168 0.264078826
f 9505//3169 9506//3169 9507//3169
v -0.000984139508 -0.0627009347 0.0173776969
v -2.97549863e-16 -0.0636828989 0.0139428508
v -2.99056629e-16 -0.0627416447 0.0173776969
vn -0.0398635305 -0.963677347 0.264077425
f 9508//3170 9509//3170 9510//3170
v -0.0318198055 0.0484619401 0.00999999978
v -0.0318198055 0.0484619401 -4.94179949e-18
v -0.0305698067 0.048127003 0.00999999978
vn -0.258819371 -0.965925753 -2.93251833e-16
f 9511//3171 9512//3171 9513//3171
v -0.0305698067 0.048127003 0.00999999978
v -0.0318198055 0.0484619401 -4.94179949e-18
v -0.0305698067 0.048127003 -4.45577836e-18
vn -0.258819371 -0.965925753 -2.93251833e-16
f 9514//3172 9515//3172 9516//3172
v -0.0305698067 0.048127003 0.00999999978
v -0.0305698067 0.048127003 -4.45577836e-18
v -0.0296547431 0.0472119413 0.00999999978
vn -0.707106054 -0.707107484 -4.41747296e-16
f 9517//3173 9518//3173 9519//3173
v -0.0296547431 0.0472119413 0.00999999978
v -0.0305698067 0.048127003 -4.45577836e-18
v -0.0296547431 0.0472119413 -4.22461942e-18
vn -0.707106054 -0.707107484 -4.41747296e-16
f 9520//3174 9521//3174 9522//3174
v -0.0296547431 0.0472119413 0.00999999978
v -0.0296547431 0.0472119413 -4.22461942e-18
v -0.029319806 0.0459619425 0.00999999978
vn -0.965925634 -0.258819729 -4.71877449e-16
f 9523//3175 9524//3175 9525//3175
v -0.029319806 0.0459619425 0.00999999978
v -0.0296547431 0.0472119413 -4.22461942e-18
v -0.029319806 0.0459619425 -4.31026116e-18
vn -0.965925634 -0.258819729 -4.71877449e-16
f 9526//3176 9527//3176 9528//3176
v -0.029319806 0.0459619425 0.00999999978
v -0.029319806 0.0459619425 -4.31026116e-18
v -0.0296547431 0.04471194 0.00999999978
vn -0.965925813 0.258819014 -3.75568109e-16
f 9529//3177 9530//3177 9531//3177
v -0.0296547431 0.04471194 0.00999999978
v -0.029319806 0.0459619425 -4.31026116e-18
v -0.0296547431 0.04471194 -4.68975756e-18
vn -0.965925813 0.258819014 -3.75568109e-16
f 9532//3178 9533//3178 9534//3178
v -0.0296547431 0.04471194 0.00999999978
v -0.0296547431 0.04471194 -4.68975756e-18
v -0.0305698067 0.0437968783 0.00999999978
vn -0.707106054 0.707107484 -1.7862522e-16
f 9535//3179 9536//3179 9537//3179
v -0.0305698067 0.0437968783 0.00999999978
v -0.0296547431 0.04471194 -4.68975756e-18
v -0.0305698067 0.0437968783 -5.26142084e-18
vn -0.707106054 0.707107484 -1.7862522e-16
f 9538//3180 9539//3180 9540//3180
v -0.0305698067 0.0437968783 0.00999999978
v -0.0305698067 0.0437968783 -5.26142084e-18
v -0.0318198055 0.0434619412 0.00999999978
vn -0.258819371 0.965925753 6.61792202e-17
f 9541//3181 9542//3181 9543//3181
v -0.0318198055 0.0434619412 0.00999999978
v -0.0305698067 0.0437968783 -5.26142084e-18
v -0.0318198055 0.0434619412 -5.87207535e-18
vn -0.258819371 0.965925753 6.61792202e-17
f 9544//3182 9545//3182 9546//3182
v -0.0318198055 0.0484619401 0.00999999978
v -0.0305698067 0.048127003 0.00999999978
v -0.0296547431 0.0472119413 0.00999999978
vn 4.38670052e-16 1.86055221e-16 -1
f 9547//3183 9548//3183 9549//3183
v -0.033984866 0.04471194 0.00999999978
v -0.0296547431 0.0472119413 0.00999999978
v -0.029319806 0.0459619425 0.00999999978
vn 4.38670052e-16 1.86055221e-16 -1
f 9550//3184 9551//3184 9552//3184
v -0.033984866 0.04471194 0.00999999978
v -0.0343198031 0.0459619425 0.00999999978
v -0.033984866 0.0472119413 0.00999999978
vn 4.38670052e-16 1.86055221e-16 -1
f 9553//3185 9554//3185 9555//3185
v -0.0318198055 0.0434619412 0.00999999978
v -0.0330698043 0.0437968783 0.00999999978
v -0.0305698067 0.0437968783 0.00999999978
vn 4.38670052e-16 1.86055221e-16 -1
f 9556//3186 9557//3186 9558//3186
v -0.0305698067 0.0437968783 0.00999999978
v -0.0330698043 0.0437968783 0.00999999978
v -0.033984866 0.04471194 0.00999999978
vn 4.38670052e-16 1.86055221e-16 -1
f 9559//3187 9560//3187 9561//3187
v -0.0305698067 0.0437968783 0.00999999978
v -0.033984866 0.04471194 0.00999999978
v -0.0296547431 0.04471194 0.00999999978
vn 4.38670052e-16 1.86055221e-16 -1
f 9562//3188 9563//3188 9564//3188
v -0.0296547431 0.04471194 0.00999999978
v -0.033984866 0.04471194 0.00999999978
v -0.029319806 0.0459619425 0.00999999978
vn 4.38670052e-16 1.86055221e-16 -1
f 9565//3189 9566//3189 9567//3189
v -0.0296547431 0.0472119413 0.00999999978
v -0.033984866 0.04471194 0.00999999978
v -0.0318198055 0.0484619401 0.00999999978
vn 4.38670052e-16 1.86055221e-16 -1
f 9568//3190 9569//3190 9570//3190
v -0.0318198055 0.0484619401 0.00999999978
v -0.033984866 0.04471194 0.00999999978
v -0.033984866 0.0472119413 0.00999999978
vn 4.38670052e-16 1.86055221e-16 -1
f 9571//3191 9572//3191 9573//3191
v -0.0318198055 0.0484619401 0.00999999978
v -0.033984866 0.0472119413 0.00999999978
v -0.0330698043 0.048127003 0.00999999978
vn 4.38670052e-16 1.86055221e-16 -1
f 9574//3192 9575//3192 9576//3192
v 0.0487903692 -0.0311126988 0.00999999978
v 0.0487903692 -0.0311126988 1.56141938e-17
v 0.0493823104 -0.032054767 0.00999999978
vn -0.846723974 -0.53203243 -4.70419864e-16
f 9577//3193 9578//3193 9579//3193
v 0.0493823104 -0.032054767 0.00999999978
v 0.0487903692 -0.0311126988 1.56141938e-17
v 0.0493823104 -0.032054767 1.56985844e-17
vn -0.846723974 -0.53203243 -4.70419864e-16
f 9580//3194 9581//3194 9582//3194
v 0.0493823104 -0.032054767 0.00999999978
v 0.0493823104 -0.032054767 1.56985844e-17
v 0.0495068841 -0.0331603773 0.00999999978
vn -0.993712068 -0.111965671 -4.56743512e-16
f 9583//3195 9584//3195 9585//3195
v 0.0495068841 -0.0331603773 0.00999999978
v 0.0493823104 -0.032054767 1.56985844e-17
v 0.0495068841 -0.0331603773 1.55475263e-17
vn -0.993712068 -0.111965671 -4.56743512e-16
f 9586//3196 9587//3196 9588//3196
v 0.0495068841 -0.0331603773 0.00999999978
v 0.0495068841 -0.0331603773 1.55475263e-17
v 0.049139414 -0.0342105441 0.00999999978
vn -0.943883121 0.330279738 -3.52602981e-16
f 9589//3197 9590//3197 9591//3197
v 0.049139414 -0.0342105441 0.00999999978
v 0.0495068841 -0.0331603773 1.55475263e-17
v 0.049139414 -0.0342105441 1.51909387e-17
vn -0.943883121 0.330279738 -3.52602981e-16
f 9592//3198 9593//3198 9594//3198
v 0.049139414 -0.0342105441 0.00999999978
v 0.049139414 -0.0342105441 1.51909387e-17
v 0.0483526811 -0.034997277 0.00999999978
vn -0.707106769 0.707106769 -1.7862567e-16
f 9595//3199 9596//3199 9597//3199
v 0.0483526811 -0.034997277 0.00999999978
v 0.049139414 -0.0342105441 1.51909387e-17
v 0.0483526811 -0.034997277 1.46994478e-17
vn -0.707106769 0.707106769 -1.7862567e-16
f 9598//3200 9599//3200 9600//3200
v 0.0483526811 -0.034997277 0.00999999978
v 0.0483526811 -0.034997277 1.46994478e-17
v 0.0473025143 -0.035364747 0.00999999978
vn -0.330279738 0.943883121 3.07305505e-17
f 9601//3201 9602//3201 9603//3201
v 0.0473025143 -0.035364747 0.00999999978
v 0.0483526811 -0.034997277 1.46994478e-17
v 0.0473025143 -0.035364747 1.41704013e-17
vn -0.330279738 0.943883121 3.07305505e-17
f 9604//3202 9605//3202 9606//3202
v 0.0473025143 -0.035364747 0.00999999978
v 0.0473025143 -0.035364747 1.41704013e-17
v 0.046196904 -0.0352401733 0.00999999978
vn 0.111965671 0.993712068 2.34001322e-16
f 9607//3203 9608//3203 9609//3203
v 0.046196904 -0.0352401733 0.00999999978
v 0.0473025143 -0.035364747 1.41704013e-17
v 0.046196904 -0.0352401733 1.37085797e-17
vn 0.111965671 0.993712068 2.34001322e-16
f 9610//3204 9611//3204 9612//3204
v 0.046196904 -0.0352401733 0.00999999978
v 0.046196904 -0.0352401733 1.37085797e-17
v 0.045254834 -0.0346482322 0.00999999978
vn 0.532031655 0.846724451 3.90923863e-16
f 9613//3205 9614//3205 9615//3205
v 0.045254834 -0.0346482322 0.00999999978
v 0.046196904 -0.0352401733 1.37085797e-17
v 0.045254834 -0.0346482322 1.34054561e-17
vn 0.532031655 0.846724451 3.90923863e-16
f 9616//3206 9617//3206 9618//3206
v 0.0487903692 -0.0311126988 0.00999999978
v 0.0466690473 -0.0289913788 0.00999999978
v 0.0487903692 -0.0311126988 1.56141938e-17
vn -0.707106471 -0.707107067 -4.41747402e-16
f 9619//3207 9620//3207 9621//3207
v 0.0487903692 -0.0311126988 1.56141938e-17
v 0.0466690473 -0.0289913788 0.00999999978
v 0.0466690473 -0.0289913788 1.50783164e-17
vn -0.707106471 -0.707107067 -4.41747402e-16
f 9622//3208 9623//3208 9624//3208
v 0.0431335159 -0.0325269103 0.00999999978
v 0.0431335159 -0.0325269103 1.28695804e-17
v 0.0425236411 -0.0315316878 0.00999999978
vn 0.852639556 0.522499561 4.71241222e-16
f 9625//3209 9626//3209 9627//3209
v 0.0425236411 -0.0315316878 0.00999999978
v 0.0431335159 -0.0325269103 1.28695804e-17
v 0.0425236411 -0.0315316878 1.2787213e-17
vn 0.852639556 0.522499561 4.71241222e-16
f 9628//3210 9629//3210 9630//3210
v 0.0425236411 -0.0315316878 0.00999999978
v 0.0425236411 -0.0315316878 1.2787213e-17
v 0.0424320623 -0.030368058 0.00999999978
vn 0.996917367 0.0784583762 4.51915424e-16
f 9631//3211 9632//3211 9633//3211
v 0.0424320623 -0.030368058 0.00999999978
v 0.0425236411 -0.0315316878 1.2787213e-17
v 0.0424320623 -0.030368058 1.2963539e-17
vn 0.996917367 0.0784583762 4.51915424e-16
f 9634//3212 9635//3212 9636//3212
v 0.0424320623 -0.030368058 0.00999999978
v 0.0424320623 -0.030368058 1.2963539e-17
v 0.0428787395 -0.0292896815 0.00999999978
vn 0.923879802 -0.382682711 3.34078318e-16
f 9637//3213 9638//3213 9639//3213
v 0.0428787395 -0.0292896815 0.00999999978
v 0.0424320623 -0.030368058 1.2963539e-17
v 0.0428787395 -0.0292896815 1.33601208e-17
vn 0.923879802 -0.382682711 3.34078318e-16
f 9640//3214 9641//3214 9642//3214
v 0.0428787395 -0.0292896815 0.00999999978
v 0.0428787395 -0.0292896815 1.33601208e-17
v 0.0437663049 -0.0285316296 0.00999999978
vn 0.649447799 -0.760406196 1.43415767e-16
f 9643//3215 9644//3215 9645//3215
v 0.0437663049 -0.0285316296 0.00999999978
v 0.0428787395 -0.0292896815 1.33601208e-17
v 0.0437663049 -0.0285316296 1.38905082e-17
vn 0.649447799 -0.760406196 1.43415767e-16
f 9646//3216 9647//3216 9648//3216
v 0.0437663049 -0.0285316296 0.00999999978
v 0.0437663049 -0.0285316296 1.38905082e-17
v 0.0449012816 -0.0282591451 0.00999999978
vn 0.233445928 -0.97236979 -7.85087443e-17
f 9649//3217 9650//3217 9651//3217
v 0.0449012816 -0.0282591451 0.00999999978
v 0.0437663049 -0.0285316296 1.38905082e-17
v 0.0449012816 -0.0282591451 1.44390861e-17
vn 0.233445928 -0.97236979 -7.85087443e-17
f 9652//3218 9653//3218 9654//3218
v 0.0431335159 -0.0325269103 0.00999999978
v 0.045254834 -0.0346482322 0.00999999978
v 0.0431335159 -0.0325269103 1.28695804e-17
vn 0.707107425 0.707106173 4.4174764e-16
f 9655//3219 9656//3219 9657//3219
v 0.0431335159 -0.0325269103 1.28695804e-17
v 0.045254834 -0.0346482322 0.00999999978
v 0.045254834 -0.0346482322 1.34054561e-17
vn 0.707107425 0.707106173 4.4174764e-16
f 9658//3220 9659//3220 9660//3220
v 0.045254834 -0.0346482322 0.00999999978
v 0.0431335159 -0.0325269103 0.00999999978
v 0.0466690473 -0.0289913788 0.00999999978
vn 4.38670052e-16 1.86055221e-16 -1
f 9661//3221 9662//3221 9663//3221
v 0.0428787395 -0.0292896815 0.00999999978
v 0.0437663049 -0.0285316296 0.00999999978
v 0.0449012816 -0.0282591451 0.00999999978
vn 4.38670052e-16 1.86055221e-16 -1
f 9664//3222 9665//3222 9666//3222
v 0.0495068841 -0.0331603773 0.00999999978
v 0.049139414 -0.0342105441 0.00999999978
v 0.0493823104 -0.032054767 0.00999999978
vn 4.38670052e-16 1.86055221e-16 -1
f 9667//3223 9668//3223 9669//3223
v 0.0493823104 -0.032054767 0.00999999978
v 0.049139414 -0.0342105441 0.00999999978
v 0.0483526811 -0.034997277 0.00999999978
vn 4.38670052e-16 1.86055221e-16 -1
f 9670//3224 9671//3224 9672//3224
v 0.0493823104 -0.032054767 0.00999999978
v 0.0483526811 -0.034997277 0.00999999978
v 0.0473025143 -0.035364747 0.00999999978
vn 4.38670052e-16 1.86055221e-16 -1
f 9673//3225 9674//3225 9675//3225
v 0.0424320623 -0.030368058 0.00999999978
v 0.0428787395 -0.0292896815 0.00999999978
v 0.0425236411 -0.0315316878 0.00999999978
vn 4.38670052e-16 1.86055221e-16 -1
f 9676//3226 9677//3226 9678//3226
v 0.0425236411 -0.0315316878 0.00999999978
v 0.0428787395 -0.0292896815 0.00999999978
v 0.0449012816 -0.0282591451 0.00999999978
vn 4.38670052e-16 1.86055221e-16 -1
f 9679//3227 9680//3227 9681//3227
v 0.0425236411 -0.0315316878 0.00999999978
v 0.0449012816 -0.0282591451 0.00999999978
v 0.0431335159 -0.0325269103 0.00999999978
vn 4.38670052e-16 1.86055221e-16 -1
f 9682//3228 9683//3228 9684//3228
v 0.0431335159 -0.0325269103 0.00999999978
v 0.0449012816 -0.0282591451 0.00999999978
v 0.045857992 -0.028449446 0.00999999978
vn 4.38670052e-16 1.86055221e-16 -1
f 9685//3229 9686//3229 9687//3229
v 0.0431335159 -0.0325269103 0.00999999978
v 0.045857992 -0.028449446 0.00999999978
v 0.0466690473 -0.0289913788 0.00999999978
vn 4.38670052e-16 1.86055221e-16 -1
f 9688//3230 9689//3230 9690//3230
v 0.0466690473 -0.0289913788 0.00999999978
v 0.0487903692 -0.0311126988 0.00999999978
v 0.045254834 -0.0346482322 0.00999999978
vn 4.38670052e-16 1.86055221e-16 -1
f 9691//3231 9692//3231 9693//3231
v 0.045254834 -0.0346482322 0.00999999978
v 0.0487903692 -0.0311126988 0.00999999978
v 0.0493823104 -0.032054767 0.00999999978
vn 4.38670052e-16 1.86055221e-16 -1
f 9694//3232 9695//3232 9696//3232
v 0.045254834 -0.0346482322 0.00999999978
v 0.0493823104 -0.032054767 0.00999999978
v 0.046196904 -0.0352401733 0.00999999978
vn 4.38670052e-16 1.86055221e-16 -1
f 9697//3233 9698//3233 9699//3233
v 0.046196904 -0.0352401733 0.00999999978
v 0.0493823104 -0.032054767 0.00999999978
v 0.0473025143 -0.035364747 0.00999999978
vn 4.38670052e-16 1.86055221e-16 -1
f 9700//3234 9701//3234 9702//3234
v 0.0451344103 0.0451344065 0.0130000003
v 0.032526914 0.0325269103 0.0130000003
v 0.0440223254 0.0462565497 0.0127882967
vn 0.0939152315 -0.0939152315 -0.991140664
f 9703//3235 9704//3235 9705//3235
v 0.0440223254 0.0462565497 0.0127882967
v 0.032526914 0.0325269103 0.0130000003
v 0.0314519145 0.0335674994 0.0128105655
vn 0.08838287 -0.0892975703 -0.992075801
f 9706//3236 9707//3236 9708//3236
v 0.0440223254 0.0462565497 0.0127882967
v 0.0314519145 0.0335674994 0.0128105655
v 0.043686565 0.0465977341 0.0125860814
vn 0.275654405 -0.274693727 -0.921172082
f 9709//3237 9710//3237 9711//3237
v 0.043686565 0.0465977341 0.0125860814
v 0.0314519145 0.0335674994 0.0128105655
v 0.0310353264 0.0339453891 0.0125824045
vn 0.266217023 -0.265924454 -0.926505625
f 9712//3238 9713//3238 9714//3238
v 0.043686565 0.0465977341 0.0125860814
v 0.0310353264 0.0339453891 0.0125824045
v 0.0429918729 0.0473036505 0.012167695
vn 0.275317848 -0.275026023 -0.921173573
f 9715//3239 9716//3239 9717//3239
v 0.0429918729 0.0473036505 0.012167695
v 0.0310353264 0.0339453891 0.0125824045
v 0.0303519312 0.0345653035 0.0122081153
vn 0.265651047 -0.26653868 -0.926491559
f 9718//3240 9719//3240 9720//3240
v 0.0429918729 0.0473036505 0.012167695
v 0.0303519312 0.0345653035 0.0122081153
v 0.0421463214 0.0481373779 0.0112345936
vn 0.437340647 -0.436457038 -0.786281347
f 9721//3241 9722//3241 9723//3241
v 0.0421463214 0.0481373779 0.0112345936
v 0.0303519312 0.0345653035 0.0122081153
v 0.0293883774 0.0353881493 0.0112424297
vn 0.429084361 -0.429865897 -0.794419229
f 9724//3242 9725//3242 9726//3242
v 0.0421463214 0.0481373779 0.0112345936
v 0.0293883774 0.0353881493 0.0112424297
v 0.0421006754 0.0481823869 0.0111842211
vn 0.436508924 -0.437290519 -0.786280453
f 9727//3243 9728//3243 9729//3243
v 0.0421006754 0.0481823869 0.0111842211
v 0.0293883774 0.0353881493 0.0112424297
v 0.0416215621 0.0486173406 0.0103955166
vn 0.547221422 -0.546600521 -0.633858442
f 9730//3244 9731//3244 9732//3244
v 0.0416215621 0.0486173406 0.0103955166
v 0.0293883774 0.0353881493 0.0112424297
v 0.0286619067 0.0359790921 0.0100380871
vn 0.560778022 -0.557732821 -0.611933053
f 9733//3245 9734//3245 9735//3245
v 0.0416215621 0.0486173406 0.0103955166
v 0.0286619067 0.0359790921 0.0100380871
v 0.0411079675 0.0490520373 0.00907071028
vn 0.629305959 -0.632540345 -0.451516032
f 9736//3246 9737//3246 9738//3246
v 0.0411079675 0.0490520373 0.00907071028
v 0.0286619067 0.0359790921 0.0100380871
v 0.0283355787 0.0362354778 0.00905858912
vn 0.65306896 -0.650451362 -0.387832403
f 9739//3247 9740//3247 9741//3247
v 0.0411079675 0.0490520373 0.00907071028
v 0.0283355787 0.0362354778 0.00905858912
v 0.0410710014 0.049083326 0.00897535216
vn 0.632181346 -0.629575372 -0.451643258
f 9742//3248 9743//3248 9744//3248
v 0.0410710014 0.049083326 0.00897535216
v 0.0283355787 0.0362354778 0.00905858912
v 0.0281741172 0.0363623314 0.00857395213
vn 0.653356731 -0.650152206 -0.387849301
f 9745//3249 9746//3249 9747//3249
v 0.0410710014 0.049083326 0.00897535216
v 0.0281741172 0.0363623314 0.00857395213
v 0.0408238545 0.0492890775 0.00741511723
vn 0.691064477 -0.694276392 -0.201022848
f 9748//3250 9749//3250 9750//3250
v 0.0408238545 0.0492890775 0.00741511723
v 0.0281741172 0.0363623314 0.00857395213
v 0.0280063897 0.0364916734 0.00700000022
vn 0.702482522 -0.699291289 -0.132325143
f 9751//3251 9752//3251 9753//3251
v 0.0408238545 0.0492890775 0.00741511723
v 0.0280063897 0.0364916734 0.00700000022
v 0.0408128835 0.0492981635 0.00700000022
vn 0.706694424 -0.706694484 -0.034144938
f 9754//3252 9755//3252 9756//3252
v 0.0478941463 0.0423994996 0.0115721626
v 0.0481150448 0.0421618819 0.0112127615
v 0.035388127 0.0293884203 0.0112424819
vn -0.52680254 0.523324609 -0.66978389
f 9757//3253 9758//3253 9759//3253
v 0.035388127 0.0293884203 0.0112424819
v 0.0481150448 0.0421618819 0.0112127615
v 0.0486173406 0.0416215584 0.0103955166
vn -0.526803493 0.523325503 -0.66978246
f 9760//3254 9761//3254 9762//3254
v 0.035388127 0.0293884203 0.0112424819
v 0.0486173406 0.0416215584 0.0103955166
v 0.0360005274 0.0286349822 0.00997910928
vn -0.559926808 0.563461661 -0.607447863
f 9763//3255 9764//3255 9765//3255
v 0.0360005274 0.0286349822 0.00997910928
v 0.0486173406 0.0416215584 0.0103955166
v 0.048763141 0.0414506458 0.0100440225
vn -0.596220016 0.596473753 -0.537346005
f 9766//3256 9767//3256 9768//3256
v 0.0360005274 0.0286349822 0.00997910928
v 0.048763141 0.0414506458 0.0100440225
v 0.0362331942 0.0283384733 0.00905772951
vn -0.655552983 0.654745102 -0.376243472
f 9769//3257 9770//3257 9771//3257
v 0.0478941463 0.0423994996 0.0115721626
v 0.035388127 0.0293884203 0.0112424819
v 0.0346042253 0.0303075537 0.0121739618
vn -0.430889249 0.434207708 -0.791074038
f 9772//3258 9773//3258 9774//3258
v 0.0478941463 0.0423994996 0.0115721626
v 0.0346042253 0.0303075537 0.0121739618
v 0.0469445251 0.0433461927 0.0124338539
vn -0.384175211 0.380367607 -0.841266811
f 9775//3259 9776//3259 9777//3259
v 0.0469445251 0.0433461927 0.0124338539
v 0.0346042253 0.0303075537 0.0121739618
v 0.0339463055 0.0310350209 0.0125860749
vn -0.272217005 0.27601102 -0.921800315
f 9778//3260 9779//3260 9780//3260
v 0.0469445251 0.0433461927 0.0124338539
v 0.0339463055 0.0310350209 0.0125860749
v 0.046601288 0.0436838977 0.0125852684
vn -0.212098747 0.212140307 -0.953944743
f 9781//3261 9782//3261 9783//3261
v 0.046601288 0.0436838977 0.0125852684
v 0.0339463055 0.0310350209 0.0125860749
v 0.0336209089 0.0313948169 0.0127899023
vn -0.274160028 0.274233609 -0.921754956
f 9784//3262 9785//3262 9786//3262
v 0.046601288 0.0436838977 0.0125852684
v 0.0336209089 0.0313948169 0.0127899023
v 0.0458600968 0.0444131456 0.0129122352
vn -0.214026794 0.210181624 -0.953947723
f 9787//3263 9788//3263 9789//3263
v 0.0458600968 0.0444131456 0.0129122352
v 0.0336209089 0.0313948169 0.0127899023
v 0.0330847912 0.0319496058 0.0128928619
vn -0.0916015953 0.0954336822 -0.991212189
f 9790//3264 9791//3264 9792//3264
v 0.0458600968 0.0444131456 0.0129122352
v 0.0330847912 0.0319496058 0.0128928619
v 0.0454900116 0.0447809771 0.0129569937
vn -0.0589262918 0.0619489998 -0.996338308
f 9793//3265 9794//3265 9795//3265
v 0.0454900116 0.0447809771 0.0129569937
v 0.0330847912 0.0319496058 0.0128928619
v 0.032526914 0.0325269103 0.0130000003
vn -0.0925950259 0.0944739133 -0.991211832
f 9796//3266 9797//3266 9798//3266
v 0.0454900116 0.0447809771 0.0129569937
v 0.032526914 0.0325269103 0.0130000003
v 0.0451344103 0.0451344065 0.0130000003
vn -0.0604335628 0.0604335628 -0.996341109
f 9799//3267 9800//3267 9801//3267
v 0.048763141 0.0414506458 0.0100440225
v 0.0490315482 0.0411317684 0.0090585174
v 0.0362331942 0.0283384733 0.00905772951
vn -0.651475489 0.651757061 -0.388319969
f 9802//3268 9803//3268 9804//3268
v 0.0362331942 0.0283384733 0.00905772951
v 0.0490315482 0.0411317684 0.0090585174
v 0.0491630919 0.040975485 0.00857551768
vn -0.651476622 0.651758134 -0.388316244
f 9805//3269 9806//3269 9807//3269
v 0.0362331942 0.0283384733 0.00905772951
v 0.0491630919 0.040975485 0.00857551768
v 0.0363750681 0.0281576738 0.00849590451
vn -0.654727101 0.655542791 -0.376292527
f 9808//3270 9809//3270 9810//3270
v 0.0363750681 0.0281576738 0.00849590451
v 0.0491630919 0.040975485 0.00857551768
v 0.0492981635 0.0408128798 0.00700000022
vn -0.701283634 0.700476348 -0.132416546
f 9811//3271 9812//3271 9813//3271
v 0.0363750681 0.0281576738 0.00849590451
v 0.0492981635 0.0408128798 0.00700000022
v 0.0364916734 0.0280063897 0.00700000022
vn -0.701504767 0.701504767 -0.125626788
f 9814//3272 9815//3272 9816//3272
v 0.0445477292 0.0360624455 0.00249999994
v 0.050911691 0.0296984855 0.00249999994
v 0.0472940505 0.0265383758 0.00249999994
vn 4.38670052e-16 1.86055221e-16 -1
f 9817//3273 9818//3273 9819//3273
v 0.0385788456 0.025053395 0.00249999994
v 0.0455865152 0.0248308443 0.00249999994
v 0.0426504575 0.017231904 0.00249999994
vn 4.38670052e-16 1.86055221e-16 -1
f 9820//3274 9821//3274 9822//3274
v 0.0426504575 0.017231904 0.00249999994
v 0.0455865152 0.0248308443 0.00249999994
v 0.0460440479 0.0243733115 0.00249999994
vn 4.38670052e-16 1.86055221e-16 -1
f 9823//3275 9824//3275 9825//3275
v 0.0426504575 0.017231904 0.00249999994
v 0.0460440479 0.0243733115 0.00249999994
v 0.0434337743 0.0151495012 0.00249999994
vn 4.38670052e-16 1.86055221e-16 -1
f 9826//3276 9827//3276 9828//3276
v 0.0434337743 0.0151495012 0.00249999994
v 0.0460440479 0.0243733115 0.00249999994
v 0.0466690473 0.0242058448 0.00249999994
vn 4.38670052e-16 1.86055221e-16 -1
f 9829//3277 9830//3277 9831//3277
v 0.0434337743 0.0151495012 0.00249999994
v 0.0466690473 0.0242058448 0.00249999994
v 0.050911691 0.022627417 0.00249999994
vn 4.38670052e-16 1.86055221e-16 -1
f 9832//3278 9833//3278 9834//3278
v 0.0472940505 0.0265383758 0.00249999994
v 0.050911691 0.0296984855 0.00249999994
v 0.0477515794 0.0260808449 0.00249999994
vn 4.38670052e-16 1.86055221e-16 -1
f 9835//3279 9836//3279 9837//3279
v 0.0477515794 0.0260808449 0.00249999994
v 0.050911691 0.0296984855 0.00249999994
v 0.0519955531 0.0280763675 0.00249999994
vn 4.38670052e-16 1.86055221e-16 -1
f 9838//3280 9839//3280 9840//3280
v 0.0477515794 0.0260808449 0.00249999994
v 0.0519955531 0.0280763675 0.00249999994
v 0.0479190499 0.0254558437 0.00249999994
vn 4.38670052e-16 1.86055221e-16 -1
f 9841//3281 9842//3281 9843//3281
v 0.0472940505 0.0265383758 0.00249999994
v 0.0466690473 0.0267058443 0.00249999994
v 0.0445477292 0.0360624455 0.00249999994
vn 4.38670052e-16 1.86055221e-16 -1
f 9844//3282 9845//3282 9846//3282
v 0.0445477292 0.0360624455 0.00249999994
v 0.0466690473 0.0267058443 0.00249999994
v 0.0460440479 0.0265383758 0.00249999994
vn 4.38670052e-16 1.86055221e-16 -1
f 9847//3283 9848//3283 9849//3283
v 0.0445477292 0.0360624455 0.00249999994
v 0.0460440479 0.0265383758 0.00249999994
v 0.0364916734 0.0280063897 0.00249999994
vn 4.38670052e-16 1.86055221e-16 -1
f 9850//3284 9851//3284 9852//3284
v 0.0364916734 0.0280063897 0.00249999994
v 0.0460440479 0.0265383758 0.00249999994
v 0.0455865152 0.0260808449 0.00249999994
vn 4.38670052e-16 1.86055221e-16 -1
f 9853//3285 9854//3285 9855//3285
v 0.0364916734 0.0280063897 0.00249999994
v 0.0455865152 0.0260808449 0.00249999994
v 0.0385788456 0.025053395 0.00249999994
vn 4.38670052e-16 1.86055221e-16 -1
f 9856//3286 9857//3286 9858//3286
v 0.0385788456 0.025053395 0.00249999994
v 0.0455865152 0.0260808449 0.00249999994
v 0.0454190485 0.0254558437 0.00249999994
vn 4.38670052e-16 1.86055221e-16 -1
f 9859//3287 9860//3287 9861//3287
v 0.0385788456 0.025053395 0.00249999994
v 0.0454190485 0.0254558437 0.00249999994
v 0.0455865152 0.0248308443 0.00249999994
vn 4.38670052e-16 1.86055221e-16 -1
f 9862//3288 9863//3288 9864//3288
v 0.0466690473 0.0242058448 0.00249999994
v 0.0472940505 0.0243733115 0.00249999994
v 0.050911691 0.022627417 0.00249999994
vn 4.38670052e-16 1.86055221e-16 -1
f 9865//3289 9866//3289 9867//3289
v 0.050911691 0.022627417 0.00249999994
v 0.0472940505 0.0243733115 0.00249999994
v 0.0477515794 0.0248308443 0.00249999994
vn 4.38670052e-16 1.86055221e-16 -1
f 9868//3290 9869//3290 9870//3290
v 0.050911691 0.022627417 0.00249999994
v 0.0477515794 0.0248308443 0.00249999994
v 0.0519955531 0.0242495332 0.00249999994
vn 4.38670052e-16 1.86055221e-16 -1
f 9871//3291 9872//3291 9873//3291
v 0.0519955531 0.0242495332 0.00249999994
v 0.0477515794 0.0248308443 0.00249999994
v 0.0479190499 0.0254558437 0.00249999994
vn 4.38670052e-16 1.86055221e-16 -1
f 9874//3292 9875//3292 9876//3292
v 0.0519955531 0.0242495332 0.00249999994
v 0.0479190499 0.0254558437 0.00249999994
v 0.0523761548 0.0261629503 0.00249999994
vn 4.38670052e-16 1.86055221e-16 -1
f 9877//3293 9878//3293 9879//3293
v 0.0523761548 0.0261629503 0.00249999994
v 0.0479190499 0.0254558437 0.00249999994
v 0.0519955531 0.0280763675 0.00249999994
vn 4.38670052e-16 1.86055221e-16 -1
f 9880//3294 9881//3294 9882//3294
v 0.050911691 0.0296984855 2.7858993e-17
v 0.050911691 0.0296984855 0.00249999994
v 0.0506113023 0.0299988724 2.77831108e-17
vn -0.707104564 -0.707108974 -4.41746926e-16
f 9883//3295 9884//3295 9885//3295
v 0.0506113023 0.0299988724 2.77831108e-17
v 0.050911691 0.0296984855 0.00249999994
v 0.0445477292 0.0360624455 0.00249999994
vn -0.70710665 -0.707106888 5.01968259e-07
f 9886//3296 9887//3296 9888//3296
v 0.0506113023 0.0299988724 2.77831108e-17
v 0.0445477292 0.0360624455 0.00249999994
v 0.0445477292 0.0360624455 2.62513609e-17
vn -0.707106769 -0.707106769 -4.41747481e-16
f 9889//3297 9890//3297 9891//3297
v 0.0434337743 0.0151495012 2.18717407e-17
v 0.0434337743 0.0151495012 0.00249999994
v 0.0506113023 0.0223270301 2.6355723e-17
vn -0.707106829 0.707106709 -1.78625696e-16
f 9892//3298 9893//3298 9894//3298
v 0.0506113023 0.0223270301 2.6355723e-17
v 0.0434337743 0.0151495012 0.00249999994
v 0.050911691 0.022627417 0.00249999994
vn -0.707106709 0.707106829 5.16254147e-07
f 9895//3299 9896//3299 9897//3299
v 0.0506113023 0.0223270301 2.6355723e-17
v 0.050911691 0.022627417 0.00249999994
v 0.050911691 0.022627417 2.65433838e-17
vn -0.707104564 0.707108974 -1.78624293e-16
f 9898//3300 9899//3300 9900//3300
v 0.0360624455 0.0445477255 2.41078514e-17
v 0.0360624455 0.0445477255 0.00249999994
v 0.030529201 0.0500809699 2.27100733e-17
vn -0.707106888 -0.70710665 -4.41747508e-16
f 9901//3301 9902//3301 9903//3301
v 0.030529201 0.0500809699 2.27100733e-17
v 0.0360624455 0.0445477255 0.00249999994
v 0.0296984836 0.0509116873 0.00249999994
vn -0.707106888 -0.70710665 -6.87702979e-08
f 9904//3302 9905//3302 9906//3302
v 0.030529201 0.0500809699 2.27100733e-17
v 0.0296984836 0.0509116873 0.00249999994
v 0.0296984836 0.0509116873 2.25002209e-17
vn -0.707106769 -0.707106769 -4.41747481e-16
f 9907//3303 9908//3303 9909//3303
v 0.0360624455 0.0445477255 0.00249999994
v 0.0267058425 0.0466690473 0.00249999994
v 0.0296984836 0.0509116873 0.00249999994
vn 4.38670052e-16 1.86055221e-16 -1
f 9910//3304 9911//3304 9912//3304
v 0.0296984836 0.0509116873 0.00249999994
v 0.0267058425 0.0466690473 0.00249999994
v 0.0265383758 0.0472940467 0.00249999994
vn 4.38670052e-16 1.86055221e-16 -1
f 9913//3305 9914//3305 9915//3305
v 0.0296984836 0.0509116873 0.00249999994
v 0.0265383758 0.0472940467 0.00249999994
v 0.0280763675 0.0519955531 0.00249999994
vn 4.38670052e-16 1.86055221e-16 -1
f 9916//3306 9917//3306 9918//3306
v 0.0280763675 0.0519955531 0.00249999994
v 0.0265383758 0.0472940467 0.00249999994
v 0.0260808431 0.0477515794 0.00249999994
vn 4.38670052e-16 1.86055221e-16 -1
f 9919//3307 9920//3307 9921//3307
v 0.0280763675 0.0519955531 0.00249999994
v 0.0260808431 0.0477515794 0.00249999994
v 0.0261629503 0.0523761548 0.00249999994
vn 4.38670052e-16 1.86055221e-16 -1
f 9922//3308 9923//3308 9924//3308
v 0.0261629503 0.0523761548 0.00249999994
v 0.0260808431 0.0477515794 0.00249999994
v 0.0254558437 0.0479190461 0.00249999994
vn 4.38670052e-16 1.86055221e-16 -1
f 9925//3309 9926//3309 9927//3309
v 0.0261629503 0.0523761548 0.00249999994
v 0.0254558437 0.0479190461 0.00249999994
v 0.0242495332 0.0519955531 0.00249999994
vn 4.38670052e-16 1.86055221e-16 -1
f 9928//3310 9929//3310 9930//3310
v 0.0242495332 0.0519955531 0.00249999994
v 0.0254558437 0.0479190461 0.00249999994
v 0.0248308443 0.0477515794 0.00249999994
vn 4.38670052e-16 1.86055221e-16 -1
f 9931//3311 9932//3311 9933//3311
v 0.0242495332 0.0519955531 0.00249999994
v 0.0248308443 0.0477515794 0.00249999994
v 0.022627417 0.0509116873 0.00249999994
vn 4.38670052e-16 1.86055221e-16 -1
f 9934//3312 9935//3312 9936//3312
v 0.022627417 0.0509116873 0.00249999994
v 0.0248308443 0.0477515794 0.00249999994
v 0.0243733115 0.0472940467 0.00249999994
vn 4.38670052e-16 1.86055221e-16 -1
f 9937//3313 9938//3313 9939//3313
v 0.022627417 0.0509116873 0.00249999994
v 0.0243733115 0.0472940467 0.00249999994
v 0.0151495012 0.0434337743 0.00249999994
vn 4.38670052e-16 1.86055221e-16 -1
f 9940//3314 9941//3314 9942//3314
v 0.0151495012 0.0434337743 0.00249999994
v 0.0243733115 0.0472940467 0.00249999994
v 0.024205843 0.0466690473 0.00249999994
vn 4.38670052e-16 1.86055221e-16 -1
f 9943//3315 9944//3315 9945//3315
v 0.0151495012 0.0434337743 0.00249999994
v 0.024205843 0.0466690473 0.00249999994
v 0.018709885 0.0420230925 0.00249999994
vn 4.38670052e-16 1.86055221e-16 -1
f 9946//3316 9947//3316 9948//3316
v 0.024205843 0.0466690473 0.00249999994
v 0.0243733115 0.0460440479 0.00249999994
v 0.018709885 0.0420230925 0.00249999994
vn 4.38670052e-16 1.86055221e-16 -1
f 9949//3317 9950//3317 9951//3317
v 0.018709885 0.0420230925 0.00249999994
v 0.0243733115 0.0460440479 0.00249999994
v 0.0248308443 0.0455865152 0.00249999994
vn 4.38670052e-16 1.86055221e-16 -1
f 9952//3318 9953//3318 9954//3318
v 0.018709885 0.0420230925 0.00249999994
v 0.0248308443 0.0455865152 0.00249999994
v 0.0263845157 0.0376809947 0.00249999994
vn 4.38670052e-16 1.86055221e-16 -1
f 9955//3319 9956//3319 9957//3319
v 0.0263845157 0.0376809947 0.00249999994
v 0.0248308443 0.0455865152 0.00249999994
v 0.0254558437 0.0454190485 0.00249999994
vn 4.38670052e-16 1.86055221e-16 -1
f 9958//3320 9959//3320 9960//3320
v 0.0263845157 0.0376809947 0.00249999994
v 0.0254558437 0.0454190485 0.00249999994
v 0.0280063897 0.0364916734 0.00249999994
vn 4.38670052e-16 1.86055221e-16 -1
f 9961//3321 9962//3321 9963//3321
v 0.0280063897 0.0364916734 0.00249999994
v 0.0254558437 0.0454190485 0.00249999994
v 0.0260808431 0.0455865152 0.00249999994
vn 4.38670052e-16 1.86055221e-16 -1
f 9964//3322 9965//3322 9966//3322
v 0.0280063897 0.0364916734 0.00249999994
v 0.0260808431 0.0455865152 0.00249999994
v 0.0360624455 0.0445477255 0.00249999994
vn 4.38670052e-16 1.86055221e-16 -1
f 9967//3323 9968//3323 9969//3323
v 0.0360624455 0.0445477255 0.00249999994
v 0.0260808431 0.0455865152 0.00249999994
v 0.0265383758 0.0460440479 0.00249999994
vn 4.38670052e-16 1.86055221e-16 -1
f 9970//3324 9971//3324 9972//3324
v 0.0360624455 0.0445477255 0.00249999994
v 0.0265383758 0.0460440479 0.00249999994
v 0.0267058425 0.0466690473 0.00249999994
vn 4.38670052e-16 1.86055221e-16 -1
f 9973//3325 9974//3325 9975//3325
v 0.022627417 0.0509116873 1.93983565e-17
v 0.022627417 0.0509116873 0.00249999994
v 0.0217966978 0.0500809699 1.8879385e-17
vn 0.707105994 -0.707107604 1.78625167e-16
f 9976//3326 9977//3326 9978//3326
v 0.0217966978 0.0500809699 1.8879385e-17
v 0.022627417 0.0509116873 0.00249999994
v 0.0151495012 0.0434337743 0.00249999994
vn 0.70710659 -0.707106948 -4.09783752e-07
f 9979//3327 9980//3327 9981//3327
v 0.0217966978 0.0500809699 1.8879385e-17
v 0.0151495012 0.0434337743 0.00249999994
v 0.0151495012 0.0434337743 1.47267133e-17
vn 0.707106709 -0.707106888 1.78625603e-16
f 9982//3328 9983//3328 9984//3328
v 0.0296984836 0.0509116873 2.25002209e-17
v 0.0296984836 0.0509116873 0.00249999994
v 0.0280763675 0.0519955531 2.19903071e-17
vn -0.555571079 -0.831469059 -3.98411555e-16
f 9985//3329 9986//3329 9987//3329
v 0.0280763675 0.0519955531 2.19903071e-17
v 0.0296984836 0.0509116873 0.00249999994
v 0.0280763675 0.0519955531 0.00249999994
vn -0.555571079 -0.831469059 -3.98411555e-16
f 9988//3330 9989//3330 9990//3330
v 0.0280763675 0.0519955531 2.19903071e-17
v 0.0280763675 0.0519955531 0.00249999994
v 0.0261629503 0.0523761548 2.12217603e-17
vn -0.195090026 -0.98078531 -2.68060384e-16
f 9991//3331 9992//3331 9993//3331
v 0.0261629503 0.0523761548 2.12217603e-17
v 0.0280763675 0.0519955531 0.00249999994
v 0.0261629503 0.0523761548 0.00249999994
vn -0.195090026 -0.98078531 -2.68060384e-16
f 9994//3332 9995//3332 9996//3332
v 0.0261629503 0.0523761548 2.12217603e-17
v 0.0261629503 0.0523761548 0.00249999994
v 0.0242495332 0.0519955531 2.03115887e-17
vn 0.195090026 -0.98078531 -9.69000795e-17
f 9997//3333 9998//3333 9999//3333
v 0.0242495332 0.0519955531 2.03115887e-17
v 0.0261629503 0.0523761548 0.00249999994
v 0.0242495332 0.0519955531 0.00249999994
vn 0.195090026 -0.98078531 -9.69000795e-17
f 10000//3334 10001//3334 10002//3334
v 0.0242495332 0.0519955531 2.03115887e-17
v 0.0242495332 0.0519955531 0.00249999994
v 0.0228506401 0.0510608405 1.95240284e-17
vn 0.555571079 -0.831469059 8.90132564e-17
f 10003//3335 10004//3335 10005//3335
v 0.0228506401 0.0510608405 1.95240284e-17
v 0.0242495332 0.0519955531 0.00249999994
v 0.022627417 0.0509116873 0.00249999994
vn 0.555571079 -0.831469059 2.45700882e-08
f 10006//3336 10007//3336 10008//3336
v 0.0228506401 0.0510608405 1.95240284e-17
v 0.022627417 0.0509116873 0.00249999994
v 0.022627417 0.0509116873 1.93983565e-17
vn 0.5555709 -0.831469178 8.90131307e-17
f 10009//3337 10010//3337 10011//3337
v 0.050911691 0.022627417 2.65433838e-17
v 0.050911691 0.022627417 0.00249999994
v 0.0514151976 0.0233809706 2.69044597e-17
vn -0.831470549 0.555568814 -2.6137478e-16
f 10012//3338 10013//3338 10014//3338
v 0.0514151976 0.0233809706 2.69044597e-17
v 0.050911691 0.022627417 0.00249999994
v 0.0519955531 0.0242495332 0.00249999994
vn -0.831469953 0.555569768 4.21709672e-07
f 10015//3339 10016//3339 10017//3339
v 0.050911691 0.0296984855 0.00249999994
v 0.050911691 0.0296984855 2.7858993e-17
v 0.0519955531 0.0280763675 0.00249999994
vn -0.831470251 -0.555569291 -4.68107676e-16
f 10018//3340 10019//3340 10020//3340
v 0.0519955531 0.0280763675 0.00249999994
v 0.050911691 0.0296984855 2.7858993e-17
v 0.0519955531 0.0280763675 2.8032648e-17
vn -0.831470251 -0.555569291 -4.68107676e-16
f 10021//3341 10022//3341 10023//3341
v 0.0519955531 0.0280763675 0.00249999994
v 0.0519955531 0.0280763675 2.8032648e-17
v 0.0523761548 0.0261629503 0.00249999994
vn -0.98078531 -0.195090026 -4.66538706e-16
f 10024//3342 10025//3342 10026//3342
v 0.0523761548 0.0261629503 0.00249999994
v 0.0519955531 0.0280763675 2.8032648e-17
v 0.0523761548 0.0261629503 2.78436042e-17
vn -0.98078531 -0.195090026 -4.66538706e-16
f 10027//3343 10028//3343 10029//3343
v 0.0523761548 0.0261629503 0.00249999994
v 0.0523761548 0.0261629503 2.78436042e-17
v 0.0519955531 0.0242495332 0.00249999994
vn -0.98078531 0.195090026 -3.93943642e-16
f 10030//3344 10031//3344 10032//3344
v 0.0519955531 0.0242495332 0.00249999994
v 0.0523761548 0.0261629503 2.78436042e-17
v 0.0519955531 0.0242495332 2.7320644e-17
vn -0.98078531 0.195090026 -3.93943642e-16
f 10033//3345 10034//3345 10035//3345
v 0.0519955531 0.0242495332 0.00249999994
v 0.0519955531 0.0242495332 2.7320644e-17
v 0.0514151976 0.0233809706 2.69044597e-17
vn -0.831469357 0.555570602 -2.61373906e-16
f 10036//3346 10037//3346 10038//3346
v 0.0254558437 0.0466690473 0.010751076
v 0.0265383758 0.0472940467 0.00999999978
v 0.0267058425 0.0466690473 0.00999999978
vn -0.510203242 -0.13670741 -0.849119425
f 10039//3347 10040//3347 10041//3347
v 0.0260808431 0.0477515794 0.00999999978
v 0.0265383758 0.0472940467 0.00999999978
v 0.0254558437 0.0466690473 0.010751076
vn -0.373494416 -0.373494416 -0.849119484
f 10042//3348 10043//3348 10044//3348
v 0.0254558437 0.0479190461 0.00999999978
v 0.0260808431 0.0477515794 0.00999999978
v 0.0254558437 0.0466690473 0.010751076
vn -0.13670741 -0.510203242 -0.849119425
f 10045//3349 10046//3349 10047//3349
v 0.0254558437 0.0466690473 0.010751076
v 0.0260808431 0.0455865152 0.00999999978
v 0.0254558437 0.0454190485 0.00999999978
vn -0.13670741 0.510203242 -0.849119425
f 10048//3350 10049//3350 10050//3350
v 0.0265383758 0.0460440479 0.00999999978
v 0.0260808431 0.0455865152 0.00999999978
v 0.0254558437 0.0466690473 0.010751076
vn -0.373494416 0.373494416 -0.849119484
f 10051//3351 10052//3351 10053//3351
v 0.0267058425 0.0466690473 0.00999999978
v 0.0265383758 0.0460440479 0.00999999978
v 0.0254558437 0.0466690473 0.010751076
vn -0.510203242 0.13670741 -0.849119425
f 10054//3352 10055//3352 10056//3352
v 0.0254558437 0.0479190461 0.00999999978
v 0.0254558437 0.0479190461 0.00249999994
v 0.0260808431 0.0477515794 0.00999999978
vn -0.258817047 -0.965926349 -2.93250933e-16
f 10057//3353 10058//3353 10059//3353
v 0.0260808431 0.0477515794 0.00999999978
v 0.0254558437 0.0479190461 0.00249999994
v 0.0260808431 0.0477515794 0.00249999994
vn -0.258817047 -0.965926349 -2.93250933e-16
f 10060//3354 10061//3354 10062//3354
v 0.0260808431 0.0477515794 0.00999999978
v 0.0260808431 0.0477515794 0.00249999994
v 0.0265383758 0.0472940467 0.00999999978
vn -0.707106769 -0.707106769 -4.41747481e-16
f 10063//3355 10064//3355 10065//3355
v 0.0265383758 0.0472940467 0.00999999978
v 0.0260808431 0.0477515794 0.00249999994
v 0.0265383758 0.0472940467 0.00249999994
vn -0.707106769 -0.707106769 -4.41747481e-16
f 10066//3356 10067//3356 10068//3356
v 0.0265383758 0.0472940467 0.00999999978
v 0.0265383758 0.0472940467 0.00249999994
v 0.0267058425 0.0466690473 0.00999999978
vn -0.965926349 -0.258817047 -4.71877237e-16
f 10069//3357 10070//3357 10071//3357
v 0.0267058425 0.0466690473 0.00999999978
v 0.0265383758 0.0472940467 0.00249999994
v 0.0267058425 0.0466690473 0.00249999994
vn -0.965926349 -0.258817047 -4.71877237e-16
f 10072//3358 10073//3358 10074//3358
v 0.0267058425 0.0466690473 0.00999999978
v 0.0267058425 0.0466690473 0.00249999994
v 0.0265383758 0.0460440479 0.00999999978
vn -0.965926349 0.258817047 -3.75568718e-16
f 10075//3359 10076//3359 10077//3359
v 0.0265383758 0.0460440479 0.00999999978
v 0.0267058425 0.0466690473 0.00249999994
v 0.0265383758 0.0460440479 0.00249999994
vn -0.965926349 0.258817047 -3.75568718e-16
f 10078//3360 10079//3360 10080//3360
v 0.0265383758 0.0460440479 0.00999999978
v 0.0265383758 0.0460440479 0.00249999994
v 0.0260808431 0.0455865152 0.00999999978
vn -0.707106769 0.707106769 -1.7862567e-16
f 10081//3361 10082//3361 10083//3361
v 0.0260808431 0.0455865152 0.00999999978
v 0.0265383758 0.0460440479 0.00249999994
v 0.0260808431 0.0455865152 0.00249999994
vn -0.707106769 0.707106769 -1.7862567e-16
f 10084//3362 10085//3362 10086//3362
v 0.0260808431 0.0455865152 0.00999999978
v 0.0260808431 0.0455865152 0.00249999994
v 0.0254558437 0.0454190485 0.00999999978
vn -0.258817047 0.965926349 6.61803518e-17
f 10087//3363 10088//3363 10089//3363
v 0.0254558437 0.0454190485 0.00999999978
v 0.0260808431 0.0455865152 0.00249999994
v 0.0254558437 0.0454190485 0.00249999994
vn -0.258817047 0.965926349 6.61803518e-17
f 10090//3364 10091//3364 10092//3364
v 0.0466690473 0.0254558437 0.010751076
v 0.0477515794 0.0260808449 0.00999999978
v 0.0479190499 0.0254558437 0.00999999978
vn -0.510201931 -0.136709705 -0.849119782
f 10093//3365 10094//3365 10095//3365
v 0.0472940505 0.0265383758 0.00999999978
v 0.0477515794 0.0260808449 0.00999999978
v 0.0466690473 0.0254558437 0.010751076
vn -0.373494714 -0.373493195 -0.849119842
f 10096//3366 10097//3366 10098//3366
v 0.0466690473 0.0267058443 0.00999999978
v 0.0472940505 0.0265383758 0.00999999978
v 0.0466690473 0.0254558437 0.010751076
vn -0.136707962 -0.510202646 -0.849119663
f 10099//3367 10100//3367 10101//3367
v 0.0466690473 0.0254558437 0.010751076
v 0.0472940505 0.0243733115 0.00999999978
v 0.0466690473 0.0242058448 0.00999999978
vn -0.136706606 0.510203302 -0.849119484
f 10102//3368 10103//3368 10104//3368
v 0.0477515794 0.0248308443 0.00999999978
v 0.0472940505 0.0243733115 0.00999999978
v 0.0466690473 0.0254558437 0.010751076
vn -0.373495638 0.373492599 -0.849119723
f 10105//3369 10106//3369 10107//3369
v 0.0479190499 0.0254558437 0.00999999978
v 0.0477515794 0.0248308443 0.00999999978
v 0.0466690473 0.0254558437 0.010751076
vn -0.510201931 0.136710107 -0.849119723
f 10108//3370 10109//3370 10110//3370
v 0.0466690473 0.0267058443 0.00999999978
v 0.0466690473 0.0267058443 0.00249999994
v 0.0472940505 0.0265383758 0.00999999978
vn -0.258818299 -0.965926051 -2.93251409e-16
f 10111//3371 10112//3371 10113//3371
v 0.0472940505 0.0265383758 0.00999999978
v 0.0466690473 0.0267058443 0.00249999994
v 0.0472940505 0.0265383758 0.00249999994
vn -0.258818299 -0.965926051 -2.93251409e-16
f 10114//3372 10115//3372 10116//3372
v 0.0472940505 0.0265383758 0.00999999978
v 0.0472940505 0.0265383758 0.00249999994
v 0.0477515794 0.0260808449 0.00999999978
vn -0.7071082 -0.707105339 -4.41747852e-16
f 10117//3373 10118//3373 10119//3373
v 0.0477515794 0.0260808449 0.00999999978
v 0.0472940505 0.0265383758 0.00249999994
v 0.0477515794 0.0260808449 0.00249999994
vn -0.7071082 -0.707105339 -4.41747852e-16
f 10120//3374 10121//3374 10122//3374
v 0.0477515794 0.0260808449 0.00999999978
v 0.0477515794 0.0260808449 0.00249999994
v 0.0479190499 0.0254558437 0.00999999978
vn -0.965925097 -0.258821696 -4.71877555e-16
f 10123//3375 10124//3375 10125//3375
v 0.0479190499 0.0254558437 0.00999999978
v 0.0477515794 0.0260808449 0.00249999994
v 0.0479190499 0.0254558437 0.00249999994
vn -0.965925097 -0.258821696 -4.71877555e-16
f 10126//3376 10127//3376 10128//3376
v 0.0479190499 0.0254558437 0.00999999978
v 0.0479190499 0.0254558437 0.00249999994
v 0.0477515794 0.0248308443 0.00999999978
vn -0.965924919 0.258822411 -3.75567077e-16
f 10129//3377 10130//3377 10131//3377
v 0.0477515794 0.0248308443 0.00999999978
v 0.0479190499 0.0254558437 0.00249999994
v 0.0477515794 0.0248308443 0.00249999994
vn -0.965924919 0.258822411 -3.75567077e-16
f 10132//3378 10133//3378 10134//3378
v 0.0477515794 0.0248308443 0.00999999978
v 0.0477515794 0.0248308443 0.00249999994
v 0.0472940505 0.0243733115 0.00999999978
vn -0.70710963 0.707103908 -1.7862747e-16
f 10135//3379 10136//3379 10137//3379
v 0.0472940505 0.0243733115 0.00999999978
v 0.0477515794 0.0248308443 0.00249999994
v 0.0472940505 0.0243733115 0.00249999994
vn -0.70710963 0.707103908 -1.7862747e-16
f 10138//3380 10139//3380 10140//3380
v 0.0472940505 0.0243733115 0.00999999978
v 0.0472940505 0.0243733115 0.00249999994
v 0.0466690473 0.0242058448 0.00999999978
vn -0.258815616 0.965926766 6.61810598e-17
f 10141//3381 10142//3381 10143//3381
v 0.0466690473 0.0242058448 0.00999999978
v 0.0472940505 0.0243733115 0.00249999994
v 0.0466690473 0.0242058448 0.00249999994
vn -0.258815616 0.965926766 6.61810598e-17
f 10144//3382 10145//3382 10146//3382
