# Generated from link3_1.STL
o link3_1
v -0.0404228233 -0.000500000024 0.000748987484
v -0.0399945304 -0.00100000005 0.00100699067
v -0.041541107 -0.000500000024 0.00182646955
vn -0.49905324 -0.69474709 -0.517950177
f 1//1 2//1 3//1
v -0.041541107 -0.000500000024 0.00182646955
v -0.0399945304 -0.00100000005 0.00100699067
v -0.0412991978 -0.00100000005 0.0022640531
vn -0.499053836 -0.694744706 -0.51795274
f 4//2 5//2 6//2
v -0.041541107 -0.000500000024 0.00182646955
v -0.0412991978 -0.00100000005 0.0022640531
v -0.0430483259 -0.000500000024 0.00220045075
vn -0.173213765 -0.694745898 -0.698086739
f 7//3 8//3 9//3
v -0.0430483259 -0.000500000024 0.00220045075
v -0.0412991978 -0.00100000005 0.0022640531
v -0.0430576168 -0.00100000005 0.00270036445
vn -0.173214048 -0.694746733 -0.698085845
f 10//4 11//4 12//4
v -0.0430483259 -0.000500000024 0.00220045075
v -0.0430576168 -0.00100000005 0.00270036445
v -0.0445405953 -0.000500000024 0.00177072315
vn 0.199035078 -0.694746554 -0.691167295
f 13//5 14//5 15//5
v -0.0445405953 -0.000500000024 0.00177072315
v -0.0430576168 -0.00100000005 0.00270036445
v -0.044798594 -0.00100000005 0.00219901581
vn 0.199035391 -0.694746137 -0.691167593
f 16//6 17//6 18//6
v -0.0445405953 -0.000500000024 0.00177072315
v -0.044798594 -0.00100000005 0.00219901581
v -0.0456180796 -0.000500000024 0.000652431918
vn 0.517952442 -0.694745183 -0.499053508
f 19//7 20//7 21//7
v -0.0456180796 -0.000500000024 0.000652431918
v -0.044798594 -0.00100000005 0.00219901581
v -0.0460556634 -0.00100000005 0.000894342491
vn 0.517951131 -0.694746375 -0.49905321
f 22//8 23//8 24//8
v -0.0456180796 -0.000500000024 0.000652431918
v -0.0460556634 -0.00100000005 0.000894342491
v -0.045992054 -0.000500000024 -0.000854777521
vn 0.698087335 -0.694746077 -0.173210695
f 25//9 26//9 27//9
v -0.045992054 -0.000500000024 -0.000854777521
v -0.0460556634 -0.00100000005 0.000894342491
v -0.0464919731 -0.00100000005 -0.000864068745
vn 0.698080182 -0.694752753 -0.173212841
f 28//10 29//10 30//10
v -0.045992054 -0.000500000024 -0.000854777521
v -0.0464919731 -0.00100000005 -0.000864068745
v -0.0455623344 -0.000500000024 -0.00234705023
vn 0.691162467 -0.69475323 0.199028581
f 31//11 32//11 33//11
v -0.0455623344 -0.000500000024 -0.00234705023
v -0.0464919731 -0.00100000005 -0.000864068745
v -0.0459906273 -0.00100000005 -0.00260505336
vn 0.691167593 -0.694746614 0.199034005
f 34//12 35//12 36//12
v -0.0455623344 -0.000500000024 -0.00234705023
v -0.0459906273 -0.00100000005 -0.00260505336
v -0.0444440395 -0.000500000024 -0.00342453201
vn 0.49905014 -0.694746435 0.517953992
f 37//13 38//13 39//13
v -0.0444440395 -0.000500000024 -0.00342453201
v -0.0459906273 -0.00100000005 -0.00260505336
v -0.0446859449 -0.00100000005 -0.00386211555
vn 0.499050438 -0.694745302 0.517955244
f 40//14 41//14 42//14
v -0.0444440395 -0.000500000024 -0.00342453201
v -0.0446859449 -0.00100000005 -0.00386211555
v -0.0429368317 -0.000500000024 -0.00379851344
vn 0.173215449 -0.694746137 0.698086083
f 43//15 44//15 45//15
v -0.0429368317 -0.000500000024 -0.00379851344
v -0.0446859449 -0.00100000005 -0.00386211555
v -0.0429275408 -0.00100000005 -0.00429842714
vn 0.173215568 -0.694746554 0.698085666
f 46//16 47//16 48//16
v -0.0429368317 -0.000500000024 -0.00379851344
v -0.0429275408 -0.00100000005 -0.00429842714
v -0.0414445512 -0.000500000024 -0.00336878537
vn -0.19903329 -0.694746792 0.691167593
f 49//17 50//17 51//17
v -0.0414445512 -0.000500000024 -0.00336878537
v -0.0429275408 -0.00100000005 -0.00429842714
v -0.0411865488 -0.00100000005 -0.00379707804
vn -0.199033976 -0.694745958 0.691168249
f 52//18 53//18 54//18
v -0.0414445512 -0.000500000024 -0.00336878537
v -0.0411865488 -0.00100000005 -0.00379707804
v -0.040367078 -0.000500000024 -0.00225049467
vn -0.517956257 -0.694744527 0.499050438
f 55//19 56//19 57//19
v -0.040367078 -0.000500000024 -0.00225049467
v -0.0411865488 -0.00100000005 -0.00379707804
v -0.0399294943 -0.00100000005 -0.00249240524
vn -0.517953694 -0.694746912 0.499049842
f 58//20 59//20 60//20
v -0.040367078 -0.000500000024 -0.00225049467
v -0.0399294943 -0.00100000005 -0.00249240524
v -0.0399930924 -0.000500000024 -0.000743284822
vn -0.698084891 -0.694746971 0.173216954
f 61//21 62//21 63//21
v -0.0399930924 -0.000500000024 -0.000743284822
v -0.0399294943 -0.00100000005 -0.00249240524
v -0.0394931845 -0.00100000005 -0.000733993889
vn -0.698090255 -0.694742024 0.173215345
f 64//22 65//22 66//22
v -0.0399930924 -0.000500000024 -0.000743284822
v -0.0394931845 -0.00100000005 -0.000733993889
v -0.0404228233 -0.000500000024 0.000748987484
vn -0.691171408 -0.694741607 -0.199038088
f 67//23 68//23 69//23
v -0.0404228233 -0.000500000024 0.000748987484
v -0.0394931845 -0.00100000005 -0.000733993889
v -0.0399945304 -0.00100000005 0.00100699067
vn -0.691167593 -0.694746614 -0.199034005
f 70//24 71//24 72//24
v -0.0399930924 -0.000500000024 -0.000743284822
v -0.0404228233 -0.000500000024 0.000748987484
v -0.0402689166 0.00150000001 0.000458804425
vn -0.960400343 0.0337793119 -0.276568502
f 73//25 74//25 75//25
v -0.041541107 -0.000500000024 0.00182646955
v -0.0409997813 0.00150000001 0.00144359283
v -0.0404228233 -0.000500000024 0.000748987484
vn -0.692984641 0.0498778485 -0.71922493
f 76//26 77//26 78//26
v -0.0404228233 -0.000500000024 0.000748987484
v -0.0409997813 0.00150000001 0.00144359283
v -0.0404624417 0.00150000001 0.000719579402
vn -0.802765727 -0.0246628281 -0.595784307
f 79//27 80//27 81//27
v -0.0404228233 -0.000500000024 0.000748987484
v -0.0404624417 0.00150000001 0.000719579402
v -0.0402689166 0.00150000001 0.000458804425
vn -0.802780569 -0.0246628281 -0.595764279
f 82//28 83//28 84//28
v -0.0430483259 -0.000500000024 0.00220045075
v -0.0420536026 0.00150000001 0.00205032225
v -0.041541107 -0.000500000024 0.00182646955
vn -0.240559116 0.046869915 -0.969502211
f 85//29 86//29 87//29
v -0.041541107 -0.000500000024 0.00182646955
v -0.0420536026 0.00150000001 0.00205032225
v -0.0415719002 0.00150000001 0.00177298917
vn -0.498713434 -0.0308419503 -0.86621803
f 88//30 89//30 90//30
v -0.041541107 -0.000500000024 0.00182646955
v -0.0415719002 0.00150000001 0.00177298917
v -0.0409997813 0.00150000001 0.00144359283
vn -0.498719454 -0.0308419503 -0.866214573
f 91//31 92//31 93//31
v -0.0445315428 0.00150000001 0.0017600354
v -0.0444687568 0.00150000001 0.00181318598
v -0.0445405953 -0.000500000024 0.00177072315
vn 0.646101058 -0.00700262748 -0.763219774
f 94//32 95//32 96//32
v -0.0445405953 -0.000500000024 0.00177072315
v -0.0444687568 0.00150000001 0.00181318598
v -0.0432732888 0.00150000001 0.00218802062
vn 0.299171209 0.00951229129 -0.954152048
f 97//33 98//33 99//33
v -0.0445405953 -0.000500000024 0.00177072315
v -0.0432732888 0.00150000001 0.00218802062
v -0.0430483259 -0.000500000024 0.00220045075
vn 0.276636571 0.0251462683 -0.960645556
f 100//34 101//34 102//34
v -0.0430483259 -0.000500000024 0.00220045075
v -0.0432732888 0.00150000001 0.00218802062
v -0.0430525355 0.00150000001 0.00216309913
vn -0.112159662 -0.0187906567 -0.993512511
f 103//35 104//35 105//35
v -0.0430483259 -0.000500000024 0.00220045075
v -0.0430525355 0.00150000001 0.00216309913
v -0.0420536026 0.00150000001 0.00205032225
vn -0.112164989 -0.0187906567 -0.993511915
f 106//36 107//36 108//36
v -0.0445315428 0.00150000001 0.0017600354
v -0.0445405953 -0.000500000024 0.00177072315
v -0.0453246124 0.00150000001 0.00108868664
vn 0.646088958 -0.00700262748 -0.763230026
f 109//37 110//37 111//37
v -0.0453246124 0.00150000001 0.00108868664
v -0.0445405953 -0.000500000024 0.00177072315
v -0.0456180796 -0.000500000024 0.000652431918
vn 0.719372392 0.0456325337 -0.693124115
f 112//38 113//38 114//38
v -0.0453246124 0.00150000001 0.00108868664
v -0.0456180796 -0.000500000024 0.000652431918
v -0.0455652736 0.00150000001 0.00062502292
vn 0.887170911 -0.0297349226 -0.460481972
f 115//39 116//39 117//39
v -0.0455652736 0.00150000001 0.00062502292
v -0.0456180796 -0.000500000024 0.000652431918
v -0.0458783396 0.00150000001 2.1829148e-05
vn 0.887182951 -0.0297349226 -0.460458755
f 118//40 119//40 120//40
v -0.0458783396 0.00150000001 2.1829148e-05
v -0.0456180796 -0.000500000024 0.000652431918
v -0.045992054 -0.000500000024 -0.000854777521
vn 0.969341099 0.0503049158 -0.240514666
f 121//41 122//41 123//41
v -0.0458783396 0.00150000001 2.1829148e-05
v -0.045992054 -0.000500000024 -0.000854777521
v -0.045992054 0.00150000001 -0.000854777521
vn 0.991691113 -1.26375463e-15 -0.128641978
f 124//42 125//42 126//42
v -0.045992054 0.00150000001 -0.000854777521
v -0.045992054 -0.000500000024 -0.000854777521
v -0.0457162447 0.00150000001 -0.00205686712
vn 0.974673986 -1.04904258e-15 0.223630518
f 127//43 128//43 129//43
v -0.0457162447 0.00150000001 -0.00205686712
v -0.045992054 -0.000500000024 -0.000854777521
v -0.0455623344 -0.000500000024 -0.00234705023
vn 0.960402846 0.0337807983 0.276559591
f 130//44 131//44 132//44
v -0.0457162447 0.00150000001 -0.00205686712
v -0.0455623344 -0.000500000024 -0.00234705023
v -0.045522701 0.00150000001 -0.00231764186
vn 0.802758217 -0.0246688873 0.595794141
f 133//45 134//45 135//45
v -0.045522701 0.00150000001 -0.00231764186
v -0.0455623344 -0.000500000024 -0.00234705023
v -0.0449853651 0.00150000001 -0.00304165529
vn 0.802765608 -0.0246688873 0.595784247
f 136//46 137//46 138//46
v -0.0449853651 0.00150000001 -0.00304165529
v -0.0455623344 -0.000500000024 -0.00234705023
v -0.0444440395 -0.000500000024 -0.00342453201
vn 0.692979872 0.0498756319 0.719229698
f 139//47 140//47 141//47
v -0.0449853651 0.00150000001 -0.00304165529
v -0.0444440395 -0.000500000024 -0.00342453201
v -0.0444132425 0.00150000001 -0.00337105151
vn 0.498719454 -0.0308419503 0.866214573
f 142//48 143//48 144//48
v -0.0444132425 0.00150000001 -0.00337105151
v -0.0444440395 -0.000500000024 -0.00342453201
v -0.043931555 0.00150000001 -0.00364838494
vn 0.498725384 -0.0308419503 0.866211176
f 145//49 146//49 147//49
v -0.043931555 0.00150000001 -0.00364838494
v -0.0444440395 -0.000500000024 -0.00342453201
v -0.0429368317 -0.000500000024 -0.00379851344
vn 0.2405615 0.0468711555 0.969501555
f 148//50 149//50 150//50
v -0.043931555 0.00150000001 -0.00364838494
v -0.0429368317 -0.000500000024 -0.00379851344
v -0.0429326072 0.00150000001 -0.00376116158
vn 0.112163059 -0.018791629 0.993512094
f 151//51 152//51 153//51
v -0.0429326072 0.00150000001 -0.00376116158
v -0.0429368317 -0.000500000024 -0.00379851344
v -0.0427118689 0.00150000001 -0.00378608331
vn 0.112168364 -0.018791629 0.993511498
f 154//52 155//52 156//52
v -0.0427118689 0.00150000001 -0.00378608331
v -0.0429368317 -0.000500000024 -0.00379851344
v -0.0414445512 -0.000500000024 -0.00336878537
vn -0.276634187 0.0251459964 0.960646272
f 157//53 158//53 159//53
v -0.0427118689 0.00150000001 -0.00378608331
v -0.0414445512 -0.000500000024 -0.00336878537
v -0.041516386 0.00150000001 -0.00341124833
vn -0.29916802 0.00951242726 0.954153061
f 160//54 161//54 162//54
v -0.040367078 -0.000500000024 -0.00225049467
v -0.0406605303 0.00150000001 -0.00268674898
v -0.0414445512 -0.000500000024 -0.00336878537
vn -0.719376981 0.0456360318 0.693119109
f 163//55 164//55 165//55
v -0.0414445512 -0.000500000024 -0.00336878537
v -0.0406605303 0.00150000001 -0.00268674898
v -0.0414535999 0.00150000001 -0.00335809775
vn -0.646088958 -0.00700262748 0.763230026
f 166//56 167//56 168//56
v -0.0414445512 -0.000500000024 -0.00336878537
v -0.0414535999 0.00150000001 -0.00335809775
v -0.041516386 0.00150000001 -0.00341124833
vn -0.646101058 -0.00700262748 0.763219774
f 169//57 170//57 171//57
v -0.0402689166 0.00150000001 0.000458804425
v -0.0399930924 0.00150000001 -0.000743284822
v -0.0399930924 -0.000500000024 -0.000743284822
vn -0.974671364 1.17602838e-15 -0.223642036
f 172//58 173//58 174//58
v -0.0399930924 -0.000500000024 -0.000743284822
v -0.0399930924 0.00150000001 -0.000743284822
v -0.0401068032 0.00150000001 -0.0016198915
vn -0.991691113 1.16975261e-15 0.128641978
f 175//59 176//59 177//59
v -0.0399930924 -0.000500000024 -0.000743284822
v -0.0401068032 0.00150000001 -0.0016198915
v -0.040367078 -0.000500000024 -0.00225049467
vn -0.969338655 0.0503089726 0.240523607
f 178//60 179//60 180//60
v -0.040367078 -0.000500000024 -0.00225049467
v -0.0401068032 0.00150000001 -0.0016198915
v -0.040419884 0.00150000001 -0.00222308561
vn -0.88717407 -0.0297349226 0.460475862
f 181//61 182//61 183//61
v -0.040367078 -0.000500000024 -0.00225049467
v -0.040419884 0.00150000001 -0.00222308561
v -0.0406605303 0.00150000001 -0.00268674898
vn -0.887182415 -0.0297349226 0.460459739
f 184//62 185//62 186//62
v -0.0389984697 -0.00048667824 0.0033686189
v -0.0391614288 -0.000456432463 0.00342004187
v -0.0392426103 -0.000503181305 0.003351158
vn 0.0174150877 -0.836733103 0.547333956
f 187//63 188//63 189//63
v -0.0408164747 -0.0002068053 0.00388677465
v -0.0407746881 -0.000155837857 0.00392619614
v -0.0419212356 0.000161086908 0.00402737036
vn -0.0839697868 -0.565665305 0.82034862
f 190//64 191//64 192//64
v -0.0394976325 -0.000999279087 0.00280673569
v -0.0393066332 -0.00100000098 0.00262276432
v -0.0391723998 -0.000809558667 0.00274737668
vn 0.499067038 -0.692569613 0.520844936
f 193//65 194//65 195//65
v -0.0399229676 -0.000999514596 0.00306167803
v -0.0397188812 -0.000999401556 0.00293935509
v -0.0395826437 -0.000805845368 0.00303547573
vn 0.404061943 -0.618900597 0.67356962
f 196//66 197//66 198//66
v -0.0395826437 -0.000805845368 0.00303547573
v -0.0397188812 -0.000999401556 0.00293935509
v -0.0394976325 -0.000999279087 0.00280673569
vn 0.404076576 -0.61890465 0.673557103
f 199//67 200//67 201//67
v -0.0411642119 -0.000774712535 0.00370884524
v -0.0408026092 -0.00100000144 0.00358892488
v -0.0402004495 -0.000999668147 0.0032280013
vn 0.482284218 0.34562403 0.804950893
f 202//68 203//68 204//68
v -0.0420819297 -0.000202940486 0.00401319796
v -0.0420195833 -1.57065424e-05 0.00404505618
v -0.0422221459 -0.000115578034 0.00405970076
vn 0.179077849 -0.222686723 0.958301485
f 205//69 206//69 207//69
v -0.0422221459 -0.000115578034 0.00405970076
v -0.0420195833 -1.57065424e-05 0.00404505618
v -0.0430841856 0.000482547592 0.00412999233
vn 0.0759155974 -0.007764915 0.997084022
f 208//70 209//70 210//70
v -0.0419661403 7.34383721e-05 0.00406353967
v -0.0430841856 0.000482547592 0.00412999233
v -0.0420195833 -1.57065424e-05 0.00404505618
vn -0.01321638 -0.195405826 0.980633438
f 211//71 212//71 213//71
v -0.0394750386 -0.000398225238 0.00351900514
v -0.0396818966 -0.000359834172 0.00358427735
v -0.0397418551 -0.000442595367 0.00356039777
vn 0.205646589 -0.405922711 0.89046967
f 214//72 215//72 216//72
v -0.0397418551 -0.000442595367 0.00356039777
v -0.0396818966 -0.000359834172 0.00358427735
v -0.0405723825 -0.000194555745 0.00386528159
vn 0.205655038 -0.405927628 0.890465498
f 217//73 218//73 219//73
v -0.0397418551 -0.000442595367 0.00356039777
v -0.0405723825 -0.000194555745 0.00386528159
v -0.0408164747 -0.0002068053 0.00388677465
vn 0.0996106192 -0.62155205 0.777014017
f 220//74 221//74 222//74
v -0.0408164747 -0.0002068053 0.00388677465
v -0.0405723825 -0.000194555745 0.00386528159
v -0.0407618172 -0.000159395786 0.00392505992
vn 0.0977412686 -0.691032767 0.716184556
f 223//75 224//75 225//75
v -0.0408164747 -0.0002068053 0.00388677465
v -0.0407618172 -0.000159395786 0.00392505992
v -0.0407746881 -0.000155837857 0.00392619614
vn -0.0839698762 -0.565665245 0.82034862
f 226//76 227//76 228//76
v -0.0389984697 -0.00048667824 0.0033686189
v -0.0392426103 -0.000503181305 0.003351158
v -0.0386719555 -0.000500000024 0.00321197463
vn 0.052455157 -0.979860127 0.192672089
f 229//77 230//77 231//77
v -0.0420819297 -0.000202940486 0.00401319796
v -0.0410863087 -0.000633967167 0.00374406856
v -0.0420195833 -1.57065424e-05 0.00404505618
vn 0.165290162 -0.218673363 0.961696982
f 232//78 233//78 234//78
v -0.0420195833 -1.57065424e-05 0.00404505618
v -0.0410863087 -0.000633967167 0.00374406856
v -0.0409840755 -0.000449431478 0.00377088413
vn 0.158992365 -0.227679208 0.960668325
f 235//79 236//79 237//79
v -0.0420195833 -1.57065424e-05 0.00404505618
v -0.0409840755 -0.000449431478 0.00377088413
v -0.0419661403 7.34383721e-05 0.00406353967
vn 0.135235623 -0.278249025 0.950941026
f 238//80 239//80 240//80
v -0.0419661403 7.34383721e-05 0.00406353967
v -0.0409840755 -0.000449431478 0.00377088413
v -0.0408729799 -0.000281287939 0.00383892283
vn 0.0557118393 -0.405930907 0.912204087
f 241//81 242//81 243//81
v -0.0402004495 -0.000999668147 0.0032280013
v -0.0399229676 -0.000999514596 0.00306167803
v -0.0400186516 -0.000743930636 0.00331521546
vn 0.429680437 -0.549747944 0.716346204
f 244//82 245//82 246//82
v -0.0400186516 -0.000743930636 0.00331521546
v -0.0399229676 -0.000999514596 0.00306167803
v -0.0395826437 -0.000805845368 0.00303547573
vn 0.382645428 -0.574504495 0.723551691
f 247//83 248//83 249//83
v -0.0400186516 -0.000743930636 0.00331521546
v -0.0395826437 -0.000805845368 0.00303547573
v -0.0399310738 -0.000622900436 0.00338085415
vn 0.35369119 -0.630592287 0.690837145
f 250//84 251//84 252//84
v -0.0394976325 -0.000999279087 0.00280673569
v -0.0391723998 -0.000809558667 0.00274737668
v -0.0395826437 -0.000805845368 0.00303547573
vn 0.462689519 -0.58467108 0.66639185
f 253//85 254//85 255//85
v -0.0395826437 -0.000805845368 0.00303547573
v -0.0391723998 -0.000809558667 0.00274737668
v -0.0391416065 -0.000765860663 0.00277596968
vn 0.414776683 -0.684555769 0.599452794
f 256//86 257//86 258//86
v -0.0395826437 -0.000805845368 0.00303547573
v -0.0391416065 -0.000765860663 0.00277596968
v -0.0399310738 -0.000622900436 0.00338085415
vn 0.476515174 -0.481344581 0.735690594
f 259//87 260//87 261//87
v -0.0391614288 -0.000456432463 0.00342004187
v -0.0394750386 -0.000398225238 0.00351900514
v -0.0392426103 -0.000503181305 0.003351158
vn 0.0174163207 -0.836733758 0.547332942
f 262//88 263//88 264//88
v -0.0392426103 -0.000503181305 0.003351158
v -0.0394750386 -0.000398225238 0.00351900514
v -0.0397418551 -0.000442595367 0.00356039777
vn 0.221125692 -0.659401953 0.718534946
f 265//89 266//89 267//89
v -0.0392426103 -0.000503181305 0.003351158
v -0.0397418551 -0.000442595367 0.00356039777
v -0.0398375057 -0.000521533249 0.00346395769
vn 0.129411086 -0.826372802 0.548051775
f 268//90 269//90 270//90
v -0.0398375057 -0.000521533249 0.00346395769
v -0.0397418551 -0.000442595367 0.00356039777
v -0.0408164747 -0.0002068053 0.00388677465
vn 0.0175387338 -0.782166839 0.622822165
f 271//91 272//91 273//91
v -0.0398375057 -0.000521533249 0.00346395769
v -0.0408164747 -0.0002068053 0.00388677465
v -0.0408729799 -0.000281287939 0.00383892283
vn 0.141425565 -0.608799577 0.780616343
f 274//92 275//92 276//92
v -0.0408729799 -0.000281287939 0.00383892283
v -0.0408164747 -0.0002068053 0.00388677465
v -0.0419212356 0.000161086908 0.00402737036
vn -0.0594923422 -0.507222354 0.859759331
f 277//93 278//93 279//93
v -0.0408729799 -0.000281287939 0.00383892283
v -0.0419212356 0.000161086908 0.00402737036
v -0.0419661403 7.34383721e-05 0.00406353967
vn 0.270872563 0.245338678 0.930825949
f 280//94 281//94 282//94
v -0.0419661403 7.34383721e-05 0.00406353967
v -0.0419212356 0.000161086908 0.00402737036
v -0.0419288911 0.00016320376 0.00402804557
vn 0.16631192 0.30213657 0.938644707
f 283//95 284//95 285//95
v -0.0419661403 7.34383721e-05 0.00406353967
v -0.0419288911 0.00016320376 0.00402804557
v -0.0430841856 0.000482547592 0.00412999233
vn 0.166341186 0.302123994 0.938643575
f 286//96 287//96 288//96
v -0.0389139727 -0.000556130602 0.0029872898
v -0.0389118642 -0.000555641192 0.00298924884
v -0.0392426103 -0.000503181305 0.003351158
vn 0.0516534969 -0.980551958 0.189340264
f 289//97 290//97 291//97
v -0.0392426103 -0.000503181305 0.003351158
v -0.0389118642 -0.000555641192 0.00298924884
v -0.0387755223 -0.000524021569 0.00311581907
vn 0.0516429171 -0.980554342 0.189330935
f 292//98 293//98 294//98
v -0.0392426103 -0.000503181305 0.003351158
v -0.0387755223 -0.000524021569 0.00311581907
v -0.0386719555 -0.000500000024 0.00321197463
vn 0.0516451932 -0.980553389 0.189335361
f 295//99 296//99 297//99
v -0.0389216356 -0.00056117546 0.00298017496
v -0.0393613614 -0.000572102552 0.00323235616
v -0.0390628427 -0.000654123549 0.00284908316
vn 0.238652378 -0.894785166 0.377365232
f 298//100 299//100 300//100
v -0.0390628427 -0.000654123549 0.00284908316
v -0.0393613614 -0.000572102552 0.00323235616
v -0.0399310738 -0.000622900436 0.00338085415
vn 0.168890223 -0.928651333 0.330276787
f 301//101 302//101 303//101
v -0.0390628427 -0.000654123549 0.00284908316
v -0.0399310738 -0.000622900436 0.00338085415
v -0.0391416065 -0.000765860663 0.00277596968
vn 0.366820991 -0.676452577 0.638634682
f 304//102 305//102 306//102
v -0.0420819297 -0.000202940486 0.00401319796
v -0.0411642119 -0.000774712535 0.00370884524
v -0.0410863087 -0.000633967167 0.00374406856
vn 0.123398744 -0.304658979 0.944434047
f 307//103 308//103 309//103
v -0.0410863087 -0.000633967167 0.00374406856
v -0.0411642119 -0.000774712535 0.00370884524
v -0.0402004495 -0.000999668147 0.0032280013
vn 0.333351731 -0.398363262 0.854507685
f 310//104 311//104 312//104
v -0.0410863087 -0.000633967167 0.00374406856
v -0.0402004495 -0.000999668147 0.0032280013
v -0.0409840755 -0.000449431478 0.00377088413
vn 0.369343549 -0.330809057 0.868418515
f 313//105 314//105 315//105
v -0.0409840755 -0.000449431478 0.00377088413
v -0.0402004495 -0.000999668147 0.0032280013
v -0.0400186516 -0.000743930636 0.00331521546
vn 0.255511105 -0.469803482 0.844984472
f 316//106 317//106 318//106
v -0.0409840755 -0.000449431478 0.00377088413
v -0.0400186516 -0.000743930636 0.00331521546
v -0.0408729799 -0.000281287939 0.00383892283
vn 0.241760254 -0.496971548 0.833409429
f 319//107 320//107 321//107
v -0.0408729799 -0.000281287939 0.00383892283
v -0.0400186516 -0.000743930636 0.00331521546
v -0.0399310738 -0.000622900436 0.00338085415
vn 0.18401444 -0.568150163 0.802087307
f 322//108 323//108 324//108
v -0.0408729799 -0.000281287939 0.00383892283
v -0.0399310738 -0.000622900436 0.00338085415
v -0.0398375057 -0.000521533249 0.00346395769
vn 0.10208524 -0.685349286 0.72102356
f 325//109 326//109 327//109
v -0.0398375057 -0.000521533249 0.00346395769
v -0.0399310738 -0.000622900436 0.00338085415
v -0.0393613614 -0.000572102552 0.00323235616
vn 0.23152326 -0.735619962 0.636600554
f 328//110 329//110 330//110
v -0.0398375057 -0.000521533249 0.00346395769
v -0.0393613614 -0.000572102552 0.00323235616
v -0.0392426103 -0.000503181305 0.003351158
vn 0.106884725 -0.902675509 0.416836381
f 331//111 332//111 333//111
v -0.0392426103 -0.000503181305 0.003351158
v -0.0393613614 -0.000572102552 0.00323235616
v -0.0389216356 -0.00056117546 0.00298017496
vn 0.209555387 -0.922046781 0.325447768
f 334//112 335//112 336//112
v -0.0392426103 -0.000503181305 0.003351158
v -0.0389216356 -0.00056117546 0.00298017496
v -0.0389139727 -0.000556130602 0.0029872898
vn 0.255258024 -0.896926403 0.361062914
f 337//113 338//113 339//113
v -0.0417351425 0.00015743963 -0.0056076902
v -0.0405919887 -0.000141457422 -0.00538593344
v -0.0406933688 -0.000290495285 -0.00534797972
vn 0.102230757 -0.310231805 -0.94514817
f 340//114 341//114 342//114
v -0.0398966074 -0.000999766286 -0.00461716205
v -0.0400189906 -0.000999726239 -0.00470890105
v -0.0399346091 -0.000889483781 -0.00474569015
vn 0.48523736 -0.587522268 -0.647581875
f 343//115 344//115 345//115
v -0.040641088 -0.00100000144 -0.00510259205
v -0.0409851857 -0.000792113948 -0.00525728613
v -0.0402667411 -0.000999645097 -0.00489462214
vn 0.479935765 0.151363686 -0.864147365
f 346//116 347//116 348//116
v -0.0402667411 -0.000999645097 -0.00489462214
v -0.0409851857 -0.000792113948 -0.00525728613
v -0.0409085676 -0.000642069499 -0.00526290433
vn 0.384799331 -0.229967117 -0.893892944
f 349//117 350//117 351//117
v -0.0398559347 -0.00075349462 -0.00478725974
v -0.0391659476 -0.000965948566 -0.00409535272
v -0.0399346091 -0.000889483781 -0.00474569015
vn 0.524758995 -0.511572599 -0.680383325
f 352//118 353//118 354//118
v -0.0399346091 -0.000889483781 -0.00474569015
v -0.0391659476 -0.000965948566 -0.00409535272
v -0.0391820334 -0.00100000028 -0.00408149883
vn 0.520480096 -0.521080017 -0.676443696
f 355//119 356//119 357//119
v -0.0399346091 -0.000889483781 -0.00474569015
v -0.0391820334 -0.00100000028 -0.00408149883
v -0.0398966074 -0.000999766286 -0.00461716205
vn 0.48524943 -0.587515175 -0.647579312
f 358//120 359//120 360//120
v -0.0394303203 -0.000813778606 -0.00448767096
v -0.0390505791 -0.000817217457 -0.00419473602
v -0.0391549207 -0.000942585582 -0.00410485826
vn 0.411998272 -0.731952667 -0.542681038
f 361//121 362//121 363//121
v -0.0390505791 -0.000817217457 -0.00419473602
v -0.0394303203 -0.000813778606 -0.00448767096
v -0.0390107445 -0.000769357779 -0.00422904687
vn 0.411994338 -0.731958568 -0.542676032
f 364//122 365//122 366//122
v -0.0390107445 -0.000769357779 -0.00422904687
v -0.0394303203 -0.000813778606 -0.00448767096
v -0.039322488 -0.000681625505 -0.00457203435
vn 0.423765868 -0.707122266 -0.566039324
f 367//123 368//123 369//123
v -0.0390107445 -0.000769357779 -0.00422904687
v -0.039322488 -0.000681625505 -0.00457203435
v -0.0389297716 -0.00067205372 -0.00429880479
vn 0.401990622 -0.730395794 -0.552200675
f 370//124 371//124 372//124
v -0.0389297716 -0.00067205372 -0.00429880479
v -0.039322488 -0.000681625505 -0.00457203435
v -0.0392038077 -0.000578959298 -0.00467407284
vn 0.33223024 -0.829767525 -0.448451698
f 373//125 374//125 375//125
v -0.0389297716 -0.00067205372 -0.00429880479
v -0.0392038077 -0.000578959298 -0.00467407284
v -0.0388874821 -0.000621236744 -0.00433523627
vn 0.446453959 -0.736178517 -0.508645296
f 376//126 377//126 378//126
v -0.0388874821 -0.000621236744 -0.00433523627
v -0.0392038077 -0.000578959298 -0.00467407284
v -0.0387689024 -0.000581481436 -0.00443737675
vn 0.12178494 -0.964568079 -0.234044656
f 379//127 380//127 381//127
v -0.0387689024 -0.000581481436 -0.00443737675
v -0.0392038077 -0.000578959298 -0.00467407284
v -0.0390810855 -0.000508936646 -0.00478730863
vn 0.190101355 -0.913761914 -0.359027296
f 382//128 383//128 384//128
v -0.0387689024 -0.000581481436 -0.00443737675
v -0.0390810855 -0.000508936646 -0.00478730863
v -0.0386417657 -0.000538850436 -0.00454690633
vn 0.0848795325 -0.957889616 -0.27430442
f 385//129 386//129 387//129
v -0.0398559347 -0.00075349462 -0.00478725974
v -0.0401689671 -0.000430781802 -0.00515392562
v -0.0396708064 -0.000530641002 -0.00492720725
vn 0.209006205 -0.638672829 -0.740549386
f 388//130 389//130 390//130
v -0.0396708064 -0.000530641002 -0.00492720725
v -0.0401689671 -0.000430781802 -0.00515392562
v -0.0395009741 -0.000369093963 -0.00506694196
vn 0.153918982 -0.733988762 -0.661490321
f 391//131 392//131 393//131
v -0.0396708064 -0.000530641002 -0.00492720725
v -0.0395009741 -0.000369093963 -0.00506694196
v -0.0393024385 -0.00039574632 -0.00498138554
vn 0.177705154 -0.743982971 -0.644135237
f 394//132 395//132 396//132
v -0.0405919887 -0.000141457422 -0.00538593344
v -0.0403963998 -0.000192596417 -0.00534799276
v -0.0401689671 -0.000430781802 -0.00515392562
vn -0.0194455367 -0.64262861 -0.76593101
f 397//133 398//133 399//133
v -0.0401689671 -0.000430781802 -0.00515392562
v -0.0403963998 -0.000192596417 -0.00534799276
v -0.0399539657 -0.000308277871 -0.00526216673
vn -0.0194457658 -0.642628729 -0.765930891
f 400//134 401//134 402//134
v -0.0401689671 -0.000430781802 -0.00515392562
v -0.0399539657 -0.000308277871 -0.00526216673
v -0.0395009741 -0.000369093963 -0.00506694196
vn 0.15038529 -0.789590955 -0.594920516
f 403//135 404//135 405//135
v -0.0417351425 0.00015743963 -0.0056076902
v -0.0417814925 6.80370722e-05 -0.00561820623
v -0.0421347469 0.000261922949 -0.00568520837
vn 0.194128305 0.0147353271 -0.980865479
f 406//136 407//136 408//136
v -0.0421347469 0.000261922949 -0.00568520837
v -0.0417814925 6.80370722e-05 -0.00561820623
v -0.041835282 -2.07119156e-05 -0.00560205337
vn 0.0656099841 -0.217034161 -0.973956645
f 409//137 410//137 411//137
v -0.0421347469 0.000261922949 -0.00568520837
v -0.041835282 -2.07119156e-05 -0.00560205337
v -0.0429009721 0.000482547592 -0.00572805526
vn -0.0392241105 -0.320058018 -0.946585596
f 412//138 413//138 414//138
v -0.041906558 -0.000196919107 -0.00554313092
v -0.0429009721 0.000482547592 -0.00572805526
v -0.041835282 -2.07119156e-05 -0.00560205337
vn -0.031704586 -0.305413336 -0.951691926
f 415//139 416//139 417//139
v -0.0391549207 -0.000942585582 -0.00410485826
v -0.0391659476 -0.000965948566 -0.00409535272
v -0.0394303203 -0.000813778606 -0.00448767096
vn 0.595463634 -0.527556121 -0.605894089
f 418//140 419//140 420//140
v -0.0394303203 -0.000813778606 -0.00448767096
v -0.0391659476 -0.000965948566 -0.00409535272
v -0.0398559347 -0.00075349462 -0.00478725974
vn 0.213388845 -0.8537516 -0.474945664
f 421//141 422//141 423//141
v -0.0394303203 -0.000813778606 -0.00448767096
v -0.0398559347 -0.00075349462 -0.00478725974
v -0.039322488 -0.000681625505 -0.00457203435
vn 0.348907918 -0.689722657 -0.634465039
f 424//142 425//142 426//142
v -0.039322488 -0.000681625505 -0.00457203435
v -0.0398559347 -0.00075349462 -0.00478725974
v -0.0396708064 -0.000530641002 -0.00492720725
vn 0.349107742 -0.688917875 -0.635229051
f 427//143 428//143 429//143
v -0.039322488 -0.000681625505 -0.00457203435
v -0.0396708064 -0.000530641002 -0.00492720725
v -0.0392038077 -0.000578959298 -0.00467407284
vn 0.217644781 -0.803008854 -0.554804087
f 430//144 431//144 432//144
v -0.0392038077 -0.000578959298 -0.00467407284
v -0.0396708064 -0.000530641002 -0.00492720725
v -0.0393024385 -0.00039574632 -0.00498138554
vn 0.214647129 -0.807075858 -0.550050139
f 433//145 434//145 435//145
v -0.0392038077 -0.000578959298 -0.00467407284
v -0.0393024385 -0.00039574632 -0.00498138554
v -0.0390810855 -0.000508936646 -0.00478730863
vn 0.0135441301 -0.856941164 -0.515236259
f 436//146 437//146 438//146
v -0.0390810855 -0.000508936646 -0.00478730863
v -0.0393024385 -0.00039574632 -0.00498138554
v -0.0389915183 -0.000437488809 -0.00484738871
vn 0.173169523 -0.751954973 -0.63606292
f 439//147 440//147 441//147
v -0.0390810855 -0.000508936646 -0.00478730863
v -0.0389915183 -0.000437488809 -0.00484738871
v -0.0386417657 -0.000538850436 -0.00454690633
vn 0.253028959 -0.788542509 -0.560514987
f 442//148 443//148 444//148
v -0.0386417657 -0.000538850436 -0.00454690633
v -0.0389915183 -0.000437488809 -0.00484738871
v -0.038525898 -0.000500000024 -0.00464672269
vn 0.0209736396 -0.939685404 -0.341396242
f 445//149 446//149 447//149
v -0.0405919887 -0.000141457422 -0.00538593344
v -0.0401689671 -0.000430781802 -0.00515392562
v -0.0406933688 -0.000290495285 -0.00534797972
vn 0.228582248 -0.383373648 -0.894860208
f 448//150 449//150 450//150
v -0.0406933688 -0.000290495285 -0.00534797972
v -0.0401689671 -0.000430781802 -0.00515392562
v -0.0398559347 -0.00075349462 -0.00478725974
vn 0.0614524744 -0.722643971 -0.688483357
f 451//151 452//151 453//151
v -0.0406933688 -0.000290495285 -0.00534797972
v -0.0398559347 -0.00075349462 -0.00478725974
v -0.0408062264 -0.000458256487 -0.00528520392
vn 0.277684718 -0.494908959 -0.823381007
f 454//152 455//152 456//152
v -0.0408062264 -0.000458256487 -0.00528520392
v -0.0398559347 -0.00075349462 -0.00478725974
v -0.0399346091 -0.000889483781 -0.00474569015
vn 0.307502568 -0.436381489 -0.845584631
f 457//153 458//153 459//153
v -0.0408062264 -0.000458256487 -0.00528520392
v -0.0399346091 -0.000889483781 -0.00474569015
v -0.0409085676 -0.000642069499 -0.00526290433
vn 0.380646467 -0.317305207 -0.868576825
f 460//154 461//154 462//154
v -0.0409085676 -0.000642069499 -0.00526290433
v -0.0399346091 -0.000889483781 -0.00474569015
v -0.0400189906 -0.000999726239 -0.00470890105
vn 0.302687734 -0.502042055 -0.810144365
f 463//155 464//155 465//155
v -0.0409085676 -0.000642069499 -0.00526290433
v -0.0400189906 -0.000999726239 -0.00470890105
v -0.0402667411 -0.000999645097 -0.00489462214
vn 0.581587255 0.244959697 -0.77572608
f 466//156 467//156 468//156
v -0.0409851857 -0.000792113948 -0.00525728613
v -0.0414195471 -0.000529687852 -0.00545256445
v -0.0409085676 -0.000642069499 -0.00526290433
vn 0.304516315 -0.190445125 -0.933274031
f 469//157 470//157 471//157
v -0.0409085676 -0.000642069499 -0.00526290433
v -0.0414195471 -0.000529687852 -0.00545256445
v -0.041906558 -0.000196919107 -0.00554313092
vn 0.392141312 0.341422737 -0.854198873
f 472//158 473//158 474//158
v -0.0409085676 -0.000642069499 -0.00526290433
v -0.041906558 -0.000196919107 -0.00554313092
v -0.0408062264 -0.000458256487 -0.00528520392
vn 0.174530685 -0.213779211 -0.961164653
f 475//159 476//159 477//159
v -0.0408062264 -0.000458256487 -0.00528520392
v -0.041906558 -0.000196919107 -0.00554313092
v -0.041835282 -2.07119156e-05 -0.00560205337
vn 0.130540714 -0.36150983 -0.923184574
f 478//160 479//160 480//160
v -0.0408062264 -0.000458256487 -0.00528520392
v -0.041835282 -2.07119156e-05 -0.00560205337
v -0.0406933688 -0.000290495285 -0.00534797972
vn 0.104850829 -0.409633487 -0.906204581
f 481//161 482//161 483//161
v -0.0406933688 -0.000290495285 -0.00534797972
v -0.041835282 -2.07119156e-05 -0.00560205337
v -0.0417814925 6.80370722e-05 -0.00561820623
vn 0.149607033 -0.264097154 -0.952822328
f 484//162 485//162 486//162
v -0.0406933688 -0.000290495285 -0.00534797972
v -0.0417814925 6.80370722e-05 -0.00561820623
v -0.0417351425 0.00015743963 -0.0056076902
vn 0.23814714 -0.00922398921 -0.971185267
f 487//163 488//163 489//163
v -0.0383410528 -0.00100000005 -0.0026985826
v -0.0379774682 -0.00100000005 -0.00118330377
v -0.0399294943 -0.00100000005 -0.00249240524
vn -1.1903102e-15 -1 -1.66915108e-16
f 490//164 491//164 492//164
v -0.0399294943 -0.00100000005 -0.00249240524
v -0.0379774682 -0.00100000005 -0.00118330377
v -0.0394931845 -0.00100000005 -0.000733993889
vn -1.1903102e-15 -1 -1.66915108e-16
f 493//165 494//165 495//165
v -0.0400189906 -0.000999726239 -0.00470890105
v -0.0411865488 -0.00100000005 -0.00379707804
v -0.0402667411 -0.000999645097 -0.00489462214
vn -5.22524788e-05 -0.99999994 -0.000367194851
f 496//166 497//166 498//166
v -0.0402667411 -0.000999645097 -0.00489462214
v -0.0411865488 -0.00100000005 -0.00379707804
v -0.040641088 -0.00100000144 -0.00510259205
vn 0.000772103493 -0.999999642 0.000323665707
f 499//167 500//167 501//167
v -0.040641088 -0.00100000144 -0.00510259205
v -0.0411865488 -0.00100000005 -0.00379707804
v -0.0418998562 -0.00100000005 -0.00557973888
vn -1.30822684e-06 -1 5.23468998e-07
f 502//168 503//168 504//168
v -0.0418998562 -0.00100000005 -0.00557973888
v -0.0411865488 -0.00100000005 -0.00379707804
v -0.0429275408 -0.00100000005 -0.00429842714
vn -1.1903102e-15 -1 -1.66915108e-16
f 505//169 506//169 507//169
v -0.0418998562 -0.00100000005 -0.00557973888
v -0.0429275408 -0.00100000005 -0.00429842714
v -0.0443618856 -0.00100000005 -0.00550797815
vn -1.1903102e-15 -1 -1.66915108e-16
f 508//170 509//170 510//170
v -0.0443618856 -0.00100000005 -0.00550797815
v -0.0429275408 -0.00100000005 -0.00429842714
v -0.0446859449 -0.00100000005 -0.00386211555
vn -1.1903102e-15 -1 -1.66915108e-16
f 511//171 512//171 513//171
v -0.0443618856 -0.00100000005 -0.00550797815
v -0.0446859449 -0.00100000005 -0.00386211555
v -0.0464784838 -0.00100000005 -0.00424832711
vn -1.1903102e-15 -1 -1.66915108e-16
f 514//172 515//172 516//172
v -0.0464784838 -0.00100000005 -0.00424832711
v -0.0446859449 -0.00100000005 -0.00386211555
v -0.0459906273 -0.00100000005 -0.00260505336
vn -1.1903102e-15 -1 -1.66915108e-16
f 517//173 518//173 519//173
v -0.0464784838 -0.00100000005 -0.00424832711
v -0.0459906273 -0.00100000005 -0.00260505336
v -0.0477157161 -0.00100000005 -0.00211854954
vn -1.1903102e-15 -1 -1.66915108e-16
f 520//174 521//174 522//174
v -0.0477157161 -0.00100000005 -0.00211854954
v -0.0459906273 -0.00100000005 -0.00260505336
v -0.0464919731 -0.00100000005 -0.000864068745
vn -1.1903102e-15 -1 -1.66915108e-16
f 523//175 524//175 525//175
v -0.0477157161 -0.00100000005 -0.00211854954
v -0.0464919731 -0.00100000005 -0.000864068745
v -0.0478957184 -0.00100000005 -0.000890157826
vn -1.1903102e-15 -1 -1.66915108e-16
f 526//176 527//176 528//176
v -0.0412991978 -0.00100000005 0.0022640531
v -0.0408026092 -0.00100000144 0.00358892488
v -0.0430576168 -0.00100000005 0.00270036445
vn -2.39370308e-07 -1 -9.64708306e-07
f 529//177 530//177 531//177
v -0.0430576168 -0.00100000005 0.00270036445
v -0.0408026092 -0.00100000144 0.00358892488
v -0.042078238 -0.00100000005 0.00401897449
vn -8.75828334e-07 -1 6.5050898e-07
f 532//178 533//178 534//178
v -0.0430576168 -0.00100000005 0.00270036445
v -0.042078238 -0.00100000005 0.00401897449
v -0.044798594 -0.00100000005 0.00219901581
vn -1.1903102e-15 -1 -1.66915108e-16
f 535//179 536//179 537//179
v -0.044798594 -0.00100000005 0.00219901581
v -0.042078238 -0.00100000005 0.00401897449
v -0.0445359014 -0.00100000005 0.00385578885
vn -1.1903102e-15 -1 -1.66915108e-16
f 538//180 539//180 540//180
v -0.044798594 -0.00100000005 0.00219901581
v -0.0445359014 -0.00100000005 0.00385578885
v -0.0460556634 -0.00100000005 0.000894342491
vn -1.1903102e-15 -1 -1.66915108e-16
f 541//181 542//181 543//181
v -0.0460556634 -0.00100000005 0.000894342491
v -0.0445359014 -0.00100000005 0.00385578885
v -0.046604231 -0.00100000005 0.00251836772
vn -1.1903102e-15 -1 -1.66915108e-16
f 544//182 545//182 546//182
v -0.0460556634 -0.00100000005 0.000894342491
v -0.046604231 -0.00100000005 0.00251836772
v -0.0464919731 -0.00100000005 -0.000864068745
vn -1.1903102e-15 -1 -1.66915108e-16
f 547//183 548//183 549//183
v -0.0464919731 -0.00100000005 -0.000864068745
v -0.046604231 -0.00100000005 0.00251836772
v -0.047761485 -0.00100000005 0.000344092579
vn -1.1903102e-15 -1 -1.66915108e-16
f 550//184 551//184 552//184
v -0.0464919731 -0.00100000005 -0.000864068745
v -0.047761485 -0.00100000005 0.000344092579
v -0.0478957184 -0.00100000005 -0.000890157826
vn -1.1903102e-15 -1 -1.66915108e-16
f 553//185 554//185 555//185
v -0.0384548418 -0.00100000005 0.00124924642
v -0.0399945304 -0.00100000005 0.00100699067
v -0.0382433832 -0.00100000005 0.000856755418
vn -1.1903102e-15 -1 -1.66915108e-16
f 556//186 557//186 558//186
v -0.0382433832 -0.00100000005 0.000856755418
v -0.0399945304 -0.00100000005 0.00100699067
v -0.0394931845 -0.00100000005 -0.000733993889
vn -1.1903102e-15 -1 -1.66915108e-16
f 559//187 560//187 561//187
v -0.0382433832 -0.00100000005 0.000856755418
v -0.0394931845 -0.00100000005 -0.000733993889
v -0.0379640535 -0.00100000005 -0.000705574465
vn -1.1903102e-15 -1 -1.66915108e-16
f 562//188 563//188 564//188
v -0.0379640535 -0.00100000005 -0.000705574465
v -0.0394931845 -0.00100000005 -0.000733993889
v -0.0379774682 -0.00100000005 -0.00118330377
vn -1.1903102e-15 -1 -1.66915108e-16
f 565//189 566//189 567//189
v -0.0400189906 -0.000999726239 -0.00470890105
v -0.0398966074 -0.000999766286 -0.00461716205
v -0.0411865488 -0.00100000005 -0.00379707804
vn -5.21103211e-05 -0.99999994 -0.000367012835
f 568//190 569//190 570//190
v -0.0411865488 -0.00100000005 -0.00379707804
v -0.0398966074 -0.000999766286 -0.00461716205
v -0.0391820334 -0.00100000028 -0.00408149883
vn -5.22148584e-05 -0.99999994 -0.000367177272
f 571//191 572//191 573//191
v -0.0411865488 -0.00100000005 -0.00379707804
v -0.0391820334 -0.00100000028 -0.00408149883
v -0.0399294943 -0.00100000005 -0.00249240524
vn -1.02183343e-07 -1 9.84539383e-08
f 574//192 575//192 576//192
v -0.0399294943 -0.00100000005 -0.00249240524
v -0.0391820334 -0.00100000028 -0.00408149883
v -0.0383487567 -0.00100000005 -0.00273073441
vn 2.37768489e-08 -1 1.57701805e-07
f 577//193 578//193 579//193
v -0.0399294943 -0.00100000005 -0.00249240524
v -0.0383487567 -0.00100000005 -0.00273073441
v -0.0383410528 -0.00100000005 -0.0026985826
vn -1.1903102e-15 -1 -1.66915108e-16
f 580//194 581//194 582//194
v -0.0384548418 -0.00100000005 0.00124924642
v -0.0389981829 -0.00100000005 0.00225771195
v -0.0399945304 -0.00100000005 0.00100699067
vn -1.1903102e-15 -1 -1.66915108e-16
f 583//195 584//195 585//195
v -0.0399945304 -0.00100000005 0.00100699067
v -0.0389981829 -0.00100000005 0.00225771195
v -0.0393066332 -0.00100000098 0.00262276432
vn 1.5541234e-06 -1 -1.23804534e-06
f 586//196 587//196 588//196
v -0.0399945304 -0.00100000005 0.00100699067
v -0.0393066332 -0.00100000098 0.00262276432
v -0.0394976325 -0.000999279087 0.00280673569
vn -0.00268079108 -0.999995768 0.0011407414
f 589//197 590//197 591//197
v -0.0394976325 -0.000999279087 0.00280673569
v -0.0397188812 -0.000999401556 0.00293935509
v -0.0399945304 -0.00100000005 0.00100699067
vn 0.000680951111 -0.999999762 0.000212582861
f 592//198 593//198 594//198
v -0.0399945304 -0.00100000005 0.00100699067
v -0.0397188812 -0.000999401556 0.00293935509
v -0.0399229676 -0.000999514596 0.00306167803
vn 0.000681272359 -0.999999762 0.000212537023
f 595//199 596//199 597//199
v -0.0399945304 -0.00100000005 0.00100699067
v -0.0399229676 -0.000999514596 0.00306167803
v -0.0412991978 -0.00100000005 0.0022640531
vn 0.000220253336 -0.99999994 0.000228594217
f 598//200 599//200 600//200
v -0.0412991978 -0.00100000005 0.0022640531
v -0.0399229676 -0.000999514596 0.00306167803
v -0.0402004495 -0.000999668147 0.0032280013
vn 0.000451369153 -0.999999881 -0.000170175641
f 601//201 602//201 603//201
v -0.0412991978 -0.00100000005 0.0022640531
v -0.0402004495 -0.000999668147 0.0032280013
v -0.0408026092 -0.00100000144 0.00358892488
vn 0.000451449654 -0.999999881 -0.000170267391
f 604//202 605//202 606//202
v 0.0138970846 -0.00403460534 -0.00744408043
v 0.0134499846 -0.00403460534 -0.00717126206
v 0.0135504492 -0.00478326809 -0.00706613902
vn 0.511748075 0.186433062 0.838663578
f 607//203 608//203 609//203
v 0.0131676141 -0.00403460534 -0.00675241556
v 0.0129732313 -0.00403460534 -0.00646409392
v 0.0131083559 -0.00478326809 -0.00641038595
vn 0.814624667 0.186429918 0.549209058
f 610//204 611//204 612//204
v 0.01486897 -0.00403460534 -0.00772503717
v 0.0141780172 -0.00403460534 -0.00761550339
v 0.0142255547 -0.00478326809 -0.00747808209
vn 0.153783903 0.187829837 0.970087886
f 613//205 614//205 615//205
v 0.0143654924 -0.0054364237 -0.0070735123
v 0.0148635609 -0.00500554778 -0.00743399141
v 0.0142255547 -0.00478326809 -0.00747808209
vn 0.131556958 0.542217553 0.829875231
f 616//206 617//206 618//206
v 0.0142255547 -0.00478326809 -0.00747808209
v 0.0148635609 -0.00500554778 -0.00743399141
v 0.0148662683 -0.00478326809 -0.00757965213
vn 0.131557107 0.54221791 0.829874992
f 619//207 620//207 621//207
v 0.0142255547 -0.00478326809 -0.00747808209
v 0.0148662683 -0.00478326809 -0.00757965213
v 0.01486897 -0.00403460534 -0.00772503717
vn 0.153784558 0.187829271 0.970087886
f 622//208 623//208 624//208
v 0.0148463175 -0.00587584684 -0.00650616316
v 0.0148503995 -0.00572630437 -0.00672582816
v 0.0143654924 -0.0054364237 -0.0070735123
vn 0.089035444 0.822574675 0.56164366
f 625//209 626//209 627//209
v 0.0143654924 -0.0054364237 -0.0070735123
v 0.0148503995 -0.00572630437 -0.00672582816
v 0.0148583138 -0.0054364237 -0.00715163676
vn 0.089034766 0.822574317 0.561644316
f 628//210 629//210 630//210
v 0.0143654924 -0.0054364237 -0.0070735123
v 0.0148583138 -0.0054364237 -0.00715163676
v 0.0148635609 -0.00500554778 -0.00743399141
vn 0.131556079 0.542218268 0.829874933
f 631//211 632//211 633//211
v 0.0143654924 -0.0054364237 -0.0070735123
v 0.0145765319 -0.00587584684 -0.00646339543
v 0.0148463175 -0.00587584684 -0.00650616316
vn 0.089034915 0.822574496 0.561643958
f 634//212 635//212 636//212
v 0.0148463175 -0.00587584684 -0.00650616316
v 0.0145765319 -0.00587584684 -0.00646339543
v 0.0147928586 -0.0060307933 -0.0057616476
vn 0.032638602 0.97803098 0.205888614
f 637//213 638//213 639//213
v 0.0148463175 -0.00587584684 -0.00650616316
v 0.0147928586 -0.0060307933 -0.0057616476
v 0.0148324547 -0.00603430066 -0.00576028088
vn 0.0791463107 0.974802673 0.208556145
f 640//214 641//214 642//214
v 0.0145514458 -0.00600941246 -0.005769982
v 0.0141061088 -0.00587584684 -0.00601381762
v 0.0144825084 -0.00600330625 -0.005772362
vn 0.0685862079 0.922433794 0.380015641
f 643//215 644//215 645//215
v 0.0144825084 -0.00600330625 -0.005772362
v 0.0141061088 -0.00587584684 -0.00601381762
v 0.014170873 -0.0058672973 -0.00578125427
vn 0.399263442 0.905382276 -0.144470111
f 646//216 647//216 648//216
v 0.013442087 -0.0054074144 -0.00579964882
v 0.0134528214 -0.00542025501 -0.00579948025
v 0.0135061787 -0.0054364237 -0.00625226833
vn 0.765033782 0.640465796 0.0672825724
f 649//217 650//217 651//217
v 0.0135061787 -0.0054364237 -0.00625226833
v 0.0134528214 -0.00542025501 -0.00579948025
v 0.0136286942 -0.00563067105 -0.00579672446
vn 0.765104413 0.640380144 0.0672939643
f 652//218 653//218 654//218
v 0.0135061787 -0.0054364237 -0.00625226833
v 0.0136286942 -0.00563067105 -0.00579672446
v 0.0141061088 -0.00587584684 -0.00601381762
vn 0.521092892 0.826661587 0.21235083
f 655//219 656//219 657//219
v 0.0141061088 -0.00587584684 -0.00601381762
v 0.0136286942 -0.00563067105 -0.00579672446
v 0.0140759489 -0.0058258702 -0.00578396302
vn 0.399265468 0.905382037 -0.144465953
f 658//220 659//220 660//220
v 0.0141061088 -0.00587584684 -0.00601381762
v 0.0140759489 -0.0058258702 -0.00578396302
v 0.014170873 -0.0058672973 -0.00578125427
vn 0.399255723 0.905386031 -0.144468099
f 661//221 662//221 663//221
v 0.013442087 -0.0054074144 -0.00579964882
v 0.0135061787 -0.0054364237 -0.00625226833
v 0.0130485864 -0.00493662758 -0.00580581371
vn 0.765102804 0.640381694 0.0672977492
f 664//222 665//222 666//222
v 0.0130485864 -0.00493662758 -0.00580581371
v 0.0135061787 -0.0054364237 -0.00625226833
v 0.0131083559 -0.00478326809 -0.00641038595
vn 0.80905509 0.545648158 0.21839869
f 667//223 668//223 669//223
v 0.0130485864 -0.00493662758 -0.00580581371
v 0.0131083559 -0.00478326809 -0.00641038595
v 0.013010174 -0.00477582915 -0.00580432126
vn 0.961506963 0.228269428 0.152962357
f 670//224 671//224 672//224
v 0.013010174 -0.00477582915 -0.00580432126
v 0.0131083559 -0.00478326809 -0.00641038595
v 0.0129937902 -0.00470725074 -0.00580368424
vn 0.961503208 0.228285715 0.152961552
f 673//225 674//225 675//225
v 0.0129937902 -0.00470725074 -0.00580368424
v 0.0131083559 -0.00478326809 -0.00641038595
v 0.0129732313 -0.00403460534 -0.00646409392
vn 0.969403386 0.186422795 0.159698635
f 676//226 677//226 678//226
v 0.0129937902 -0.00470725074 -0.00580368424
v 0.0129732313 -0.00403460534 -0.00646409392
v 0.0128331091 -0.00403460488 -0.00579743925
vn 0.953326643 0.225870013 0.200377196
f 679//227 680//227 681//227
v 0.0134499846 -0.00403460534 -0.00717126206
v 0.0131676141 -0.00403460534 -0.00675241556
v 0.0135504492 -0.00478326809 -0.00706613902
vn 0.81463325 0.186432391 0.549195409
f 682//228 683//228 684//228
v 0.0135504492 -0.00478326809 -0.00706613902
v 0.0131676141 -0.00403460534 -0.00675241556
v 0.0131083559 -0.00478326809 -0.00641038595
vn 0.814629138 0.186426967 0.549203336
f 685//229 686//229 687//229
v 0.0135504492 -0.00478326809 -0.00706613902
v 0.0131083559 -0.00478326809 -0.00641038595
v 0.0138462223 -0.0054364237 -0.0067566568
vn 0.698272169 0.539261222 0.470758229
f 688//230 689//230 690//230
v 0.0138462223 -0.0054364237 -0.0067566568
v 0.0131083559 -0.00478326809 -0.00641038595
v 0.0135061787 -0.0054364237 -0.00625226833
vn 0.698272705 0.539263904 0.470754385
f 691//231 692//231 693//231
v 0.0138462223 -0.0054364237 -0.0067566568
v 0.0135061787 -0.0054364237 -0.00625226833
v 0.0142922616 -0.00587584684 -0.00628993753
vn 0.473980397 0.820508778 0.319543302
f 694//232 695//232 696//232
v 0.0142922616 -0.00587584684 -0.00628993753
v 0.0135061787 -0.0054364237 -0.00625226833
v 0.0141061088 -0.00587584684 -0.00601381762
vn 0.473980248 0.820508361 0.319544584
f 697//233 698//233 699//233
v 0.0142922616 -0.00587584684 -0.00628993753
v 0.0141061088 -0.00587584684 -0.00601381762
v 0.0146859707 -0.00602132687 -0.00576533796
vn 0.189501554 0.973533452 0.127756804
f 700//234 701//234 702//234
v 0.0146859707 -0.00602132687 -0.00576533796
v 0.0141061088 -0.00587584684 -0.00601381762
v 0.0145514458 -0.00600941246 -0.005769982
vn 0.0685776025 0.922429025 0.380028725
f 703//235 704//235 705//235
v 0.0141780172 -0.00403460534 -0.00761550339
v 0.0138970846 -0.00403460534 -0.00744408043
v 0.0142255547 -0.00478326809 -0.00747808209
vn 0.51174736 0.18643555 0.838663459
f 706//236 707//236 708//236
v 0.0142255547 -0.00478326809 -0.00747808209
v 0.0138970846 -0.00403460534 -0.00744408043
v 0.0135504492 -0.00478326809 -0.00706613902
vn 0.511745691 0.186434761 0.838664711
f 709//237 710//237 711//237
v 0.0142255547 -0.00478326809 -0.00747808209
v 0.0135504492 -0.00478326809 -0.00706613902
v 0.0143654924 -0.0054364237 -0.0070735123
vn 0.438652128 0.539259255 0.718876719
f 712//238 713//238 714//238
v 0.0143654924 -0.0054364237 -0.0070735123
v 0.0135504492 -0.00478326809 -0.00706613902
v 0.0138462223 -0.0054364237 -0.0067566568
vn 0.438653171 0.539260507 0.71887517
f 715//239 716//239 717//239
v 0.0143654924 -0.0054364237 -0.0070735123
v 0.0138462223 -0.0054364237 -0.0067566568
v 0.0145765319 -0.00587584684 -0.00646339543
vn 0.297751486 0.820510209 0.487962157
f 718//240 719//240 720//240
v 0.0145765319 -0.00587584684 -0.00646339543
v 0.0138462223 -0.0054364237 -0.0067566568
v 0.0142922616 -0.00587584684 -0.00628993753
vn 0.297749162 0.820508838 0.487965882
f 721//241 722//241 723//241
v 0.0145765319 -0.00587584684 -0.00646339543
v 0.0142922616 -0.00587584684 -0.00628993753
v 0.0147928586 -0.0060307933 -0.0057616476
vn 0.110803373 0.977111936 0.181589991
f 724//242 725//242 726//242
v 0.0147928586 -0.0060307933 -0.0057616476
v 0.0142922616 -0.00587584684 -0.00628993753
v 0.0146859707 -0.00602132687 -0.00576533796
vn 0.0790076628 0.9743101 0.210897207
f 727//243 728//243 729//243
v 0.0138970846 0.00403460534 -0.00744408043
v 0.0141780172 0.00403460534 -0.00761550339
v 0.0142647251 0.00502990605 -0.0073648314
vn 0.504073858 -0.251968712 0.826087952
f 730//244 731//244 732//244
v 0.0131676141 0.00403460534 -0.00675241556
v 0.0134499846 0.00403460534 -0.00717126206
v 0.0136332465 0.00502990605 -0.006979506
vn 0.802417517 -0.251969039 0.540960014
f 733//245 734//245 735//245
v 0.0134258093 0.00544406101 -0.00580070168
v 0.0131385634 0.00500403298 -0.00580357062
v 0.0132197216 0.00502990605 -0.00636612391
vn 0.833289385 -0.544583678 0.0951705575
f 736//246 737//246 738//246
v 0.0128331091 0.00403460534 -0.00579743925
v 0.0129732313 0.00403460534 -0.00646409392
v 0.0129549811 0.00471659983 -0.00580529077
vn 0.964371979 -0.169999391 0.202698946
f 739//247 740//247 741//247
v 0.0129549811 0.00471659983 -0.00580529077
v 0.0129732313 0.00403460534 -0.00646409392
v 0.0132197216 0.00502990605 -0.00636612391
vn 0.921444952 -0.256888479 0.291457564
f 742//248 743//248 744//248
v 0.0129549811 0.00471659983 -0.00580529077
v 0.0132197216 0.00502990605 -0.00636612391
v 0.0129565028 0.00472513493 -0.00580538902
vn 0.92419064 -0.160811186 0.346426666
f 745//249 746//249 747//249
v 0.0129565028 0.00472513493 -0.00580538902
v 0.0132197216 0.00502990605 -0.00636612391
v 0.0131385634 0.00500403298 -0.00580357062
vn 0.833291948 -0.544579685 0.0951711088
f 748//250 749//250 750//250
v 0.0138938082 0.00576120848 -0.00609820103
v 0.0138568524 0.00570442667 -0.00578975724
v 0.0132197216 0.00502990605 -0.00636612391
vn 0.741134346 -0.670463085 -0.0346281454
f 751//251 752//251 753//251
v 0.0132197216 0.00502990605 -0.00636612391
v 0.0138568524 0.00570442667 -0.00578975724
v 0.0134455077 0.00547423447 -0.0058005047
vn 0.428073645 -0.78579396 0.446408808
f 754//252 755//252 756//252
v 0.0132197216 0.00502990605 -0.00636612391
v 0.0134455077 0.00547423447 -0.0058005047
v 0.0134258093 0.00544406101 -0.00580070168
vn 0.833259106 -0.544623017 0.0952104181
f 757//253 758//253 759//253
v 0.0144414268 0.00598445581 -0.00577361416
v 0.0143324304 0.00597056141 -0.00577733107
v 0.0138938082 0.00576120848 -0.00609820103
vn 0.0981803462 -0.889543533 0.446175843
f 760//254 761//254 762//254
v 0.0138938082 0.00576120848 -0.00609820103
v 0.0143324304 0.00597056141 -0.00577733107
v 0.0141697982 0.00587954838 -0.00578158069
vn 0.487858802 -0.867037654 -0.101190232
f 763//255 764//255 765//255
v 0.0138938082 0.00576120848 -0.00609820103
v 0.0141697982 0.00587954838 -0.00578158069
v 0.0138568524 0.00570442667 -0.00578975724
vn 0.487838119 -0.867052078 -0.101166807
f 766//256 767//256 768//256
v 0.0148324547 0.00603430066 -0.00576028088
v 0.0147806006 0.00602769107 -0.00576204946
v 0.0148505624 0.00576120848 -0.00673458446
vn 0.112670541 -0.956212878 0.270115376
f 769//257 770//257 771//257
v 0.0148505624 0.00576120848 -0.00673458446
v 0.0147806006 0.00602769107 -0.00576204946
v 0.0145018455 0.00576120848 -0.00667930441
vn 0.0423038006 -0.962806404 0.266860008
f 772//258 773//258 774//258
v 0.0148505624 0.00576120848 -0.00673458446
v 0.0145018455 0.00576120848 -0.00667930441
v 0.0148507198 0.00575267663 -0.00674304599
vn 0.112012073 -0.698699117 0.706592381
f 775//259 776//259 777//259
v 0.0148507198 0.00575267663 -0.00674304599
v 0.0145018455 0.00576120848 -0.00667930441
v 0.0142647251 0.00502990605 -0.0073648314
vn 0.11201375 -0.698690712 0.706600428
f 778//260 779//260 780//260
v 0.0148507198 0.00575267663 -0.00674304599
v 0.0142647251 0.00502990605 -0.0073648314
v 0.0148640415 0.00502990605 -0.00745983794
vn 0.112014115 -0.698690891 0.706600249
f 781//261 782//261 783//261
v 0.0148640415 0.00502990605 -0.00745983794
v 0.0142647251 0.00502990605 -0.0073648314
v 0.0148640703 0.00502410252 -0.0074613844
vn 0.151444808 -0.253772914 0.955334365
f 784//262 785//262 786//262
v 0.0148640703 0.00502410252 -0.0074613844
v 0.0142647251 0.00502990605 -0.0073648314
v 0.0141780172 0.00403460534 -0.00761550339
vn 0.151443511 -0.253798068 0.955327928
f 787//263 788//263 789//263
v 0.0148640703 0.00502410252 -0.0074613844
v 0.0141780172 0.00403460534 -0.00761550339
v 0.01486897 0.00403460534 -0.00772503717
vn 0.151444033 -0.253798395 0.955327749
f 790//264 791//264 792//264
v 0.0129732313 0.00403460534 -0.00646409392
v 0.0131676141 0.00403460534 -0.00675241556
v 0.0132197216 0.00502990605 -0.00636612391
vn 0.802408636 -0.251969069 0.540973186
f 793//265 794//265 795//265
v 0.0132197216 0.00502990605 -0.00636612391
v 0.0131676141 0.00403460534 -0.00675241556
v 0.0136332465 0.00502990605 -0.006979506
vn 0.802414596 -0.251966417 0.540965557
f 796//266 797//266 798//266
v 0.0132197216 0.00502990605 -0.00636612391
v 0.0136332465 0.00502990605 -0.006979506
v 0.0138938082 0.00576120848 -0.00609820103
vn 0.595439076 -0.695922017 0.401428431
f 799//267 800//267 801//267
v 0.0138938082 0.00576120848 -0.00609820103
v 0.0136332465 0.00502990605 -0.006979506
v 0.0141344154 0.00576120848 -0.00645510061
vn 0.595445156 -0.695919275 0.401424319
f 802//268 803//268 804//268
v 0.0138938082 0.00576120848 -0.00609820103
v 0.0141344154 0.00576120848 -0.00645510061
v 0.0144414268 0.00598445581 -0.00577361416
vn 0.274814337 -0.943479061 0.185268387
f 805//269 806//269 807//269
v 0.0144414268 0.00598445581 -0.00577361416
v 0.0141344154 0.00576120848 -0.00645510061
v 0.0146318357 0.00600872701 -0.00576712191
vn 0.113171719 -0.958162904 0.26289922
f 808//270 809//270 810//270
v 0.0134499846 0.00403460534 -0.00717126206
v 0.0138970846 0.00403460534 -0.00744408043
v 0.0136332465 0.00502990605 -0.006979506
vn 0.504074275 -0.251969039 0.826087594
f 811//271 812//271 813//271
v 0.0136332465 0.00502990605 -0.006979506
v 0.0138970846 0.00403460534 -0.00744408043
v 0.0142647251 0.00502990605 -0.0073648314
vn 0.504074574 -0.25196892 0.826087475
f 814//272 815//272 816//272
v 0.0136332465 0.00502990605 -0.006979506
v 0.0142647251 0.00502990605 -0.0073648314
v 0.0141344154 0.00576120848 -0.00645510061
vn 0.374054134 -0.695920587 0.613007367
f 817//273 818//273 819//273
v 0.0141344154 0.00576120848 -0.00645510061
v 0.0142647251 0.00502990605 -0.0073648314
v 0.0145018455 0.00576120848 -0.00667930441
vn 0.37405324 -0.695920944 0.613007486
f 820//274 821//274 822//274
v 0.0141344154 0.00576120848 -0.00645510061
v 0.0145018455 0.00576120848 -0.00667930441
v 0.0146318357 0.00600872701 -0.00576712191
vn 0.146204948 -0.959798932 0.239604205
f 823//275 824//275 825//275
v 0.0146318357 0.00600872701 -0.00576712191
v 0.0145018455 0.00576120848 -0.00667930441
v 0.0147806006 0.00602769107 -0.00576204946
vn 0.114378683 -0.962766588 0.24494487
f 826//276 827//276 828//276
v 0.01486897 -0.00403460534 -0.00772503717
v 0.160398126 -0.00403460534 -0.00502032973
v 0.01486897 0.00403460534 -0.00772503717
vn -0.0185821224 -1.44767791e-16 0.999827325
f 829//277 830//277 831//277
v 0.01486897 0.00403460534 -0.00772503717
v 0.160398126 -0.00403460534 -0.00502032973
v 0.160398126 0.00403460534 -0.00502032973
vn -0.0185821224 -1.44767791e-16 0.999827325
f 832//278 833//278 834//278
v 0.161358908 0.00403460534 -0.00470345374
v 0.161795557 0.00403460534 -0.00441421056
v 0.161605299 0.00502990605 -0.00422939658
vn -0.534421802 -0.251969039 0.806786776
f 835//279 836//279 837//279
v 0.160726145 0.00576120848 -0.00396167766
v 0.160401225 0.0060307933 -0.00305546797
v 0.160361618 0.00603430066 -0.00305557321
vn -0.0859245136 -0.962942183 0.255654812
f 838//280 839//280 840//280
v 0.161352977 0.00572356582 -0.00304910261
v 0.161036879 0.00586146768 -0.00305183348
v 0.161312163 0.00576120848 -0.00335838227
vn -0.398752451 -0.915172994 -0.0587783679
f 841//281 842//281 843//281
v 0.161312163 0.00576120848 -0.00335838227
v 0.161036879 0.00586146768 -0.00305183348
v 0.160711765 0.00600330625 -0.00305464258
vn -0.398760676 -0.915168822 -0.0587871298
f 844//282 845//282 846//282
v 0.161312163 0.00576120848 -0.00335838227
v 0.160711765 0.00600330625 -0.00305464258
v 0.160642788 0.00600941246 -0.00305482605
vn -0.076449953 -0.847862184 0.524676204
f 847//283 848//283 849//283
v 0.161995739 0.00502990605 -0.00360107236
v 0.161747769 0.00541305356 -0.00304335193
v 0.161312163 0.00576120848 -0.00335838227
vn -0.689220548 -0.702763677 0.176346868
f 850//284 851//284 852//284
v 0.161312163 0.00576120848 -0.00335838227
v 0.161747769 0.00541305356 -0.00304335193
v 0.1615659 0.00563067105 -0.00304726255
vn -0.724737406 -0.599593163 0.339475691
f 853//285 854//285 855//285
v 0.161312163 0.00576120848 -0.00335838227
v 0.1615659 0.00563067105 -0.00304726255
v 0.161352977 0.00572356582 -0.00304910261
vn -0.398761034 -0.915169358 -0.0587767921
f 856//286 857//286 858//286
v 0.162062168 0.00403460534 -0.00398516096
v 0.162245706 0.00403460534 -0.00368981529
v 0.161995739 0.00502990605 -0.00360107236
vn -0.821955919 -0.251969069 0.510783792
f 859//287 860//287 861//287
v 0.161995739 0.00502990605 -0.00360107236
v 0.162245706 0.00403460534 -0.00368981529
v 0.162360951 0.00403460534 -0.0030184146
vn -0.953262568 -0.253993362 0.163639322
f 862//288 863//288 864//288
v 0.161995739 0.00502990605 -0.00360107236
v 0.162360951 0.00403460534 -0.0030184146
v 0.162201598 0.00470315479 -0.0030305516
vn -0.950767219 -0.222724482 0.215489
f 865//289 866//289 867//289
v 0.162201598 0.00470315479 -0.0030305516
v 0.162145942 0.00493662804 -0.00303479028
v 0.161995739 0.00502990605 -0.00360107236
vn -0.950767159 -0.222725153 0.215488583
f 868//290 869//290 870//290
v 0.161995739 0.00502990605 -0.00360107236
v 0.162145942 0.00493662804 -0.00303479028
v 0.162079349 0.00501631014 -0.00303622219
vn -0.76449877 -0.637160301 0.0978180915
f 871//291 872//291 873//291
v 0.161995739 0.00502990605 -0.00360107236
v 0.162079349 0.00501631014 -0.00303622219
v 0.161747769 0.00541305356 -0.00304335193
vn -0.764491618 -0.637169063 0.0978168175
f 874//292 875//292 876//292
v 0.160398126 0.00403460534 -0.00502032973
v 0.161084533 0.00403460534 -0.00488519715
v 0.160393223 0.00502410252 -0.00475667696
vn -0.186837345 -0.253798395 0.949040651
f 877//293 878//293 879//293
v 0.160393223 0.00502410252 -0.00475667696
v 0.161084533 0.00403460534 -0.00488519715
v 0.160988569 0.00502990605 -0.00463791983
vn -0.186836839 -0.253798068 0.94904083
f 880//294 881//294 882//294
v 0.160361618 0.00603430066 -0.00305557321
v 0.160379723 0.00576120848 -0.00402987702
v 0.160726145 0.00576120848 -0.00396167766
vn -0.0528796203 -0.961798072 0.2686041
f 883//295 884//295 885//295
v 0.160726145 0.00576120848 -0.00396167766
v 0.160379723 0.00576120848 -0.00402987702
v 0.160379872 0.00575267663 -0.00403833855
vn -0.138190165 -0.698699117 0.701942325
f 886//296 887//296 888//296
v 0.160726145 0.00576120848 -0.00396167766
v 0.160379872 0.00575267663 -0.00403833855
v 0.160988569 0.00502990605 -0.00463791983
vn -0.138192132 -0.698690712 0.701950312
f 889//297 890//297 891//297
v 0.160988569 0.00502990605 -0.00463791983
v 0.160379872 0.00575267663 -0.00403833855
v 0.160393193 0.00502990605 -0.0047551305
vn -0.13819249 -0.698690891 0.701950073
f 892//298 893//298 894//298
v 0.160988569 0.00502990605 -0.00463791983
v 0.160393193 0.00502990605 -0.0047551305
v 0.160393223 0.00502410252 -0.00475667696
vn -0.186838359 -0.253772914 0.949047267
f 895//299 896//299 897//299
v 0.161084533 0.00403460534 -0.00488519715
v 0.161358908 0.00403460534 -0.00470345374
v 0.160988569 0.00502990605 -0.00463791983
vn -0.534421384 -0.251968712 0.806787193
f 898//300 899//300 900//300
v 0.160988569 0.00502990605 -0.00463791983
v 0.161358908 0.00403460534 -0.00470345374
v 0.161605299 0.00502990605 -0.00422939658
vn -0.5344221 -0.25196892 0.806786656
f 901//301 902//301 903//301
v 0.160988569 0.00502990605 -0.00463791983
v 0.161605299 0.00502990605 -0.00422939658
v 0.160726145 0.00576120848 -0.00396167766
vn -0.396573693 -0.695920825 0.598684788
f 904//302 905//302 906//302
v 0.160726145 0.00576120848 -0.00396167766
v 0.161605299 0.00502990605 -0.00422939658
v 0.161084995 0.00576120848 -0.00372397574
vn -0.396573186 -0.695920527 0.598685503
f 907//303 908//303 909//303
v 0.160726145 0.00576120848 -0.00396167766
v 0.161084995 0.00576120848 -0.00372397574
v 0.160401225 0.0060307933 -0.00305546797
vn -0.153004289 -0.960852146 0.230982453
f 910//304 911//304 912//304
v 0.160401225 0.0060307933 -0.00305546797
v 0.161084995 0.00576120848 -0.00372397574
v 0.160508186 0.00602132687 -0.00305518392
vn -0.0849794671 -0.951193511 0.29666388
f 913//305 914//305 915//305
v 0.161795557 0.00403460534 -0.00441421056
v 0.162062168 0.00403460534 -0.00398516096
v 0.161605299 0.00502990605 -0.00422939658
vn -0.821964264 -0.251969039 0.510770321
f 916//306 917//306 918//306
v 0.161605299 0.00502990605 -0.00422939658
v 0.162062168 0.00403460534 -0.00398516096
v 0.161995739 0.00502990605 -0.00360107236
vn -0.821961582 -0.251966417 0.510775983
f 919//307 920//307 921//307
v 0.161605299 0.00502990605 -0.00422939658
v 0.161995739 0.00502990605 -0.00360107236
v 0.161084995 0.00576120848 -0.00372397574
vn -0.609945774 -0.695919991 0.379027039
f 922//308 923//308 924//308
v 0.161084995 0.00576120848 -0.00372397574
v 0.161995739 0.00502990605 -0.00360107236
v 0.161312163 0.00576120848 -0.00335838227
vn -0.609947085 -0.695922792 0.379019856
f 925//309 926//309 927//309
v 0.161084995 0.00576120848 -0.00372397574
v 0.161312163 0.00576120848 -0.00335838227
v 0.160508186 0.00602132687 -0.00305518392
vn -0.25045836 -0.955535769 0.155634299
f 928//310 929//310 930//310
v 0.160508186 0.00602132687 -0.00305518392
v 0.161312163 0.00576120848 -0.00335838227
v 0.160642788 0.00600941246 -0.00305482605
vn -0.0764425322 -0.847855926 0.524687409
f 931//311 932//311 933//311
v 0.160379872 -0.00575267663 -0.00403833855
v 0.160379723 -0.00576120848 -0.00402987702
v 0.160726145 -0.00576120848 -0.00396167766
vn -0.138190165 0.698699117 0.701942325
f 934//312 935//312 936//312
v 0.161037192 -0.00587250665 -0.00305209588
v 0.161337629 -0.00570442667 -0.00304877805
v 0.161312163 -0.00576120848 -0.00335838227
vn -0.483746976 0.867049456 -0.119223066
f 937//313 938//313 939//313
v 0.162237942 -0.0047251354 -0.00303094392
v 0.162240192 -0.00471248478 -0.00303071435
v 0.161995739 -0.00502990605 -0.00360107236
vn -0.936426699 0.161164179 0.31165871
f 940//314 941//314 942//314
v 0.161749095 -0.00547423447 -0.00304423366
v 0.161773831 -0.00543633476 -0.00304356101
v 0.161995739 -0.00502990605 -0.00360107236
vn -0.836223483 0.544620335 0.0641795322
f 943//315 944//315 945//315
v 0.161995739 -0.00502990605 -0.00360107236
v 0.161773831 -0.00543633476 -0.00304356101
v 0.162055939 -0.00500403251 -0.0030358918
vn -0.836250842 0.544582784 0.064141266
f 946//316 947//316 948//316
v 0.161995739 -0.00502990605 -0.00360107236
v 0.162055939 -0.00500403251 -0.0030358918
v 0.162237942 -0.0047251354 -0.00303094392
vn -0.836252034 0.544580996 0.0641414747
f 949//317 950//317 951//317
v 0.161037192 -0.00587250665 -0.00305209588
v 0.161312163 -0.00576120848 -0.00335838227
v 0.160861924 -0.00597056141 -0.0030540321
vn -0.483753234 0.867044926 -0.11923033
f 952//318 953//318 954//318
v 0.160861924 -0.00597056141 -0.0030540321
v 0.161312163 -0.00576120848 -0.00335838227
v 0.160752863 -0.00598445581 -0.00305436784
vn -0.114691474 0.889543533 0.442219555
f 955//319 956//319 957//319
v 0.160752863 -0.00598445581 -0.00305436784
v 0.161312163 -0.00576120848 -0.00335838227
v 0.161084995 -0.00576120848 -0.00372397574
vn -0.281508714 0.943479061 0.174928933
f 958//320 959//320 960//320
v 0.160752863 -0.00598445581 -0.00305436784
v 0.161084995 -0.00576120848 -0.00372397574
v 0.160562351 -0.00600872701 -0.00305495504
vn -0.122862324 0.958162904 0.258512437
f 961//321 962//321 963//321
v 0.160562351 -0.00600872701 -0.00305495504
v 0.161084995 -0.00576120848 -0.00372397574
v 0.160726145 -0.00576120848 -0.00396167766
vn -0.155007154 0.959798932 0.234006077
f 964//322 965//322 966//322
v 0.160562351 -0.00600872701 -0.00305495504
v 0.160726145 -0.00576120848 -0.00396167766
v 0.160413504 -0.0060276906 -0.00305541372
vn -0.123398334 0.962766826 0.240526244
f 967//323 968//323 969//323
v 0.160413504 -0.0060276906 -0.00305541372
v 0.160726145 -0.00576120848 -0.00396167766
v 0.160379723 -0.00576120848 -0.00402987702
vn -0.0521904416 0.962806523 0.26510337
f 970//324 971//324 972//324
v 0.160413504 -0.0060276906 -0.00305541372
v 0.160379723 -0.00576120848 -0.00402987702
v 0.160361618 -0.00603430066 -0.00305557321
vn -0.122638091 0.956211865 0.265741825
f 973//325 974//325 975//325
v 0.160393223 -0.00502410252 -0.00475667743
v 0.160393193 -0.00502990605 -0.0047551305
v 0.160988569 -0.00502990605 -0.00463791983
vn -0.186834738 0.25384441 0.94902885
f 976//326 977//326 978//326
v 0.160988569 -0.00502990605 -0.00463791983
v 0.160393193 -0.00502990605 -0.0047551305
v 0.160379872 -0.00575267663 -0.00403833855
vn -0.13819249 0.698690891 0.701950073
f 979//327 980//327 981//327
v 0.160398126 -0.00403460534 -0.00502032973
v 0.160393223 -0.00502410252 -0.00475667743
v 0.161084533 -0.00403460534 -0.00488519715
vn -0.186837375 0.253797978 0.949040771
f 982//328 983//328 984//328
v 0.161084533 -0.00403460534 -0.00488519715
v 0.160393223 -0.00502410252 -0.00475667743
v 0.160988569 -0.00502990605 -0.00463791983
vn -0.186837554 0.253798097 0.949040711
f 985//329 986//329 987//329
v 0.161084533 -0.00403460534 -0.00488519715
v 0.160988569 -0.00502990605 -0.00463791983
v 0.161358908 -0.00403460534 -0.00470345374
vn -0.534421384 0.251968712 0.806787193
f 988//330 989//330 990//330
v 0.161358908 -0.00403460534 -0.00470345374
v 0.160988569 -0.00502990605 -0.00463791983
v 0.161605299 -0.00502990605 -0.00422939658
vn -0.5344221 0.25196892 0.806786656
f 991//331 992//331 993//331
v 0.161358908 -0.00403460534 -0.00470345374
v 0.161605299 -0.00502990605 -0.00422939658
v 0.161795557 -0.00403460534 -0.00441421056
vn -0.534421802 0.251969039 0.806786776
f 994//332 995//332 996//332
v 0.161795557 -0.00403460534 -0.00441421056
v 0.161605299 -0.00502990605 -0.00422939658
v 0.162062168 -0.00403460534 -0.00398516096
vn -0.821964264 0.251969039 0.510770321
f 997//333 998//333 999//333
v 0.162062168 -0.00403460534 -0.00398516096
v 0.161605299 -0.00502990605 -0.00422939658
v 0.161995739 -0.00502990605 -0.00360107236
vn -0.821961582 0.251966417 0.510775983
f 1000//334 1001//334 1002//334
v 0.162062168 -0.00403460534 -0.00398516096
v 0.161995739 -0.00502990605 -0.00360107236
v 0.162245706 -0.00403460534 -0.00368981529
vn -0.821955919 0.251969069 0.510783792
f 1003//335 1004//335 1005//335
v 0.162245706 -0.00403460534 -0.00368981529
v 0.161995739 -0.00502990605 -0.00360107236
v 0.162240192 -0.00471248478 -0.00303071435
vn -0.931808412 0.256877184 0.256412178
f 1006//336 1007//336 1008//336
v 0.162245706 -0.00403460534 -0.00368981529
v 0.162240192 -0.00471248478 -0.00303071435
v 0.162360951 -0.00403460534 -0.0030184146
vn -0.971238613 0.169994876 0.166725129
f 1009//337 1010//337 1011//337
v 0.160379872 -0.00575267663 -0.00403833855
v 0.160726145 -0.00576120848 -0.00396167766
v 0.160988569 -0.00502990605 -0.00463791983
vn -0.138192132 0.698690712 0.701950312
f 1012//338 1013//338 1014//338
v 0.160988569 -0.00502990605 -0.00463791983
v 0.160726145 -0.00576120848 -0.00396167766
v 0.161084995 -0.00576120848 -0.00372397574
vn -0.396572948 0.695920944 0.598685145
f 1015//339 1016//339 1017//339
v 0.160988569 -0.00502990605 -0.00463791983
v 0.161084995 -0.00576120848 -0.00372397574
v 0.161605299 -0.00502990605 -0.00422939658
vn -0.396573812 0.695920587 0.598684967
f 1018//340 1019//340 1020//340
v 0.161605299 -0.00502990605 -0.00422939658
v 0.161084995 -0.00576120848 -0.00372397574
v 0.161312163 -0.00576120848 -0.00335838227
vn -0.609950006 0.695919275 0.379021645
f 1021//341 1022//341 1023//341
v 0.161605299 -0.00502990605 -0.00422939658
v 0.161312163 -0.00576120848 -0.00335838227
v 0.161995739 -0.00502990605 -0.00360107236
vn -0.609944105 0.695922017 0.379025966
f 1024//342 1025//342 1026//342
v 0.161995739 -0.00502990605 -0.00360107236
v 0.161312163 -0.00576120848 -0.00335838227
v 0.161337629 -0.00570442667 -0.00304877805
vn -0.739335835 0.670463085 -0.0621431768
f 1027//343 1028//343 1029//343
v 0.161995739 -0.00502990605 -0.00360107236
v 0.161337629 -0.00570442667 -0.00304877805
v 0.161749095 -0.00547423447 -0.00304423366
vn -0.444365621 0.78579396 0.430194229
f 1030//344 1031//344 1032//344
v 0.0148324547 -0.00603430066 -0.00576028088
v 0.160361618 -0.00603430066 -0.00305557321
v 0.0148463175 -0.00587584684 -0.00650616316
vn -0.00386074162 0.978178442 0.207730591
f 1033//345 1034//345 1035//345
v 0.0148463175 -0.00587584684 -0.00650616316
v 0.160361618 -0.00603430066 -0.00305557321
v 0.160379723 -0.00576120848 -0.00402987702
vn -0.00534915039 0.962902367 0.269796997
f 1036//346 1037//346 1038//346
v 0.0148463175 -0.00587584684 -0.00650616316
v 0.160379723 -0.00576120848 -0.00402987702
v 0.0148503995 -0.00572630437 -0.00672582816
vn -0.0102237724 0.826673388 0.562589169
f 1039//347 1040//347 1041//347
v 0.0148503995 -0.00572630437 -0.00672582816
v 0.160379723 -0.00576120848 -0.00402987702
v 0.160379872 -0.00575267663 -0.00403833855
vn -0.0129811605 0.704233468 0.709849775
f 1042//348 1043//348 1044//348
v 0.0148503995 -0.00572630437 -0.00672582816
v 0.160379872 -0.00575267663 -0.00403833855
v 0.0148583138 -0.0054364237 -0.00715163676
vn -0.010239521 0.826672971 0.562589526
f 1045//349 1046//349 1047//349
v 0.0148583138 -0.0054364237 -0.00715163676
v 0.160379872 -0.00575267663 -0.00403833855
v 0.160393193 -0.00502990605 -0.0047551305
vn -0.0136560276 0.704225302 0.709845245
f 1048//350 1049//350 1050//350
v 0.0148583138 -0.0054364237 -0.00715163676
v 0.160393193 -0.00502990605 -0.0047551305
v 0.0148635609 -0.00500554778 -0.00743399141
vn -0.0153012406 0.548169553 0.836227238
f 1051//351 1052//351 1053//351
v 0.0148635609 -0.00500554778 -0.00743399141
v 0.160393193 -0.00502990605 -0.0047551305
v 0.160393223 -0.00502410252 -0.00475667743
vn -0.0177405439 0.257556468 0.966100395
f 1054//352 1055//352 1056//352
v 0.0148635609 -0.00500554778 -0.00743399141
v 0.160393223 -0.00502410252 -0.00475667743
v 0.0148662683 -0.00478326809 -0.00757965213
vn -0.0153142093 0.548169315 0.836227179
f 1057//353 1058//353 1059//353
v 0.0148662683 -0.00478326809 -0.00757965213
v 0.160393223 -0.00502410252 -0.00475667743
v 0.160398126 -0.00403460534 -0.00502032973
vn -0.0183145795 0.25750947 0.966102183
f 1060//354 1061//354 1062//354
v 0.0148662683 -0.00478326809 -0.00757965213
v 0.160398126 -0.00403460534 -0.00502032973
v 0.01486897 -0.00403460534 -0.00772503717
vn -0.0182412416 0.190663561 0.981485963
f 1063//355 1064//355 1065//355
v -0.0411266237 0.00150000001 -0.00182594231
v -0.040419884 0.00150000001 -0.00222308561
v -0.0410667099 0.00150000001 -0.00175545458
vn -1.1903102e-15 -1 -1.66915108e-16
f 1066//356 1067//356 1068//356
v -0.0410667099 0.00150000001 -0.00175545458
v -0.040419884 0.00150000001 -0.00222308561
v -0.0401068032 0.00150000001 -0.0016198915
vn -1.1903102e-15 -1 -1.66915108e-16
f 1069//357 1070//357 1071//357
v -0.0410667099 0.00150000001 -0.00175545458
v -0.0401068032 0.00150000001 -0.0016198915
v -0.0408429503 0.00150000001 -0.000759079761
vn -1.1903102e-15 -1 -1.66915108e-16
f 1072//358 1073//358 1074//358
v -0.0408429503 0.00150000001 -0.000759079761
v -0.0401068032 0.00150000001 -0.0016198915
v -0.0399930924 0.00150000001 -0.000743284822
vn -1.1903102e-15 -1 -1.66915108e-16
f 1075//359 1076//359 1077//359
v -0.0408429503 0.00150000001 -0.000759079761
v -0.0399930924 0.00150000001 -0.000743284822
v -0.0409527794 0.00150000001 -0.00011899753
vn -1.1903102e-15 -1 -1.66915108e-16
f 1078//360 1079//360 1080//360
v -0.0409527794 0.00150000001 -0.00011899753
v -0.0399930924 0.00150000001 -0.000743284822
v -0.0402689166 0.00150000001 0.000458804425
vn -1.1903102e-15 -1 -1.66915108e-16
f 1081//361 1082//361 1083//361
v -0.0409527794 0.00150000001 -0.00011899753
v -0.0402689166 0.00150000001 0.000458804425
v -0.0412030332 0.00150000001 0.000277482613
vn -1.1903102e-15 -1 -1.66915108e-16
f 1084//362 1085//362 1086//362
v -0.0412030332 0.00150000001 0.000277482613
v -0.0402689166 0.00150000001 0.000458804425
v -0.0404624417 0.00150000001 0.000719579402
vn -1.1903102e-15 -1 -1.66915108e-16
f 1087//363 1088//363 1089//363
v -0.0412030332 0.00150000001 0.000277482613
v -0.0404624417 0.00150000001 0.000719579402
v -0.0415008143 0.00150000001 0.000749235682
vn -1.1903102e-15 -1 -1.66915108e-16
f 1090//364 1091//364 1092//364
v -0.0415008143 0.00150000001 0.000749235682
v -0.0404624417 0.00150000001 0.000719579402
v -0.0409997813 0.00150000001 0.00144359283
vn -1.1903102e-15 -1 -1.66915108e-16
f 1093//365 1094//365 1095//365
v -0.0415008143 0.00150000001 0.000749235682
v -0.0409997813 0.00150000001 0.00144359283
v -0.0419784673 0.00150000001 0.00103963644
vn -1.1903102e-15 -1 -1.66915108e-16
f 1096//366 1097//366 1098//366
v -0.0419784673 0.00150000001 0.00103963644
v -0.0409997813 0.00150000001 0.00144359283
v -0.0415719002 0.00150000001 0.00177298917
vn -1.1903102e-15 -1 -1.66915108e-16
f 1099//367 1100//367 1101//367
v -0.0419784673 0.00150000001 0.00103963644
v -0.0415719002 0.00150000001 0.00177298917
v -0.042304717 0.00150000001 0.00123798766
vn -1.1903102e-15 -1 -1.66915108e-16
f 1102//368 1103//368 1104//368
v -0.042304717 0.00150000001 0.00123798766
v -0.0415719002 0.00150000001 0.00177298917
v -0.0420536026 0.00150000001 0.00205032225
vn -1.1903102e-15 -1 -1.66915108e-16
f 1105//369 1106//369 1107//369
v -0.042304717 0.00150000001 0.00123798766
v -0.0420536026 0.00150000001 0.00205032225
v -0.043036826 0.00150000001 0.00129939395
vn -1.1903102e-15 -1 -1.66915108e-16
f 1108//370 1109//370 1110//370
v -0.043036826 0.00150000001 0.00129939395
v -0.0420536026 0.00150000001 0.00205032225
v -0.0430525355 0.00150000001 0.00216309913
vn -1.1903102e-15 -1 -1.66915108e-16
f 1111//371 1112//371 1113//371
v -0.043036826 0.00150000001 0.00129939395
v -0.0430525355 0.00150000001 0.00216309913
v -0.0433325879 0.00150000001 0.00132420217
vn -1.1903102e-15 -1 -1.66915108e-16
f 1114//372 1115//372 1116//372
v -0.0433325879 0.00150000001 0.00132420217
v -0.0430525355 0.00150000001 0.00216309913
v -0.0432732888 0.00150000001 0.00218802062
vn -1.1903102e-15 -1 -1.66915108e-16
f 1117//373 1118//373 1119//373
v -0.0433325879 0.00150000001 0.00132420217
v -0.0432732888 0.00150000001 0.00218802062
v -0.0440896451 0.00150000001 0.00101264718
vn -1.1903102e-15 -1 -1.66915108e-16
f 1120//374 1121//374 1122//374
v -0.0440896451 0.00150000001 0.00101264718
v -0.0432732888 0.00150000001 0.00218802062
v -0.0444687568 0.00150000001 0.00181318598
vn -1.1903102e-15 -1 -1.66915108e-16
f 1123//375 1124//375 1125//375
v -0.0440896451 0.00150000001 0.00101264718
v -0.0444687568 0.00150000001 0.00181318598
v -0.0442462489 0.00150000001 0.000948203029
vn -1.1903102e-15 -1 -1.66915108e-16
f 1126//376 1127//376 1128//376
v -0.0442462489 0.00150000001 0.000948203029
v -0.0444687568 0.00150000001 0.00181318598
v -0.0445315428 0.00150000001 0.0017600354
vn -1.1903102e-15 -1 -1.66915108e-16
f 1129//377 1130//377 1131//377
v -0.0442462489 0.00150000001 0.000948203029
v -0.0445315428 0.00150000001 0.0017600354
v -0.0448585339 0.00150000001 0.000227879718
vn -1.1903102e-15 -1 -1.66915108e-16
f 1132//378 1133//378 1134//378
v -0.0445315428 0.00150000001 0.0017600354
v -0.0453246124 0.00150000001 0.00108868664
v -0.0448585339 0.00150000001 0.000227879718
vn -1.1903102e-15 -1 -1.66915108e-16
f 1135//379 1136//379 1137//379
v -0.0448585339 0.00150000001 0.000227879718
v -0.0453246124 0.00150000001 0.00108868664
v -0.0455652736 0.00150000001 0.00062502292
vn -1.1903102e-15 -1 -1.66915108e-16
f 1138//380 1139//380 1140//380
v -0.0448585339 0.00150000001 0.000227879718
v -0.0455652736 0.00150000001 0.00062502292
v -0.0449184515 0.00150000001 0.000157391973
vn -1.1903102e-15 -1 -1.66915108e-16
f 1141//381 1142//381 1143//381
v -0.0449184515 0.00150000001 0.000157391973
v -0.0455652736 0.00150000001 0.00062502292
v -0.0458783396 0.00150000001 2.1829148e-05
vn -1.1903102e-15 -1 -1.66915108e-16
f 1144//382 1145//382 1146//382
v -0.0449184515 0.00150000001 0.000157391973
v -0.0458783396 0.00150000001 2.1829148e-05
v -0.0451422073 0.00150000001 -0.000838982873
vn -1.1903102e-15 -1 -1.66915108e-16
f 1147//383 1148//383 1149//383
v -0.0451422073 0.00150000001 -0.000838982873
v -0.0458783396 0.00150000001 2.1829148e-05
v -0.045992054 0.00150000001 -0.000854777521
vn -1.1903102e-15 -1 -1.66915108e-16
f 1150//384 1151//384 1152//384
v -0.0451422073 0.00150000001 -0.000838982873
v -0.045992054 0.00150000001 -0.000854777521
v -0.0450323634 0.00150000001 -0.00147906481
vn -1.1903102e-15 -1 -1.66915108e-16
f 1153//385 1154//385 1155//385
v -0.0450323634 0.00150000001 -0.00147906481
v -0.045992054 0.00150000001 -0.000854777521
v -0.0457162447 0.00150000001 -0.00205686712
vn -1.1903102e-15 -1 -1.66915108e-16
f 1156//386 1157//386 1158//386
v -0.0450323634 0.00150000001 -0.00147906481
v -0.0457162447 0.00150000001 -0.00205686712
v -0.0447821096 0.00150000001 -0.00187554501
vn -1.1903102e-15 -1 -1.66915108e-16
f 1159//387 1160//387 1161//387
v -0.0447821096 0.00150000001 -0.00187554501
v -0.0457162447 0.00150000001 -0.00205686712
v -0.045522701 0.00150000001 -0.00231764186
vn -1.1903102e-15 -1 -1.66915108e-16
f 1162//388 1163//388 1164//388
v -0.0447821096 0.00150000001 -0.00187554501
v -0.045522701 0.00150000001 -0.00231764186
v -0.0444843434 0.00150000001 -0.00234729843
vn -1.1903102e-15 -1 -1.66915108e-16
f 1165//389 1166//389 1167//389
v -0.0444843434 0.00150000001 -0.00234729843
v -0.045522701 0.00150000001 -0.00231764186
v -0.0449853651 0.00150000001 -0.00304165529
vn -1.1903102e-15 -1 -1.66915108e-16
f 1168//390 1169//390 1170//390
v -0.0444843434 0.00150000001 -0.00234729843
v -0.0449853651 0.00150000001 -0.00304165529
v -0.0440066904 0.00150000001 -0.00263769901
vn -1.1903102e-15 -1 -1.66915108e-16
f 1171//391 1172//391 1173//391
v -0.0440066904 0.00150000001 -0.00263769901
v -0.0449853651 0.00150000001 -0.00304165529
v -0.0444132425 0.00150000001 -0.00337105151
vn -1.1903102e-15 -1 -1.66915108e-16
f 1174//392 1175//392 1176//392
v -0.0440066904 0.00150000001 -0.00263769901
v -0.0444132425 0.00150000001 -0.00337105151
v -0.0436804295 0.00150000001 -0.00283605
vn -1.1903102e-15 -1 -1.66915108e-16
f 1177//393 1178//393 1179//393
v -0.0436804295 0.00150000001 -0.00283605
v -0.0444132425 0.00150000001 -0.00337105151
v -0.043931555 0.00150000001 -0.00364838494
vn -1.1903102e-15 -1 -1.66915108e-16
f 1180//394 1181//394 1182//394
v -0.0436804295 0.00150000001 -0.00283605
v -0.043931555 0.00150000001 -0.00364838494
v -0.0429483317 0.00150000001 -0.00289745652
vn -1.1903102e-15 -1 -1.66915108e-16
f 1183//395 1184//395 1185//395
v -0.0429483317 0.00150000001 -0.00289745652
v -0.043931555 0.00150000001 -0.00364838494
v -0.0429326072 0.00150000001 -0.00376116158
vn -1.1903102e-15 -1 -1.66915108e-16
f 1186//396 1187//396 1188//396
v -0.0429483317 0.00150000001 -0.00289745652
v -0.0429326072 0.00150000001 -0.00376116158
v -0.0426525548 0.00150000001 -0.00292226463
vn -1.1903102e-15 -1 -1.66915108e-16
f 1189//397 1190//397 1191//397
v -0.0426525548 0.00150000001 -0.00292226463
v -0.0429326072 0.00150000001 -0.00376116158
v -0.0427118689 0.00150000001 -0.00378608331
vn -1.1903102e-15 -1 -1.66915108e-16
f 1192//398 1193//398 1194//398
v -0.0426525548 0.00150000001 -0.00292226463
v -0.0427118689 0.00150000001 -0.00378608331
v -0.0418954976 0.00150000001 -0.00261070952
vn -1.1903102e-15 -1 -1.66915108e-16
f 1195//399 1196//399 1197//399
v -0.0418954976 0.00150000001 -0.00261070952
v -0.0427118689 0.00150000001 -0.00378608331
v -0.041516386 0.00150000001 -0.00341124833
vn -1.1903102e-15 -1 -1.66915108e-16
f 1198//400 1199//400 1200//400
v -0.0418954976 0.00150000001 -0.00261070952
v -0.041516386 0.00150000001 -0.00341124833
v -0.0417389087 0.00150000001 -0.00254626572
vn -1.1903102e-15 -1 -1.66915108e-16
f 1201//401 1202//401 1203//401
v -0.0417389087 0.00150000001 -0.00254626572
v -0.041516386 0.00150000001 -0.00341124833
v -0.0414535999 0.00150000001 -0.00335809775
vn -1.1903102e-15 -1 -1.66915108e-16
f 1204//402 1205//402 1206//402
v -0.0417389087 0.00150000001 -0.00254626572
v -0.0414535999 0.00150000001 -0.00335809775
v -0.0411266237 0.00150000001 -0.00182594231
vn -1.1903102e-15 -1 -1.66915108e-16
f 1207//403 1208//403 1209//403
v -0.0411266237 0.00150000001 -0.00182594231
v -0.0414535999 0.00150000001 -0.00335809775
v -0.0406605303 0.00150000001 -0.00268674898
vn -1.1903102e-15 -1 -1.66915108e-16
f 1210//404 1211//404 1212//404
v -0.0411266237 0.00150000001 -0.00182594231
v -0.0406605303 0.00150000001 -0.00268674898
v -0.040419884 0.00150000001 -0.00222308561
vn -1.1903102e-15 -1 -1.66915108e-16
f 1213//405 1214//405 1215//405
v 0.00448190002 -0.00634005619 -0.0136085479
v 0.00386371464 -0.00633820333 -0.0135856383
v 0.00447856588 -0.00615745829 -0.0134291407
vn -0.0243358985 0.700414777 -0.71332103
f 1216//406 1217//406 1218//406
v 0.00447856588 -0.00615745829 -0.0134291407
v 0.00386371464 -0.00633820333 -0.0135856383
v 0.00388760725 -0.00614464842 -0.013380046
vn -0.0408675671 0.729857922 -0.682376206
f 1219//407 1220//407 1221//407
v 0.00447856588 -0.00615745829 -0.0134291407
v 0.00388760725 -0.00614464842 -0.013380046
v 0.0044760271 -0.00611870969 -0.0132925333
vn -0.0018188993 0.962036252 -0.272915572
f 1222//408 1223//408 1224//408
v 0.00382769387 -0.00702086464 -0.0138876401
v 0.00382858817 -0.00691059418 -0.0138820354
v 0.00415716553 -0.00701939221 -0.0139142293
vn -0.080563508 0.0512470901 -0.995431185
f 1225//409 1226//409 1227//409
v 0.00415716553 -0.00701939221 -0.0139142293
v 0.00382858817 -0.00691059418 -0.0138820354
v 0.00448591029 -0.00665994082 -0.0138243064
vn -0.0112478221 0.252341658 -0.967572808
f 1228//410 1229//410 1230//410
v 0.00415716553 -0.00701939221 -0.0139142293
v 0.00448591029 -0.00665994082 -0.0138243064
v 0.00448767049 -0.00701760734 -0.0139190136
vn -0.0153723285 0.255867809 -0.96658957
f 1231//411 1232//411 1233//411
v 0.00394133897 -0.00601715036 -0.0129115395
v 0.00446941238 -0.00601775991 -0.0129366359
v 0.00390102295 -0.0061128228 -0.0132630989
vn -0.0113071566 0.965174377 -0.26136294
f 1234//412 1235//412 1236//412
v 0.00390102295 -0.0061128228 -0.0132630989
v 0.00446941238 -0.00601775991 -0.0129366359
v 0.0044760271 -0.00611870969 -0.0132925333
vn -0.00412314106 0.962018847 -0.272951812
f 1237//413 1238//413 1239//413
v 0.00390102295 -0.0061128228 -0.0132630989
v 0.0044760271 -0.00611870969 -0.0132925333
v 0.00390051631 -0.0061140242 -0.0132675124
vn -0.00354622863 0.964986563 -0.262275249
f 1240//414 1241//414 1242//414
v 0.00390051631 -0.0061140242 -0.0132675124
v 0.0044760271 -0.00611870969 -0.0132925333
v 0.00388760725 -0.00614464842 -0.013380046
vn -0.00354295643 0.965006053 -0.262203634
f 1243//415 1244//415 1245//415
v 0.00382858817 -0.00691059418 -0.0138820354
v 0.00383886113 -0.00666973507 -0.0137968538
v 0.00448591029 -0.00665994082 -0.0138243064
vn -0.0450009145 0.33478716 -0.941218615
f 1246//416 1247//416 1248//416
v 0.00448591029 -0.00665994082 -0.0138243064
v 0.00383886113 -0.00666973507 -0.0137968538
v 0.00383908674 -0.00666438742 -0.0137949632
vn -0.0450009145 0.334792256 -0.941216826
f 1249//417 1250//417 1251//417
v 0.00448591029 -0.00665994082 -0.0138243064
v 0.00383908674 -0.00666438742 -0.0137949632
v 0.00448523462 -0.00652265456 -0.013787955
vn -0.0455681458 0.255490422 -0.965737104
f 1252//418 1253//418 1254//418
v 0.00448523462 -0.00652265456 -0.013787955
v 0.00383908674 -0.00666438742 -0.0137949632
v 0.00384734548 -0.00647082459 -0.0137265073
vn -0.0633211359 0.335153878 -0.940033138
f 1255//419 1256//419 1257//419
v 0.00448523462 -0.00652265456 -0.013787955
v 0.00384734548 -0.00647082459 -0.0137265073
v 0.00448190002 -0.00634005619 -0.0136085479
vn -0.0117863696 0.700687528 -0.713370919
f 1258//420 1259//420 1260//420
v 0.00448190002 -0.00634005619 -0.0136085479
v 0.00384734548 -0.00647082459 -0.0137265073
v 0.00386371464 -0.00633820333 -0.0135856383
vn -0.0231576581 0.72924614 -0.683859527
f 1261//421 1262//421 1263//421
v 0.171332508 -0.00701939454 -0.0108072199
v 0.171002418 -0.0070176078 -0.0108242817
v 0.171000659 -0.00665994221 -0.0107295755
vn 0.0512795337 0.255866081 -0.965351224
f 1264//422 1265//422 1266//422
v 0.171660766 -0.0070208665 -0.010768407
v 0.171332508 -0.00701939454 -0.0108072199
v 0.17164655 -0.00666058995 -0.010680276
vn 0.115045004 0.240319058 -0.963852346
f 1267//423 1268//423 1269//423
v 0.17164655 -0.00666058995 -0.010680276
v 0.171332508 -0.00701939454 -0.0108072199
v 0.171000659 -0.00665994221 -0.0107295755
vn 0.0734490454 0.274889737 -0.958666205
f 1270//424 1271//424 1272//424
v 0.17164655 -0.00666058995 -0.010680276
v 0.171000659 -0.00665994221 -0.0107295755
v 0.17164205 -0.00654669665 -0.0106524155
vn 0.0741267502 0.239723727 -0.968007088
f 1273//425 1274//425 1275//425
v 0.17164205 -0.00654669665 -0.0106524155
v 0.171000659 -0.00665994221 -0.0107295755
v 0.170999974 -0.00652265456 -0.0106932232
vn 0.070852682 0.2556521 -0.964169025
f 1276//426 1277//426 1278//426
v 0.17164205 -0.00654669665 -0.0106524155
v 0.170999974 -0.00652265456 -0.0106932232
v 0.171613231 -0.00633607386 -0.0104658585
vn 0.072110422 0.666829765 -0.741712987
f 1279//427 1280//427 1281//427
v 0.171613231 -0.00633607386 -0.0104658585
v 0.170999974 -0.00652265456 -0.0106932232
v 0.170996636 -0.00634005712 -0.010513817
vn 0.0508495755 0.70041132 -0.711925745
f 1282//428 1283//428 1284//428
v 0.171613231 -0.00633607386 -0.0104658585
v 0.170996636 -0.00634005712 -0.010513817
v 0.171593383 -0.00619107811 -0.0103374301
vn 0.0535541624 0.666191518 -0.743855357
f 1285//429 1286//429 1287//429
v 0.171593383 -0.00619107811 -0.0103374301
v 0.170996636 -0.00634005712 -0.010513817
v 0.170993313 -0.00615745829 -0.0103344088
vn 0.0356713198 0.70073384 -0.712530434
f 1288//430 1289//430 1290//430
v 0.171593383 -0.00619107811 -0.0103374301
v 0.170993313 -0.00615745829 -0.0103344088
v 0.171564385 -0.00611804659 -0.0101475716
vn 0.050596077 0.934700906 -0.351815671
f 1291//431 1292//431 1293//431
v 0.171564385 -0.00611804659 -0.0101475716
v 0.170993313 -0.00615745829 -0.0103344088
v 0.170990765 -0.00611871015 -0.0101978024
vn 0.0227431338 0.961909175 -0.272421598
f 1294//432 1295//432 1296//432
v 0.171564385 -0.00611804659 -0.0101475716
v 0.170990765 -0.00611871015 -0.0101978024
v 0.17152749 -0.00602515275 -0.00990607869
vn 0.0299942885 0.934437037 -0.354863048
f 1297//433 1298//433 1299//433
v 0.17152749 -0.00602515275 -0.00990607869
v 0.170990765 -0.00611871015 -0.0101978024
v 0.170984149 -0.00601775991 -0.00984190404
vn -0.0191778913 0.961776435 -0.273163408
f 1300//434 1301//434 1302//434
v 0.17152749 -0.00602515275 -0.00990607869
v 0.170984149 -0.00601775991 -0.00984190404
v 0.171510935 -0.00601715036 -0.00979720242
vn 0.00500196265 0.9973526 -0.0725447908
f 1303//435 1304//435 1305//435
v -0.0390628427 -0.000654123549 0.00284908316
v -0.0391416065 -0.000765860663 0.00277596968
v -0.0382216498 -0.000748114951 0.00135858508
vn 0.613301575 -0.687154472 0.38946107
f 1306//436 1307//436 1308//436
v -0.0382216498 -0.000748114951 0.00135858508
v -0.0384548418 -0.00100000005 0.00124924642
v -0.0382433832 -0.00100000005 0.000856755418
vn 0.616031229 -0.714387894 0.331896722
f 1309//437 1310//437 1311//437
v -0.0382216498 -0.000748114951 0.00135858508
v -0.0382433832 -0.00100000005 0.000856755418
v -0.0377573483 -0.000748114951 -0.000701732875
vn 0.864747107 -0.462857038 0.194873855
f 1312//438 1313//438 1314//438
v -0.0391723998 -0.000809558667 0.00274737668
v -0.0393066332 -0.00100000098 0.00262276432
v -0.0389981829 -0.00100000005 0.00225771195
vn 0.550833106 -0.692793429 0.465424746
f 1315//439 1316//439 1317//439
v -0.0384548418 -0.00100000005 0.00124924642
v -0.0382216498 -0.000748114951 0.00135858508
v -0.0389981829 -0.00100000005 0.00225771195
vn 0.616028249 -0.714387715 0.331902623
f 1318//440 1319//440 1320//440
v -0.0389981829 -0.00100000005 0.00225771195
v -0.0382216498 -0.000748114951 0.00135858508
v -0.0391416065 -0.000765860663 0.00277596968
vn 0.69820255 -0.559870183 0.44615978
f 1321//441 1322//441 1323//441
v -0.0389981829 -0.00100000005 0.00225771195
v -0.0391416065 -0.000765860663 0.00277596968
v -0.0391723998 -0.000809558667 0.00274737668
vn 0.55086571 -0.692766666 0.465425938
f 1324//442 1325//442 1326//442
v -0.0390628427 -0.000654123549 0.00284908316
v -0.0379192904 -0.000555131235 0.00149532629
v -0.0389216356 -0.00056117546 0.00298017496
vn 0.365638584 -0.898431063 0.243166745
f 1327//443 1328//443 1329//443
v -0.0386719555 -0.000500000024 0.00321197463
v -0.0387755223 -0.000524021569 0.00311581907
v -0.0376930796 -0.000500000024 0.00178396772
vn 0.139689028 -0.985554695 0.0957543701
f 1330//444 1331//444 1332//444
v -0.0376930796 -0.000500000024 0.00178396772
v -0.0387755223 -0.000524021569 0.00311581907
v -0.0389118642 -0.000555641192 0.00298924884
vn 0.139679939 -0.985556722 0.0957469493
f 1333//445 1334//445 1335//445
v -0.0376930796 -0.000500000024 0.00178396772
v -0.0389118642 -0.000555641192 0.00298924884
v -0.0379192904 -0.000555131235 0.00149532629
vn 0.130505115 -0.987678289 0.0863714144
f 1336//446 1337//446 1338//446
v -0.0379192904 -0.000555131235 0.00149532629
v -0.0389118642 -0.000555641192 0.00298924884
v -0.0389139727 -0.000556130602 0.0029872898
vn 0.141577289 -0.985480011 0.093728587
f 1339//447 1340//447 1341//447
v -0.0379192904 -0.000555131235 0.00149532629
v -0.0389139727 -0.000556130602 0.0029872898
v -0.0389216356 -0.00056117546 0.00298017496
vn 0.365680188 -0.898406506 0.243194938
f 1342//448 1343//448 1344//448
v -0.0374255665 -0.000555131235 -0.00069556653
v -0.0372140482 -0.000500000024 0.000369148271
v -0.0379192904 -0.000555131235 0.00149532629
vn 0.121173255 -0.992255688 0.0273067951
f 1345//449 1346//449 1347//449
v -0.0379192904 -0.000555131235 0.00149532629
v -0.0372140482 -0.000500000024 0.000369148271
v -0.0376389772 -0.000500000024 0.00162414752
vn 0.167511001 -0.984237373 0.0567172654
f 1348//450 1349//450 1350//450
v -0.0379192904 -0.000555131235 0.00149532629
v -0.0376389772 -0.000500000024 0.00162414752
v -0.0376930796 -0.000500000024 0.00178396772
vn 0.167514399 -0.984237254 0.0567098036
f 1351//451 1352//451 1353//451
v -0.0379065648 -0.000500000024 -0.00378037803
v -0.0375773758 -0.000500000024 -0.00300869672
v -0.0378375389 -0.000555131235 -0.00290329196
vn 0.17729266 -0.981247842 -0.0756307095
f 1354//452 1355//452 1356//452
v -0.0378375389 -0.000555131235 -0.00290329196
v -0.0375773758 -0.000500000024 -0.00300869672
v -0.0373204798 -0.000500000024 -0.00240644393
vn 0.177294478 -0.981247842 -0.0756262541
f 1357//453 1358//453 1359//453
v -0.0378375389 -0.000555131235 -0.00290329196
v -0.0373204798 -0.000500000024 -0.00240644393
v -0.0374255665 -0.000555131235 -0.00069556653
vn 0.128800243 -0.991379261 -0.0240349155
f 1360//454 1361//454 1362//454
v -0.0374255665 -0.000555131235 -0.00069556653
v -0.0373204798 -0.000500000024 -0.00240644393
v -0.0370981693 -0.000500000024 -0.000689481734
vn 0.166405767 -0.985821962 -0.0215460137
f 1363//455 1364//455 1365//455
v -0.0374255665 -0.000555131235 -0.00069556653
v -0.0370981693 -0.000500000024 -0.000689481734
v -0.0372140482 -0.000500000024 0.000369148271
vn 0.165699795 -0.986009419 0.0181376487
f 1366//456 1367//456 1368//456
v -0.038525898 -0.000500000024 -0.00464672269
v -0.0379065648 -0.000500000024 -0.00378037803
v -0.0386417657 -0.000538850436 -0.00454690633
vn 0.201067686 -0.968974054 -0.143739685
f 1369//457 1370//457 1371//457
v -0.0386417657 -0.000538850436 -0.00454690633
v -0.0379065648 -0.000500000024 -0.00378037803
v -0.0378375389 -0.000555131235 -0.00290329196
vn 0.127566412 -0.989197373 -0.0722171515
f 1372//458 1373//458 1374//458
v -0.0386417657 -0.000538850436 -0.00454690633
v -0.0378375389 -0.000555131235 -0.00290329196
v -0.0387689024 -0.000581481436 -0.00443737675
vn 0.222458169 -0.96772176 -0.118435279
f 1375//459 1376//459 1377//459
v -0.0387689024 -0.000581481436 -0.00443737675
v -0.0378375389 -0.000555131235 -0.00290329196
v -0.0388874821 -0.000621236744 -0.00433523627
vn 0.222437486 -0.967728078 -0.118422613
f 1378//460 1379//460 1380//460
v -0.0390505791 -0.000817217457 -0.00419473602
v -0.0390107445 -0.000769357779 -0.00422904687
v -0.038144771 -0.000748114951 -0.00277788029
vn 0.588260114 -0.733583868 -0.340300977
f 1381//461 1382//461 1383//461
v -0.038144771 -0.000748114951 -0.00277788029
v -0.0390107445 -0.000769357779 -0.00422904687
v -0.0389297716 -0.00067205372 -0.00429880479
vn 0.588301003 -0.733539462 -0.340326041
f 1384//462 1385//462 1386//462
v -0.0383487567 -0.00100000005 -0.00273073441
v -0.0391820334 -0.00100000028 -0.00408149883
v -0.0391659476 -0.000965948566 -0.00409535272
vn 0.724749327 -0.524258494 -0.447092265
f 1387//463 1388//463 1389//463
v -0.0383487567 -0.00100000005 -0.00273073441
v -0.0391659476 -0.000965948566 -0.00409535272
v -0.038144771 -0.000748114951 -0.00277788029
vn 0.667445123 -0.618216693 -0.415120631
f 1390//464 1391//464 1392//464
v -0.038144771 -0.000748114951 -0.00277788029
v -0.0391659476 -0.000965948566 -0.00409535272
v -0.0391549207 -0.000942585582 -0.00410485826
vn 0.712329209 -0.525486946 -0.465242505
f 1393//465 1394//465 1395//465
v -0.038144771 -0.000748114951 -0.00277788029
v -0.0391549207 -0.000942585582 -0.00410485826
v -0.0390505791 -0.000817217457 -0.00419473602
vn 0.588267684 -0.733575344 -0.340306222
f 1396//466 1397//466 1398//466
v -0.0382433832 -0.00100000005 0.000856755418
v -0.0379640535 -0.00100000005 -0.000705574465
v -0.0377573483 -0.000748114951 -0.000701732875
vn 0.7647475 -0.629655659 0.136729583
f 1399//467 1400//467 1401//467
v -0.0377573483 -0.000748114951 -0.000701732875
v -0.0379640535 -0.00100000005 -0.000705574465
v -0.0379774682 -0.00100000005 -0.00118330377
vn 0.773011267 -0.634020686 -0.0217103492
f 1402//468 1403//468 1404//468
v -0.0377573483 -0.000748114951 -0.000701732875
v -0.0379774682 -0.00100000005 -0.00118330377
v -0.038144771 -0.000748114951 -0.00277788029
vn 0.876303375 -0.45315817 -0.163523838
f 1405//469 1406//469 1407//469
v -0.038144771 -0.000748114951 -0.00277788029
v -0.0379774682 -0.00100000005 -0.00118330377
v -0.0383410528 -0.00100000005 -0.0026985826
vn 0.747804821 -0.639212251 -0.179431602
f 1408//470 1409//470 1410//470
v -0.038144771 -0.000748114951 -0.00277788029
v -0.0383410528 -0.00100000005 -0.0026985826
v -0.0383487567 -0.00100000005 -0.00273073441
vn 0.747876704 -0.639194131 -0.179196179
f 1411//471 1412//471 1413//471
v -0.0390628427 -0.000654123549 0.00284908316
v -0.0382216498 -0.000748114951 0.00135858508
v -0.0379192904 -0.000555131235 0.00149532629
vn 0.418125361 -0.86076808 0.290257692
f 1414//472 1415//472 1416//472
v -0.0379192904 -0.000555131235 0.00149532629
v -0.0382216498 -0.000748114951 0.00135858508
v -0.0377573483 -0.000748114951 -0.000701732875
vn 0.498050809 -0.859853566 0.112237528
f 1417//473 1418//473 1419//473
v -0.0379192904 -0.000555131235 0.00149532629
v -0.0377573483 -0.000748114951 -0.000701732875
v -0.0374255665 -0.000555131235 -0.00069556653
vn 0.498051465 -0.859853148 0.11223755
f 1420//474 1421//474 1422//474
v -0.0374255665 -0.000555131235 -0.00069556653
v -0.0377573483 -0.000748114951 -0.000701732875
v -0.038144771 -0.000748114951 -0.00277788029
vn 0.501878023 -0.859853148 -0.093653664
f 1423//475 1424//475 1425//475
v -0.0374255665 -0.000555131235 -0.00069556653
v -0.038144771 -0.000748114951 -0.00277788029
v -0.0378375389 -0.000555131235 -0.00290329196
vn 0.501877367 -0.859853566 -0.0936534107
f 1426//476 1427//476 1428//476
v -0.0378375389 -0.000555131235 -0.00290329196
v -0.038144771 -0.000748114951 -0.00277788029
v -0.0389297716 -0.00067205372 -0.00429880479
vn 0.432423532 -0.861458242 -0.266269684
f 1429//477 1430//477 1431//477
v -0.0378375389 -0.000555131235 -0.00290329196
v -0.0389297716 -0.00067205372 -0.00429880479
v -0.0388874821 -0.000621236744 -0.00433523627
vn 0.560790598 -0.737063825 -0.377161562
f 1432//478 1433//478 1434//478
v -0.0389984697 -0.00048667824 0.0033686189
v -0.0386719555 -0.000500000024 0.00321197463
v -0.0111969681 -0.000500000024 0.00372260693
vn -0.0015165651 -0.996663988 0.0816000327
f 1435//479 1436//479 1437//479
v -0.0394750386 -0.000398225238 0.00351900514
v -0.0391614288 -0.000456432463 0.00342004187
v -0.011203154 -0.000412262423 0.00405543856
vn -0.00962032378 -0.874943793 0.484128952
f 1438//480 1439//480 1440//480
v -0.011203154 -0.000412262423 0.00405543856
v -0.0391614288 -0.000456432463 0.00342004187
v -0.0389984697 -0.00048667824 0.0033686189
vn -0.00962040015 -0.874941945 0.48413223
f 1441//481 1442//481 1443//481
v -0.011203154 -0.000412262423 0.00405543856
v -0.0389984697 -0.00048667824 0.0033686189
v -0.0111987321 -0.000495484797 0.00381751196
vn -0.00562876603 -0.943940282 0.33006826
f 1444//482 1445//482 1446//482
v -0.0111987321 -0.000495484797 0.00381751196
v -0.0389984697 -0.00048667824 0.0033686189
v -0.0111969681 -0.000500000024 0.00372260693
vn -0.00108346785 -0.998870552 0.0475024357
f 1447//483 1448//483 1449//483
v -0.0112096127 -0.000194109249 0.00440293271
v -0.0405723825 -0.000194555745 0.00386528159
v -0.0396818966 -0.000359834172 0.00358427735
vn -0.00888372026 -0.873973191 0.485892922
f 1450//484 1451//484 1452//484
v -0.0112096127 -0.000194109249 0.00440293271
v -0.0396818966 -0.000359834172 0.00358427735
v -0.0112071177 -0.000337673147 0.00426868442
vn -0.0170180313 -0.683071315 0.730153382
f 1453//485 1454//485 1455//485
v -0.0394750386 -0.000398225238 0.00351900514
v -0.011203154 -0.000412262423 0.00405543856
v -0.0396818966 -0.000359834172 0.00358427735
vn -0.00962030608 -0.87494427 0.484128028
f 1456//486 1457//486 1458//486
v -0.0396818966 -0.000359834172 0.00358427735
v -0.011203154 -0.000412262423 0.00405543856
v -0.0112035684 -0.000404465856 0.00407772884
vn -0.00719795609 -0.943941414 0.330034584
f 1459//487 1460//487 1461//487
v -0.0396818966 -0.000359834172 0.00358427735
v -0.0112035684 -0.000404465856 0.00407772884
v -0.0112071177 -0.000337673147 0.00426868442
vn -0.00719802547 -0.943939984 0.330038697
f 1462//488 1463//488 1464//488
v -0.0419212356 0.000161086908 0.00402737036
v -0.0407746881 -0.000155837857 0.00392619614
v -0.0112138651 0.000147755185 0.00463173212
vn -0.0184846241 -0.364134073 0.931163073
f 1465//489 1466//489 1467//489
v -0.0112138651 0.000147755185 0.00463173212
v -0.0407746881 -0.000155837857 0.00392619614
v -0.0407618172 -0.000159395786 0.00392505992
vn -0.0184834022 -0.36419645 0.931138694
f 1468//490 1469//490 1470//490
v -0.0112138651 0.000147755185 0.00463173212
v -0.0407618172 -0.000159395786 0.00392505992
v -0.0112137506 0.000125099526 0.00462560495
vn -0.0203668419 -0.261123359 0.965090573
f 1471//491 1472//491 1473//491
v -0.0405723825 -0.000194555745 0.00386528159
v -0.0112096127 -0.000194109249 0.00440293271
v -0.0407618172 -0.000159395786 0.00392505992
vn -0.00888375286 -0.873972178 0.48589474
f 1474//492 1475//492 1476//492
v -0.0407618172 -0.000159395786 0.00392505992
v -0.0112096127 -0.000194109249 0.00440293271
v -0.0112131778 1.10180536e-05 0.00459475024
vn -0.012610672 -0.683075726 0.730238676
f 1477//493 1478//493 1479//493
v -0.0407618172 -0.000159395786 0.00392505992
v -0.0112131778 1.10180536e-05 0.00459475024
v -0.0112137506 0.000125099526 0.00462560495
vn -0.0203668773 -0.261121213 0.965091109
f 1480//494 1481//494 1482//494
v -0.0419212356 0.000161086908 0.00402737036
v -0.0112138651 0.000147755185 0.00463173212
v -0.0419288911 0.00016320376 0.00402804557
vn -0.0184853598 -0.364032626 0.93120271
f 1483//495 1484//495 1485//495
v -0.0419288911 0.00016320376 0.00402804557
v -0.0112138651 0.000147755185 0.00463173212
v -0.011215548 0.000482547592 0.00472228182
vn -0.0191001445 -0.261125505 0.965115905
f 1486//496 1487//496 1488//496
v -0.0419288911 0.00016320376 0.00402804557
v -0.011215548 0.000482547592 0.00472228182
v -0.0430841856 0.000482547592 0.00412999233
vn -0.0173331108 -0.360435218 0.932623208
f 1489//497 1490//497 1491//497
v -0.0111328606 0.000481534837 0.00472380081
v -0.011215548 0.000482547592 0.00472228182
v -0.0111391591 0.000163754594 0.00464172382
vn -0.0208430532 -0.249633729 0.968115985
f 1492//498 1493//498 1494//498
v -0.0111391591 0.000163754594 0.00464172382
v -0.011215548 0.000482547592 0.00472228182
v -0.0112138651 0.000147755185 0.00463173212
vn -0.0729120523 -0.260730267 0.962654412
f 1495//499 1496//499 1497//499
v -0.0111391591 0.000163754594 0.00464172382
v -0.0112138651 0.000147755185 0.00463173212
v -0.011139933 0.000124676764 0.00463163061
vn -0.0760679469 -0.247947901 0.965782344
f 1498//500 1499//500 1500//500
v -0.011139933 0.000124676764 0.00463163061
v -0.0112138651 0.000147755185 0.00463173212
v -0.0112137506 0.000125099526 0.00462560495
vn -0.0800285414 -0.260619551 0.962118983
f 1501//501 1502//501 1503//501
v -0.011139933 0.000124676764 0.00463163061
v -0.0112137506 0.000125099526 0.00462560495
v -0.0111417864 3.10138821e-05 0.00460743951
vn -0.0802301094 -0.247777387 0.965489268
f 1504//502 1505//502 1506//502
v -0.0111417864 3.10138821e-05 0.00460743951
v -0.0112137506 0.000125099526 0.00462560495
v -0.0112131778 1.10180536e-05 0.00459475024
vn -0.097826995 -0.260285884 0.960562944
f 1507//503 1508//503 1509//503
v -0.0111417864 3.10138821e-05 0.00460743951
v -0.0112131778 1.10180536e-05 0.00459475024
v -0.0111434655 -0.000173788605 0.0044235629
vn 0.0548886359 -0.667311072 0.742753804
f 1510//504 1511//504 1512//504
v -0.0111434655 -0.000173788605 0.0044235629
v -0.0112131778 1.10180536e-05 0.00459475024
v -0.0112096127 -0.000194109249 0.00440293271
vn -0.017876476 -0.683069706 0.730134368
f 1513//505 1514//505 1515//505
v -0.0112071177 -0.000337673147 0.00426868442
v -0.0111447331 -0.000329026341 0.004283641
v -0.0112096127 -0.000194109249 0.00440293271
vn -0.0799182281 -0.681568384 0.727377236
f 1516//506 1517//506 1518//506
v -0.0112096127 -0.000194109249 0.00440293271
v -0.0111447331 -0.000329026341 0.004283641
v -0.0111436183 -0.000192338281 0.00440690853
vn -0.0267673936 -0.669349551 0.742465317
f 1519//507 1520//507 1521//507
v -0.0112096127 -0.000194109249 0.00440293271
v -0.0111436183 -0.000192338281 0.00440690853
v -0.0111434655 -0.000173788605 0.0044235629
vn -0.0269000418 -0.667708874 0.7439363
f 1522//508 1523//508 1524//508
v -0.0111679519 -0.000500168768 0.00372748356
v -0.0111389356 -0.000500674534 0.00373237906
v -0.0111411028 -0.000490437844 0.00386579754
vn -0.0301908292 -0.996652246 0.0759790316
f 1525//509 1526//509 1527//509
v -0.0111987321 -0.000495484797 0.00381751196
v -0.0111969681 -0.000500000024 0.00372260693
v -0.0111679519 -0.000500168768 0.00372748356
vn -0.0137518523 -0.99878782 0.0472630523
f 1528//510 1529//510 1530//510
v -0.0111679519 -0.000500168768 0.00372748356
v -0.0111411028 -0.000490437844 0.00386579754
v -0.0111987321 -0.000495484797 0.00381751196
vn 0.034100607 -0.997395813 0.0635511503
f 1531//511 1532//511 1533//511
v -0.0111987321 -0.000495484797 0.00381751196
v -0.0111411028 -0.000490437844 0.00386579754
v -0.0111414623 -0.000474448607 0.00390718831
vn -0.213732049 -0.911885381 0.350405008
f 1534//512 1535//512 1536//512
v -0.0111987321 -0.000495484797 0.00381751196
v -0.0111414623 -0.000474448607 0.00390718831
v -0.011203154 -0.000412262423 0.00405543856
vn -0.163400382 -0.932178676 0.323022038
f 1537//513 1538//513 1539//513
v -0.011203154 -0.000412262423 0.00405543856
v -0.0111414623 -0.000474448607 0.00390718831
v -0.0111430064 -0.000405641913 0.00408530701
vn -0.0757390484 -0.930360377 0.358738244
f 1540//514 1541//514 1542//514
v -0.011203154 -0.000412262423 0.00405543856
v -0.0111430064 -0.000405641913 0.00408530701
v -0.0112035684 -0.000404465856 0.00407772884
vn -0.0594229847 -0.942599833 0.328594714
f 1543//515 1544//515 1545//515
v -0.0112035684 -0.000404465856 0.00407772884
v -0.0111430064 -0.000405641913 0.00408530701
v -0.0111430697 -0.000403092388 0.00409190683
vn -0.0630195588 -0.931164801 0.359110862
f 1546//516 1547//516 1548//516
v -0.0112035684 -0.000404465856 0.00407772884
v -0.0111430697 -0.000403092388 0.00409190683
v -0.0112071177 -0.000337673147 0.00426868442
vn -0.0556367673 -0.942782462 0.328733593
f 1549//517 1550//517 1551//517
v -0.0112071177 -0.000337673147 0.00426868442
v -0.0111430697 -0.000403092388 0.00409190683
v -0.0111447331 -0.000329026341 0.004283641
vn 0.0427674651 -0.931841195 0.360337287
f 1552//518 1553//518 1554//518
v -0.0421347469 0.000261922949 -0.00568520837
v -0.0429009721 0.000482547592 -0.00572805526
v -0.012988897 0.000482548028 -0.00517212925
vn 0.0184279196 -0.128562376 -0.99153018
f 1555//519 1556//519 1557//519
v -0.0421347469 0.000261922949 -0.00568520837
v -0.012988897 0.000482548028 -0.00517212925
v -0.0417351425 0.00015743963 -0.0056076902
vn 0.0188689418 -0.54818517 -0.836144149
f 1558//520 1559//520 1560//520
v -0.0129944673 -0.000212710045 -0.0048724208
v -0.0129945138 -0.000216510307 -0.00486991042
v -0.0403963998 -0.000192596417 -0.00534799276
vn 0.0140736271 -0.551250339 -0.834221184
f 1561//521 1562//521 1563//521
v -0.0417351425 0.00015743963 -0.0056076902
v -0.012988897 0.000482548028 -0.00517212925
v -0.012990145 0.000139267548 -0.00510496274
vn 0.0170396492 -0.192051634 -0.981236875
f 1564//522 1565//522 1566//522
v -0.0417351425 0.00015743963 -0.0056076902
v -0.012990145 0.000139267548 -0.00510496274
v -0.0405919887 -0.000141457422 -0.00538593344
vn 0.0141290324 -0.560362995 -0.828126609
f 1567//523 1568//523 1569//523
v -0.0405919887 -0.000141457422 -0.00538593344
v -0.012990145 0.000139267548 -0.00510496274
v -0.0403963998 -0.000192596417 -0.00534799276
vn 0.014129024 -0.56036061 -0.828128219
f 1570//524 1571//524 1572//524
v -0.0403963998 -0.000192596417 -0.00534799276
v -0.012990145 0.000139267548 -0.00510496274
v -0.0129903145 0.000125533756 -0.00509588886
vn 0.0140730841 -0.551305771 -0.834184587
f 1573//525 1574//525 1575//525
v -0.0403963998 -0.000192596417 -0.00534799276
v -0.0129903145 0.000125533756 -0.00509588886
v -0.0129944673 -0.000212710045 -0.0048724208
vn 0.0140730431 -0.551298261 -0.834189534
f 1576//526 1577//526 1578//526
v -0.0393024385 -0.00039574632 -0.00498138554
v -0.0395009741 -0.000369093963 -0.00506694196
v -0.0129945138 -0.000216510307 -0.00486991042
vn 0.00779845053 -0.949436426 -0.313862562
f 1579//527 1580//527 1581//527
v -0.0129945138 -0.000216510307 -0.00486991042
v -0.0395009741 -0.000369093963 -0.00506694196
v -0.0399539657 -0.000308277871 -0.00526216673
vn 0.0077984482 -0.949436545 -0.313862145
f 1582//528 1583//528 1584//528
v -0.0129945138 -0.000216510307 -0.00486991042
v -0.0399539657 -0.000308277871 -0.00526216673
v -0.0403963998 -0.000192596417 -0.00534799276
vn 0.0139537081 -0.560811222 -0.827826083
f 1585//529 1586//529 1587//529
v -0.0130012399 -0.000441993237 -0.00450802781
v -0.0130074834 -0.000500000024 -0.00417245133
v -0.038525898 -0.000500000024 -0.00464672269
vn 0.00316460291 -0.985391855 -0.170273051
f 1588//530 1589//530 1590//530
v -0.0129945138 -0.000216510307 -0.00486991042
v -0.0130008357 -0.000428453 -0.00452975882
v -0.0393024385 -0.00039574632 -0.00498138554
vn 0.00802295003 -0.848768294 -0.528704107
f 1591//531 1592//531 1593//531
v -0.0393024385 -0.00039574632 -0.00498138554
v -0.0130008357 -0.000428453 -0.00452975882
v -0.0130012399 -0.000441993237 -0.00450802781
vn 0.00802296214 -0.848767877 -0.528704822
f 1594//532 1595//532 1596//532
v -0.0393024385 -0.00039574632 -0.00498138554
v -0.0130012399 -0.000441993237 -0.00450802781
v -0.0389915183 -0.000437488809 -0.00484738871
vn 0.00382390781 -0.952185571 -0.305496335
f 1597//533 1598//533 1599//533
v -0.0389915183 -0.000437488809 -0.00484738871
v -0.0130012399 -0.000441993237 -0.00450802781
v -0.038525898 -0.000500000024 -0.00464672269
vn 0.00382391084 -0.952185512 -0.305496573
f 1600//534 1601//534 1602//534
v -0.0444198772 0.00351744168 0.00391763216
v -0.044548206 0.00351744192 0.00388355483
v -0.0445359014 -0.00100000005 0.00385578885
vn -0.256646991 -0.00663948152 0.966482401
f 1603//535 1604//535 1605//535
v -0.041906558 -0.000196919107 -0.00554313092
v -0.0414195471 -0.000529687852 -0.00545256445
v -0.0418998562 -0.00100000005 -0.00557973888
vn 0.213102192 0.0462657213 -0.97593385
f 1606//536 1607//536 1608//536
v -0.0418998562 -0.00100000005 -0.00557973888
v -0.0414195471 -0.000529687852 -0.00545256445
v -0.0409851857 -0.000792113948 -0.00525728613
vn 0.352358222 -0.10849119 -0.929555476
f 1609//537 1610//537 1611//537
v -0.0418998562 -0.00100000005 -0.00557973888
v -0.0409851857 -0.000792113948 -0.00525728613
v -0.040641088 -0.00100000144 -0.00510259205
vn 0.352356523 -0.108480759 -0.929557323
f 1612//538 1613//538 1614//538
v -0.0442514345 0.00351742795 -0.00558897899
v -0.0428999923 0.0035174212 -0.00578071596
v -0.0429009721 0.000482547592 -0.00572805526
vn -0.1404486 -0.0171320736 -0.989939749
f 1615//539 1616//539 1617//539
v -0.041906558 -0.000196919107 -0.00554313092
v -0.0418998562 -0.00100000005 -0.00557973888
v -0.0429009721 0.000482547592 -0.00572805526
vn 0.213100374 0.046265725 -0.975934267
f 1618//540 1619//540 1620//540
v -0.0429009721 0.000482547592 -0.00572805526
v -0.0418998562 -0.00100000005 -0.00557973888
v -0.0443618856 -0.00100000005 -0.00550797815
vn -0.0289283451 -0.118824728 -0.992493749
f 1621//541 1622//541 1623//541
v -0.0429009721 0.000482547592 -0.00572805526
v -0.0443618856 -0.00100000005 -0.00550797815
v -0.0442514345 0.00351742795 -0.00558897899
vn -0.134567246 -0.0144756213 -0.990798712
f 1624//542 1625//542 1626//542
v -0.0461179875 0.00351743633 -0.00460307533
v -0.0456831045 0.003517434 -0.00499233231
v -0.0464784838 -0.00100000005 -0.00424832711
vn -0.66692996 -0.00529000117 -0.745101631
f 1627//543 1628//543 1629//543
v -0.0464784838 -0.00100000005 -0.00424832711
v -0.0456831045 0.003517434 -0.00499233231
v -0.0444652848 0.00351742911 -0.00555863883
vn -0.420473337 -0.0748877749 -0.904209077
f 1630//544 1631//544 1632//544
v -0.0464784838 -0.00100000005 -0.00424832711
v -0.0444652848 0.00351742911 -0.00555863883
v -0.0443618856 -0.00100000005 -0.00550797815
vn -0.511299193 -0.0213379245 -0.859137833
f 1633//545 1634//545 1635//545
v -0.0443618856 -0.00100000005 -0.00550797815
v -0.0444652848 0.00351742911 -0.00555863883
v -0.0443820246 0.00351742865 -0.00557045033
vn -0.140441254 -0.0143167414 -0.989985526
f 1636//546 1637//546 1638//546
v -0.0443618856 -0.00100000005 -0.00550797815
v -0.0443820246 0.00351742865 -0.00557045033
v -0.0442514345 0.00351742795 -0.00558897899
vn -0.140464216 -0.0143167991 -0.989982247
f 1639//547 1640//547 1641//547
v -0.0475593396 0.00351744518 -0.00279085618
v -0.0474583954 0.00351744425 -0.00295692473
v -0.0477157161 -0.00100000005 -0.00211854954
vn -0.853548825 -0.047667902 -0.518827736
f 1642//548 1643//548 1644//548
v -0.0477157161 -0.00100000005 -0.00211854954
v -0.0474583954 0.00351744425 -0.00295692473
v -0.0468632914 0.00351744005 -0.00393594941
vn -0.8535465 -0.0476687141 -0.518831432
f 1645//549 1646//549 1647//549
v -0.0477157161 -0.00100000005 -0.00211854954
v -0.0468632914 0.00351744005 -0.00393594941
v -0.0464784838 -0.00100000005 -0.00424832711
vn -0.864031255 -0.0388921648 -0.501933634
f 1648//550 1649//550 1650//550
v -0.0464784838 -0.00100000005 -0.00424832711
v -0.0468632914 0.00351744005 -0.00393594941
v -0.0464979745 0.00351743819 -0.00426294608
vn -0.666937113 -0.00528871873 -0.745095253
f 1651//551 1652//551 1653//551
v -0.0464784838 -0.00100000005 -0.00424832711
v -0.0464979745 0.00351743819 -0.00426294608
v -0.0461179875 0.00351743633 -0.00460307533
vn -0.666938543 -0.0052887206 -0.745094001
f 1654//552 1655//552 1656//552
v -0.0444198772 0.00351744168 0.00391763216
v -0.0445359014 -0.00100000005 0.00385578885
v -0.0435285904 0.00351744029 0.0041542924
vn -0.256627858 -0.00664004218 0.966487467
f 1657//553 1658//553 1659//553
v -0.0435285904 0.00351744029 0.0041542924
v -0.0445359014 -0.00100000005 0.00385578885
v -0.0430841856 0.000482547592 0.00412999233
vn -0.155218333 -0.0306347832 0.987405062
f 1660//554 1661//554 1662//554
v -0.0435285904 0.00351744029 0.0041542924
v -0.0430841856 0.000482547592 0.00412999233
v -0.0430851653 0.00351743656 0.0041826535
vn -0.0638195947 -0.0173344407 0.9978109
f 1663//555 1664//555 1665//555
v -0.0408026092 -0.00100000144 0.00358892488
v -0.0411642119 -0.000774712535 0.00370884524
v -0.042078238 -0.00100000005 0.00401897449
vn 0.319450498 0.00835249294 0.947566152
f 1666//556 1667//556 1668//556
v -0.042078238 -0.00100000005 0.00401897449
v -0.0411642119 -0.000774712535 0.00370884524
v -0.0420819297 -0.000202940486 0.00401319796
vn 0.319451571 0.00834772084 0.947565854
f 1669//557 1670//557 1671//557
v -0.042078238 -0.00100000005 0.00401897449
v -0.0420819297 -0.000202940486 0.00401319796
v -0.0445359014 -0.00100000005 0.00385578885
vn -0.0662513375 0.00692453282 0.997778952
f 1672//558 1673//558 1674//558
v -0.0445359014 -0.00100000005 0.00385578885
v -0.0420819297 -0.000202940486 0.00401319796
v -0.0422221459 -0.000115578034 0.00405970076
vn 0.0658204481 -0.38448897 0.920780063
f 1675//559 1676//559 1677//559
v -0.0445359014 -0.00100000005 0.00385578885
v -0.0422221459 -0.000115578034 0.00405970076
v -0.0430841856 0.000482547592 0.00412999233
vn -0.0275099371 -0.155690402 0.987422764
f 1678//560 1679//560 1680//560
v -0.0462755486 0.00351744518 0.00290851132
v -0.046604231 -0.00100000005 0.00251836772
v -0.0461295024 0.00351744494 0.00307168742
vn -0.745123804 -0.00338397059 0.666917562
f 1681//561 1682//561 1683//561
v -0.0461295024 0.00351744494 0.00307168742
v -0.046604231 -0.00100000005 0.00251836772
v -0.0445359014 -0.00100000005 0.00385578885
vn -0.542422593 -0.045745708 0.838859379
f 1684//562 1685//562 1686//562
v -0.0461295024 0.00351744494 0.00307168742
v -0.0445359014 -0.00100000005 0.00385578885
v -0.0449844003 0.00351744262 0.00376773509
vn -0.51910305 -0.0348915085 0.853999197
f 1687//563 1688//563 1689//563
v -0.0449844003 0.00351744262 0.00376773509
v -0.0445359014 -0.00100000005 0.00385578885
v -0.044548206 0.00351744192 0.00388355483
vn -0.256624401 -0.00663945684 0.966488421
f 1690//564 1691//564 1692//564
v -0.0475150049 0.0035174489 0.00118372869
v -0.047761485 -0.00100000005 0.000344092579
v -0.0471858829 0.00351744751 0.00189149729
vn -0.906376898 -0.0288856979 0.421481371
f 1693//565 1694//565 1695//565
v -0.0471858829 0.00351744751 0.00189149729
v -0.047761485 -0.00100000005 0.000344092579
v -0.046604231 -0.00100000005 0.00251836772
vn -0.881715536 -0.0484049097 0.469291687
f 1696//566 1697//566 1698//566
v -0.0471858829 0.00351744751 0.00189149729
v -0.046604231 -0.00100000005 0.00251836772
v -0.0466149561 0.00351744611 0.00252932915
vn -0.745100796 -0.00338741019 0.666943252
f 1699//567 1700//567 1701//567
v -0.0466149561 0.00351744611 0.00252932915
v -0.046604231 -0.00100000005 0.00251836772
v -0.0462755486 0.00351744518 0.00290851132
vn -0.745103478 -0.00338740926 0.666940272
f 1702//568 1703//568 1704//568
v -0.0478957184 -0.00100000005 -0.000890157826
v -0.0479459055 0.00351745076 -0.00133504334
v -0.0477157161 -0.00100000005 -0.00211854954
vn -0.989117563 -0.0252621938 -0.144942343
f 1705//569 1706//569 1707//569
v -0.0477157161 -0.00100000005 -0.00211854954
v -0.0479459055 0.00351745076 -0.00133504334
v -0.0477361307 0.00351744774 -0.0021250234
vn -0.966494501 -0.00473596202 -0.256643653
f 1708//570 1709//570 1710//570
v -0.0477157161 -0.00100000005 -0.00211854954
v -0.0477361307 0.00351744774 -0.0021250234
v -0.0475593396 0.00351744518 -0.00279085618
vn -0.96649915 -0.00473595783 -0.25662601
f 1711//571 1712//571 1713//571
v -0.0475150049 0.0035174489 0.00118372869
v -0.0477521829 0.00351744983 0.000673673814
v -0.047761485 -0.00100000005 0.000344092579
vn -0.906381905 -0.0288834404 0.421470702
f 1714//572 1715//572 1716//572
v -0.047761485 -0.00100000005 0.000344092579
v -0.0477521829 0.00351744983 0.000673673814
v -0.0477971584 0.00351744913 0.000356656063
vn -0.990052819 -0.00820913166 0.140456483
f 1717//573 1718//573 1719//573
v -0.047761485 -0.00100000005 0.000344092579
v -0.0477971584 0.00351744913 0.000356656063
v -0.0478957184 -0.00100000005 -0.000890157826
vn -0.994104683 -0.00815119222 0.108117826
f 1720//574 1721//574 1722//574
v -0.0478957184 -0.00100000005 -0.000890157826
v -0.0477971584 0.00351744913 0.000356656063
v -0.0479742661 0.00351744657 -0.000891617616
vn -0.989938438 -0.017166784 0.140453726
f 1723//575 1724//575 1725//575
v -0.0478957184 -0.00100000005 -0.000890157826
v -0.0479742661 0.00351744657 -0.000891617616
v -0.0479459055 0.00351745076 -0.00133504334
vn -0.997810304 -0.0173696633 -0.0638195425
f 1726//576 1727//576 1728//576
v 0.0138430344 -0.00717489095 0.00325789559
v 0.0138746956 -0.00717470283 0.00325838383
v 0.0138764344 -0.0068215183 0.00316486717
vn -0.016427692 0.256002069 0.966536641
f 1729//577 1730//577 1731//577
v 0.013880467 -0.00649708509 0.00294785528
v 0.0138130207 -0.00649991678 0.00295666582
v 0.013877132 -0.00667976076 0.00312733231
vn 0.0637303591 0.698816955 0.712455809
f 1732//578 1733//578 1734//578
v 0.013877132 -0.00667976076 0.00312733231
v 0.0138130207 -0.00649991678 0.00295666582
v 0.0138119264 -0.00672006188 0.00314827822
vn -0.161733717 0.648347199 0.743967831
f 1735//579 1736//579 1737//579
v 0.013877132 -0.00667976076 0.00312733231
v 0.0138119264 -0.00672006188 0.00314827822
v 0.0138764344 -0.0068215183 0.00316486717
vn 0.151069164 0.25232926 0.955776155
f 1738//580 1739//580 1740//580
v 0.0138764344 -0.0068215183 0.00316486717
v 0.0138119264 -0.00672006188 0.00314827822
v 0.0138118034 -0.00681924401 0.00317210914
vn 0.116375558 0.231901616 0.965752721
f 1741//581 1742//581 1743//581
v 0.0138764344 -0.0068215183 0.00316486717
v 0.0138118034 -0.00681924401 0.00317210914
v 0.0138430344 -0.00717489095 0.00325789559
vn 0.116455652 0.242544398 0.963125288
f 1744//582 1745//582 1746//582
v 0.0138430344 -0.00717489095 0.00325789559
v 0.0138118034 -0.00681924401 0.00317210914
v 0.0138117876 -0.00683447998 0.00317576993
vn -0.0102025224 0.233628333 0.972272456
f 1747//583 1748//583 1749//583
v 0.0138430344 -0.00717489095 0.00325789559
v 0.0138117876 -0.00683447998 0.00317576993
v 0.013811362 -0.00717508281 0.00325760758
vn -0.0102563286 0.233623534 0.972273052
f 1750//584 1751//584 1752//584
v 0.0138864256 -0.00627449388 0.00262727379
v 0.013814941 -0.00627481285 0.00262761954
v 0.0138838002 -0.00631456636 0.00276853261
vn -0.00297389342 0.962049067 0.272860378
f 1753//585 1754//585 1755//585
v 0.0138838002 -0.00631456636 0.00276853261
v 0.013814941 -0.00627481285 0.00262761954
v 0.0138137434 -0.00635526143 0.00283075892
vn -0.209495485 0.909535766 0.358965695
f 1756//586 1757//586 1758//586
v 0.0138838002 -0.00631456636 0.00276853261
v 0.0138137434 -0.00635526143 0.00283075892
v 0.013880467 -0.00649708509 0.00294785528
vn 0.223767817 0.680980206 0.697276115
f 1759//587 1760//587 1761//587
v 0.013880467 -0.00649708509 0.00294785528
v 0.0138137434 -0.00635526143 0.00283075892
v 0.0138130644 -0.0064921598 0.00294991396
vn 0.0708254427 0.654684484 0.752576888
f 1762//588 1763//588 1764//588
v 0.013880467 -0.00649708509 0.00294785528
v 0.0138130644 -0.0064921598 0.00294991396
v 0.0138130207 -0.00649991678 0.00295666582
vn 0.0708251894 0.654678941 0.752581775
f 1765//589 1766//589 1767//589
v 0.013817017 -0.00617485028 0.00227491837
v 0.0138162691 -0.00618521264 0.00240137009
v 0.0138929533 -0.00617485587 0.00227604341
vn -0.00113666337 0.99665904 0.0816666558
f 1768//590 1769//590 1770//590
v 0.0138929533 -0.00617485587 0.00227604341
v 0.0138162691 -0.00618521264 0.00240137009
v 0.0138160056 -0.0062027392 0.00244562631
vn 0.433000028 0.837181032 0.334124118
f 1771//591 1772//591 1773//591
v 0.0138929533 -0.00617485587 0.00227604341
v 0.0138160056 -0.0062027392 0.00244562631
v 0.0138864256 -0.00627449388 0.00262727379
vn 0.254621595 0.929077685 0.268295497
f 1774//592 1775//592 1776//592
v 0.0138864256 -0.00627449388 0.00262727379
v 0.0138160056 -0.0062027392 0.00244562631
v 0.0138149559 -0.00627336977 0.00262397551
vn -0.00236863387 0.929748178 0.368188441
f 1777//593 1778//593 1779//593
v 0.0138864256 -0.00627449388 0.00262727379
v 0.0138149559 -0.00627336977 0.00262397551
v 0.013814941 -0.00627481285 0.00262761954
vn -0.00236892933 0.929745913 0.368194073
f 1780//594 1781//594 1782//594
v 0.0146898376 -0.00610338757 -0.00180428545
v 0.0148324547 -0.00603430066 -0.00576028088
v 0.0147928586 -0.0060307933 -0.0057616476
vn 0.0875103027 0.995951653 0.0205479749
f 1783//595 1784//595 1785//595
v 0.0147928586 -0.0060307933 -0.0057616476
v 0.0146859707 -0.00602132687 -0.00576533796
v 0.0146898376 -0.00610338757 -0.00180428545
vn 0.0874961242 0.995952904 0.0205476284
f 1786//596 1787//596 1788//596
v 0.0146898376 -0.00610338757 -0.00180428545
v 0.0146859707 -0.00602132687 -0.00576533796
v 0.0145514458 -0.00600941246 -0.005769982
vn 0.0874992236 0.995952666 0.020547621
f 1789//597 1790//597 1791//597
v 0.0146898376 -0.00610338757 -0.00180428545
v 0.0145514458 -0.00600941246 -0.005769982
v 0.0140203675 -0.00593371317 -0.00182545825
vn 0.245224327 0.969359219 0.0144132888
f 1792//598 1793//598 1794//598
v 0.0145514458 -0.00600941246 -0.005769982
v 0.0144825084 -0.00600330625 -0.005772362
v 0.0140203675 -0.00593371317 -0.00182545825
vn 0.0884748697 0.996052384 -0.00720324321
f 1795//599 1796//599 1797//599
v 0.0140203675 -0.00593371317 -0.00182545825
v 0.0144825084 -0.00600330625 -0.005772362
v 0.014170873 -0.0058672973 -0.00578125427
vn 0.399080098 0.916406333 0.0305696968
f 1798//600 1799//600 1800//600
v 0.0140203675 -0.00593371317 -0.00182545825
v 0.014170873 -0.0058672973 -0.00578125427
v 0.0139862727 -0.00592507189 -0.00182653649
vn 0.24484095 0.969225526 0.0255882144
f 1801//601 1802//601 1803//601
v 0.0139862727 -0.00592507189 -0.00182653649
v 0.014170873 -0.0058672973 -0.00578125427
v 0.0140759489 -0.0058258702 -0.00578396302
vn 0.399019301 0.916383505 0.0320130326
f 1804//602 1805//602 1806//602
v 0.0139862727 -0.00592507189 -0.00182653649
v 0.0140759489 -0.0058258702 -0.00578396302
v 0.013739136 -0.00586243626 -0.00183435262
vn 0.244680643 0.969144523 0.029838264
f 1807//603 1808//603 1809//603
v 0.013739136 -0.00586243626 -0.00183435262
v 0.0140759489 -0.0058258702 -0.00578396302
v 0.0133252135 -0.00548663223 -0.0018427124
vn 0.670107126 0.73950088 0.0639915541
f 1810//604 1811//604 1812//604
v 0.0133252135 -0.00548663223 -0.0018427124
v 0.0140759489 -0.0058258702 -0.00578396302
v 0.0136286942 -0.00563067105 -0.00579672446
vn 0.400064707 0.916482985 -0.00268007745
f 1813//605 1814//605 1815//605
v 0.0133252135 -0.00548663223 -0.0018427124
v 0.0136286942 -0.00563067105 -0.00579672446
v 0.0133138681 -0.00547633693 -0.00184294162
vn 0.671544492 0.740556896 0.0245654546
f 1816//606 1817//606 1818//606
v 0.0133138681 -0.00547633693 -0.00184294162
v 0.0136286942 -0.00563067105 -0.00579672446
v 0.0134528214 -0.00542025501 -0.00579948025
vn 0.766547799 0.64117682 0.0360094905
f 1819//607 1820//607 1821//607
v 0.0133138681 -0.00547633693 -0.00184294162
v 0.0134528214 -0.00542025501 -0.00579948025
v 0.0130317193 -0.005220172 -0.00184864027
vn 0.671425581 0.740288198 0.0340736546
f 1822//608 1823//608 1824//608
v 0.0134528214 -0.00542025501 -0.00579948025
v 0.013442087 -0.0054074144 -0.00579964882
v 0.0130317193 -0.005220172 -0.00184864027
vn 0.765960813 0.641003549 0.0491778217
f 1825//609 1826//609 1827//609
v 0.0130317193 -0.005220172 -0.00184864027
v 0.013442087 -0.0054074144 -0.00579964882
v 0.0130485864 -0.00493662758 -0.00580581371
vn 0.766030252 0.640919685 0.049189005
f 1828//610 1829//610 1830//610
v 0.0130317193 -0.005220172 -0.00184864027
v 0.0130485864 -0.00493662758 -0.00580581371
v 0.012885239 -0.00482735829 -0.0018470611
vn 0.936617792 0.349149734 0.0290098228
f 1831//611 1832//611 1833//611
v 0.012885239 -0.00482735829 -0.0018470611
v 0.0130485864 -0.00493662758 -0.00580581371
v 0.013010174 -0.00477582915 -0.00580432126
vn 0.972150743 0.23191914 0.0337117873
f 1834//612 1835//612 1836//612
v 0.012885239 -0.00482735829 -0.0018470611
v 0.013010174 -0.00477582915 -0.00580432126
v 0.0128626106 -0.00476666354 -0.00184681697
vn 0.936497688 0.349010766 0.0341108814
f 1837//613 1838//613 1839//613
v 0.0128626106 -0.00476666354 -0.00184681697
v 0.013010174 -0.00477582915 -0.00580432126
v 0.0129937902 -0.00470725074 -0.00580368424
vn 0.972083449 0.231902093 0.0357089937
f 1840//614 1841//614 1842//614
v 0.0128626106 -0.00476666354 -0.00184681697
v 0.0129937902 -0.00470725074 -0.00580368424
v 0.0127051808 -0.0043444843 -0.00184511999
vn 0.936405778 0.349038184 0.0362849981
f 1843//615 1844//615 1845//615
v 0.0127051808 -0.0043444843 -0.00184511999
v 0.0129937902 -0.00470725074 -0.00580368424
v 0.0128331091 -0.00403460488 -0.00579743925
vn 0.971540511 0.231620744 0.0496068336
f 1846//616 1847//616 1848//616
v 0.0127051808 -0.0043444843 -0.00184511999
v 0.0128331091 -0.00403460488 -0.00579743925
v 0.0126904845 -0.00410368992 -0.00184144638
vn 0.99749285 0.0603147969 0.0370157063
f 1849//617 1850//617 1851//617
v 0.0128331091 0.00403460534 -0.00579743925
v 0.0128331091 -0.00403460488 -0.00579743925
v 0.0129732313 0.00403460534 -0.00646409392
vn 0.978616595 -1.19919049e-15 0.205692992
f 1852//618 1853//618 1854//618
v 0.0129732313 0.00403460534 -0.00646409392
v 0.0128331091 -0.00403460488 -0.00579743925
v 0.0129732313 -0.00403460534 -0.00646409392
vn 0.978616595 -1.19919049e-15 0.205692992
f 1855//619 1856//619 1857//619
v 0.0129732313 0.00403460534 -0.00646409392
v 0.0129732313 -0.00403460534 -0.00646409392
v 0.0131676141 0.00403460534 -0.00675241556
vn 0.829161286 -1.08026622e-15 0.559009433
f 1858//620 1859//620 1860//620
v 0.0131676141 0.00403460534 -0.00675241556
v 0.0129732313 -0.00403460534 -0.00646409392
v 0.0131676141 -0.00403460534 -0.00675241556
vn 0.829161286 -1.08026622e-15 0.559009433
f 1861//621 1862//621 1863//621
v 0.0131676141 0.00403460534 -0.00675241556
v 0.0131676141 -0.00403460534 -0.00675241556
v 0.0134499846 0.00403460534 -0.00717126206
vn 0.829170465 -1.0802749e-15 0.558995843
f 1864//622 1865//622 1866//622
v 0.0134499846 0.00403460534 -0.00717126206
v 0.0131676141 -0.00403460534 -0.00675241556
v 0.0134499846 -0.00403460534 -0.00717126206
vn 0.829170465 -1.0802749e-15 0.558995843
f 1867//623 1868//623 1869//623
v 0.0134499846 0.00403460534 -0.00717126206
v 0.0134499846 -0.00403460534 -0.00717126206
v 0.0138970846 0.00403460534 -0.00744408043
vn 0.520880342 -7.62492865e-16 0.853629708
f 1870//624 1871//624 1872//624
v 0.0138970846 0.00403460534 -0.00744408043
v 0.0134499846 -0.00403460534 -0.00717126206
v 0.0138970846 -0.00403460534 -0.00744408043
vn 0.520880342 -7.62492865e-16 0.853629708
f 1873//625 1874//625 1875//625
v 0.0138970846 0.00403460534 -0.00744408043
v 0.0138970846 -0.00403460534 -0.00744408043
v 0.0141780172 0.00403460534 -0.00761550339
vn 0.520879865 -7.62492336e-16 0.853630006
f 1876//626 1877//626 1878//626
v 0.0141780172 0.00403460534 -0.00761550339
v 0.0138970846 -0.00403460534 -0.00744408043
v 0.0141780172 -0.00403460534 -0.00761550339
vn 0.520879865 -7.62492336e-16 0.853630006
f 1879//627 1880//627 1881//627
v 0.0141780172 0.00403460534 -0.00761550339
v 0.0141780172 -0.00403460534 -0.00761550339
v 0.01486897 0.00403460534 -0.00772503717
vn 0.156570598 -3.51224091e-16 0.987666786
f 1882//628 1883//628 1884//628
v 0.01486897 0.00403460534 -0.00772503717
v 0.0141780172 -0.00403460534 -0.00761550339
v 0.01486897 -0.00403460534 -0.00772503717
vn 0.156570598 -3.51224091e-16 0.987666786
f 1885//629 1886//629 1887//629
v 0.0148324547 0.00603430066 -0.00576028088
v 0.014683323 0.0061065401 -0.00162376114
v 0.0147806006 0.00602769107 -0.00576204946
vn 0.125677705 -0.991830409 0.0218521431
f 1888//630 1889//630 1890//630
v 0.0147806006 0.00602769107 -0.00576204946
v 0.014683323 0.0061065401 -0.00162376114
v 0.0144426497 0.00609191647 -0.00163218251
vn 0.0599248633 -0.997993946 0.0204239488
f 1891//631 1892//631 1893//631
v 0.0147806006 0.00602769107 -0.00576204946
v 0.0144426497 0.00609191647 -0.00163218251
v 0.0146318357 0.00600872701 -0.00576712191
vn 0.125549912 -0.991754472 0.0256970674
f 1894//632 1895//632 1896//632
v 0.0126839764 0.00410684478 -0.00166091963
v 0.0128331091 0.00403460534 -0.00579743925
v 0.0128537817 0.0047765919 -0.00166649406
vn 0.968663096 -0.245264605 0.039205987
f 1897//633 1898//633 1899//633
v 0.0128537817 0.0047765919 -0.00166649406
v 0.0128331091 0.00403460534 -0.00579743925
v 0.0129549811 0.00471659983 -0.00580529077
vn 0.984110177 -0.175553828 0.0266074669
f 1900//634 1901//634 1902//634
v 0.0128537817 0.0047765919 -0.00166649406
v 0.0129549811 0.00471659983 -0.00580529077
v 0.0128660854 0.00482509844 -0.00166689779
vn 0.969001174 -0.245548353 0.027252607
f 1903//635 1904//635 1905//635
v 0.0128660854 0.00482509844 -0.00166689779
v 0.0129549811 0.00471659983 -0.00580529077
v 0.0129565028 0.00472513493 -0.00580538902
vn 0.984194994 -0.175208375 0.0257348381
f 1906//636 1907//636 1908//636
v 0.0128660854 0.00482509844 -0.00166689779
v 0.0129565028 0.00472513493 -0.00580538902
v 0.0129251173 0.00505793933 -0.00166883576
vn 0.969029427 -0.24545373 0.0271002464
f 1909//637 1910//637 1911//637
v 0.0129251173 0.00505793933 -0.00166883576
v 0.0129565028 0.00472513493 -0.00580538902
v 0.0131385634 0.00500403298 -0.00580357062
vn 0.836167514 -0.546164155 0.0502856858
f 1912//638 1913//638 1914//638
v 0.0129251173 0.00505793933 -0.00166883576
v 0.0131385634 0.00500403298 -0.00580357062
v 0.0133111598 0.00548328878 -0.0016623463
vn 0.739321232 -0.671715915 0.0469231084
f 1915//639 1916//639 1917//639
v 0.0133111598 0.00548328878 -0.0016623463
v 0.0131385634 0.00500403298 -0.00580357062
v 0.0134258093 0.00544406101 -0.00580070168
vn 0.836952746 -0.546539485 0.02836762
f 1918//640 1919//640 1920//640
v 0.0133111598 0.00548328878 -0.0016623463
v 0.0134258093 0.00544406101 -0.00580070168
v 0.0133146541 0.00548713608 -0.00166228751
vn 0.739823341 -0.672264457 0.0268685035
f 1921//641 1922//641 1923//641
v 0.0133146541 0.00548713608 -0.00166228751
v 0.0134258093 0.00544406101 -0.00580070168
v 0.0134455077 0.00547423447 -0.0058005047
vn 0.836930811 -0.546583354 0.0281685833
f 1924//642 1925//642 1926//642
v 0.0133146541 0.00548713608 -0.00166228751
v 0.0134455077 0.00547423447 -0.0058005047
v 0.0135672903 0.00576549629 -0.00165804068
vn 0.740059614 -0.672057807 0.025496617
f 1927//643 1928//643 1929//643
v 0.0135672903 0.00576549629 -0.00165804068
v 0.0134455077 0.00547423447 -0.0058005047
v 0.0138568524 0.00570442667 -0.00578975724
vn 0.486868083 -0.87220943 0.0470129624
f 1930//644 1931//644 1932//644
v 0.0135672903 0.00576549629 -0.00165804068
v 0.0138568524 0.00570442667 -0.00578975724
v 0.0139827868 0.00592043484 -0.0016457669
vn 0.348149866 -0.936658442 0.038243793
f 1933//645 1934//645 1935//645
v 0.0139827868 0.00592043484 -0.0016457669
v 0.0138568524 0.00570442667 -0.00578975724
v 0.0141697982 0.00587954838 -0.00578158069
vn 0.487491786 -0.872588754 0.0306695737
f 1936//646 1937//646 1938//646
v 0.0139827868 0.00592043484 -0.0016457669
v 0.0141697982 0.00587954838 -0.00578158069
v 0.0140206292 0.00593454484 -0.00164464908
vn 0.348610163 -0.936933637 0.0250257924
f 1939//647 1940//647 1941//647
v 0.0140206292 0.00593454484 -0.00164464908
v 0.0141697982 0.00587954838 -0.00578158069
v 0.0143324304 0.00597056141 -0.00577733107
vn 0.487564683 -0.872599065 0.0291809458
f 1942//648 1943//648 1944//648
v 0.0140206292 0.00593454484 -0.00164464908
v 0.0143324304 0.00597056141 -0.00577733107
v 0.0144426497 0.00609191647 -0.00163218251
vn 0.348869383 -0.936995506 0.0181554649
f 1945//649 1946//649 1947//649
v 0.0144426497 0.00609191647 -0.00163218251
v 0.0143324304 0.00597056141 -0.00577733107
v 0.0144414268 0.00598445581 -0.00577361416
vn 0.125548378 -0.991754651 0.0256966967
f 1948//650 1949//650 1950//650
v 0.0144426497 0.00609191647 -0.00163218251
v 0.0144414268 0.00598445581 -0.00577361416
v 0.0146318357 0.00600872701 -0.00576712191
vn 0.125541836 -0.991755486 0.0256967191
f 1951//651 1952//651 1953//651
v 0.160361618 0.00603430066 -0.00305557321
v 0.0148324547 0.00603430066 -0.00576028088
v 0.160379723 0.00576120848 -0.00402987702
vn -0.0050143823 -0.962902427 0.269803226
f 1954//652 1955//652 1956//652
v 0.160379723 0.00576120848 -0.00402987702
v 0.0148324547 0.00603430066 -0.00576028088
v 0.0148505624 0.00576120848 -0.00673458446
vn -0.0050143823 -0.962902427 0.269803226
f 1957//653 1958//653 1959//653
v 0.160379723 0.00576120848 -0.00402987702
v 0.0148505624 0.00576120848 -0.00673458446
v 0.160379872 0.00575267663 -0.00403833855
vn -0.0131927198 -0.704233527 0.709845841
f 1960//654 1961//654 1962//654
v 0.160379872 0.00575267663 -0.00403833855
v 0.0148505624 0.00576120848 -0.00673458446
v 0.0148507198 0.00575267663 -0.00674304599
vn -0.0131927198 -0.704233527 0.709845841
f 1963//655 1964//655 1965//655
v 0.160379872 0.00575267663 -0.00403833855
v 0.0148507198 0.00575267663 -0.00674304599
v 0.160393193 0.00502990605 -0.0047551305
vn -0.0131928697 -0.704225361 0.709853888
f 1966//656 1967//656 1968//656
v 0.160393193 0.00502990605 -0.0047551305
v 0.0148507198 0.00575267663 -0.00674304599
v 0.0148640415 0.00502990605 -0.00745983794
vn -0.0131928697 -0.704225361 0.709853888
f 1969//657 1970//657 1971//657
v 0.160393193 0.00502990605 -0.0047551305
v 0.0148640415 0.00502990605 -0.00745983794
v 0.160393223 0.00502410252 -0.00475667696
vn -0.0179555807 -0.257484108 0.966115713
f 1972//658 1973//658 1974//658
v 0.160393223 0.00502410252 -0.00475667696
v 0.0148640415 0.00502990605 -0.00745983794
v 0.0148640703 0.00502410252 -0.0074613844
vn -0.0179555807 -0.257484108 0.966115713
f 1975//659 1976//659 1977//659
v 0.160393223 0.00502410252 -0.00475667696
v 0.0148640703 0.00502410252 -0.0074613844
v 0.160398126 0.00403460534 -0.00502032973
vn -0.0179554522 -0.257509917 0.966108799
f 1978//660 1979//660 1980//660
v 0.160398126 0.00403460534 -0.00502032973
v 0.0148640703 0.00502410252 -0.0074613844
v 0.01486897 0.00403460534 -0.00772503717
vn -0.0179554522 -0.257509917 0.966108799
f 1981//661 1982//661 1983//661
v 0.160356939 0.0061065401 0.00108363118
v 0.160361618 0.00603430066 -0.00305557321
v 0.160401225 0.0060307933 -0.00305546797
vn -0.0882133842 -0.995951653 0.0172822028
f 1984//662 1985//662 1986//662
v 0.160401225 0.0060307933 -0.00305546797
v 0.160508186 0.00602132687 -0.00305518392
v 0.160356939 0.0061065401 0.00108363118
vn -0.0881992057 -0.995952904 0.0172823779
f 1987//663 1988//663 1989//663
v 0.160356939 0.0061065401 0.00108363118
v 0.160508186 0.00602132687 -0.00305518392
v 0.160642788 0.00600941246 -0.00305482605
vn -0.0882023051 -0.995952666 0.0172822587
f 1990//664 1991//664 1992//664
v 0.160356939 0.0061065401 0.00108363118
v 0.160642788 0.00600941246 -0.00305482605
v 0.161040813 0.00593329826 0.00108742737
vn -0.245594963 -0.969355285 0.00578666106
f 1993//665 1994//665 1995//665
v 0.162360951 0.00403460534 -0.0030184146
v 0.162356287 0.00410684478 0.00112078979
v 0.162341729 0.00434763683 0.0011165709
vn -0.998179376 -0.0603152476 -7.47795784e-05
f 1996//666 1997//666 1998//666
v 0.162360951 0.00403460534 -0.0030184146
v 0.162341729 0.00434763683 0.0011165709
v 0.162201598 0.00470315479 -0.0030305516
vn -0.972716391 -0.231632337 0.0130128507
f 1999//667 2000//667 2001//667
v 0.160642788 0.00600941246 -0.00305482605
v 0.160711765 0.00600330625 -0.00305464258
v 0.161040813 0.00593329826 0.00108742737
vn -0.0881484225 -0.996058822 -0.00983268023
f 2002//668 2003//668 2004//668
v 0.161040813 0.00593329826 0.00108742737
v 0.160711765 0.00600330625 -0.00305464258
v 0.161036879 0.00586146768 -0.00305183348
vn -0.399944216 -0.91639483 0.0162824299
f 2005//669 2006//669 2007//669
v 0.161040813 0.00593329826 0.00108742737
v 0.161036879 0.00586146768 -0.00305183348
v 0.161061063 0.005928169 0.00108753971
vn -0.245571792 -0.969228387 0.0170526821
f 2008//670 2009//670 2010//670
v 0.161061063 0.005928169 0.00108753971
v 0.161036879 0.00586146768 -0.00305183348
v 0.161352977 0.00572356582 -0.00304910261
vn -0.39993611 -0.916383445 0.0171029624
f 2011//671 2012//671 2013//671
v 0.161061063 0.005928169 0.00108753971
v 0.161352977 0.00572356582 -0.00304910261
v 0.161308095 0.00586558878 0.00108891097
vn -0.245614141 -0.968884885 0.0305898413
f 2014//672 2015//672 2016//672
v 0.161308095 0.00586558878 0.00108891097
v 0.161352977 0.00572356582 -0.00304910261
v 0.161722153 0.00548967905 0.00109593931
vn -0.672227323 -0.740123212 0.0181116201
f 2017//673 2018//673 2019//673
v 0.161722153 0.00548967905 0.00109593931
v 0.161352977 0.00572356582 -0.00304910261
v 0.1615659 0.00563067105 -0.00304726255
vn -0.399710208 -0.916499913 -0.0161129553
f 2020//674 2021//674 2022//674
v 0.161722153 0.00548967905 0.00109593931
v 0.1615659 0.00563067105 -0.00304726255
v 0.161740348 0.00547316531 0.00109624816
vn -0.672135174 -0.740428448 0.000153358109
f 2023//675 2024//675 2025//675
v 0.161740348 0.00547316531 0.00109624816
v 0.1615659 0.00563067105 -0.00304726255
v 0.161747769 0.00541305356 -0.00304335193
vn -0.767357528 -0.641170382 0.00793557335
f 2026//676 2027//676 2028//676
v 0.161740348 0.00547316531 0.00109624816
v 0.161747769 0.00541305356 -0.00304335193
v 0.162015557 0.00522332452 0.00110091956
vn -0.672228396 -0.740282297 0.00954524521
f 2029//677 2030//677 2031//677
v 0.162341729 0.00434763683 0.0011165709
v 0.162185952 0.0047658449 0.00110909611
v 0.162201598 0.00470315479 -0.0030305516
vn -0.937110305 -0.349028915 0.00174566766
f 2032//678 2033//678 2034//678
v 0.162201598 0.00470315479 -0.0030305516
v 0.162185952 0.0047658449 0.00110909611
v 0.162161887 0.00483044097 0.0011079415
vn -0.937101424 -0.349052757 0.00174606184
f 2035//679 2036//679 2037//679
v 0.162201598 0.00470315479 -0.0030305516
v 0.162161887 0.00483044097 0.0011079415
v 0.162145942 0.00493662804 -0.00303479028
vn -0.972733915 -0.231913492 -0.00219857204
f 2038//680 2039//680 2040//680
v 0.162145942 0.00493662804 -0.00303479028
v 0.162161887 0.00483044097 0.0011079415
v 0.162015557 0.00522332452 0.00110091956
vn -0.937057018 -0.349135548 -0.00534061063
f 2041//681 2042//681 2043//681
v 0.162145942 0.00493662804 -0.00303479028
v 0.162015557 0.00522332452 0.00110091956
v 0.162079349 0.00501631014 -0.00303622219
vn -0.76733613 -0.640925646 0.0202378668
f 2044//682 2045//682 2046//682
v 0.162079349 0.00501631014 -0.00303622219
v 0.162015557 0.00522332452 0.00110091956
v 0.161747769 0.00541305356 -0.00304335193
vn -0.767328799 -0.640934408 0.0202384181
f 2047//683 2048//683 2049//683
v 0.162360951 -0.00403460534 -0.0030184146
v 0.162360951 0.00403460534 -0.0030184146
v 0.162245706 -0.00403460534 -0.00368981529
vn -0.985583842 1.14491051e-15 0.169187665
f 2050//684 2051//684 2052//684
v 0.162245706 -0.00403460534 -0.00368981529
v 0.162360951 0.00403460534 -0.0030184146
v 0.162245706 0.00403460534 -0.00368981529
vn -0.985583842 1.14491051e-15 0.169187665
f 2053//685 2054//685 2055//685
v 0.162245706 -0.00403460534 -0.00368981529
v 0.162245706 0.00403460534 -0.00368981529
v 0.162062168 -0.00403460534 -0.00398516096
vn -0.849360287 9.22902112e-16 0.527813554
f 2056//686 2057//686 2058//686
v 0.162062168 -0.00403460534 -0.00398516096
v 0.162245706 0.00403460534 -0.00368981529
v 0.162062168 0.00403460534 -0.00398516096
vn -0.849360287 9.22902112e-16 0.527813554
f 2059//687 2060//687 2061//687
v 0.162062168 -0.00403460534 -0.00398516096
v 0.162062168 0.00403460534 -0.00398516096
v 0.161795557 -0.00403460534 -0.00441421056
vn -0.84936893 9.22914711e-16 0.527799606
f 2062//688 2063//688 2064//688
v 0.161795557 -0.00403460534 -0.00441421056
v 0.162062168 0.00403460534 -0.00398516096
v 0.161795557 0.00403460534 -0.00441421056
vn -0.84936893 9.22914711e-16 0.527799606
f 2065//689 2066//689 2067//689
v 0.161795557 -0.00403460534 -0.00441421056
v 0.161795557 0.00403460534 -0.00441421056
v 0.161358908 -0.00403460534 -0.00470345374
vn -0.552239656 5.18181829e-16 0.833685398
f 2068//690 2069//690 2070//690
v 0.161358908 -0.00403460534 -0.00470345374
v 0.161795557 0.00403460534 -0.00441421056
v 0.161358908 0.00403460534 -0.00470345374
vn -0.552239656 5.18181829e-16 0.833685398
f 2071//691 2072//691 2073//691
v 0.161358908 -0.00403460534 -0.00470345374
v 0.161358908 0.00403460534 -0.00470345374
v 0.161084533 -0.00403460534 -0.00488519715
vn -0.55223918 5.18181193e-16 0.833685756
f 2074//692 2075//692 2076//692
v 0.161084533 -0.00403460534 -0.00488519715
v 0.161358908 0.00403460534 -0.00470345374
v 0.161084533 0.00403460534 -0.00488519715
vn -0.55223918 5.18181193e-16 0.833685756
f 2077//693 2078//693 2079//693
v 0.161084533 -0.00403460534 -0.00488519715
v 0.161084533 0.00403460534 -0.00488519715
v 0.160398126 -0.00403460534 -0.00502032973
vn -0.193162024 6.61511622e-17 0.981166899
f 2080//694 2081//694 2082//694
v 0.160398126 -0.00403460534 -0.00502032973
v 0.161084533 0.00403460534 -0.00488519715
v 0.160398126 0.00403460534 -0.00502032973
vn -0.193162024 6.61511622e-17 0.981166899
f 2083//695 2084//695 2085//695
v 0.162356481 -0.00410368992 0.000940144702
v 0.162360951 -0.00403460534 -0.0030184146
v 0.162194118 -0.00477131689 0.000928306719
vn -0.971683323 0.236267582 0.00302611361
f 2086//696 2087//696 2088//696
v 0.162194118 -0.00477131689 0.000928306719
v 0.162360951 -0.00403460534 -0.0030184146
v 0.162240192 -0.00471248478 -0.00303071435
vn -0.984434068 0.175531268 -0.0088502029
f 2089//697 2090//697 2091//697
v 0.162194118 -0.00477131689 0.000928306719
v 0.162240192 -0.00471248478 -0.00303071435
v 0.162181288 -0.00482404931 0.000927371671
vn -0.971625865 0.236394644 -0.00779667078
f 2092//698 2093//698 2094//698
v 0.162181288 -0.00482404931 0.000927371671
v 0.162240192 -0.00471248478 -0.00303071435
v 0.162237942 -0.0047251354 -0.00303094392
vn -0.984423339 0.175546497 -0.00970221963
f 2095//699 2096//699 2097//699
v 0.162181288 -0.00482404931 0.000927371671
v 0.162237942 -0.0047251354 -0.00303094392
v 0.162133157 -0.00502198469 0.000923862041
vn -0.971610188 0.236452207 -0.00799687393
f 2098//700 2099//700 2100//700
v 0.162133157 -0.00502198469 0.000923862041
v 0.162237942 -0.0047251354 -0.00303094392
v 0.162055939 -0.00500403251 -0.0030358918
vn -0.837460637 0.54617399 0.0188055709
f 2101//701 2102//701 2103//701
v 0.162133157 -0.00502198469 0.000923862041
v 0.162055939 -0.00500403251 -0.0030358918
v 0.161752254 -0.0054901801 0.000915258192
vn -0.775746763 0.630787969 0.0179858394
f 2104//702 2105//702 2106//702
v 0.161752254 -0.0054901801 0.000915258192
v 0.162055939 -0.00500403251 -0.0030358918
v 0.161773831 -0.00543633476 -0.00304356101
vn -0.837474763 0.546468496 0.00286663487
f 2107//703 2108//703 2109//703
v 0.161752254 -0.0054901801 0.000915258192
v 0.161773831 -0.00543633476 -0.00304356101
v 0.16174297 -0.00550158788 0.000915048411
vn -0.775735855 0.631042778 0.00435357308
f 2110//704 2111//704 2112//704
v 0.16174297 -0.00550158788 0.000915048411
v 0.161773831 -0.00543633476 -0.00304356101
v 0.161749095 -0.00547423447 -0.00304423366
vn -0.83744663 0.546513498 0.00247904495
f 2113//705 2114//705 2115//705
v 0.16174297 -0.00550158788 0.000915048411
v 0.161749095 -0.00547423447 -0.00304423366
v 0.161617383 -0.00565594062 0.000912211952
vn -0.775728345 0.631059051 0.00315870298
f 2116//706 2117//706 2118//706
v 0.161617383 -0.00565594062 0.000912211952
v 0.161749095 -0.00547423447 -0.00304423366
v 0.161337629 -0.00570442667 -0.00304877805
vn -0.488301426 0.872350216 0.0238087233
f 2119//707 2120//707 2121//707
v 0.161617383 -0.00565594062 0.000912211952
v 0.161337629 -0.00570442667 -0.00304877805
v 0.161054432 -0.00592099177 0.000906946894
vn -0.426036417 0.904506087 0.0190175399
f 2122//708 2123//708 2124//708
v 0.161054432 -0.00592099177 0.000906946894
v 0.161337629 -0.00570442667 -0.00304877805
v 0.161037192 -0.00587250665 -0.00305209588
vn -0.488300115 0.87258172 0.0128120519
f 2125//709 2126//709 2127//709
v 0.161054432 -0.00592099177 0.000906946894
v 0.161037192 -0.00587250665 -0.00305209588
v 0.161031365 -0.00593184866 0.000906731177
vn -0.426032424 0.904615462 0.0129332747
f 2128//710 2129//710 2130//710
v 0.161031365 -0.00593184866 0.000906731177
v 0.161037192 -0.00587250665 -0.00305209588
v 0.160861924 -0.00597056141 -0.0030540321
vn -0.488306195 0.87258482 0.012361533
f 2131//711 2132//711 2133//711
v 0.161031365 -0.00593184866 0.000906731177
v 0.160861924 -0.00597056141 -0.0030540321
v 0.160750061 -0.00606429297 0.000904100481
vn -0.42602402 0.904663205 0.00938350335
f 2134//712 2135//712 2136//712
v 0.160861924 -0.00597056141 -0.0030540321
v 0.160752863 -0.00598445581 -0.00305436784
v 0.160750061 -0.00606429297 0.000904100481
vn -0.126416013 0.99177742 0.0199134722
f 2137//713 2138//713 2139//713
v 0.160750061 -0.00606429297 0.000904100481
v 0.160752863 -0.00598445581 -0.00305436784
v 0.160562351 -0.00600872701 -0.00305495504
vn -0.126409486 0.991778255 0.0199134927
f 2140//714 2141//714 2142//714
v 0.160750061 -0.00606429297 0.000904100481
v 0.160562351 -0.00600872701 -0.00305495504
v 0.160357133 -0.0061033871 0.000902971602
vn -0.0990406796 0.994908392 0.0186597276
f 2143//715 2144//715 2145//715
v 0.160357133 -0.0061033871 0.000902971602
v 0.160562351 -0.00600872701 -0.00305495504
v 0.160413504 -0.0060276906 -0.00305541372
vn -0.12641263 0.991829216 0.0171668958
f 2146//716 2147//716 2148//716
v 0.160357133 -0.0061033871 0.000902971602
v 0.160413504 -0.0060276906 -0.00305541372
v 0.160361618 -0.00603430066 -0.00305557321
vn -0.126411647 0.991829336 0.0171669126
f 2149//717 2150//717 2151//717
v 0.161001846 -0.00617485587 0.00501011079
v 0.161077783 -0.00617485028 0.00501180859
v 0.160725862 -0.00615013437 0.00358875794
vn -0.000464412064 0.999847114 0.0174804479
f 2152//718 2153//718 2154//718
v 0.014242013 -0.00615021819 0.000871138356
v 0.013817017 -0.00617485028 0.00227491837
v 0.0138929533 -0.00617485587 0.00227604341
vn -0.000185534518 0.999847054 0.0174881164
f 2155//719 2156//719 2157//719
v 0.161001846 -0.00617485587 0.00501011079
v 0.160725862 -0.00615013437 0.00358875794
v 0.0138929533 -0.00617485587 0.00227604341
vn -0.000324374705 0.999847651 0.0174532644
f 2158//720 2159//720 2160//720
v 0.0138929533 -0.00617485587 0.00227604341
v 0.160725862 -0.00615013437 0.00358875794
v 0.160467461 -0.00613198616 0.00254388014
vn -0.00032431251 0.99984777 0.0174463056
f 2161//721 2162//721 2163//721
v 0.0138929533 -0.00617485587 0.00227604341
v 0.160467461 -0.00613198616 0.00254388014
v 0.014242013 -0.00615021819 0.000871138356
vn -0.000324325869 0.999847651 0.0174536426
f 2164//722 2165//722 2166//722
v 0.160361618 -0.00603430066 -0.00305557321
v 0.0148324547 -0.00603430066 -0.00576028088
v 0.160357133 -0.0061033871 0.000902971602
vn -0.000324303983 0.99984771 0.0174494591
f 2167//723 2168//723 2169//723
v 0.160357133 -0.0061033871 0.000902971602
v 0.0148324547 -0.00603430066 -0.00576028088
v 0.0146898376 -0.00610338757 -0.00180428545
vn -0.000324305758 0.99984771 0.0174494982
f 2170//724 2171//724 2172//724
v 0.160357133 -0.0061033871 0.000902971602
v 0.0146898376 -0.00610338757 -0.00180428545
v 0.160467461 -0.00613198616 0.00254388014
vn -0.000324276771 0.99984771 0.0174479391
f 2173//725 2174//725 2175//725
v 0.160467461 -0.00613198616 0.00254388014
v 0.0146898376 -0.00610338757 -0.00180428545
v 0.0144539746 -0.00613793312 0.00017101063
vn -0.000324261084 0.99984771 0.0174474139
f 2176//726 2177//726 2178//726
v 0.160467461 -0.00613198616 0.00254388014
v 0.0144539746 -0.00613793312 0.00017101063
v 0.014242013 -0.00615021819 0.000871138356
vn -0.000324239314 0.99984777 0.0174460728
f 2179//727 2180//727 2181//727
v 0.160995364 -0.00627385546 0.00535909133
v 0.161066771 -0.00626603793 0.00536363292
v 0.161001846 -0.00617485587 0.00501011079
vn -0.121697202 0.955479562 0.26879099
f 2182//728 2183//728 2184//728
v 0.161001846 -0.00617485587 0.00501011079
v 0.161066771 -0.00626603793 0.00536363292
v 0.161077783 -0.00617485028 0.00501180859
vn -0.00567690982 0.968041837 0.250724435
f 2185//729 2186//729 2187//729
v 0.160989434 -0.00649358286 0.00567848235
v 0.161056697 -0.00649127364 0.00568519952
v 0.160992697 -0.00631456636 0.00550260022
vn -0.0948116705 0.698557556 0.709244728
f 2188//730 2189//730 2190//730
v 0.160992697 -0.00631456636 0.00550260022
v 0.161056697 -0.00649127364 0.00568519952
v 0.161063612 -0.00629220437 0.00546458969
vn 0.125758469 0.734561682 0.666786313
f 2191//731 2192//731 2193//731
v 0.160992697 -0.00631456636 0.00550260022
v 0.161063612 -0.00629220437 0.00546458969
v 0.160995364 -0.00627385546 0.00535909133
vn -0.156819761 0.950896919 0.266838074
f 2194//732 2195//732 2196//732
v 0.160995364 -0.00627385546 0.00535909133
v 0.161063612 -0.00629220437 0.00546458969
v 0.161066711 -0.00626662467 0.00536589744
vn -0.120914631 0.961823463 0.245510161
f 2197//733 2198//733 2199//733
v 0.160995364 -0.00627385546 0.00535909133
v 0.161066711 -0.00626662467 0.00536589744
v 0.161066771 -0.00626603793 0.00536363292
vn -0.120907307 0.961851656 0.245403469
f 2200//734 2201//734 2202//734
v 0.160985366 -0.00681472989 0.00589713734
v 0.160983592 -0.00717470283 0.00599245168
v 0.16104719 -0.0070484532 0.00598591752
vn -0.381429195 0.238363355 0.893137574
f 2203//735 2204//735 2205//735
v 0.16104719 -0.0070484532 0.00598591752
v 0.160983592 -0.00717470283 0.00599245168
v 0.161015257 -0.00717489095 0.00599313993
vn -0.0213303156 0.0623866953 0.997824073
f 2206//736 2207//736 2208//736
v 0.16104719 -0.0070484532 0.00598591752
v 0.161015257 -0.00717489095 0.00599313993
v 0.161046907 -0.00717508281 0.00599402888
vn -0.027624879 0.0639622137 0.997569919
f 2209//737 2210//737 2211//737
v 0.16104719 -0.0070484532 0.00598591752
v 0.161049858 -0.00682431366 0.0059017418
v 0.160985366 -0.00681472989 0.00589713734
vn -0.0145623945 0.351690322 0.936003149
f 2212//738 2213//738 2214//738
v 0.160985366 -0.00681472989 0.00589713734
v 0.161049858 -0.00682431366 0.0059017418
v 0.161049947 -0.00681769941 0.00589925749
vn -0.0145581346 0.351714641 0.935994089
f 2215//739 2216//739 2217//739
v 0.160985366 -0.00681472989 0.00589713734
v 0.161049947 -0.00681769941 0.00589925749
v 0.160986036 -0.00667976076 0.0058613997
vn -0.0199600682 0.256002963 0.966469884
f 2218//740 2219//740 2220//740
v 0.160986036 -0.00667976076 0.0058613997
v 0.161049947 -0.00681769941 0.00589925749
v 0.161052346 -0.00661612023 0.00582355447
vn 0.195470661 0.342753559 0.918864071
f 2221//741 2222//741 2223//741
v 0.160986036 -0.00667976076 0.0058613997
v 0.161052346 -0.00661612023 0.00582355447
v 0.160989434 -0.00649358286 0.00567848235
vn -0.260042369 0.679134846 0.686406493
f 2224//742 2225//742 2226//742
v 0.160989434 -0.00649358286 0.00567848235
v 0.161052346 -0.00661612023 0.00582355447
v 0.161056578 -0.00649455935 0.00568884052
vn -0.091896385 0.740714669 0.665504932
f 2227//743 2228//743 2229//743
v 0.160989434 -0.00649358286 0.00567848235
v 0.161056578 -0.00649455935 0.00568884052
v 0.161056697 -0.00649127364 0.00568519952
vn -0.0918871015 0.740765572 0.66544956
f 2230//744 2231//744 2232//744
v 0.00394133897 -0.00601715036 -0.0129115395
v 0.171510935 -0.00601715036 -0.00979720242
v 0.00446941238 -0.00601775991 -0.0129366359
vn 0.000324452238 0.999847531 -0.0174574349
f 2233//745 2234//745 2235//745
v 0.00446941238 -0.00601775991 -0.0129366359
v 0.171510935 -0.00601715036 -0.00979720242
v 0.170984149 -0.00601775991 -0.00984190404
vn 0.000324452238 0.999847531 -0.0174574349
f 2236//746 2237//746 2238//746
v -0.0130077563 0.00351738813 -0.00522515876
v -0.0428999923 0.0035174212 -0.00578071596
v -0.0130078848 0.0036163344 -0.00521821762
vn 0.0185366273 0.0699927062 -0.99737525
f 2239//747 2240//747 2241//747
v -0.0130078848 0.0036163344 -0.00521821762
v -0.0428999923 0.0035174212 -0.00578071596
v -0.0429011844 0.00385197601 -0.00571657903
vn 0.0178547874 0.188311294 -0.981947064
f 2242//748 2243//748 2244//748
v -0.0429054908 0.0042099515 -0.00548485992
v -0.0130110346 0.00406820234 -0.00504792621
v -0.0429011844 0.00385197601 -0.00571657903
vn 0.0148440534 0.543462634 -0.839302123
f 2245//749 2246//749 2247//749
v -0.0429011844 0.00385197601 -0.00571657903
v -0.0130110346 0.00406820234 -0.00504792621
v -0.0130095966 0.00386176864 -0.00512572285
vn 0.0183772314 0.352702409 -0.935555041
f 2248//750 2249//750 2250//750
v -0.0429011844 0.00385197601 -0.00571657903
v -0.0130095966 0.00386176864 -0.00512572285
v -0.0130094551 0.00384154171 -0.00513334572
vn 0.0183771607 0.352711588 -0.935551584
f 2251//751 2252//751 2253//751
v -0.0429011844 0.00385197601 -0.00571657903
v -0.0130094551 0.00384154171 -0.00513334572
v -0.0130078848 0.0036163344 -0.00521821762
vn 0.0183772258 0.3527022 -0.93555516
f 2254//752 2255//752 2256//752
v -0.0429054908 0.0042099515 -0.00548485992
v -0.0130200218 0.00441624504 -0.00456395373
v -0.0130197182 0.00441220729 -0.00458028633
vn 0.000693881128 0.970776796 -0.239983097
f 2257//753 2258//753 2259//753
v -0.0429054908 0.0042099515 -0.00548485992
v -0.0130197182 0.00441220729 -0.00458028633
v -0.0130176609 0.00438483479 -0.00469100336
vn 0.000694140559 0.970774829 -0.239991218
f 2260//754 2261//754 2262//754
v -0.0130176609 0.00438483479 -0.00469100336
v -0.0130136078 0.0041909935 -0.00490950979
v -0.0429054908 0.0042099515 -0.00548485992
vn 0.0132439435 0.748122811 -0.663428128
f 2263//755 2264//755 2265//755
v -0.0429054908 0.0042099515 -0.00548485992
v -0.0130136078 0.0041909935 -0.00490950979
v -0.0130135762 0.00418951316 -0.00491117872
vn 0.013242254 0.74820298 -0.663337708
f 2266//756 2267//756 2268//756
v -0.0429054908 0.0042099515 -0.00548485992
v -0.0130135762 0.00418951316 -0.00491117872
v -0.0130110346 0.00406820234 -0.00504792621
vn 0.0132439202 0.748123467 -0.663427413
f 2269//757 2270//757 2271//757
v -0.0429054908 0.0042099515 -0.00548485992
v -0.0429121777 0.00443881797 -0.00512509001
v -0.0130200218 0.00441624504 -0.00456395373
vn 0.0107097477 0.843785942 -0.536572993
f 2272//758 2273//758 2274//758
v -0.0130200218 0.00441624504 -0.00456395373
v -0.0429121777 0.00443881797 -0.00512509001
v -0.0429185778 0.00449999981 -0.00478073629
vn 0.00402594358 0.984585464 -0.17485787
f 2275//759 2276//759 2277//759
v -0.0130200218 0.00441624504 -0.00456395373
v -0.0429185778 0.00449999981 -0.00478073629
v -0.0130263111 0.00449999981 -0.00422517862
vn 0.00445903046 0.970781922 -0.239922032
f 2278//760 2279//760 2280//760
v -0.0455065817 0.00449999981 0.00228959788
v -0.0456147455 0.00449999981 0.00216346327
v -0.0458632633 0.00443882076 0.00243830751
vn -0.124633744 0.986429453 0.106880009
f 2281//761 2282//761 2283//761
v -0.0456831045 0.003517434 -0.00499233231
v -0.0461179875 0.00351743633 -0.00460307533
v -0.046116773 0.00385200232 -0.00459771603
vn -0.666870594 0.0143509833 -0.74503535
f 2284//762 2285//762 2286//762
v -0.0430729426 0.00443918211 0.00352498633
v -0.0430665798 0.00449999981 0.00318267359
v -0.0441409275 0.00449999981 0.00299242698
vn -0.0308631733 0.984210908 0.174288228
f 2287//763 2288//763 2289//763
v -0.043079596 0.00421241159 0.00388294365
v -0.0430729799 0.00443882076 0.0035270201
v -0.0442442223 0.00443882076 0.0033427754
vn -0.083958067 0.841482401 0.533721268
f 2290//764 2291//764 2292//764
v -0.043079596 0.00421241159 0.00388294365
v -0.0442442223 0.00443882076 0.0033427754
v -0.0430796668 0.00420996593 0.00388678792
vn -0.0839784518 0.841458797 0.533755302
f 2293//765 2294//765 2295//765
v -0.0449844003 0.00351744262 0.00376773509
v -0.044548206 0.00351744192 0.00388355483
v -0.044415351 0.00385200232 0.00390907563
vn -0.256528169 0.0281708036 0.966126144
f 2296//766 2297//766 2298//766
v -0.044415351 0.00385200232 0.00390907563
v -0.044548206 0.00351744192 0.00388355483
v -0.0444198772 0.00351744168 0.00391763216
vn -0.25655064 0.0281802136 0.966119885
f 2299//767 2300//767 2301//767
v -0.044415351 0.00385200232 0.00390907563
v -0.0444198772 0.00351744168 0.00391763216
v -0.0430839732 0.00385200232 0.00411851145
vn -0.155338481 0.0273574218 0.987482429
f 2302//768 2303//768 2304//768
v -0.0430839732 0.00385200232 0.00411851145
v -0.0444198772 0.00351744168 0.00391763216
v -0.0435285904 0.00351744029 0.0041542924
vn -0.234516218 0.406119674 0.883215129
f 2305//769 2306//769 2307//769
v -0.0430839732 0.00385200232 0.00411851145
v -0.0435285904 0.00351744029 0.0041542924
v -0.0430851653 0.00351743656 0.0041826535
vn -0.0626877025 0.188133612 0.980140805
f 2308//770 2309//770 2310//770
v -0.0449844003 0.00351744262 0.00376773509
v -0.044415351 0.00385200232 0.00390907563
v -0.0461295024 0.00351744494 0.00307168742
vn -0.46037063 0.463074595 0.757377565
f 2311//771 2312//771 2313//771
v -0.0461295024 0.00351744494 0.00307168742
v -0.044415351 0.00385200232 0.00390907563
v -0.0462557673 0.00385200232 0.00288094161
vn -0.465344369 0.29929775 0.832991898
f 2314//772 2315//772 2316//772
v -0.0461295024 0.00351744494 0.00307168742
v -0.0462557673 0.00385200232 0.00288094161
v -0.0462755486 0.00351744518 0.00290851132
vn -0.741501749 0.0985377505 0.663675785
f 2317//773 2318//773 2319//773
v -0.0477521829 0.00351744983 0.000673673814
v -0.0475150049 0.0035174489 0.00118372869
v -0.0474966653 0.00385200232 0.00117674691
vn -0.905211866 0.0584131032 0.42092678
f 2320//774 2321//774 2322//774
v -0.0474966653 0.00385200232 0.00117674691
v -0.0475150049 0.0035174489 0.00118372869
v -0.0471858829 0.00351744751 0.00189149729
vn -0.905206919 0.0584130511 0.420937479
f 2323//775 2324//775 2325//775
v -0.0474966653 0.00385200232 0.00117674691
v -0.0471858829 0.00351744751 0.00189149729
v -0.0462557673 0.00385200232 0.00288094161
vn -0.721140623 0.451921552 0.525093436
f 2326//776 2327//776 2328//776
v -0.0462557673 0.00385200232 0.00288094161
v -0.0471858829 0.00351744751 0.00189149729
v -0.0466149561 0.00351744611 0.00252932915
vn -0.741479158 0.0985324681 0.663701713
f 2329//777 2330//777 2331//777
v -0.0462557673 0.00385200232 0.00288094161
v -0.0466149561 0.00351744611 0.00252932915
v -0.0462755486 0.00351744518 0.00290851132
vn -0.741481423 0.0985384136 0.663698375
f 2332//778 2333//778 2334//778
v -0.0475593396 0.00351744518 -0.00279085618
v -0.0477361307 0.00351744774 -0.0021250234
v -0.0474201366 0.00385200232 -0.00294080703
vn -0.928977311 0.2759673 -0.246664226
f 2335//779 2336//779 2337//779
v -0.0474201366 0.00385200232 -0.00294080703
v -0.0477361307 0.00351744774 -0.0021250234
v -0.0479101129 0.00385200232 -0.00089042529
vn -0.917462766 0.331955492 -0.219243214
f 2338//780 2339//780 2340//780
v -0.0477361307 0.00351744774 -0.0021250234
v -0.0479459055 0.00351745076 -0.00133504334
v -0.0479101129 0.00385200232 -0.00089042529
vn -0.883189619 0.406170428 -0.234524384
f 2341//781 2342//781 2343//781
v -0.0479101129 0.00385200232 -0.00089042529
v -0.0479459055 0.00351745076 -0.00133504334
v -0.0479742661 0.00351744657 -0.000891617616
vn -0.980133712 0.188170657 -0.062687017
f 2344//782 2345//782 2346//782
v -0.0479101129 0.00385200232 -0.00089042529
v -0.0479742661 0.00351744657 -0.000891617616
v -0.0474966653 0.00385200232 0.00117674691
vn -0.963813305 0.184130698 0.192768633
f 2347//783 2348//783 2349//783
v -0.0474966653 0.00385200232 0.00117674691
v -0.0479742661 0.00351744657 -0.000891617616
v -0.0477971584 0.00351744913 0.000356656063
vn -0.869376421 0.478508174 0.123347223
f 2350//784 2351//784 2352//784
v -0.0474966653 0.00385200232 0.00117674691
v -0.0477971584 0.00351744913 0.000356656063
v -0.0477521829 0.00351744983 0.000673673814
vn -0.869365573 0.478531331 0.123333797
f 2353//785 2354//785 2355//785
v -0.0461179875 0.00351743633 -0.00460307533
v -0.0464979745 0.00351743819 -0.00426294608
v -0.046116773 0.00385200232 -0.00459771603
vn -0.666879117 0.014350892 -0.745027721
f 2356//786 2357//786 2358//786
v -0.046116773 0.00385200232 -0.00459771603
v -0.0464979745 0.00351743819 -0.00426294608
v -0.0468632914 0.00351744005 -0.00393594941
vn -0.666877747 0.0143480636 -0.745028973
f 2359//787 2360//787 2361//787
v -0.046116773 0.00385200232 -0.00459771603
v -0.0468632914 0.00351744005 -0.00393594941
v -0.0474201366 0.00385200232 -0.00294080703
vn -0.694225132 0.46886304 -0.546094239
f 2362//788 2363//788 2364//788
v -0.0474201366 0.00385200232 -0.00294080703
v -0.0468632914 0.00351744005 -0.00393594941
v -0.0474583954 0.00351744425 -0.00295692473
vn -0.848153055 0.121822603 -0.515553713
f 2365//789 2366//789 2367//789
v -0.0474201366 0.00385200232 -0.00294080703
v -0.0474583954 0.00351744425 -0.00295692473
v -0.0475593396 0.00351744518 -0.00279085618
vn -0.8481552 0.121822678 -0.515550196
f 2368//790 2369//790 2370//790
v -0.0456831045 0.003517434 -0.00499233231
v -0.046116773 0.00385200232 -0.00459771603
v -0.0444652848 0.00351742911 -0.00555863883
vn -0.373647958 0.463407457 -0.803517759
f 2371//791 2372//791 2373//791
v -0.0444652848 0.00351742911 -0.00555863883
v -0.046116773 0.00385200232 -0.00459771603
v -0.0442394242 0.00385200232 -0.00555675384
vn -0.434263021 0.297947615 -0.850084007
f 2374//792 2375//792 2376//792
v -0.0444652848 0.00351742911 -0.00555863883
v -0.0442394242 0.00385200232 -0.00555675384
v -0.0443820246 0.00351742865 -0.00557045033
vn -0.139752492 0.0998927131 -0.98513484
f 2377//793 2378//793 2379//793
v -0.0443820246 0.00351742865 -0.00557045033
v -0.0442394242 0.00385200232 -0.00555675384
v -0.0442514345 0.00351742795 -0.00558897899
vn -0.139775231 0.0999022424 -0.985130668
f 2380//794 2381//794 2382//794
v -0.0442514345 0.00351742795 -0.00558897899
v -0.0442394242 0.00385200232 -0.00555675384
v -0.0429011844 0.00385197601 -0.00571657903
vn -0.117997408 0.09939944 -0.9880265
f 2383//795 2384//795 2385//795
v -0.0442514345 0.00351742795 -0.00558897899
v -0.0429011844 0.00385197601 -0.00571657903
v -0.0428999923 0.0035174212 -0.00578071596
vn -0.138016894 0.186003745 -0.972807229
f 2386//796 2387//796 2388//796
v -0.0442394242 0.00385200232 -0.00555675384
v -0.0429054908 0.0042099515 -0.00548485992
v -0.0429011844 0.00385197601 -0.00571657903
vn -0.0998121724 0.539836586 -0.835831285
f 2389//797 2390//797 2391//797
v -0.0429185778 0.00449999981 -0.00478073629
v -0.0429121777 0.00443881797 -0.00512509001
v -0.0439950898 0.00449999981 -0.00460747397
vn -0.0282255318 0.984097779 -0.175370634
f 2392//798 2393//798 2394//798
v -0.0439950898 0.00449999981 -0.00460747397
v -0.0429121777 0.00443881797 -0.00512509001
v -0.0440894589 0.00443882076 -0.00498448592
vn -0.0185831431 0.987642705 -0.155616656
f 2395//799 2396//799 2397//799
v -0.0439950898 0.00449999981 -0.00460747397
v -0.0440894589 0.00443882076 -0.00498448592
v -0.0443122685 0.00449999981 -0.00455642585
vn -0.0247981958 0.987747431 -0.154077992
f 2398//800 2399//800 2400//800
v -0.0443122685 0.00449999981 -0.00455642585
v -0.0440894589 0.00443882076 -0.00498448592
v -0.0455514565 0.00449999981 -0.00385056902
vn -0.1126801 0.973740637 -0.197819144
f 2401//801 2402//801 2403//801
v -0.0455514565 0.00449999981 -0.00385056902
v -0.0440894589 0.00443882076 -0.00498448592
v -0.0457409881 0.00443882076 -0.00414080266
vn -0.079503566 0.984610856 -0.155630022
f 2404//802 2405//802 2406//802
v -0.0455514565 0.00449999981 -0.00385056902
v -0.0457409881 0.00443882076 -0.00414080266
v -0.0464283191 0.00449999981 -0.00281285588
vn -0.138384685 0.983451068 -0.116934322
f 2407//803 2408//803 2409//803
v -0.0464283191 0.00449999981 -0.00281285588
v -0.0457409881 0.00443882076 -0.00414080266
v -0.0468875878 0.00443882076 -0.0026831904
vn -0.167315155 0.977078915 -0.131614834
f 2410//804 2411//804 2412//804
v -0.0464283191 0.00449999981 -0.00281285588
v -0.0468875878 0.00443882076 -0.0026831904
v -0.046537105 0.00449999981 -0.00251827831
vn -0.146881074 0.987665772 -0.0542431809
f 2413//805 2414//805 2415//805
v -0.046537105 0.00449999981 -0.00251827831
v -0.0468875878 0.00443882076 -0.0026831904
v -0.0469136238 0.00449999981 -0.00149869057
vn -0.146881878 0.987665713 -0.0542414598
f 2416//806 2417//806 2418//806
v -0.0469136238 0.00449999981 -0.00149869057
v -0.0468875878 0.00443882076 -0.0026831904
v -0.0473186225 0.00443882076 -0.000879432249
vn -0.23121205 0.971333206 -0.055251684
f 2419//807 2420//807 2421//807
v -0.0469136238 0.00449999981 -0.00149869057
v -0.0473186225 0.00443882076 -0.000879432249
v -0.0469157621 0.00449999981 -0.000872833363
vn -0.150132373 0.98866576 -0.000512889586
f 2422//808 2423//808 2424//808
v -0.0469157621 0.00449999981 -0.000872833363
v -0.0473186225 0.00443882076 -0.000879432249
v -0.0469183028 0.00449999981 -0.000125842635
vn -0.150132403 0.98866576 -0.00051076361
f 2425//809 2426//809 2427//809
v -0.0469183028 0.00449999981 -0.000125842635
v -0.0473186225 0.00443882076 -0.000879432249
v -0.0469549075 0.00443882076 0.000939096615
vn -0.237795189 0.970150232 0.0475601703
f 2428//810 2429//810 2430//810
v -0.0469183028 0.00449999981 -0.000125842635
v -0.0469549075 0.00443882076 0.000939096615
v -0.0465866439 0.00449999981 0.000781419163
vn -0.141993091 0.988505721 0.0519075356
f 2431//811 2432//811 2433//811
v -0.0458632633 0.00443882076 0.00243830751
v -0.0456147455 0.00449999981 0.00216346327
v -0.0469549075 0.00443882076 0.000939096615
vn -0.134465069 0.986069322 0.0979102999
f 2434//812 2435//812 2436//812
v -0.0469549075 0.00443882076 0.000939096615
v -0.0456147455 0.00449999981 0.00216346327
v -0.0464281514 0.00449999981 0.00121498492
vn -0.203155771 0.963521481 0.174224108
f 2437//813 2438//813 2439//813
v -0.0469549075 0.00443882076 0.000939096615
v -0.0464281514 0.00449999981 0.00121498492
v -0.0465866439 0.00449999981 0.000781419163
vn -0.141993657 0.988505721 0.0519062132
f 2440//814 2441//814 2442//814
v -0.0455065817 0.00449999981 0.00228959788
v -0.0458632633 0.00443882076 0.00243830751
v -0.0442917347 0.00449999981 0.00296572223
vn -0.0961271524 0.980269194 0.172719195
f 2443//815 2444//815 2445//815
v -0.0442917347 0.00449999981 0.00296572223
v -0.0458632633 0.00443882076 0.00243830751
v -0.0442442223 0.00443882076 0.0033427754
vn -0.0956147835 0.980593622 0.171154872
f 2446//816 2447//816 2448//816
v -0.0442917347 0.00449999981 0.00296572223
v -0.0442442223 0.00443882076 0.0033427754
v -0.0441409275 0.00449999981 0.00299242698
vn -0.0289791171 0.986092627 0.163650751
f 2449//817 2450//817 2451//817
v -0.0441409275 0.00449999981 0.00299242698
v -0.0442442223 0.00443882076 0.0033427754
v -0.0430729799 0.00443882076 0.0035270201
vn -0.0258851461 0.986028731 0.164551809
f 2452//818 2453//818 2454//818
v -0.0441409275 0.00449999981 0.00299242698
v -0.0430729799 0.00443882076 0.0035270201
v -0.0430729426 0.00443918211 0.00352498633
vn -0.0308724605 0.984207392 0.174306452
f 2455//819 2456//819 2457//819
v -0.0430839732 0.00385200232 0.00411851145
v -0.0430839024 0.00385793322 0.00411467208
v -0.044415351 0.00385200232 0.00390907563
vn -0.1308074 0.539844573 0.831539094
f 2458//820 2459//820 2460//820
v -0.044415351 0.00385200232 0.00390907563
v -0.0430839024 0.00385793322 0.00411467208
v -0.0443483181 0.00420996593 0.00368722063
vn -0.13080658 0.539853334 0.831533551
f 2461//821 2462//821 2463//821
v -0.044415351 0.00385200232 0.00390907563
v -0.0443483181 0.00420996593 0.00368722063
v -0.0462557673 0.00385200232 0.00288094161
vn -0.412194252 0.534483731 0.737850249
f 2464//822 2465//822 2466//822
v -0.0462557673 0.00385200232 0.00288094161
v -0.0443483181 0.00420996593 0.00368722063
v -0.0461019874 0.00420996593 0.00270753494
vn -0.412192345 0.534503579 0.737836957
f 2467//823 2468//823 2469//823
v -0.0462557673 0.00385200232 0.00288094161
v -0.0461019874 0.00420996593 0.00270753494
v -0.0474966653 0.00385200232 0.00117674691
vn -0.683230042 0.534510255 0.497489125
f 2470//824 2471//824 2472//824
v -0.0474966653 0.00385200232 0.00117674691
v -0.0461019874 0.00420996593 0.00270753494
v -0.0472844355 0.00420996593 0.00108364469
vn -0.683241725 0.534478605 0.497507155
f 2473//825 2474//825 2475//825
v -0.0474966653 0.00385200232 0.00117674691
v -0.0472844355 0.00420996593 0.00108364469
v -0.0479101129 0.00385200232 -0.00089042529
vn -0.828769803 0.534475923 0.165759102
f 2476//826 2477//826 2478//826
v -0.0479101129 0.00385200232 -0.00089042529
v -0.0472844355 0.00420996593 0.00108364469
v -0.0476783924 0.00420996593 -0.000886118738
vn -0.828765273 0.53448391 0.165756211
f 2479//827 2480//827 2481//827
v -0.0479101129 0.00385200232 -0.00089042529
v -0.0476783924 0.00420996593 -0.000886118738
v -0.0474201366 0.00385200232 -0.00294080703
vn -0.822033465 0.534483671 -0.196438774
f 2482//828 2483//828 2484//828
v -0.0474201366 0.00385200232 -0.00294080703
v -0.0476783924 0.00420996593 -0.000886118738
v -0.0472115129 0.00420996593 -0.00283988309
vn -0.822038829 0.534475744 -0.196438059
f 2485//829 2486//829 2487//829
v -0.0474201366 0.00385200232 -0.00294080703
v -0.0472115129 0.00420996593 -0.00283988309
v -0.046116773 0.00385200232 -0.00459771603
vn -0.664287984 0.53447932 -0.52254498
f 2488//830 2489//830 2490//830
v -0.046116773 0.00385200232 -0.00459771603
v -0.0472115129 0.00420996593 -0.00283988309
v -0.0459695421 0.00420996593 -0.0044187149
vn -0.66426748 0.53451103 -0.522538662
f 2491//831 2492//831 2493//831
v -0.046116773 0.00385200232 -0.00459771603
v -0.0459695421 0.00420996593 -0.0044187149
v -0.0442394242 0.00385200232 -0.00555675384
vn -0.384487122 0.534503102 -0.752646029
f 2494//832 2495//832 2496//832
v -0.0442394242 0.00385200232 -0.00555675384
v -0.0459695421 0.00420996593 -0.0044187149
v -0.0441806838 0.00420996593 -0.00533256168
vn -0.384497136 0.534483254 -0.752655029
f 2497//833 2498//833 2499//833
v -0.0442394242 0.00385200232 -0.00555675384
v -0.0441806838 0.00420996593 -0.00533256168
v -0.0429054908 0.0042099515 -0.00548485992
vn -0.0998172611 0.539853275 -0.83581996
f 2500//834 2501//834 2502//834
v -0.0430839024 0.00385793322 0.00411467208
v -0.0430796668 0.00420996593 0.00388678792
v -0.0443483181 0.00420996593 0.00368722063
vn -0.130805328 0.539855957 0.831532001
f 2503//835 2504//835 2505//835
v -0.0443483181 0.00420996593 0.00368722063
v -0.0430796668 0.00420996593 0.00388678792
v -0.0442442223 0.00443882076 0.0033427754
vn -0.0839577466 0.841482639 0.53372097
f 2506//836 2507//836 2508//836
v -0.0443483181 0.00420996593 0.00368722063
v -0.0442442223 0.00443882076 0.0033427754
v -0.0461019874 0.00420996593 0.00270753494
vn -0.266119391 0.838009417 0.476361871
f 2509//837 2510//837 2511//837
v -0.0461019874 0.00420996593 0.00270753494
v -0.0442442223 0.00443882076 0.0033427754
v -0.0458632633 0.00443882076 0.00243830751
vn -0.266121417 0.83800441 0.47636959
f 2512//838 2513//838 2514//838
v -0.0461019874 0.00420996593 0.00270753494
v -0.0458632633 0.00443882076 0.00243830751
v -0.0472844355 0.00420996593 0.00108364469
vn -0.441114932 0.838002145 0.321200877
f 2515//839 2516//839 2517//839
v -0.0472844355 0.00420996593 0.00108364469
v -0.0458632633 0.00443882076 0.00243830751
v -0.0469549075 0.00443882076 0.000939096615
vn -0.441105783 0.838011265 0.321189731
f 2518//840 2519//840 2520//840
v -0.0472844355 0.00420996593 0.00108364469
v -0.0469549075 0.00443882076 0.000939096615
v -0.0476783924 0.00420996593 -0.000886118738
vn -0.535055757 0.838011622 0.107013188
f 2521//841 2522//841 2523//841
v -0.0476783924 0.00420996593 -0.000886118738
v -0.0469549075 0.00443882076 0.000939096615
v -0.0473186225 0.00443882076 -0.000879432249
vn -0.535057604 0.838010371 0.107014067
f 2524//842 2525//842 2526//842
v -0.0476783924 0.00420996593 -0.000886118738
v -0.0473186225 0.00443882076 -0.000879432249
v -0.0472115129 0.00420996593 -0.00283988309
vn -0.53071171 0.83801043 -0.126821235
f 2527//843 2528//843 2529//843
v -0.0472115129 0.00420996593 -0.00283988309
v -0.0473186225 0.00443882076 -0.000879432249
v -0.0468875878 0.00443882076 -0.0026831904
vn -0.530709684 0.838011682 -0.12682128
f 2530//844 2531//844 2532//844
v -0.0472115129 0.00420996593 -0.00283988309
v -0.0468875878 0.00443882076 -0.0026831904
v -0.0459695421 0.00420996593 -0.0044187149
vn -0.428864658 0.838010848 -0.337361634
f 2533//845 2534//845 2535//845
v -0.0459695421 0.00420996593 -0.0044187149
v -0.0468875878 0.00443882076 -0.0026831904
v -0.0457409881 0.00443882076 -0.00414080266
vn -0.42887786 0.838001788 -0.337367415
f 2536//846 2537//846 2538//846
v -0.0459695421 0.00420996593 -0.0044187149
v -0.0457409881 0.00443882076 -0.00414080266
v -0.0441806838 0.00420996593 -0.00533256168
vn -0.248238415 0.838004649 -0.48592791
f 2539//847 2540//847 2541//847
v -0.0441806838 0.00420996593 -0.00533256168
v -0.0457409881 0.00443882076 -0.00414080266
v -0.0440894589 0.00443882076 -0.00498448592
vn -0.248233125 0.838009655 -0.485921949
f 2542//848 2543//848 2544//848
v -0.0441806838 0.00420996593 -0.00533256168
v -0.0440894589 0.00443882076 -0.00498448592
v -0.0429054908 0.0042099515 -0.00548485992
vn -0.0640623793 0.841482282 -0.536473334
f 2545//849 2546//849 2547//849
v -0.0429054908 0.0042099515 -0.00548485992
v -0.0440894589 0.00443882076 -0.00498448592
v -0.0429121777 0.00443881797 -0.00512509001
vn -0.0640716702 0.841470897 -0.536490083
f 2548//850 2549//850 2550//850
v -0.0111402087 0.00449621072 0.0038630229
v -0.0112349121 0.00449999981 0.00377427577
v -0.0111405523 0.00449442351 0.00388150685
vn -0.049445007 0.994228244 0.0952123031
f 2551//851 2552//851 2553//851
v -0.0111405523 0.00449442351 0.00388150685
v -0.0112349121 0.00449999981 0.00377427577
v -0.0430665798 0.00449999981 0.00318267359
vn -0.000981183024 0.998604953 0.0527934134
f 2554//852 2555//852 2556//852
v -0.0111405523 0.00449442351 0.00388150685
v -0.0430665798 0.00449999981 0.00318267359
v -0.0111447871 0.00441224221 0.00410856493
vn -0.00728254532 0.940323234 0.340204567
f 2557//853 2558//853 2559//853
v -0.0111447871 0.00441224221 0.00410856493
v -0.0430665798 0.00449999981 0.00318267359
v -0.0430729426 0.00443918211 0.00352498633
vn -0.00236575468 0.98458612 0.174884528
f 2560//854 2561//854 2562//854
v -0.0111447871 0.00441224221 0.00410856493
v -0.0430729426 0.00443918211 0.00352498633
v -0.0111464225 0.0043805493 0.00419612881
vn -0.00542543363 0.940323234 0.340239286
f 2563//855 2564//855 2565//855
v -0.0111464225 0.0043805493 0.00419612881
v -0.0430729426 0.00443918211 0.00352498633
v -0.0430729799 0.00443882076 0.0035270201
vn -0.00186873204 0.984582305 0.17491211
f 2566//856 2567//856 2568//856
v -0.0111464225 0.0043805493 0.00419612881
v -0.0430729799 0.00443882076 0.0035270201
v -0.0111489417 0.00433161994 0.00433131447
vn -0.00541444961 0.940322459 0.3402417
f 2569//857 2570//857 2571//857
v -0.0111489417 0.00433161994 0.00433131447
v -0.0430729799 0.00443882076 0.0035270201
v -0.043079596 0.00421241159 0.00388294365
vn -0.0106845135 0.843797326 0.536555588
f 2572//858 2573//858 2574//858
v -0.0430839024 0.00385793322 0.00411467208
v -0.0111549413 0.00398126291 0.00465248944
v -0.0430796668 0.00420996593 0.00388678792
vn -0.0162359849 0.543482482 0.839263499
f 2575//859 2576//859 2577//859
v -0.0430796668 0.00420996593 0.00388678792
v -0.0111549413 0.00398126291 0.00465248944
v -0.0111519592 0.00415538903 0.00449286681
vn -0.0128345583 0.675804734 0.736968935
f 2578//860 2579//860 2580//860
v -0.0430796668 0.00420996593 0.00388678792
v -0.0111519592 0.00415538903 0.00449286681
v -0.043079596 0.00421241159 0.00388294365
vn -0.00874436554 0.843774438 0.536626697
f 2581//861 2582//861 2583//861
v -0.043079596 0.00421241159 0.00388294365
v -0.0111519592 0.00415538903 0.00449286681
v -0.0111512812 0.00419479329 0.00445674499
vn -0.0128715746 0.675803185 0.736969709
f 2584//862 2585//862 2586//862
v -0.043079596 0.00421241159 0.00388294365
v -0.0111512812 0.00419479329 0.00445674499
v -0.0111489417 0.00433161994 0.00433131447
vn -0.0128715215 0.675806284 0.736966908
f 2587//863 2588//863 2589//863
v -0.0430851653 0.00351743656 0.0041826535
v -0.0111572668 0.00351743563 0.00477604382
v -0.0430839732 0.00385200232 0.00411851145
vn -0.0182496402 0.188319862 0.981938183
f 2590//864 2591//864 2592//864
v -0.0430839732 0.00385200232 0.00411851145
v -0.0111572668 0.00351743563 0.00477604382
v -0.0111556314 0.0038433522 0.00468922593
vn -0.0171998627 0.257447094 0.966139317
f 2593//865 2594//865 2595//865
v -0.0430839732 0.00385200232 0.00411851145
v -0.0111556314 0.0038433522 0.00468922593
v -0.0430839024 0.00385793322 0.00411467208
vn -0.0148550728 0.543471098 0.839296401
f 2596//866 2597//866 2598//866
v -0.0430839024 0.00385793322 0.00411467208
v -0.0111556314 0.0038433522 0.00468922593
v -0.0111555848 0.00385273248 0.00468672765
vn -0.0172684453 0.257405818 0.966149092
f 2599//867 2600//867 2601//867
v -0.0430839024 0.00385793322 0.00411467208
v -0.0111555848 0.00385273248 0.00468672765
v -0.0111549413 0.00398126291 0.00465248944
vn -0.0172682367 0.257448345 0.966137767
f 2602//868 2603//868 2604//868
v -0.0451422073 0.00150000001 -0.000838982873
v -0.0450562239 0.00449999981 -0.000195261397
v -0.0449184515 0.00150000001 0.000157391973
vn 0.97552222 0.0190479755 -0.219074264
f 2605//869 2606//869 2607//869
v -0.0449184515 0.00150000001 0.000157391973
v -0.0450562239 0.00449999981 -0.000195261397
v -0.0448208749 0.00449999981 0.000210243874
vn 0.864725292 -0.0192838386 -0.501874745
f 2608//870 2609//870 2610//870
v -0.0449184515 0.00150000001 0.000157391973
v -0.0448208749 0.00449999981 0.000210243874
v -0.0448585339 0.00150000001 0.000227879718
vn 0.761871576 -0.0133713707 -0.647590041
f 2611//871 2612//871 2613//871
v -0.0448585339 0.00150000001 0.000227879718
v -0.0448208749 0.00449999981 0.000210243874
v -0.0445408411 0.00449999981 0.000692735775
vn 0.864804208 -0.0138072325 -0.501919329
f 2614//872 2615//872 2616//872
v -0.0448585339 0.00150000001 0.000227879718
v -0.0445408411 0.00449999981 0.000692735775
v -0.0442462489 0.00150000001 0.000948203029
vn 0.761786044 0.0196648408 -0.647530198
f 2617//873 2618//873 2619//873
v -0.0442462489 0.00150000001 0.000948203029
v -0.0445408411 0.00449999981 0.000692735775
v -0.0440743119 0.00449999981 0.00100068445
vn 0.550810277 -0.0169704985 -0.834457934
f 2620//874 2621//874 2622//874
v -0.0442462489 0.00150000001 0.000948203029
v -0.0440743119 0.00449999981 0.00100068445
v -0.0440896451 0.00150000001 0.00101264718
vn 0.380544811 -0.00563267432 -0.924745321
f 2623//875 2624//875 2625//875
v -0.0440896451 0.00150000001 0.00101264718
v -0.0440743119 0.00449999981 0.00100068445
v -0.0437556431 0.00449999981 0.00121102168
vn 0.550862432 -0.006143698 -0.834573448
f 2626//876 2627//876 2628//876
v -0.0440896451 0.00150000001 0.00101264718
v -0.0437556431 0.00449999981 0.00121102168
v -0.0433325879 0.00150000001 0.00132420217
vn 0.380500466 0.0187757108 -0.924590111
f 2629//877 2630//877 2631//877
v -0.0433325879 0.00150000001 0.00132420217
v -0.0437556431 0.00449999981 0.00121102168
v -0.0430263355 0.00449999981 0.00129958882
vn 0.120529279 -0.0204470214 -0.992499173
f 2632//878 2633//878 2634//878
v -0.0433325879 0.00150000001 0.00132420217
v -0.0430263355 0.00449999981 0.00129958882
v -0.043036826 0.00150000001 0.00129939395
vn -0.0835850909 0.000356981094 -0.996500552
f 2635//879 2636//879 2637//879
v -0.043036826 0.00150000001 0.00129939395
v -0.0430263355 0.00449999981 0.00129958882
v -0.0427316837 0.00449999981 0.00133537024
vn 0.120550081 -0.000356963254 -0.992707193
f 2638//880 2639//880 2640//880
v -0.043036826 0.00150000001 0.00129939395
v -0.0427316837 0.00449999981 0.00133537024
v -0.042304717 0.00150000001 0.00123798766
vn -0.0835648701 0.0204473212 -0.996292531
f 2641//881 2642//881 2643//881
v -0.042304717 0.00150000001 0.00123798766
v -0.0427316837 0.00449999981 0.00133537024
v -0.0419635735 0.00449999981 0.00105216098
vn -0.345881939 -0.0187757108 -0.938090146
f 2644//882 2645//882 2646//882
v -0.042304717 0.00150000001 0.00123798766
v -0.0419635735 0.00449999981 0.00105216098
v -0.0419784673 0.00150000001 0.00103963644
vn -0.519488871 0.00614639977 -0.854455113
f 2647//883 2648//883 2649//883
v -0.0419784673 0.00150000001 0.00103963644
v -0.0419635735 0.00449999981 0.00105216098
v -0.0415008143 0.00150000001 0.000749235682
vn -0.519488215 0.00614639837 -0.854455471
f 2650//884 2651//884 2652//884
v -0.0415008143 0.00150000001 0.000749235682
v -0.0419635735 0.00449999981 0.00105216098
v -0.0418046974 0.00449999981 0.000993580092
vn -0.345660239 0.0413400382 -0.93744868
f 2653//885 2654//885 2655//885
v -0.0415008143 0.00150000001 0.000749235682
v -0.0418046974 0.00449999981 0.000993580092
v -0.0412030332 0.00150000001 0.000277482613
vn -0.844873846 -0.0421443433 -0.533302963
f 2656//886 2657//886 2658//886
v -0.0412030332 0.00150000001 0.000277482613
v -0.0418046974 0.00449999981 0.000993580092
v -0.0411660708 0.00449999981 0.00029650543
vn -0.737275839 0.0133676119 -0.675459623
f 2659//887 2660//887 2661//887
v -0.0412030332 0.00150000001 0.000277482613
v -0.0411660708 0.00449999981 0.00029650543
v -0.0409527794 0.00150000001 -0.00011899753
vn -0.845556259 0.0138029838 -0.533707857
f 2662//888 2663//888 2664//888
v -0.0409527794 0.00150000001 -0.00011899753
v -0.0411660708 0.00449999981 0.00029650543
v -0.0411035754 0.00449999981 0.000228292658
vn -0.736725271 0.0411015414 -0.674941897
f 2665//889 2666//889 2667//889
v -0.0409527794 0.00150000001 -0.00011899753
v -0.0411035754 0.00449999981 0.000228292658
v -0.0408429503 0.00150000001 -0.000759079761
vn -0.98515439 -0.0299511086 -0.169037819
f 2668//890 2669//890 2670//890
v -0.0411035754 0.00449999981 0.000228292658
v -0.0408429503 0.00449999981 -0.000759079761
v -0.0408429503 0.00150000001 -0.000759079761
vn -0.966883659 1.19349113e-15 -0.255217552
f 2671//891 2672//891 2673//891
v -0.0408429503 0.00150000001 -0.000759079761
v -0.0408429503 0.00449999981 -0.000759079761
v -0.0409289189 0.00449999981 -0.00140280102
vn -0.991199791 1.15773998e-15 0.132374272
f 2674//892 2675//892 2676//892
v -0.0408429503 0.00150000001 -0.000759079761
v -0.0409289189 0.00449999981 -0.00140280102
v -0.0410667099 0.00150000001 -0.00175545458
vn -0.975522161 0.0190527979 0.219074234
f 2677//893 2678//893 2679//893
v -0.0410667099 0.00150000001 -0.00175545458
v -0.0409289189 0.00449999981 -0.00140280102
v -0.0411642678 0.00449999981 -0.0018083062
vn -0.864725411 -0.0192795917 0.501874804
f 2680//894 2681//894 2682//894
v -0.0410667099 0.00150000001 -0.00175545458
v -0.0411642678 0.00449999981 -0.0018083062
v -0.0411266237 0.00150000001 -0.00182594231
vn -0.761871636 -0.0133676473 0.647590101
f 2683//895 2684//895 2685//895
v -0.0411266237 0.00150000001 -0.00182594231
v -0.0411642678 0.00449999981 -0.0018083062
v -0.0414443165 0.00449999981 -0.00229079835
vn -0.864792824 -0.0138029568 0.501939118
f 2686//896 2687//896 2688//896
v -0.0411266237 0.00150000001 -0.00182594231
v -0.0414443165 0.00449999981 -0.00229079835
v -0.0417389087 0.00150000001 -0.00254626572
vn -0.761786044 0.0196648408 0.647530198
f 2689//897 2690//897 2691//897
v -0.0417389087 0.00150000001 -0.00254626572
v -0.0414443165 0.00449999981 -0.00229079835
v -0.0419108458 0.00449999981 -0.00259874715
vn -0.550810277 -0.0169704985 0.834457934
f 2692//898 2693//898 2694//898
v -0.0417389087 0.00150000001 -0.00254626572
v -0.0419108458 0.00449999981 -0.00259874715
v -0.0418954976 0.00150000001 -0.00261070952
vn -0.380574375 -0.00563458167 0.924733162
f 2695//899 2696//899 2697//899
v -0.0418954976 0.00150000001 -0.00261070952
v -0.0419108458 0.00449999981 -0.00259874715
v -0.0422294997 0.00449999981 -0.00280908402
vn -0.550879836 -0.00614639977 0.834561944
f 2698//900 2699//900 2700//900
v -0.0418954976 0.00150000001 -0.00261070952
v -0.0422294997 0.00449999981 -0.00280908402
v -0.0426525548 0.00150000001 -0.00292226463
vn -0.380500466 0.0187757108 0.924590111
f 2701//901 2702//901 2703//901
v -0.0426525548 0.00150000001 -0.00292226463
v -0.0422294997 0.00449999981 -0.00280908402
v -0.0429588221 0.00449999981 -0.00289765163
vn -0.120527223 -0.0204473212 0.992499411
f 2704//902 2705//902 2706//902
v -0.0426525548 0.00150000001 -0.00292226463
v -0.0429588221 0.00449999981 -0.00289765163
v -0.0429483317 0.00150000001 -0.00289745652
vn 0.0835799873 0.000356963254 0.996501029
f 2707//903 2708//903 2709//903
v -0.0429483317 0.00150000001 -0.00289745652
v -0.0429588221 0.00449999981 -0.00289765163
v -0.043253459 0.00449999981 -0.00293343258
vn -0.12055517 -0.000356981094 0.992706537
f 2710//904 2711//904 2712//904
v -0.0429483317 0.00150000001 -0.00289745652
v -0.043253459 0.00449999981 -0.00293343258
v -0.0436804295 0.00150000001 -0.00283605
vn 0.0835669264 0.0204470214 0.996292353
f 2713//905 2714//905 2715//905
v -0.0436804295 0.00150000001 -0.00283605
v -0.043253459 0.00449999981 -0.00293343258
v -0.0440215692 0.00449999981 -0.00265022344
vn 0.345881939 -0.0187757108 0.938090146
f 2716//906 2717//906 2718//906
v -0.0436804295 0.00150000001 -0.00283605
v -0.0440215692 0.00449999981 -0.00265022344
v -0.0440066904 0.00150000001 -0.00263769901
vn 0.519471049 0.006143698 0.854465961
f 2719//907 2720//907 2721//907
v -0.0440066904 0.00150000001 -0.00263769901
v -0.0440215692 0.00449999981 -0.00265022344
v -0.0444843434 0.00150000001 -0.00234729843
vn 0.519488215 0.00614373945 0.854455531
f 2722//908 2723//908 2724//908
v -0.0444843434 0.00150000001 -0.00234729843
v -0.0440215692 0.00449999981 -0.00265022344
v -0.0441804603 0.00449999981 -0.00259164278
vn 0.345630199 0.0413439646 0.937459588
f 2725//909 2726//909 2727//909
v -0.0444843434 0.00150000001 -0.00234729843
v -0.0441804603 0.00449999981 -0.00259164278
v -0.0447821096 0.00150000001 -0.00187554501
vn 0.844885945 -0.0421471447 0.533283591
f 2728//910 2729//910 2730//910
v -0.0447821096 0.00150000001 -0.00187554501
v -0.0441804603 0.00449999981 -0.00259164278
v -0.0448190905 0.00449999981 -0.00189456809
vn 0.737275779 0.0133713353 0.675459564
f 2731//911 2732//911 2733//911
v -0.0447821096 0.00150000001 -0.00187554501
v -0.0448190905 0.00449999981 -0.00189456809
v -0.0450323634 0.00150000001 -0.00147906481
vn 0.8455562 0.0138072316 0.533707857
f 2734//912 2735//912 2736//912
v -0.0450323634 0.00150000001 -0.00147906481
v -0.0448190905 0.00449999981 -0.00189456809
v -0.0448815823 0.00449999981 -0.00182635535
vn 0.736725152 0.0411052555 0.674941778
f 2737//913 2738//913 2739//913
v -0.0450323634 0.00150000001 -0.00147906481
v -0.0448815823 0.00449999981 -0.00182635535
v -0.0451422073 0.00150000001 -0.000838982873
vn 0.985150754 -0.0299434271 0.1690602
f 2740//914 2741//914 2742//914
v -0.0451422073 0.00150000001 -0.000838982873
v -0.0448815823 0.00449999981 -0.00182635535
v -0.0451422073 0.00449999981 -0.000838982873
vn 0.966883659 -1.19349113e-15 0.255217552
f 2743//915 2744//915 2745//915
v -0.0451422073 0.00150000001 -0.000838982873
v -0.0451422073 0.00449999981 -0.000838982873
v -0.0450562239 0.00449999981 -0.000195261397
vn 0.991196811 -1.15773268e-15 -0.132396758
f 2746//916 2747//916 2748//916
v 0.0037152085 -0.00601695245 -0.0128977131
v 0.00394133897 -0.00601715036 -0.0129115395
v 0.00390102295 -0.0061128228 -0.0132630989
vn -0.0151099423 0.965235829 -0.260943562
f 2749//917 2750//917 2751//917
v 0.00260939263 -0.00699195219 -0.013558696
v 0.0014895238 -0.00687423255 -0.012993237
v 0.00158504571 -0.00659642136 -0.0129794078
vn -0.42642498 0.190637127 -0.884205401
f 2752//918 2753//918 2754//918
v 0.00260939263 -0.00699195219 -0.013558696
v 0.00263005728 -0.00667292252 -0.0135382852
v 0.00282379007 -0.00701448927 -0.0136669492
vn -0.441865504 0.0857521147 -0.892973363
f 2755//919 2756//919 2757//919
v 0.00282379007 -0.00701448927 -0.0136669492
v 0.00263005728 -0.00667292252 -0.0135382852
v 0.00292745931 -0.00701514771 -0.0136897406
vn -0.206994459 0.239876732 -0.948478997
f 2758//920 2759//920 2760//920
v 0.0037152085 -0.00601695245 -0.0128977131
v 0.00390102295 -0.0061128228 -0.0132630989
v 0.00296857464 -0.0059805424 -0.0127488766
vn -0.00380644272 0.966775358 -0.255599171
f 2761//921 2762//921 2763//921
v 0.00189784286 -0.00606701709 -0.0127675757
v 0.00207651523 -0.00593704125 -0.0125710536
v 0.00223891926 -0.00594496122 -0.0126034273
vn -0.0602626428 0.8568995 -0.511948824
f 2764//922 2765//922 2766//922
v 0.00189784286 -0.00606701709 -0.0127675757
v 0.00223891926 -0.00594496122 -0.0126034273
v 0.00283211679 -0.00611323165 -0.0131005552
vn -0.11068517 0.893791437 -0.434609801
f 2767//923 2768//923 2769//923
v 0.00260939263 -0.00699195219 -0.013558696
v 0.00158504571 -0.00659642136 -0.0129794078
v 0.00263005728 -0.00667292252 -0.0135382852
vn -0.464900643 0.0864863768 -0.88112855
f 2770//924 2771//924 2772//924
v 0.00263005728 -0.00667292252 -0.0135382852
v 0.00158504571 -0.00659642136 -0.0129794078
v 0.0015874313 -0.00658949371 -0.0129790632
vn -0.450872898 0.198512778 -0.870233476
f 2773//925 2774//925 2775//925
v 0.00263005728 -0.00667292252 -0.0135382852
v 0.0015874313 -0.00658949371 -0.0129790632
v 0.00164742884 -0.00641500577 -0.0129703768
vn -0.45089671 0.198362455 -0.870255411
f 2776//926 2777//926 2778//926
v 0.00384734548 -0.00647082459 -0.0137265073
v 0.00383908674 -0.00666438742 -0.0137949632
v 0.00263005728 -0.00667292252 -0.0135382852
vn -0.197980314 0.334320247 -0.92143029
f 2779//927 2780//927 2781//927
v 0.00263005728 -0.00667292252 -0.0135382852
v 0.00383908674 -0.00666438742 -0.0137949632
v 0.00383886113 -0.00666973507 -0.0137968538
vn -0.197984517 0.334257483 -0.921452165
f 2782//928 2783//928 2784//928
v 0.00263005728 -0.00667292252 -0.0135382852
v 0.00383886113 -0.00666973507 -0.0137968538
v 0.00292745931 -0.00701514771 -0.0136897406
vn -0.203521594 0.242888182 -0.948464155
f 2785//929 2786//929 2787//929
v 0.00292745931 -0.00701514771 -0.0136897406
v 0.00383886113 -0.00666973507 -0.0137968538
v 0.00382858817 -0.00691059418 -0.0138820354
vn -0.23358047 0.333036035 -0.913524568
f 2788//930 2789//930 2790//930
v 0.00292745931 -0.00701514771 -0.0136897406
v 0.00382858817 -0.00691059418 -0.0138820354
v 0.00382769387 -0.00702086464 -0.0138876401
vn -0.214110538 0.051315248 -0.975460649
f 2791//931 2792//931 2793//931
v 0.00164742884 -0.00641500577 -0.0129703768
v 0.0017185593 -0.00631616032 -0.0129127726
v 0.00263005728 -0.00667292252 -0.0135382852
vn -0.263999432 0.620379686 -0.738534629
f 2794//932 2795//932 2796//932
v 0.00263005728 -0.00667292252 -0.0135382852
v 0.0017185593 -0.00631616032 -0.0129127726
v 0.00271327514 -0.00634725811 -0.0133700417
vn -0.349040896 0.498978317 -0.793215692
f 2797//933 2798//933 2799//933
v 0.00263005728 -0.00667292252 -0.0135382852
v 0.00271327514 -0.00634725811 -0.0133700417
v 0.00384734548 -0.00647082459 -0.0137265073
vn -0.212147832 0.490781367 -0.845060349
f 2800//934 2801//934 2802//934
v 0.0017185593 -0.00631616032 -0.0129127726
v 0.00172119483 -0.00631249277 -0.0129106352
v 0.00271327514 -0.00634725811 -0.0133700417
vn -0.306544363 0.634029329 -0.709955871
f 2803//935 2804//935 2805//935
v 0.00271327514 -0.00634725811 -0.0133700417
v 0.00172119483 -0.00631249277 -0.0129106352
v 0.00189249089 -0.00607444812 -0.0127719054
vn -0.30647555 0.634213328 -0.709821224
f 2806//936 2807//936 2808//936
v 0.00271327514 -0.00634725811 -0.0133700417
v 0.00189249089 -0.00607444812 -0.0127719054
v 0.00283211679 -0.00611323165 -0.0131005552
vn -0.177470088 0.780454397 -0.599495888
f 2809//937 2810//937 2811//937
v 0.00283211679 -0.00611323165 -0.0131005552
v 0.00189249089 -0.00607444812 -0.0127719054
v 0.00189373898 -0.0060727126 -0.012770894
vn -0.238665089 0.611364722 -0.754501283
f 2812//938 2813//938 2814//938
v 0.00283211679 -0.00611323165 -0.0131005552
v 0.00189373898 -0.0060727126 -0.012770894
v 0.00189784286 -0.00606701709 -0.0127675757
vn -0.238619179 0.61152029 -0.754389703
f 2815//939 2816//939 2817//939
v 0.00388760725 -0.00614464842 -0.013380046
v 0.00386371464 -0.00633820333 -0.0135856383
v 0.00271327514 -0.00634725811 -0.0133700417
vn -0.131556809 0.729356885 -0.671365261
f 2818//940 2819//940 2820//940
v 0.00271327514 -0.00634725811 -0.0133700417
v 0.00386371464 -0.00633820333 -0.0135856383
v 0.00384734548 -0.00647082459 -0.0137265073
vn -0.131557032 0.729355752 -0.671366453
f 2821//941 2822//941 2823//941
v 0.00223891926 -0.00594496122 -0.0126034273
v 0.00296857464 -0.0059805424 -0.0127488766
v 0.00283211679 -0.00611323165 -0.0131005552
vn -0.0230336823 0.938289881 -0.345081866
f 2824//942 2825//942 2826//942
v 0.00283211679 -0.00611323165 -0.0131005552
v 0.00296857464 -0.0059805424 -0.0127488766
v 0.00390102295 -0.0061128228 -0.0132630989
vn -0.0513104089 0.940799713 -0.335056931
f 2827//943 2828//943 2829//943
v 0.00283211679 -0.00611323165 -0.0131005552
v 0.00390102295 -0.0061128228 -0.0132630989
v 0.00271327514 -0.00634725811 -0.0133700417
vn -0.0958288684 0.772095442 -0.628239989
f 2830//944 2831//944 2832//944
v 0.00271327514 -0.00634725811 -0.0133700417
v 0.00390102295 -0.0061128228 -0.0132630989
v 0.00390051631 -0.0061140242 -0.0132675124
vn -0.166993737 0.95603168 -0.241073638
f 2833//945 2834//945 2835//945
v 0.00271327514 -0.00634725811 -0.0133700417
v 0.00390051631 -0.0061140242 -0.0132675124
v 0.00388760725 -0.00614464842 -0.013380046
vn -0.167001531 0.95604527 -0.241014257
f 2836//946 2837//946 2838//946
v 0.00446941238 -0.00601775991 -0.0129366359
v 0.170984149 -0.00601775991 -0.00984190404
v 0.0044760271 -0.00611870969 -0.0132925333
vn 0.00506993895 0.962059557 -0.272792488
f 2839//947 2840//947 2841//947
v 0.0044760271 -0.00611870969 -0.0132925333
v 0.170984149 -0.00601775991 -0.00984190404
v 0.170990765 -0.00611871015 -0.0101978024
vn 0.00506994966 0.962059379 -0.272792995
f 2842//948 2843//948 2844//948
v 0.0044760271 -0.00611870969 -0.0132925333
v 0.170990765 -0.00611871015 -0.0101978024
v 0.00447856588 -0.00615745829 -0.0134291407
vn 0.00506996829 0.962059081 -0.272794008
f 2845//949 2846//949 2847//949
v 0.00447856588 -0.00615745829 -0.0134291407
v 0.170990765 -0.00611871015 -0.0101978024
v 0.170993313 -0.00615745829 -0.0103344088
vn 0.00506994268 0.962059498 -0.272792697
f 2848//950 2849//950 2850//950
v 0.00447856588 -0.00615745829 -0.0134291407
v 0.170993313 -0.00615745829 -0.0103344088
v 0.00448190002 -0.00634005619 -0.0136085479
vn 0.0132536925 0.700910032 -0.71312654
f 2851//951 2852//951 2853//951
v 0.00448190002 -0.00634005619 -0.0136085479
v 0.170993313 -0.00615745829 -0.0103344088
v 0.170996636 -0.00634005712 -0.010513817
vn 0.0132536916 0.700910091 -0.713126481
f 2854//952 2855//952 2856//952
v 0.00448190002 -0.00634005619 -0.0136085479
v 0.170996636 -0.00634005712 -0.010513817
v 0.00448523462 -0.00652265456 -0.013787955
vn 0.0132537428 0.70090729 -0.713129222
f 2857//953 2858//953 2859//953
v 0.00448523462 -0.00652265456 -0.013787955
v 0.170996636 -0.00634005712 -0.010513817
v 0.170999974 -0.00652265456 -0.0106932232
vn 0.0132537438 0.70090729 -0.713129282
f 2860//954 2861//954 2862//954
v 0.00448523462 -0.00652265456 -0.013787955
v 0.170999974 -0.00652265456 -0.0106932232
v 0.00448591029 -0.00665994082 -0.0138243064
vn 0.0179628711 0.256007195 -0.966507971
f 2863//955 2864//955 2865//955
v 0.00448591029 -0.00665994082 -0.0138243064
v 0.170999974 -0.00652265456 -0.0106932232
v 0.171000659 -0.00665994221 -0.0107295755
vn 0.0179628488 0.25601089 -0.966507018
f 2866//956 2867//956 2868//956
v 0.00448591029 -0.00665994082 -0.0138243064
v 0.171000659 -0.00665994221 -0.0107295755
v 0.00448767049 -0.00701760734 -0.0139190136
vn 0.0179628525 0.256010056 -0.966507196
f 2869//957 2870//957 2871//957
v 0.00448767049 -0.00701760734 -0.0139190136
v 0.171000659 -0.00665994221 -0.0107295755
v 0.171002418 -0.0070176078 -0.0108242817
vn 0.0179628655 0.256008327 -0.966507673
f 2872//958 2873//958 2874//958
v 0.17152749 -0.00602515275 -0.00990607869
v 0.171510935 -0.00601715036 -0.00979720242
v 0.172487348 -0.00600836286 -0.00964871608
vn 0.00212272885 0.997331083 -0.0729809999
f 2875//959 2876//959 2877//959
v 0.171660766 -0.0070208665 -0.010768407
v 0.17164655 -0.00666058995 -0.010680276
v 0.172563463 -0.00701898336 -0.0105398456
vn 0.237830043 0.239645004 -0.941279531
f 2878//960 2879//960 2880//960
v 0.172563463 -0.00701898336 -0.0105398456
v 0.17164655 -0.00666058995 -0.010680276
v 0.172840416 -0.00666838838 -0.0103750844
vn 0.241334885 0.250021666 -0.937681556
f 2881//961 2882//961 2883//961
v 0.172563463 -0.00701898336 -0.0105398456
v 0.172840416 -0.00666838838 -0.0103750844
v 0.172603026 -0.00701890094 -0.0105298292
vn 0.236922204 0.253586382 -0.937849581
f 2884//962 2885//962 2886//962
v 0.172603026 -0.00701890094 -0.0105298292
v 0.172840416 -0.00666838838 -0.0103750844
v 0.172860786 -0.0069931061 -0.0103917988
vn 0.464942068 0.0745872259 -0.882193625
f 2887//963 2888//963 2889//963
v 0.173726931 -0.00630852021 -0.0097120665
v 0.173729509 -0.00631315541 -0.00971352495
v 0.172751859 -0.00634718919 -0.0102110095
vn 0.388346672 0.46593219 -0.795043409
f 2890//964 2891//964 2892//964
v 0.172751859 -0.00634718919 -0.0102110095
v 0.173729509 -0.00631315541 -0.00971352495
v 0.172840416 -0.00666838838 -0.0103750844
vn 0.378381222 0.501687527 -0.777905703
f 2893//965 2894//965 2895//965
v 0.172751859 -0.00634718919 -0.0102110095
v 0.172840416 -0.00666838838 -0.0103750844
v 0.17164205 -0.00654669665 -0.0106524155
vn 0.243351206 0.493599653 -0.834948838
f 2896//966 2897//966 2898//966
v 0.17164205 -0.00654669665 -0.0106524155
v 0.172840416 -0.00666838838 -0.0103750844
v 0.17164655 -0.00666058995 -0.010680276
vn 0.241924882 0.239560917 -0.940256834
f 2899//967 2900//967 2901//967
v 0.17164205 -0.00654669665 -0.0106524155
v 0.171613231 -0.00633607386 -0.0104658585
v 0.172751859 -0.00634718919 -0.0102110095
vn 0.169046238 0.66636306 -0.726211846
f 2902//968 2903//968 2904//968
v 0.172751859 -0.00634718919 -0.0102110095
v 0.171613231 -0.00633607386 -0.0104658585
v 0.171593383 -0.00619107811 -0.0103374301
vn 0.169045284 0.666368127 -0.726207376
f 2905//969 2906//969 2907//969
v 0.172751859 -0.00634718919 -0.0102110095
v 0.171593383 -0.00619107811 -0.0103374301
v 0.172625065 -0.00611550361 -0.00994950812
vn 0.170821831 0.777139604 -0.605701208
f 2908//970 2909//970 2910//970
v 0.172625065 -0.00611550361 -0.00994950812
v 0.171593383 -0.00619107811 -0.0103374301
v 0.171564385 -0.00611804659 -0.0101475716
vn 0.0630954728 0.934662819 -0.349891901
f 2911//971 2912//971 2913//971
v 0.172625065 -0.00611550361 -0.00994950812
v 0.171564385 -0.00611804659 -0.0101475716
v 0.17152749 -0.00602515275 -0.00990607869
vn 0.0630955771 0.93466264 -0.349892437
f 2914//972 2915//972 2916//972
v 0.173361823 -0.00593704171 -0.00938765984
v 0.173550248 -0.00609657587 -0.00956848357
v 0.173237652 -0.00594716845 -0.00942472648
vn 0.11091204 0.799744904 -0.590005577
f 2917//973 2918//973 2919//973
v 0.173237652 -0.00594716845 -0.00942472648
v 0.173550248 -0.00609657587 -0.00956848357
v 0.172487348 -0.00600836286 -0.00964871608
vn 0.110909216 0.799742579 -0.590009272
f 2920//974 2921//974 2922//974
v 0.173729509 -0.00631315541 -0.00971352495
v 0.173878372 -0.00658033276 -0.00979761593
v 0.172840416 -0.00666838838 -0.0103750844
vn 0.398382515 0.469892591 -0.787713349
f 2923//975 2924//975 2925//975
v 0.172840416 -0.00666838838 -0.0103750844
v 0.173878372 -0.00658033276 -0.00979761593
v 0.173883781 -0.00659012841 -0.00980063714
vn 0.400130063 0.464487106 -0.790030181
f 2926//976 2927//976 2928//976
v 0.172840416 -0.00666838838 -0.0103750844
v 0.173883781 -0.00659012841 -0.00980063714
v 0.172860786 -0.0069931061 -0.0103917988
vn 0.476623893 0.074996531 -0.875902474
f 2929//977 2930//977 2931//977
v 0.172860786 -0.0069931061 -0.0103917988
v 0.173883781 -0.00659012841 -0.00980063714
v 0.173902869 -0.00688882452 -0.00983377825
vn 0.458353996 0.12689437 -0.879664361
f 2932//978 2933//978 2934//978
v 0.173902869 -0.00688882452 -0.00983377825
v 0.173883781 -0.00659012841 -0.00980063714
v 0.173964083 -0.00687423395 -0.00978774019
vn 0.576752126 0.126407489 -0.807079971
f 2935//979 2936//979 2937//979
v 0.17152749 -0.00602515275 -0.00990607869
v 0.172487348 -0.00600836286 -0.00964871608
v 0.172625065 -0.00611550361 -0.00994950812
vn 0.0659491718 0.949135482 -0.307884037
f 2938//980 2939//980 2940//980
v 0.172625065 -0.00611550361 -0.00994950812
v 0.172487348 -0.00600836286 -0.00964871608
v 0.173550248 -0.00609657587 -0.00956848357
vn 0.100996971 0.950924695 -0.292475402
f 2941//981 2942//981 2943//981
v 0.172625065 -0.00611550361 -0.00994950812
v 0.173550248 -0.00609657587 -0.00956848357
v 0.172751859 -0.00634718919 -0.0102110095
vn 0.224172115 0.780847132 -0.583116293
f 2944//982 2945//982 2946//982
v 0.172751859 -0.00634718919 -0.0102110095
v 0.173550248 -0.00609657587 -0.00956848357
v 0.173661157 -0.00619047461 -0.00967491325
vn 0.177154809 0.822255075 -0.5408445
f 2947//983 2948//983 2949//983
v 0.172751859 -0.00634718919 -0.0102110095
v 0.173661157 -0.00619047461 -0.00967491325
v 0.173726931 -0.00630852021 -0.0097120665
vn 0.38820231 0.466463238 -0.794802487
f 2950//984 2951//984 2952//984
v 0.161001846 -0.00617485587 0.00501011079
v 0.0138929533 -0.00617485587 0.00227604341
v 0.160995364 -0.00627385546 0.00535909133
vn -0.00507050054 0.962050974 0.272822708
f 2953//985 2954//985 2955//985
v 0.160995364 -0.00627385546 0.00535909133
v 0.0138929533 -0.00617485587 0.00227604341
v 0.0138864256 -0.00627449388 0.00262727379
vn -0.00507050566 0.962050915 0.272822946
f 2956//986 2957//986 2958//986
v 0.160995364 -0.00627385546 0.00535909133
v 0.0138864256 -0.00627449388 0.00262727379
v 0.160992697 -0.00631456636 0.00550260022
vn -0.00507049914 0.962050974 0.272822589
f 2959//987 2960//987 2961//987
v 0.160992697 -0.00631456636 0.00550260022
v 0.0138864256 -0.00627449388 0.00262727379
v 0.0138838002 -0.00631456636 0.00276853261
vn -0.0050704875 0.962051153 0.272822022
f 2962//988 2963//988 2964//988
v 0.160992697 -0.00631456636 0.00550260022
v 0.0138838002 -0.00631456636 0.00276853261
v 0.160989434 -0.00649358286 0.00567848235
vn -0.0132539524 0.700895846 0.713140488
f 2965//989 2966//989 2967//989
v 0.160989434 -0.00649358286 0.00567848235
v 0.0138838002 -0.00631456636 0.00276853261
v 0.013880467 -0.00649708509 0.00294785528
vn -0.0132539636 0.700895309 0.713141024
f 2968//990 2969//990 2970//990
v 0.160989434 -0.00649358286 0.00567848235
v 0.013880467 -0.00649708509 0.00294785528
v 0.160986036 -0.00667976076 0.0058613997
vn -0.0132539673 0.700895071 0.713141203
f 2971//991 2972//991 2973//991
v 0.160986036 -0.00667976076 0.0058613997
v 0.013880467 -0.00649708509 0.00294785528
v 0.013877132 -0.00667976076 0.00312733231
vn -0.0132539561 0.700895607 0.713140726
f 2974//992 2975//992 2976//992
v 0.160986036 -0.00667976076 0.0058613997
v 0.013877132 -0.00667976076 0.00312733231
v 0.160985366 -0.00681472989 0.00589713734
vn -0.0179628897 0.256003469 0.966508925
f 2977//993 2978//993 2979//993
v 0.160985366 -0.00681472989 0.00589713734
v 0.013877132 -0.00667976076 0.00312733231
v 0.0138764344 -0.0068215183 0.00316486717
vn -0.0179628916 0.256002963 0.966509104
f 2980//994 2981//994 2982//994
v 0.160985366 -0.00681472989 0.00589713734
v 0.0138764344 -0.0068215183 0.00316486717
v 0.160983592 -0.00717470283 0.00599245168
vn -0.0179628953 0.256002188 0.966509283
f 2983//995 2984//995 2985//995
v 0.160983592 -0.00717470283 0.00599245168
v 0.0138764344 -0.0068215183 0.00316486717
v 0.0138746956 -0.00717470283 0.00325838383
vn -0.0179628935 0.256002396 0.966509223
f 2986//996 2987//996 2988//996
v -0.0430851653 0.00351743656 0.0041826535
v -0.0430841856 0.000482547592 0.00412999233
v -0.0111572668 0.00351743563 0.00477604382
vn -0.0185793247 -0.017352229 0.999676824
f 2989//997 2990//997 2991//997
v -0.0111572668 0.00351743563 0.00477604382
v -0.0430841856 0.000482547592 0.00412999233
v -0.011215548 0.000482547592 0.00472228182
vn -0.0185793247 -0.0173522346 0.999676824
f 2992//998 2993//998 2994//998
v -0.0111572668 0.00351743563 0.00477604382
v -0.011215548 0.000482547592 0.00472228182
v -0.0111328606 0.000481534837 0.00472380081
vn -0.0185778867 -0.0173522625 0.999676824
f 2995//999 2996//999 2997//999
v -0.0111969681 -0.000500000024 0.00372260693
v -0.0386719555 -0.000500000024 0.00321197463
v -0.0376930796 -0.000500000024 0.00178396772
vn -1.1903102e-15 -1 -1.66915108e-16
f 2998//1000 2999//1000 3000//1000
v -0.0130074834 -0.000500000024 -0.00417245133
v -0.0119898561 -0.000500000024 -0.0042005633
v -0.0373204798 -0.000500000024 -0.00240644393
vn -1.1903102e-15 -1 -1.66915108e-16
f 3001//1001 3002//1001 3003//1001
v -0.0373204798 -0.000500000024 -0.00240644393
v -0.0375773758 -0.000500000024 -0.00300869672
v -0.0130074834 -0.000500000024 -0.00417245133
vn -1.1903102e-15 -1 -1.66915108e-16
f 3004//1002 3005//1002 3006//1002
v -0.0130074834 -0.000500000024 -0.00417245133
v -0.0375773758 -0.000500000024 -0.00300869672
v -0.0379065648 -0.000500000024 -0.00378037803
vn -1.1903102e-15 -1 -1.66915108e-16
f 3007//1003 3008//1003 3009//1003
v -0.0130074834 -0.000500000024 -0.00417245133
v -0.0379065648 -0.000500000024 -0.00378037803
v -0.038525898 -0.000500000024 -0.00464672269
vn -1.1903102e-15 -1 -1.66915108e-16
f 3010//1004 3011//1004 3012//1004
v -0.0376930796 -0.000500000024 0.00178396772
v -0.0376389772 -0.000500000024 0.00162414752
v -0.0111969681 -0.000500000024 0.00372260693
vn -1.1903102e-15 -1 -1.66915108e-16
f 3013//1005 3014//1005 3015//1005
v -0.0111969681 -0.000500000024 0.00372260693
v -0.0376389772 -0.000500000024 0.00162414752
v -0.0372140482 -0.000500000024 0.000369148271
vn -1.1903102e-15 -1 -1.66915108e-16
f 3016//1006 3017//1006 3018//1006
v -0.0111969681 -0.000500000024 0.00372260693
v -0.0372140482 -0.000500000024 0.000369148271
v -0.0115117608 -0.000500000024 0.00251352298
vn -1.1903102e-15 -1 -1.66915108e-16
f 3019//1007 3020//1007 3021//1007
v -0.0370981693 -0.000500000024 -0.000689481734
v -0.0373204798 -0.000500000024 -0.00240644393
v -0.0116332304 -0.000500000024 -0.00197453541
vn -1.1903102e-15 -1 -1.66915108e-16
f 3022//1008 3023//1008 3024//1008
v -0.0116332304 -0.000500000024 -0.00197453541
v -0.0373204798 -0.000500000024 -0.00240644393
v -0.0119898561 -0.000500000024 -0.0042005633
vn -1.1903102e-15 -1 -1.66915108e-16
f 3025//1009 3026//1009 3027//1009
v -0.0116332304 -0.000500000024 -0.00197453541
v -0.0119898561 -0.000500000024 -0.0042005633
v -0.0109901112 -0.000500000024 -0.00428368943
vn -1.1903102e-15 -1 -1.66915108e-16
f 3028//1010 3029//1010 3030//1010
v -0.0109901112 -0.000500000024 -0.00428368943
v -0.0119898561 -0.000500000024 -0.0042005633
v -0.0109792044 -0.000500000024 -0.00432283664
vn -1.1903102e-15 -1 -1.66915108e-16
f 3031//1011 3032//1011 3033//1011
v -0.0116332304 -0.000500000024 -0.00197453541
v -0.0117319385 -0.000500000024 -0.000920022605
v -0.0370981693 -0.000500000024 -0.000689481734
vn -1.1903102e-15 -1 -1.66915108e-16
f 3034//1012 3035//1012 3036//1012
v -0.0370981693 -0.000500000024 -0.000689481734
v -0.0117319385 -0.000500000024 -0.000920022605
v -0.0117975352 -0.000500000024 -0.000219261099
vn -1.1903102e-15 -1 -1.66915108e-16
f 3037//1013 3038//1013 3039//1013
v -0.0370981693 -0.000500000024 -0.000689481734
v -0.0117975352 -0.000500000024 -0.000219261099
v -0.0372140482 -0.000500000024 0.000369148271
vn -1.1903102e-15 -1 -1.66915108e-16
f 3040//1014 3041//1014 3042//1014
v -0.0372140482 -0.000500000024 0.000369148271
v -0.0117975352 -0.000500000024 -0.000219261099
v -0.0115908924 -0.000500000024 0.00220957841
vn -1.1903102e-15 -1 -1.66915108e-16
f 3043//1015 3044//1015 3045//1015
v -0.0372140482 -0.000500000024 0.000369148271
v -0.0115908924 -0.000500000024 0.00220957841
v -0.0115117608 -0.000500000024 0.00251352298
vn -1.1903102e-15 -1 -1.66915108e-16
f 3046//1016 3047//1016 3048//1016
v -0.00819263887 -0.00163270708 0.00566578843
v -0.00741781341 -0.00246509514 0.00640418986
v -0.00850939285 -0.000974280352 0.0054912311
vn -0.78893131 -0.228289679 0.570500851
f 3049//1017 3050//1017 3051//1017
v -0.00822915882 -0.00171859923 0.00559189497
v -0.00828015618 -0.00180642575 0.00552999275
v -0.00827733334 -0.00180858292 0.00553285563
vn -0.731223404 -0.0546468161 0.679945648
f 3052//1018 3053//1018 3054//1018
v -0.00914731622 -0.00112997822 0.00480591692
v -0.00888078194 -0.0013649849 0.00494447676
v -0.00913978089 -0.00105979957 0.00489804754
vn -0.709332585 -0.531556487 0.46292007
f 3055//1019 3056//1019 3057//1019
v -0.00913978089 -0.00105979957 0.00489804754
v -0.00888078194 -0.0013649849 0.00494447676
v -0.00880545191 -0.00140519533 0.00499747321
vn -0.66173023 -0.473098874 0.581627488
f 3058//1020 3059//1020 3060//1020
v -0.0100905569 -0.000719194009 0.00409333874
v -0.00933053065 -0.00112490298 0.00462805433
v -0.00914731622 -0.00112997822 0.00480591692
vn -0.656964362 -0.352030456 0.666687667
f 3061//1021 3062//1021 3063//1021
v -0.00914731622 -0.00112997822 0.00480591692
v -0.00933053065 -0.00112490298 0.00462805433
v -0.00917378813 -0.00120857311 0.00473832991
vn -0.65696317 -0.352035135 0.666686296
f 3064//1022 3065//1022 3066//1022
v -0.00914731622 -0.00112997822 0.00480591692
v -0.00917378813 -0.00120857311 0.00473832991
v -0.00888078194 -0.0013649849 0.00494447676
vn -0.656969309 -0.352030158 0.666682899
f 3067//1023 3068//1023 3069//1023
v -0.0101192053 -0.000713223184 0.00408347603
v -0.0101338839 -0.000661914994 0.00422333367
v -0.0103755184 -0.000659798156 0.00399522623
vn -0.293069392 -0.907131493 0.30203113
f 3070//1024 3071//1024 3072//1024
v -0.0103755184 -0.000659798156 0.00399522623
v -0.0101338839 -0.000661914994 0.00422333367
v -0.0111411028 -0.000490437844 0.00386579754
vn -0.24985902 -0.933824956 0.256010532
f 3073//1025 3074//1025 3075//1025
v -0.0103755184 -0.000659798156 0.00399522623
v -0.0111411028 -0.000490437844 0.00386579754
v -0.0111389356 -0.000500674534 0.00373237906
vn -0.226855725 -0.971348345 0.0708438233
f 3076//1026 3077//1026 3078//1026
v -0.0101355007 -0.000489495986 0.00451119803
v -0.0111430697 -0.000403092388 0.00409190683
v -0.0101408903 -0.000587904826 0.00437178509
vn -0.2986193 -0.774214745 0.558048427
f 3079//1027 3080//1027 3081//1027
v -0.0101408903 -0.000587904826 0.00437178509
v -0.0111430697 -0.000403092388 0.00409190683
v -0.0111430064 -0.000405641913 0.00408530701
vn -0.262630254 -0.900912344 0.345517427
f 3082//1028 3083//1028 3084//1028
v -0.0101408903 -0.000587904826 0.00437178509
v -0.0111430064 -0.000405641913 0.00408530701
v -0.0101338839 -0.000661914994 0.00422333367
vn -0.276904076 -0.865106344 0.418228567
f 3085//1029 3086//1029 3087//1029
v -0.0101338839 -0.000661914994 0.00422333367
v -0.0111430064 -0.000405641913 0.00408530701
v -0.0111414623 -0.000474448607 0.00390718831
vn -0.27506277 -0.897636116 0.344368815
f 3088//1030 3089//1030 3090//1030
v -0.0101338839 -0.000661914994 0.00422333367
v -0.0111414623 -0.000474448607 0.00390718831
v -0.0111411028 -0.000490437844 0.00386579754
vn -0.275062621 -0.897636414 0.3443681
f 3091//1031 3092//1031 3093//1031
v -0.0111436183 -0.000192338281 0.00440690853
v -0.0111447331 -0.000329026341 0.004283641
v -0.0101355007 -0.000489495986 0.00451119803
vn -0.264243841 -0.644716501 0.717297554
f 3094//1032 3095//1032 3096//1032
v -0.0101355007 -0.000489495986 0.00451119803
v -0.0111447331 -0.000329026341 0.004283641
v -0.0111430697 -0.000403092388 0.00409190683
vn -0.223485038 -0.909876049 0.349542618
f 3097//1033 3098//1033 3099//1033
v -0.011139933 0.000124676764 0.00463163061
v -0.0106016938 9.48642046e-05 0.0047067157
v -0.0111391591 0.000163754594 0.00464172382
vn -0.147243991 -0.244624808 0.958372533
f 3100//1034 3101//1034 3102//1034
v -0.0111391591 0.000163754594 0.00464172382
v -0.0106016938 9.48642046e-05 0.0047067157
v -0.0106094154 0.000412996422 0.00476011401
vn -0.139453694 -0.167208284 0.97600925
f 3103//1035 3104//1035 3105//1035
v -0.0111391591 0.000163754594 0.00464172382
v -0.0106094154 0.000412996422 0.00476011401
v -0.0111328606 0.000481534837 0.00472380081
vn -0.0992123187 -0.246997535 0.963923812
f 3106//1036 3107//1036 3108//1036
v -0.0089678159 -0.000580850581 0.00528026093
v -0.00963799749 -5.6793142e-06 0.0049718339
v -0.0100454325 -8.74712496e-05 0.0048124711
vn -0.374086618 0.0603655912 0.92542702
f 3109//1037 3110//1037 3111//1037
v -0.0100454325 -8.74712496e-05 0.0048124711
v -0.00963799749 -5.6793142e-06 0.0049718339
v -0.00997348595 0.000138914096 0.00489871437
vn -0.308348924 -0.251504064 0.917423904
f 3112//1038 3113//1038 3114//1038
v -0.0100454325 -8.74712496e-05 0.0048124711
v -0.00997348595 0.000138914096 0.00489871437
v -0.0106016938 9.48642046e-05 0.0047067157
vn -0.264227241 -0.268878251 0.926222682
f 3115//1039 3116//1039 3117//1039
v -0.0106016938 9.48642046e-05 0.0047067157
v -0.00997348595 0.000138914096 0.00489871437
v -0.0105946753 0.000406644685 0.00476332661
vn -0.27761218 -0.165576562 0.946317017
f 3118//1040 3119//1040 3120//1040
v -0.0106016938 9.48642046e-05 0.0047067157
v -0.0105946753 0.000406644685 0.00476332661
v -0.0106094154 0.000412996422 0.00476011401
vn -0.277589649 -0.165578216 0.946323335
f 3121//1041 3122//1041 3123//1041
v -0.00819263887 -0.00163270708 0.00566578843
v -0.00850939285 -0.000974280352 0.0054912311
v -0.00902002957 -0.000712992274 0.00518753985
vn -0.519980431 -0.0237850212 0.853846967
f 3124//1042 3125//1042 3126//1042
v -0.00902002957 -0.000712992274 0.00518753985
v -0.00850939285 -0.000974280352 0.0054912311
v -0.00884146988 -0.000689281558 0.00533840526
vn -0.594630599 -0.290941656 0.74951148
f 3127//1043 3128//1043 3129//1043
v -0.00902002957 -0.000712992274 0.00518753985
v -0.00884146988 -0.000689281558 0.00533840526
v -0.0089678159 -0.000580850581 0.00528026093
vn -0.594625831 -0.290958941 0.74950856
f 3130//1044 3131//1044 3132//1044
v -0.0089678159 -0.000580850581 0.00528026093
v -0.0100454325 -8.74712496e-05 0.0048124711
v -0.00902002957 -0.000712992274 0.00518753985
vn -0.503999412 -0.353737146 0.787943304
f 3133//1045 3134//1045 3135//1045
v -0.00902002957 -0.000712992274 0.00518753985
v -0.0100454325 -8.74712496e-05 0.0048124711
v -0.00909706764 -0.000896328944 0.00506211026
vn -0.497983962 -0.337308735 0.798895955
f 3136//1046 3137//1046 3138//1046
v -0.00902002957 -0.000712992274 0.00518753985
v -0.00909706764 -0.000896328944 0.00506211026
v -0.00819263887 -0.00163270708 0.00566578843
vn -0.657946706 -0.216902956 0.721151292
f 3139//1047 3140//1047 3141//1047
v -0.00819263887 -0.00163270708 0.00566578843
v -0.00909706764 -0.000896328944 0.00506211026
v -0.00822915882 -0.00171859923 0.00559189497
vn -0.68261683 -0.28768909 0.671765745
f 3142//1048 3143//1048 3144//1048
v -0.00819263887 -0.00163270708 0.00566578843
v -0.00822915882 -0.00171859923 0.00559189497
v -0.00741781341 -0.00246509514 0.00640418986
vn -0.77591753 -0.188114882 0.602133512
f 3145//1049 3146//1049 3147//1049
v -0.00827733334 -0.00180858292 0.00553285563
v -0.00741781341 -0.00246509514 0.00640418986
v -0.00822915882 -0.00171859923 0.00559189497
vn -0.731157243 -0.0547248013 0.680010498
f 3148//1050 3149//1050 3150//1050
v -0.011139933 0.000124676764 0.00463163061
v -0.0111417864 3.10138821e-05 0.00460743951
v -0.0106016938 9.48642046e-05 0.0047067157
vn -0.147243783 -0.244614199 0.958375275
f 3151//1051 3152//1051 3153//1051
v -0.0106016938 9.48642046e-05 0.0047067157
v -0.0111417864 3.10138821e-05 0.00460743951
v -0.010647594 -0.000230417238 0.00450726878
vn -0.0967457891 -0.510306537 0.854533494
f 3154//1052 3155//1052 3156//1052
v -0.0106016938 9.48642046e-05 0.0047067157
v -0.010647594 -0.000230417238 0.00450726878
v -0.0100454325 -8.74712496e-05 0.0048124711
vn -0.310029238 -0.464782774 0.829372585
f 3157//1053 3158//1053 3159//1053
v -0.0100454325 -8.74712496e-05 0.0048124711
v -0.010647594 -0.000230417238 0.00450726878
v -0.0101172207 -0.000369730929 0.00463465648
vn -0.318101645 -0.446095198 0.836546719
f 3160//1054 3161//1054 3162//1054
v -0.0100454325 -8.74712496e-05 0.0048124711
v -0.0101172207 -0.000369730929 0.00463465648
v -0.00909706764 -0.000896328944 0.00506211026
vn -0.512619913 -0.360530883 0.779254973
f 3163//1055 3164//1055 3165//1055
v -0.00909706764 -0.000896328944 0.00506211026
v -0.0101172207 -0.000369730929 0.00463465648
v -0.00913978089 -0.00105979957 0.00489804754
vn -0.544155002 -0.519223213 0.659016371
f 3166//1056 3167//1056 3168//1056
v -0.00909706764 -0.000896328944 0.00506211026
v -0.00913978089 -0.00105979957 0.00489804754
v -0.00822915882 -0.00171859923 0.00559189497
vn -0.719661534 -0.389100134 0.575055063
f 3169//1057 3170//1057 3171//1057
v -0.00822915882 -0.00171859923 0.00559189497
v -0.00913978089 -0.00105979957 0.00489804754
v -0.00880545191 -0.00140519533 0.00499747321
vn -0.715641379 -0.581197262 0.38738507
f 3172//1058 3173//1058 3174//1058
v -0.00822915882 -0.00171859923 0.00559189497
v -0.00880545191 -0.00140519533 0.00499747321
v -0.00828015618 -0.00180642575 0.00552999275
vn -0.731159985 -0.0547270998 0.680007339
f 3175//1059 3176//1059 3177//1059
v -0.0101192053 -0.000713223184 0.00408347603
v -0.0100905569 -0.000719194009 0.00409333874
v -0.0101338839 -0.000661914994 0.00422333367
vn -0.293047696 -0.907137036 0.302035451
f 3178//1060 3179//1060 3180//1060
v -0.0101338839 -0.000661914994 0.00422333367
v -0.0100905569 -0.000719194009 0.00409333874
v -0.00914731622 -0.00112997822 0.00480591692
vn -0.512856722 -0.835514247 0.197215348
f 3181//1061 3182//1061 3183//1061
v -0.0101338839 -0.000661914994 0.00422333367
v -0.00914731622 -0.00112997822 0.00480591692
v -0.0101408903 -0.000587904826 0.00437178509
vn -0.561575711 -0.750780284 0.347795516
f 3184//1062 3185//1062 3186//1062
v -0.0101408903 -0.000587904826 0.00437178509
v -0.00914731622 -0.00112997822 0.00480591692
v -0.00913978089 -0.00105979957 0.00489804754
vn -0.572814763 -0.628799677 0.525827169
f 3187//1063 3188//1063 3189//1063
v -0.0101408903 -0.000587904826 0.00437178509
v -0.00913978089 -0.00105979957 0.00489804754
v -0.0101355007 -0.000489495986 0.00451119803
vn -0.568774402 -0.661430955 0.488881111
f 3190//1064 3191//1064 3192//1064
v -0.0101355007 -0.000489495986 0.00451119803
v -0.00913978089 -0.00105979957 0.00489804754
v -0.0101172207 -0.000369730929 0.00463465648
vn -0.557374477 -0.553165972 0.619145453
f 3193//1065 3194//1065 3195//1065
v -0.0101355007 -0.000489495986 0.00451119803
v -0.0101172207 -0.000369730929 0.00463465648
v -0.0111436183 -0.000192338281 0.00440690853
vn -0.269258708 -0.671023309 0.690816522
f 3196//1066 3197//1066 3198//1066
v -0.0111436183 -0.000192338281 0.00440690853
v -0.0101172207 -0.000369730929 0.00463465648
v -0.010647594 -0.000230417238 0.00450726878
vn -0.179956302 0.196276188 0.96389389
f 3199//1067 3200//1067 3201//1067
v -0.0111436183 -0.000192338281 0.00440690853
v -0.010647594 -0.000230417238 0.00450726878
v -0.0111434655 -0.000173788605 0.0044235629
vn -0.197940141 -0.653953254 0.730181396
f 3202//1068 3203//1068 3204//1068
v -0.0111434655 -0.000173788605 0.0044235629
v -0.010647594 -0.000230417238 0.00450726878
v -0.0111417864 3.10138821e-05 0.00460743951
vn -0.197940215 -0.653951287 0.730183125
f 3205//1069 3206//1069 3207//1069
v -0.012988897 0.000482548028 -0.00517212925
v -0.0429009721 0.000482547592 -0.00572805526
v -0.0130077563 0.00351738813 -0.00522515876
vn 0.0185793247 -0.0173525084 -0.999676824
f 3208//1070 3209//1070 3210//1070
v -0.0130077563 0.00351738813 -0.00522515876
v -0.0429009721 0.000482547592 -0.00572805526
v -0.0428999923 0.0035174212 -0.00578071596
vn 0.0185793061 -0.0173523165 -0.999676824
f 3211//1071 3212//1071 3213//1071
v -0.0110938558 -0.000183376949 -0.0050046239
v -0.0110922046 -0.000192355001 -0.0049948222
v -0.0129944673 -0.000212710045 -0.0048724208
vn -0.0353092887 -0.739898324 -0.671791434
f 3214//1072 3215//1072 3216//1072
v -0.0119898561 -0.000500000024 -0.0042005633
v -0.0130074834 -0.000500000024 -0.00417245133
v -0.0130012399 -0.000441993237 -0.00450802781
vn -0.00470770895 -0.985361278 -0.170414254
f 3217//1073 3218//1073 3219//1073
v -0.0110575669 -0.000381054881 -0.00478882669
v -0.0110379728 -0.000410797482 -0.00467230473
v -0.0130008357 -0.000428453 -0.00452975882
vn -0.00913711172 -0.969259739 -0.245870084
f 3220//1074 3221//1074 3222//1074
v -0.0130008357 -0.000428453 -0.00452975882
v -0.0110379728 -0.000410797482 -0.00467230473
v -0.0110355979 -0.000414404582 -0.0046581733
vn -0.00913718902 -0.969259441 -0.245871112
f 3223//1075 3224//1075 3225//1075
v -0.0130008357 -0.000428453 -0.00452975882
v -0.0110355979 -0.000414404582 -0.0046581733
v -0.0130012399 -0.000441993237 -0.00450802781
vn -0.0285031218 -0.848145545 -0.528995931
f 3226//1076 3227//1076 3228//1076
v -0.0130012399 -0.000441993237 -0.00450802781
v -0.0110355979 -0.000414404582 -0.0046581733
v -0.0109792044 -0.000500000024 -0.00432283664
vn -0.00522620417 -0.969130278 -0.246493906
f 3229//1077 3230//1077 3231//1077
v -0.0130012399 -0.000441993237 -0.00450802781
v -0.0109792044 -0.000500000024 -0.00432283664
v -0.0119898561 -0.000500000024 -0.0042005633
vn -0.0161785372 -0.990886509 -0.133724153
f 3232//1078 3233//1078 3234//1078
v -0.0110575669 -0.000381054881 -0.00478882669
v -0.0130008357 -0.000428453 -0.00452975882
v -0.0110922046 -0.000192355001 -0.0049948222
vn -0.0708726794 -0.74143815 -0.667267978
f 3235//1079 3236//1079 3237//1079
v -0.0110922046 -0.000192355001 -0.0049948222
v -0.0130008357 -0.000428453 -0.00452975882
v -0.0129945138 -0.000216510307 -0.00486991042
vn -0.0239642635 -0.84828496 -0.528997481
f 3238//1080 3239//1080 3240//1080
v -0.0110922046 -0.000192355001 -0.0049948222
v -0.0129945138 -0.000216510307 -0.00486991042
v -0.0129944673 -0.000212710045 -0.0048724208
vn -0.0477577895 -0.550147474 -0.833700776
f 3241//1081 3242//1081 3243//1081
v -0.012990145 0.000139267548 -0.00510496274
v -0.011128353 0.000132853616 -0.0052097803
v -0.0129903145 0.000125533756 -0.00509588886
vn -0.048828017 -0.550165117 -0.833627105
f 3244//1082 3245//1082 3246//1082
v -0.0129903145 0.000125533756 -0.00509588886
v -0.011128353 0.000132853616 -0.0052097803
v -0.0111184418 -2.9299199e-05 -0.00515084201
vn -0.055977419 -0.344093621 -0.937265217
f 3247//1083 3248//1083 3249//1083
v -0.0129903145 0.000125533756 -0.00509588886
v -0.0111184418 -2.9299199e-05 -0.00515084201
v -0.0129944673 -0.000212710045 -0.0048724208
vn -0.0698805898 -0.549287498 -0.832706392
f 3250//1084 3251//1084 3252//1084
v -0.0129944673 -0.000212710045 -0.0048724208
v -0.0111184418 -2.9299199e-05 -0.00515084201
v -0.0111165969 -5.9486214e-05 -0.00513986964
vn -0.104642808 -0.34537819 -0.932611287
f 3253//1085 3254//1085 3255//1085
v -0.0129944673 -0.000212710045 -0.0048724208
v -0.0111165969 -5.9486214e-05 -0.00513986964
v -0.0110938558 -0.000183376949 -0.0050046239
vn -0.035311453 -0.739874721 -0.671817303
f 3256//1086 3257//1086 3258//1086
v -0.0120637799 0.000482015836 -0.00519767683
v -0.0111454185 0.000481594208 -0.00531118223
v -0.011144001 0.000388874556 -0.00530283758
vn -0.122196473 -0.0908156335 -0.988342345
f 3259//1087 3260//1087 3261//1087
v -0.012990145 0.000139267548 -0.00510496274
v -0.012988897 0.000482548028 -0.00517212925
v -0.011128353 0.000132853616 -0.0052097803
vn -0.055827491 -0.191524833 -0.979898751
f 3262//1088 3263//1088 3264//1088
v -0.011128353 0.000132853616 -0.0052097803
v -0.012988897 0.000482548028 -0.00517212925
v -0.0120637799 0.000482015836 -0.00519767683
vn -0.0276061408 -0.039333649 -0.998844743
f 3265//1089 3266//1089 3267//1089
v -0.011128353 0.000132853616 -0.0052097803
v -0.0120637799 0.000482015836 -0.00519767683
v -0.0111306747 0.000170800122 -0.00522357319
vn -0.141081825 -0.345810294 -0.927637398
f 3268//1090 3269//1090 3270//1090
v -0.0111306747 0.000170800122 -0.00522357319
v -0.0120637799 0.000482015836 -0.00519767683
v -0.011144001 0.000388874556 -0.00530283758
vn -0.141077131 -0.345795751 -0.927643538
f 3271//1091 3272//1091 3273//1091
v -0.0110922046 -0.000192355001 -0.0049948222
v -0.0110938558 -0.000183376949 -0.0050046239
v -0.0104804076 -0.000220832982 -0.00519161718
vn -0.238156289 -0.735834122 -0.633900404
f 3274//1092 3275//1092 3276//1092
v -0.011144001 0.000388874556 -0.00530283758
v -0.0111454185 0.000481594208 -0.00531118223
v -0.0103931576 0.000403473008 -0.00546368491
vn -0.20691447 -0.0908318236 -0.974133432
f 3277//1093 3278//1093 3279//1093
v -0.0103962244 -0.000548141194 -0.00457090838
v -0.0109792044 -0.000500000024 -0.00432283664
v -0.0110355979 -0.000414404582 -0.0046581733
vn -0.171486124 -0.961106777 -0.216486171
f 3280//1094 3281//1094 3282//1094
v -0.00982613955 -0.000739219016 -0.00491666188
v -0.0100247571 -0.000672648544 -0.00479620323
v -0.010450203 -0.000456669775 -0.00487858336
vn -0.414483547 -0.889620364 -0.191778526
f 3283//1095 3284//1095 3285//1095
v -0.010450203 -0.000456669775 -0.00487858336
v -0.0100247571 -0.000672648544 -0.00479620323
v -0.0103962244 -0.000548141194 -0.00457090838
vn -0.414486706 -0.889621675 -0.191765696
f 3286//1096 3287//1096 3288//1096
v -0.00880052149 -0.00108298159 -0.00553869735
v -0.00922649447 -0.000940205529 -0.00528034475
v -0.00921649486 -0.000774207292 -0.00547115784
vn -0.549036384 -0.616116703 -0.564764798
f 3289//1097 3290//1097 3291//1097
v -0.00921649486 -0.000774207292 -0.00547115784
v -0.00922649447 -0.000940205529 -0.00528034475
v -0.00982613955 -0.000739219016 -0.00491666188
vn -0.549036086 -0.616116822 -0.564764917
f 3292//1098 3293//1098 3294//1098
v -0.00921649486 -0.000774207292 -0.00547115784
v -0.00982613955 -0.000739219016 -0.00491666188
v -0.0098305475 -0.000574495236 -0.00515378825
vn -0.488548607 -0.720830381 -0.491654217
f 3295//1099 3296//1099 3297//1099
v -0.0098305475 -0.000574495236 -0.00515378825
v -0.00982613955 -0.000739219016 -0.00491666188
v -0.010450203 -0.000456669775 -0.00487858336
vn -0.377721757 -0.763718545 -0.523507655
f 3298//1100 3299//1100 3300//1100
v -0.00740344031 -0.00161538331 -0.00668086112
v -0.00632823398 -0.00246509514 -0.00748271775
v -0.00743102748 -0.00184300717 -0.00661108037
vn -0.662578762 -0.144968525 -0.734828889
f 3301//1101 3302//1101 3303//1101
v -0.00743102748 -0.00184300717 -0.00661108037
v -0.00749209104 -0.00180856395 -0.00656282064
v -0.00744102243 -0.00170652429 -0.00661499752
vn -0.642226934 -0.0689414367 -0.763407946
f 3304//1102 3305//1102 3306//1102
v -0.00744102243 -0.00170652429 -0.00661499752
v -0.00749209104 -0.00180856395 -0.00656282064
v -0.00794966519 -0.00155044382 -0.00620115548
vn -0.642254353 -0.0689170063 -0.763387024
f 3307//1103 3308//1103 3309//1103
v -0.00744102243 -0.00170652429 -0.00661499752
v -0.00794966519 -0.00155044382 -0.00620115548
v -0.00861234218 -0.00103920314 -0.00582443643
vn -0.653254986 -0.353312105 -0.669648051
f 3310//1104 3311//1104 3312//1104
v -0.00861234218 -0.00103920314 -0.00582443643
v -0.00794966519 -0.00155044382 -0.00620115548
v -0.0086234957 -0.00117033836 -0.00566857168
vn -0.689436615 -0.529212654 -0.494581789
f 3313//1105 3314//1105 3315//1105
v -0.00861234218 -0.00103920314 -0.00582443643
v -0.0086234957 -0.00117033836 -0.00566857168
v -0.00874590222 -0.00110128731 -0.00557182077
vn -0.689445972 -0.529205501 -0.494576424
f 3316//1106 3317//1106 3318//1106
v -0.00740344031 -0.00161538331 -0.00668086112
v -0.0073460089 -0.00140992634 -0.00674902881
v -0.00689913565 -0.00186563015 -0.00706415111
vn -0.628300846 -0.081083104 -0.773733497
f 3319//1107 3320//1107 3321//1107
v -0.00689913565 -0.00186563015 -0.00706415111
v -0.00649153441 -0.00228128443 -0.00735157961
v -0.00740344031 -0.00161538331 -0.00668086112
vn -0.628301442 -0.0810852498 -0.773732841
f 3322//1108 3323//1108 3324//1108
v -0.00740344031 -0.00161538331 -0.00668086112
v -0.00649153441 -0.00228128443 -0.00735157961
v -0.00634867186 -0.0024417704 -0.00746600563
vn -0.518033803 0.140443891 -0.843751431
f 3325//1109 3326//1109 3327//1109
v -0.00740344031 -0.00161538331 -0.00668086112
v -0.00634867186 -0.0024417704 -0.00746600563
v -0.00632823398 -0.00246509514 -0.00748271775
vn -0.49644196 0.174309239 -0.850389123
f 3328//1110 3329//1110 3330//1110
v -0.00740344031 -0.00161538331 -0.00668086112
v -0.00857568812 -0.000866992224 -0.00598067883
v -0.0073460089 -0.00140992634 -0.00674902881
vn -0.562293828 -0.11454168 -0.818966329
f 3331//1111 3332//1111 3333//1111
v -0.0073460089 -0.00140992634 -0.00674902881
v -0.00857568812 -0.000866992224 -0.00598067883
v -0.00850695651 -0.000674300478 -0.00609671697
vn -0.590277076 -0.251374751 -0.76706171
f 3334//1112 3335//1112 3336//1112
v -0.0073460089 -0.00140992634 -0.00674902881
v -0.00850695651 -0.000674300478 -0.00609671697
v -0.00846514944 -0.000543863804 -0.00617462583
vn -0.594045997 -0.263557345 -0.760030866
f 3337//1113 3338//1113 3339//1113
v -0.00846514944 -0.000543863804 -0.00617462583
v -0.00850695651 -0.000674300478 -0.00609671697
v -0.00891543925 -0.000195396846 -0.00594351022
vn -0.59405005 -0.263554692 -0.760028601
f 3340//1114 3341//1114 3342//1114
v -0.00891543925 -0.000195396846 -0.00594351022
v -0.00850695651 -0.000674300478 -0.00609671697
v -0.0097502498 0.000142923338 -0.0056724418
vn -0.285115898 0.0627842322 -0.956434548
f 3343//1115 3344//1115 3345//1115
v -0.0097502498 0.000142923338 -0.0056724418
v -0.00850695651 -0.000674300478 -0.00609671697
v -0.00978531037 -5.55314036e-05 -0.0055894549
vn -0.465285033 -0.270265877 -0.842891574
f 3346//1116 3347//1116 3348//1116
v -0.0097502498 0.000142923338 -0.0056724418
v -0.00978531037 -5.55314036e-05 -0.0055894549
v -0.0103931576 0.000403473008 -0.00546368491
vn -0.400473356 -0.292385936 -0.868407488
f 3349//1117 3350//1117 3351//1117
v -0.0103931576 0.000403473008 -0.00546368491
v -0.00978531037 -5.55314036e-05 -0.0055894549
v -0.0111306747 0.000170800122 -0.00522357319
vn -0.277490944 -0.105829321 -0.954881608
f 3352//1118 3353//1118 3354//1118
v -0.0103931576 0.000403473008 -0.00546368491
v -0.0111306747 0.000170800122 -0.00522357319
v -0.011144001 0.000388874556 -0.00530283758
vn -0.190130875 -0.345619321 -0.91891104
f 3355//1119 3356//1119 3357//1119
v -0.00981375761 -0.000208271274 -0.00551513117
v -0.0098313652 -0.00034996288 -0.00541492505
v -0.0104804076 -0.000220832982 -0.00519161718
vn -0.368924141 -0.505681515 -0.779859722
f 3358//1120 3359//1120 3360//1120
v -0.011128353 0.000132853616 -0.0052097803
v -0.00981375761 -0.000208271274 -0.00551513117
v -0.0111184418 -2.9299199e-05 -0.00515084201
vn -0.295948803 -0.342232317 -0.891791105
f 3361//1121 3362//1121 3363//1121
v -0.0111184418 -2.9299199e-05 -0.00515084201
v -0.00981375761 -0.000208271274 -0.00551513117
v -0.0104804076 -0.000220832982 -0.00519161718
vn -0.267761827 -0.768150926 -0.581590712
f 3364//1122 3365//1122 3366//1122
v -0.0111184418 -2.9299199e-05 -0.00515084201
v -0.0104804076 -0.000220832982 -0.00519161718
v -0.0111165969 -5.9486214e-05 -0.00513986964
vn -0.162868902 -0.34582746 -0.924054682
f 3367//1123 3368//1123 3369//1123
v -0.0111165969 -5.9486214e-05 -0.00513986964
v -0.0104804076 -0.000220832982 -0.00519161718
v -0.0110938558 -0.000183376949 -0.0050046239
vn -0.238170385 -0.735780537 -0.633957326
f 3370//1124 3371//1124 3372//1124
v -0.0103962244 -0.000548141194 -0.00457090838
v -0.0110355979 -0.000414404582 -0.0046581733
v -0.010450203 -0.000456669775 -0.00487858336
vn -0.164605439 -0.952976942 -0.254440457
f 3373//1125 3374//1125 3375//1125
v -0.010450203 -0.000456669775 -0.00487858336
v -0.0110355979 -0.000414404582 -0.0046581733
v -0.0110379728 -0.000410797482 -0.00467230473
vn -0.152501836 -0.963439941 -0.220287785
f 3376//1126 3377//1126 3378//1126
v -0.010450203 -0.000456669775 -0.00487858336
v -0.0110379728 -0.000410797482 -0.00467230473
v -0.0110575669 -0.000381054881 -0.00478882669
vn -0.152498662 -0.963442624 -0.220278174
f 3379//1127 3380//1127 3381//1127
v -0.0110575669 -0.000381054881 -0.00478882669
v -0.0110922046 -0.000192355001 -0.0049948222
v -0.010450203 -0.000456669775 -0.00487858336
vn -0.187591121 -0.739802659 -0.646143675
f 3382//1128 3383//1128 3384//1128
v -0.010450203 -0.000456669775 -0.00487858336
v -0.0110922046 -0.000192355001 -0.0049948222
v -0.0104804076 -0.000220832982 -0.00519161718
vn -0.221090555 -0.789066553 -0.573143065
f 3385//1129 3386//1129 3387//1129
v -0.010450203 -0.000456669775 -0.00487858336
v -0.0104804076 -0.000220832982 -0.00519161718
v -0.0098305475 -0.000574495236 -0.00515378825
vn -0.380372137 -0.755930483 -0.532809615
f 3388//1130 3389//1130 3390//1130
v -0.0098305475 -0.000574495236 -0.00515378825
v -0.0104804076 -0.000220832982 -0.00519161718
v -0.0098313652 -0.00034996288 -0.00541492505
vn -0.351167262 -0.710502267 -0.609809875
f 3391//1131 3392//1131 3393//1131
v -0.0098305475 -0.000574495236 -0.00515378825
v -0.0098313652 -0.00034996288 -0.00541492505
v -0.00921649486 -0.000774207292 -0.00547115784
vn -0.503865242 -0.655742049 -0.562247455
f 3394//1132 3395//1132 3396//1132
v -0.00921649486 -0.000774207292 -0.00547115784
v -0.0098313652 -0.00034996288 -0.00541492505
v -0.00861234218 -0.00103920314 -0.00582443643
vn -0.548679471 -0.744908214 -0.379555762
f 3397//1133 3398//1133 3399//1133
v -0.00921649486 -0.000774207292 -0.00547115784
v -0.00861234218 -0.00103920314 -0.00582443643
v -0.00880052149 -0.00108298159 -0.00553869735
vn -0.572072804 -0.665958226 -0.478782147
f 3400//1134 3401//1134 3402//1134
v -0.00880052149 -0.00108298159 -0.00553869735
v -0.00861234218 -0.00103920314 -0.00582443643
v -0.00874590222 -0.00110128731 -0.00557182077
vn -0.51766175 -0.726322293 -0.452197105
f 3403//1135 3404//1135 3405//1135
v -0.00743102748 -0.00184300717 -0.00661108037
v -0.00744102243 -0.00170652429 -0.00661499752
v -0.00740344031 -0.00161538331 -0.00668086112
vn -0.816952825 -0.076232709 -0.57164377
f 3406//1136 3407//1136 3408//1136
v -0.00740344031 -0.00161538331 -0.00668086112
v -0.00744102243 -0.00170652429 -0.00661499752
v -0.00861234218 -0.00103920314 -0.00582443643
vn -0.637738645 -0.260783553 -0.724762976
f 3409//1137 3410//1137 3411//1137
v -0.00740344031 -0.00161538331 -0.00668086112
v -0.00861234218 -0.00103920314 -0.00582443643
v -0.00857568812 -0.000866992224 -0.00598067883
vn -0.649323583 -0.430561185 -0.626893878
f 3412//1138 3413//1138 3414//1138
v -0.00857568812 -0.000866992224 -0.00598067883
v -0.00861234218 -0.00103920314 -0.00582443643
v -0.0098313652 -0.00034996288 -0.00541492505
vn -0.519103706 -0.511070311 -0.685082793
f 3415//1139 3416//1139 3417//1139
v -0.00857568812 -0.000866992224 -0.00598067883
v -0.0098313652 -0.00034996288 -0.00541492505
v -0.00850695651 -0.000674300478 -0.00609671697
vn -0.494153351 -0.312323302 -0.811336339
f 3418//1140 3419//1140 3420//1140
v -0.00850695651 -0.000674300478 -0.00609671697
v -0.0098313652 -0.00034996288 -0.00541492505
v -0.00981375761 -0.000208271274 -0.00551513117
vn -0.492816538 -0.460768014 -0.738122404
f 3421//1141 3422//1141 3423//1141
v -0.00850695651 -0.000674300478 -0.00609671697
v -0.00981375761 -0.000208271274 -0.00551513117
v -0.00978531037 -5.55314036e-05 -0.0055894549
vn -0.476835608 -0.311209679 -0.822056174
f 3424//1142 3425//1142 3426//1142
v -0.00978531037 -5.55314036e-05 -0.0055894549
v -0.00981375761 -0.000208271274 -0.00551513117
v -0.011128353 0.000132853616 -0.0052097803
vn -0.300451905 -0.371510595 -0.878469408
f 3427//1143 3428//1143 3429//1143
v -0.00978531037 -5.55314036e-05 -0.0055894549
v -0.011128353 0.000132853616 -0.0052097803
v -0.0111306747 0.000170800122 -0.00522357319
vn -0.299746633 -0.342053443 -0.890590489
f 3430//1144 3431//1144 3432//1144
v 0.0123076467 -0.00675710198 0.00348952971
v 0.0133228563 -0.00713139027 0.00327919656
v 0.013067578 -0.00674655382 0.00325953565
vn 0.278776765 0.232527763 0.931780219
f 3433//1145 3434//1145 3435//1145
v 0.0110041499 -0.00554456376 0.00406735623
v 0.0110031022 -0.00554818008 0.00406882958
v 0.01239035 -0.00622404087 0.00328972214
vn 0.54572171 0.175599828 0.819361031
f 3436//1146 3437//1146 3438//1146
v 0.01239035 -0.00622404087 0.00328972214
v 0.0110031022 -0.00554818008 0.00406882958
v 0.0109596448 -0.00569749065 0.004129651
vn 0.545577586 0.175060362 0.819572449
f 3439//1147 3440//1147 3441//1147
v 0.01239035 -0.00622404087 0.00328972214
v 0.0124133602 -0.0060130856 0.00306845829
v 0.0117060831 -0.00572024705 0.00347169535
vn 0.572799742 0.56269598 0.596048415
f 3442//1148 3443//1148 3444//1148
v 0.0110041499 -0.00554456376 0.00406735623
v 0.01239035 -0.00622404087 0.00328972214
v 0.0117060831 -0.00572024705 0.00347169535
vn 0.592625082 0.618567467 0.515916467
f 3445//1149 3446//1149 3447//1149
v 0.0110041499 -0.00554456376 0.00406735623
v 0.0117060831 -0.00572024705 0.00347169535
v 0.0110105779 -0.00541391782 0.0039705094
vn 0.643378615 0.435215712 0.629802525
f 3448//1150 3449//1150 3450//1150
v 0.0110105779 -0.00541391782 0.0039705094
v 0.0117060831 -0.00572024705 0.00347169535
v 0.0116835525 -0.00556990504 0.00337446993
vn 0.640801489 0.482300162 0.597293854
f 3451//1151 3452//1151 3453//1151
v 0.0110105779 -0.00541391782 0.0039705094
v 0.0116835525 -0.00556990504 0.00337446993
v 0.0110168885 -0.00528578227 0.00387552334
vn 0.652329147 0.430364907 0.623901248
f 3454//1152 3455//1152 3456//1152
v 0.0125308316 -0.00593099929 0.00273767649
v 0.0124034733 -0.00587672275 0.0028333934
v 0.0124133602 -0.0060130856 0.00306845829
vn 0.591632605 0.707914352 0.38578251
f 3457//1153 3458//1153 3459//1153
v 0.0124133602 -0.0060130856 0.00306845829
v 0.0124034733 -0.00587672275 0.0028333934
v 0.0122847538 -0.00582612725 0.00292261946
vn 0.591636419 0.707911968 0.38578096
f 3460//1154 3461//1154 3462//1154
v 0.0124133602 -0.0060130856 0.00306845829
v 0.0122847538 -0.00582612725 0.00292261946
v 0.0117060831 -0.00572024705 0.00347169535
vn 0.545214355 0.715624154 0.436604381
f 3463//1155 3464//1155 3465//1155
v 0.0117060831 -0.00572024705 0.00347169535
v 0.0122847538 -0.00582612725 0.00292261946
v 0.0117289498 -0.00558925048 0.00334035396
vn 0.648614883 0.479454488 0.591119409
f 3466//1156 3467//1156 3468//1156
v 0.0117060831 -0.00572024705 0.00347169535
v 0.0117289498 -0.00558925048 0.00334035396
v 0.0116835525 -0.00556990504 0.00337446993
vn 0.64856869 0.479486942 0.591143727
f 3469//1157 3470//1157 3471//1157
v 0.0124133602 -0.0060130856 0.00306845829
v 0.0131289111 -0.00620262977 0.00278533786
v 0.0125308316 -0.00593099929 0.00273767649
vn 0.365340859 0.864836276 0.34436062
f 3472//1158 3473//1158 3474//1158
v 0.0125308316 -0.00593099929 0.00273767649
v 0.0131289111 -0.00620262977 0.00278533786
v 0.0131215537 -0.00613199593 0.00262272125
vn 0.362432569 0.860732377 0.357466578
f 3475//1159 3476//1159 3477//1159
v 0.0125308316 -0.00593099929 0.00273767649
v 0.0131215537 -0.00613199593 0.00262272125
v 0.0128762405 -0.00600217143 0.00260734209
vn 0.362886041 0.751041114 0.551589489
f 3478//1160 3479//1160 3480//1160
v 0.0128762405 -0.00600217143 0.00260734209
v 0.0131215537 -0.00613199593 0.00262272125
v 0.0131316939 -0.00605480699 0.00251095323
vn 0.362881988 0.751034856 0.551600695
f 3481//1161 3482//1161 3483//1161
v 0.013817017 -0.00617485028 0.00227491837
v 0.0137072736 -0.0061734058 0.00229377043
v 0.0138162691 -0.00618521264 0.00240137009
vn 0.0271656867 0.996278226 0.0818028599
f 3484//1162 3485//1162 3486//1162
v 0.0138162691 -0.00618521264 0.00240137009
v 0.0137072736 -0.0061734058 0.00229377043
v 0.0131316939 -0.00605480699 0.00251095323
vn 0.175788566 0.981912851 -0.0703248456
f 3487//1163 3488//1163 3489//1163
v 0.0138162691 -0.00618521264 0.00240137009
v 0.0131316939 -0.00605480699 0.00251095323
v 0.0138160056 -0.0062027392 0.00244562631
vn 0.22982952 0.904387653 0.359529406
f 3490//1164 3491//1164 3492//1164
v 0.0138160056 -0.0062027392 0.00244562631
v 0.0131316939 -0.00605480699 0.00251095323
v 0.0131215537 -0.00613199593 0.00262272125
vn 0.225377232 0.791991234 0.567410767
f 3493//1165 3494//1165 3495//1165
v 0.0138160056 -0.0062027392 0.00244562631
v 0.0131215537 -0.00613199593 0.00262272125
v 0.0138149559 -0.00627336977 0.00262397551
vn 0.185536742 0.913228929 0.362751991
f 3496//1166 3497//1166 3498//1166
v 0.0138149559 -0.00627336977 0.00262397551
v 0.0131215537 -0.00613199593 0.00262272125
v 0.0131289111 -0.00620262977 0.00278533786
vn 0.183739468 0.904607713 0.384609789
f 3499//1167 3500//1167 3501//1167
v 0.0131273121 -0.00630392972 0.00293837511
v 0.0138137434 -0.00635526143 0.00283075892
v 0.013814941 -0.00627481285 0.00262761954
vn 0.126314908 0.922043025 0.365897775
f 3502//1168 3503//1168 3504//1168
v 0.0138137434 -0.00635526143 0.00283075892
v 0.0131273121 -0.00630392972 0.00293837511
v 0.0138130644 -0.0064921598 0.00294991396
vn 0.165084302 0.647058964 0.744353354
f 3505//1169 3506//1169 3507//1169
v 0.0138130644 -0.0064921598 0.00294991396
v 0.0131273121 -0.00630392972 0.00293837511
v 0.0131161585 -0.0064327633 0.00307295285
vn 0.181342885 0.702828228 0.687856972
f 3508//1170 3509//1170 3510//1170
v 0.0138130644 -0.0064921598 0.00294991396
v 0.0131161585 -0.0064327633 0.00307295285
v 0.0138130207 -0.00649991678 0.00295666582
vn 0.185870722 0.644519329 0.741651475
f 3511//1171 3512//1171 3513//1171
v 0.0138118034 -0.00681924401 0.00317210914
v 0.0138119264 -0.00672006188 0.00314827822
v 0.013067578 -0.00674655382 0.00325953565
vn 0.135761261 0.231303394 0.963362634
f 3514//1172 3515//1172 3516//1172
v 0.0138118034 -0.00681924401 0.00317210914
v 0.013067578 -0.00674655382 0.00325953565
v 0.0138117876 -0.00683447998 0.00317576993
vn 0.135763317 0.231333584 0.963355124
f 3517//1173 3518//1173 3519//1173
v 0.0138117876 -0.00683447998 0.00317576993
v 0.013067578 -0.00674655382 0.00325953565
v 0.0133228563 -0.00713139027 0.00327919656
vn 0.126472101 0.134107381 0.982863188
f 3520//1174 3521//1174 3522//1174
v 0.0138117876 -0.00683447998 0.00317576993
v 0.0133228563 -0.00713139027 0.00327919656
v 0.013811362 -0.00717508281 0.00325760758
vn 0.063730523 0.233073503 0.970368564
f 3523//1175 3524//1175 3525//1175
v 0.0109596448 -0.00569749065 0.004129651
v 0.0109201204 -0.00583327562 0.00418496225
v 0.0123232389 -0.0064810547 0.0034420765
vn 0.525290966 0.185391009 0.830481529
f 3526//1176 3527//1176 3528//1176
v 0.0123232389 -0.0064810547 0.0034420765
v 0.0109201204 -0.00583327562 0.00418496225
v 0.0122353509 -0.0067242505 0.0035106407
vn 0.490989864 0.0674339756 0.868551433
f 3529//1177 3530//1177 3531//1177
v 0.0123232389 -0.0064810547 0.0034420765
v 0.0122353509 -0.0067242505 0.0035106407
v 0.0122554237 -0.00673784921 0.00350034889
vn 0.491000324 0.0674286485 0.868545949
f 3532//1178 3533//1178 3534//1178
v 0.0122554237 -0.00673784921 0.00350034889
v 0.0123076467 -0.00675710198 0.00348952971
v 0.0123232389 -0.0064810547 0.0034420765
vn 0.253288567 0.149979576 0.95569402
f 3535//1179 3536//1179 3537//1179
v 0.0123232389 -0.0064810547 0.0034420765
v 0.0123076467 -0.00675710198 0.00348952971
v 0.013067578 -0.00674655382 0.00325953565
vn 0.284671277 0.146768048 0.947323263
f 3538//1180 3539//1180 3540//1180
v 0.0123232389 -0.0064810547 0.0034420765
v 0.013067578 -0.00674655382 0.00325953565
v 0.0131161585 -0.0064327633 0.00307295285
vn 0.357934952 0.435661644 0.825882256
f 3541//1181 3542//1181 3543//1181
v 0.0131161585 -0.0064327633 0.00307295285
v 0.013067578 -0.00674655382 0.00325953565
v 0.0138119264 -0.00672006188 0.00314827822
vn 0.111170754 0.495144755 0.861668587
f 3544//1182 3545//1182 3546//1182
v 0.0131161585 -0.0064327633 0.00307295285
v 0.0138119264 -0.00672006188 0.00314827822
v 0.0138130207 -0.00649991678 0.00295666582
vn 0.185868502 0.644567072 0.741610527
f 3547//1183 3548//1183 3549//1183
v 0.0109596448 -0.00569749065 0.004129651
v 0.0123232389 -0.0064810547 0.0034420765
v 0.01239035 -0.00622404087 0.00328972214
vn 0.563366532 0.307479084 0.766860366
f 3550//1184 3551//1184 3552//1184
v 0.01239035 -0.00622404087 0.00328972214
v 0.0123232389 -0.0064810547 0.0034420765
v 0.0131161585 -0.0064327633 0.00307295285
vn 0.366224259 0.401879728 0.839269042
f 3553//1185 3554//1185 3555//1185
v 0.01239035 -0.00622404087 0.00328972214
v 0.0131161585 -0.0064327633 0.00307295285
v 0.0124133602 -0.0060130856 0.00306845829
vn 0.38296771 0.648370743 0.657990217
f 3556//1186 3557//1186 3558//1186
v 0.0124133602 -0.0060130856 0.00306845829
v 0.0131161585 -0.0064327633 0.00307295285
v 0.0131273121 -0.00630392972 0.00293837511
vn 0.384399414 0.650734305 0.654814422
f 3559//1187 3560//1187 3561//1187
v 0.0124133602 -0.0060130856 0.00306845829
v 0.0131273121 -0.00630392972 0.00293837511
v 0.0131289111 -0.00620262977 0.00278533786
vn 0.402723759 0.76131469 0.50814712
f 3562//1188 3563//1188 3564//1188
v 0.0131289111 -0.00620262977 0.00278533786
v 0.0131273121 -0.00630392972 0.00293837511
v 0.013814941 -0.00627481285 0.00262761954
vn 0.210089266 0.814246297 0.541170418
f 3565//1189 3566//1189 3567//1189
v 0.0131289111 -0.00620262977 0.00278533786
v 0.013814941 -0.00627481285 0.00262761954
v 0.0138149559 -0.00627336977 0.00262397551
vn 0.179633334 0.914358675 0.362877518
f 3568//1190 3569//1190 3570//1190
v 0.0126247574 -0.00411762251 -0.0010021741
v 0.012306626 -0.00414085248 0.000388121611
v 0.0124864029 -0.00488473149 0.000421763281
vn 0.945790648 0.238541707 0.220404029
f 3571//1191 3572//1191 3573//1191
v 0.0110168885 -0.00528578227 0.00387552334
v 0.0116835525 -0.00556990504 0.00337446993
v 0.0120167537 -0.00560823921 0.00279479567
vn 0.53439182 0.80621469 0.253856748
f 3574//1192 3575//1192 3576//1192
v 0.0131316939 -0.00605480699 0.00251095323
v 0.0137072736 -0.0061734058 0.00229377043
v 0.0135883112 -0.00601487188 0.000698787044
vn 0.229784116 0.970007539 0.0792757794
f 3577//1193 3578//1193 3579//1193
v 0.0146898376 -0.00610338757 -0.00180428545
v 0.0140203675 -0.00593371317 -0.00182545825
v 0.0144539746 -0.00613793312 0.00017101063
vn 0.244047537 0.968667805 0.0460816324
f 3580//1194 3581//1194 3582//1194
v 0.0144539746 -0.00613793312 0.00017101063
v 0.0140203675 -0.00593371317 -0.00182545825
v 0.0135883112 -0.00601487188 0.000698787044
vn 0.177390903 0.982189238 0.0619417019
f 3583//1195 3584//1195 3585//1195
v 0.0144539746 -0.00613793312 0.00017101063
v 0.0135883112 -0.00601487188 0.000698787044
v 0.014242013 -0.00615021819 0.000871138356
vn 0.183758229 0.980269492 0.0728330836
f 3586//1196 3587//1196 3588//1196
v 0.014242013 -0.00615021819 0.000871138356
v 0.0135883112 -0.00601487188 0.000698787044
v 0.0137072736 -0.0061734058 0.00229377043
vn 0.18076703 0.979939222 0.0839188844
f 3589//1197 3590//1197 3591//1197
v 0.014242013 -0.00615021819 0.000871138356
v 0.0137072736 -0.0061734058 0.00229377043
v 0.013817017 -0.00617485028 0.00227491837
vn 0.0170571599 0.999596715 0.0227039643
f 3592//1198 3593//1198 3594//1198
v 0.012924266 -0.00556908175 0.000527699187
v 0.0125308316 -0.00593099929 0.00273767649
v 0.0135883112 -0.00601487188 0.000698787044
vn 0.502118707 0.834721863 0.226088941
f 3595//1199 3596//1199 3597//1199
v 0.0135883112 -0.00601487188 0.000698787044
v 0.0125308316 -0.00593099929 0.00273767649
v 0.0128762405 -0.00600217143 0.00260734209
vn 0.229785144 0.970007241 0.0792766139
f 3598//1200 3599//1200 3600//1200
v 0.0135883112 -0.00601487188 0.000698787044
v 0.0128762405 -0.00600217143 0.00260734209
v 0.0131316939 -0.00605480699 0.00251095323
vn 0.229780659 0.970008433 0.0792749301
f 3601//1201 3602//1201 3603//1201
v 0.0116835525 -0.00556990504 0.00337446993
v 0.0117289498 -0.00558925048 0.00334035396
v 0.0120167537 -0.00560823921 0.00279479567
vn 0.534321189 0.806275547 0.253812104
f 3604//1202 3605//1202 3606//1202
v 0.0120167537 -0.00560823921 0.00279479567
v 0.0117289498 -0.00558925048 0.00334035396
v 0.0122847538 -0.00582612725 0.00292261946
vn 0.534390688 0.806217313 0.253850818
f 3607//1203 3608//1203 3609//1203
v 0.0120167537 -0.00560823921 0.00279479567
v 0.0122847538 -0.00582612725 0.00292261946
v 0.012924266 -0.00556908175 0.000527699187
vn 0.544636011 0.805963278 0.231937006
f 3610//1204 3611//1204 3612//1204
v 0.012924266 -0.00556908175 0.000527699187
v 0.0122847538 -0.00582612725 0.00292261946
v 0.0124034733 -0.00587672275 0.0028333934
vn 0.52147001 0.822378814 0.227512881
f 3613//1205 3614//1205 3615//1205
v 0.012924266 -0.00556908175 0.000527699187
v 0.0124034733 -0.00587672275 0.0028333934
v 0.0125308316 -0.00593099929 0.00273767649
vn 0.521466196 0.822381377 0.22751236
f 3616//1206 3617//1206 3618//1206
v 0.0127051808 -0.0043444843 -0.00184511999
v 0.0126904845 -0.00410368992 -0.00184144638
v 0.0126247574 -0.00411762251 -0.0010021741
vn 0.995102048 0.0595296063 0.07891877
f 3619//1207 3620//1207 3621//1207
v 0.0127051808 -0.0043444843 -0.00184511999
v 0.0126247574 -0.00411762251 -0.0010021741
v 0.0128626106 -0.00476666354 -0.00184681697
vn 0.936958849 0.349408925 -0.00464366004
f 3622//1208 3623//1208 3624//1208
v 0.0128626106 -0.00476666354 -0.00184681697
v 0.0126247574 -0.00411762251 -0.0010021741
v 0.012885239 -0.00482735829 -0.0018470611
vn 0.936982155 0.349346995 -0.00458949897
f 3625//1209 3626//1209 3627//1209
v 0.012885239 -0.00482735829 -0.0018470611
v 0.0126247574 -0.00411762251 -0.0010021741
v 0.0124864029 -0.00488473149 0.000421763281
vn 0.973248303 0.149041027 0.174855754
f 3628//1210 3629//1210 3630//1210
v 0.012885239 -0.00482735829 -0.0018470611
v 0.0124864029 -0.00488473149 0.000421763281
v 0.0130317193 -0.005220172 -0.00184864027
vn 0.923395991 0.343648434 0.171013415
f 3631//1211 3632//1211 3633//1211
v 0.0140203675 -0.00593371317 -0.00182545825
v 0.0139862727 -0.00592507189 -0.00182653649
v 0.0135883112 -0.00601487188 0.000698787044
vn 0.242872149 0.967332363 0.0726719648
f 3634//1212 3635//1212 3636//1212
v 0.0135883112 -0.00601487188 0.000698787044
v 0.0139862727 -0.00592507189 -0.00182653649
v 0.013739136 -0.00586243626 -0.00183435262
vn 0.242867053 0.967333674 0.0726712123
f 3637//1213 3638//1213 3639//1213
v 0.0135883112 -0.00601487188 0.000698787044
v 0.013739136 -0.00586243626 -0.00183435262
v 0.012924266 -0.00556908175 0.000527699187
vn 0.540719271 0.837140799 0.0825708881
f 3640//1214 3641//1214 3642//1214
v 0.012924266 -0.00556908175 0.000527699187
v 0.013739136 -0.00586243626 -0.00183435262
v 0.0133252135 -0.00548663223 -0.0018427124
vn 0.664242506 0.734685659 0.137908801
f 3643//1215 3644//1215 3645//1215
v 0.012924266 -0.00556908175 0.000527699187
v 0.0133252135 -0.00548663223 -0.0018427124
v 0.0133138681 -0.00547633693 -0.00184294162
vn 0.664071202 0.734844923 0.137885362
f 3646//1216 3647//1216 3648//1216
v 0.0101948939 -0.0049429494 0.00454999087
v 0.0102715427 -0.00497491658 0.00448710099
v 0.0102631683 -0.00494311843 0.004481412
vn 0.676711977 0.298615575 0.672970772
f 3649//1217 3650//1217 3651//1217
v 0.0102631683 -0.00494311843 0.004481412
v 0.0102715427 -0.00497491658 0.00448710099
v 0.0116177956 -0.00492142467 0.00259191589
vn 0.772791803 0.303264737 0.557515323
f 3652//1218 3653//1218 3654//1218
v 0.0102631683 -0.00494311843 0.004481412
v 0.0116177956 -0.00492142467 0.00259191589
v 0.0112928003 -0.0041829939 0.00290768384
vn 0.807441771 0.107302167 0.580106914
f 3655//1219 3656//1219 3657//1219
v 0.00849388633 -0.00423349952 0.00594571885
v 0.00977111235 -0.00476619834 0.00489772018
v 0.0100580761 -0.00421057688 0.00456614047
vn 0.656842291 0.106252164 0.746504307
f 3658//1220 3659//1220 3660//1220
v 0.0100580761 -0.00421057688 0.00456614047
v 0.00977111235 -0.00476619834 0.00489772018
v 0.0101948939 -0.0049429494 0.00454999087
vn 0.656846464 0.106248125 0.746501207
f 3661//1221 3662//1221 3663//1221
v 0.0100580761 -0.00421057688 0.00456614047
v 0.0101948939 -0.0049429494 0.00454999087
v 0.0101656923 -0.00420817314 0.00442159269
vn 0.793668985 0.135190398 0.593138337
f 3664//1222 3665//1222 3666//1222
v 0.0101656923 -0.00420817314 0.00442159269
v 0.0101948939 -0.0049429494 0.00454999087
v 0.0102631683 -0.00494311843 0.004481412
vn 0.700875103 0.149720535 0.697393596
f 3667//1223 3668//1223 3669//1223
v 0.0101656923 -0.00420817314 0.00442159269
v 0.0102631683 -0.00494311843 0.004481412
v 0.0105196694 -0.00420026528 0.00394613482
vn 0.791431427 0.153133735 0.591765463
f 3670//1224 3671//1224 3672//1224
v 0.0105196694 -0.00420026528 0.00394613482
v 0.0102631683 -0.00494311843 0.004481412
v 0.0112928003 -0.0041829939 0.00290768384
vn 0.791428447 0.153136998 0.591768563
f 3673//1225 3674//1225 3675//1225
v 0.012306626 -0.00414085248 0.000388121611
v 0.0121623063 -0.0041513904 0.00101880985
v 0.0124864029 -0.00488473149 0.000421763281
vn 0.945789218 0.238541648 0.220410153
f 3676//1226 3677//1226 3678//1226
v 0.0124864029 -0.00488473149 0.000421763281
v 0.0121623063 -0.0041513904 0.00101880985
v 0.0121586807 -0.0041516549 0.00103462569
vn 0.945780516 0.238257363 0.220754623
f 3679//1227 3680//1227 3681//1227
v 0.0124864029 -0.00488473149 0.000421763281
v 0.0121586807 -0.0041516549 0.00103462569
v 0.0116177956 -0.00492142467 0.00259191589
vn 0.922925115 0.10232161 0.371132761
f 3682//1228 3683//1228 3684//1228
v 0.0116177956 -0.00492142467 0.00259191589
v 0.0121586807 -0.0041516549 0.00103462569
v 0.011468919 -0.00417661993 0.00252671423
vn 0.885482013 0.213142395 0.412906617
f 3685//1229 3686//1229 3687//1229
v 0.0116177956 -0.00492142467 0.00259191589
v 0.011468919 -0.00417661993 0.00252671423
v 0.0112928003 -0.0041829939 0.00290768384
vn 0.885478497 0.21314235 0.412914187
f 3688//1230 3689//1230 3690//1230
v 0.0102715427 -0.00497491658 0.00448710099
v 0.0110168885 -0.00528578227 0.00387552334
v 0.0116177956 -0.00492142467 0.00259191589
vn 0.640038013 0.606451809 0.471770674
f 3691//1231 3692//1231 3693//1231
v 0.0116177956 -0.00492142467 0.00259191589
v 0.0110168885 -0.00528578227 0.00387552334
v 0.0120167537 -0.00560823921 0.00279479567
vn 0.691114485 0.542515516 0.477532953
f 3694//1232 3695//1232 3696//1232
v 0.0116177956 -0.00492142467 0.00259191589
v 0.0120167537 -0.00560823921 0.00279479567
v 0.0124864029 -0.00488473149 0.000421763281
vn 0.775326312 0.544761777 0.319536835
f 3697//1233 3698//1233 3699//1233
v 0.0124864029 -0.00488473149 0.000421763281
v 0.0120167537 -0.00560823921 0.00279479567
v 0.012924266 -0.00556908175 0.000527699187
vn 0.774922371 0.545288861 0.319617599
f 3700//1234 3701//1234 3702//1234
v 0.0124864029 -0.00488473149 0.000421763281
v 0.012924266 -0.00556908175 0.000527699187
v 0.0130317193 -0.005220172 -0.00184864027
vn 0.828076005 0.548074782 0.117916033
f 3703//1235 3704//1235 3705//1235
v 0.0130317193 -0.005220172 -0.00184864027
v 0.012924266 -0.00556908175 0.000527699187
v 0.0133138681 -0.00547633693 -0.00184294162
vn 0.664242327 0.734686136 0.137907282
f 3706//1236 3707//1236 3708//1236
v 0.0126904845 -0.00410368992 -0.00184144638
v 0.0128331091 -0.00403460488 -0.00579743925
v 0.0126839764 0.00410684478 -0.00166091963
vn 0.999350727 -1.46605061e-07 0.0360293835
f 3709//1237 3710//1237 3711//1237
v 0.0126839764 0.00410684478 -0.00166091963
v 0.0128331091 -0.00403460488 -0.00579743925
v 0.0128331091 0.00403460534 -0.00579743925
vn 0.999350727 -1.19555122e-15 0.0360290967
f 3712//1238 3713//1238 3714//1238
v 0.0126175806 0.00593095645 0.00287588057
v 0.0122740064 0.0058054179 0.00312879053
v 0.012000937 0.00561851868 0.00300911092
vn 0.478947341 -0.847138643 0.230142459
f 3715//1239 3716//1239 3717//1239
v 0.010531296 0.00425490877 0.00414772611
v 0.0114522539 0.00421860721 0.00273292139
v 0.011602262 0.00494012842 0.00280460133
vn 0.814440906 -0.222562164 0.535865724
f 3718//1240 3719//1240 3720//1240
v 0.0128660854 0.00482509844 -0.00166689779
v 0.0124687366 0.00488986354 0.000645420689
v 0.0128537817 0.0047765919 -0.00166649406
vn 0.955381811 -0.240898266 0.170920044
f 3721//1241 3722//1241 3723//1241
v 0.0128537817 0.0047765919 -0.00166649406
v 0.0124687366 0.00488986354 0.000645420689
v 0.0123813711 0.0041600191 0.00044729223
vn 0.97198832 -0.162456617 0.169842601
f 3724//1242 3725//1242 3726//1242
v 0.0128537817 0.0047765919 -0.00166649406
v 0.0123813711 0.0041600191 0.00044729223
v 0.0126839764 0.00410684478 -0.00166091963
vn 0.959535897 -0.24207969 0.143834263
f 3727//1243 3728//1243 3729//1243
v 0.0116377743 0.00421129493 0.00244791945
v 0.0121076126 0.00417889655 0.00118384382
v 0.0124687366 0.00488986354 0.000645420689
vn 0.916021049 -0.203485399 0.345686525
f 3730//1244 3731//1244 3732//1244
v 0.0124687366 0.00488986354 0.000645420689
v 0.0121076126 0.00417889655 0.00118384382
v 0.0123188384 0.00416433113 0.000615533558
vn 0.916022778 -0.203493357 0.345677197
f 3733//1245 3734//1245 3735//1245
v 0.0124687366 0.00488986354 0.000645420689
v 0.0123188384 0.00416433113 0.000615533558
v 0.0123813711 0.0041600191 0.00044729223
vn 0.916018903 -0.203492984 0.345687717
f 3736//1246 3737//1246 3738//1246
v 0.0101404013 0.00426675333 0.00460559549
v 0.0103910649 0.00426043617 0.0043631494
v 0.0102518229 0.00497529889 0.00467689987
vn 0.681719482 -0.17860119 0.709478796
f 3739//1247 3740//1247 3741//1247
v 0.0102518229 0.00497529889 0.00467689987
v 0.0103910649 0.00426043617 0.0043631494
v 0.010531296 0.00425490877 0.00414772611
vn 0.834702909 -0.0767564923 0.54532516
f 3742//1248 3743//1248 3744//1248
v 0.00848711748 0.00430658832 0.00613349304
v 0.00880315807 0.00430045323 0.00589897018
v 0.00992139522 0.00488872686 0.00496820034
vn 0.592380822 0.131561458 0.794843733
f 3745//1249 3746//1249 3747//1249
v 0.00992139522 0.00488872686 0.00496820034
v 0.00880315807 0.00430045323 0.00589897018
v 0.0101404013 0.00426675333 0.00460559549
vn 0.68238765 -0.173678756 0.710058272
f 3748//1250 3749//1250 3750//1250
v 0.00992139522 0.00488872686 0.00496820034
v 0.0101404013 0.00426675333 0.00460559549
v 0.0101098679 0.00496522197 0.00481507601
vn 0.66416049 -0.187975064 0.723571837
f 3751//1251 3752//1251 3753//1251
v 0.0101098679 0.00496522197 0.00481507601
v 0.0101404013 0.00426675333 0.00460559549
v 0.0102518229 0.00497529889 0.00467689987
vn 0.692712307 -0.179233849 0.698587775
f 3754//1252 3755//1252 3756//1252
v 0.0101098679 0.00496522197 0.00481507601
v 0.0102518229 0.00497529889 0.00467689987
v 0.0102679236 0.00502937334 0.00468666106
vn 0.672269046 -0.320624113 0.667273939
f 3757//1253 3758//1253 3759//1253
v 0.010531296 0.00425490877 0.00414772611
v 0.011602262 0.00494012842 0.00280460133
v 0.0102518229 0.00497529889 0.00467689987
vn 0.804560483 -0.115744546 0.582482338
f 3760//1254 3761//1254 3762//1254
v 0.0102518229 0.00497529889 0.00467689987
v 0.011602262 0.00494012842 0.00280460133
v 0.0106308628 0.00517668109 0.00439178944
vn 0.667159319 -0.55956614 0.49171558
f 3763//1255 3764//1255 3765//1255
v 0.0102518229 0.00497529889 0.00467689987
v 0.0106308628 0.00517668109 0.00439178944
v 0.0102679236 0.00502937334 0.00468666106
vn 0.672266126 -0.320623815 0.667277038
f 3766//1256 3767//1256 3768//1256
v 0.0122740064 0.0058054179 0.00312879053
v 0.0119978404 0.00570450863 0.00333208148
v 0.012000937 0.00561851868 0.00300911092
vn 0.478948563 -0.847138703 0.230139717
f 3769//1257 3770//1257 3771//1257
v 0.012000937 0.00561851868 0.00300911092
v 0.0119978404 0.00570450863 0.00333208148
v 0.0116800601 0.00558839599 0.00356600247
vn 0.478942573 -0.847141862 0.230140507
f 3772//1258 3773//1258 3774//1258
v 0.012000937 0.00561851868 0.00300911092
v 0.0116800601 0.00558839599 0.00356600247
v 0.011602262 0.00494012842 0.00280460133
vn 0.735575497 -0.551065028 0.394025445
f 3775//1259 3776//1259 3777//1259
v 0.011602262 0.00494012842 0.00280460133
v 0.0116800601 0.00558839599 0.00356600247
v 0.0113311745 0.00546091935 0.003822817
vn 0.592571378 -0.642208457 0.486238003
f 3778//1260 3779//1260 3780//1260
v 0.011602262 0.00494012842 0.00280460133
v 0.0113311745 0.00546091935 0.003822817
v 0.0106308628 0.00517668109 0.00439178944
vn 0.635117233 -0.605944395 0.479017168
f 3781//1261 3782//1261 3783//1261
v 0.0135683483 0.00601859996 0.000926506764
v 0.0142040392 0.00615418423 0.00109761884
v 0.0138766719 0.00617512362 0.00229163398
vn 0.190209597 -0.97929281 0.0693242773
f 3784//1262 3785//1262 3786//1262
v 0.0129023371 0.00603500102 0.00266627246
v 0.0129054114 0.00557293603 0.000753095315
v 0.0129400678 0.00604042737 0.00265176385
vn 0.22433123 -0.947194576 0.229124188
f 3787//1263 3788//1263 3789//1263
v 0.0129400678 0.00604042737 0.00265176385
v 0.0129054114 0.00557293603 0.000753095315
v 0.0135683483 0.00601859996 0.000926506764
vn 0.511053503 -0.836740971 0.196694776
f 3790//1264 3791//1264 3792//1264
v 0.0129400678 0.00604042737 0.00265176385
v 0.0135683483 0.00601859996 0.000926506764
v 0.0132517861 0.00608525705 0.00253190543
vn 0.169889703 -0.982658088 0.0743004233
f 3793//1265 3794//1265 3795//1265
v 0.0132517861 0.00608525705 0.00253190543
v 0.0135683483 0.00601859996 0.000926506764
v 0.0138766719 0.00617512362 0.00229163398
vn 0.169887617 -0.982658505 0.0743000284
f 3796//1266 3797//1266 3798//1266
v 0.014683323 0.0061065401 -0.00162376114
v 0.0145281926 0.00613345066 -8.46557232e-05
v 0.0144426497 0.00609191647 -0.00163218251
vn 0.0598143451 -0.997933388 0.0234772451
f 3799//1267 3800//1267 3801//1267
v 0.0144426497 0.00609191647 -0.00163218251
v 0.0145281926 0.00613345066 -8.46557232e-05
v 0.0142040392 0.00615418423 0.00109761884
vn 0.0282144323 -0.999282658 0.0252602119
f 3802//1268 3803//1268 3804//1268
v 0.0144426497 0.00609191647 -0.00163218251
v 0.0142040392 0.00615418423 0.00109761884
v 0.0140206292 0.00593454484 -0.00164464908
vn 0.347587764 -0.936218977 0.0517379865
f 3805//1269 3806//1269 3807//1269
v 0.0140206292 0.00593454484 -0.00164464908
v 0.0142040392 0.00615418423 0.00109761884
v 0.0135683483 0.00601859996 0.000926506764
vn 0.191210613 -0.979350984 0.0656515285
f 3808//1270 3809//1270 3810//1270
v 0.0140206292 0.00593454484 -0.00164464908
v 0.0135683483 0.00601859996 0.000926506764
v 0.0139827868 0.00592043484 -0.0016457669
vn 0.345539808 -0.933950663 0.0913146883
f 3811//1271 3812//1271 3813//1271
v 0.0129023371 0.00603500102 0.00266627246
v 0.0126175806 0.00593095645 0.00287588057
v 0.0129054114 0.00557293603 0.000753095315
vn 0.467257857 -0.859239697 0.208271936
f 3814//1272 3815//1272 3816//1272
v 0.0129054114 0.00557293603 0.000753095315
v 0.0126175806 0.00593095645 0.00287588057
v 0.012000937 0.00561851868 0.00300911092
vn 0.477523148 -0.853474915 0.208691552
f 3817//1273 3818//1273 3819//1273
v 0.0129054114 0.00557293603 0.000753095315
v 0.012000937 0.00561851868 0.00300911092
v 0.0124687366 0.00488986354 0.000645420689
vn 0.774057508 -0.545496345 0.321354538
f 3820//1274 3821//1274 3822//1274
v 0.0124687366 0.00488986354 0.000645420689
v 0.012000937 0.00561851868 0.00300911092
v 0.011602262 0.00494012842 0.00280460133
vn 0.770608306 -0.549953818 0.322046012
f 3823//1275 3824//1275 3825//1275
v 0.0124687366 0.00488986354 0.000645420689
v 0.011602262 0.00494012842 0.00280460133
v 0.0116377743 0.00421129493 0.00244791945
vn 0.918183804 -0.137145996 0.371657699
f 3826//1276 3827//1276 3828//1276
v 0.0116377743 0.00421129493 0.00244791945
v 0.011602262 0.00494012842 0.00280460133
v 0.0114522539 0.00421860721 0.00273292139
vn 0.814440966 -0.222562164 0.535865605
f 3829//1277 3830//1277 3831//1277
v 0.0128660854 0.00482509844 -0.00166689779
v 0.0129251173 0.00505793933 -0.00166883576
v 0.0124687366 0.00488986354 0.000645420689
vn 0.955405653 -0.240802616 0.17092146
f 3832//1278 3833//1278 3834//1278
v 0.0124687366 0.00488986354 0.000645420689
v 0.0129251173 0.00505793933 -0.00166883576
v 0.0133111598 0.00548328878 -0.0016623463
vn 0.736299396 -0.669730663 0.096561335
f 3835//1279 3836//1279 3837//1279
v 0.0124687366 0.00488986354 0.000645420689
v 0.0133111598 0.00548328878 -0.0016623463
v 0.0129054114 0.00557293603 0.000753095315
vn 0.820429087 -0.549423635 0.158207983
f 3838//1280 3839//1280 3840//1280
v 0.0129054114 0.00557293603 0.000753095315
v 0.0133111598 0.00548328878 -0.0016623463
v 0.0133146541 0.00548713608 -0.00166228751
vn 0.73107177 -0.666159809 0.147530228
f 3841//1281 3842//1281 3843//1281
v 0.0129054114 0.00557293603 0.000753095315
v 0.0133146541 0.00548713608 -0.00166228751
v 0.0135683483 0.00601859996 0.000926506764
vn 0.53208524 -0.838154674 0.119925261
f 3844//1282 3845//1282 3846//1282
v 0.0135683483 0.00601859996 0.000926506764
v 0.0133146541 0.00548713608 -0.00166228751
v 0.0135672903 0.00576549629 -0.00165804068
vn 0.738410473 -0.671170294 0.0654250905
f 3847//1283 3848//1283 3849//1283
v 0.0135683483 0.00601859996 0.000926506764
v 0.0135672903 0.00576549629 -0.00165804068
v 0.0139827868 0.00592043484 -0.0016457669
vn 0.34556821 -0.933939755 0.0913188457
f 3850//1284 3851//1284 3852//1284
v 0.0143139651 0.0061748554 0.00228383066
v 0.014312366 0.00618149294 0.00238269987
v 0.0138766719 0.00617512362 0.00229163398
vn 0.000583492685 -0.997753263 0.0669930056
f 3853//1285 3854//1285 3855//1285
v 0.0138766719 0.00617512362 0.00229163398
v 0.014312366 0.00618149294 0.00238269987
v 0.0143086659 0.00626894366 0.00261468347
vn -0.0597614981 -0.934363723 0.351273388
f 3856//1286 3857//1286 3858//1286
v 0.0138766719 0.00617512362 0.00229163398
v 0.0143086659 0.00626894366 0.00261468347
v 0.0138959065 0.00627061538 0.00264356588
vn 0.0143617019 -0.965202451 0.261109114
f 3859//1287 3860//1287 3861//1287
v 0.0138959065 0.00627061538 0.00264356588
v 0.0143086659 0.00626894366 0.00261468347
v 0.0143083893 0.00627561472 0.00263237976
vn 0.0209090225 -0.935407639 0.352952272
f 3862//1288 3863//1288 3864//1288
v 0.0138959065 0.00627061538 0.00264356588
v 0.0143083893 0.00627561472 0.00263237976
v 0.0138960406 0.00627127336 0.00264598965
vn 0.0187756307 -0.965159357 0.260988235
f 3865//1289 3866//1289 3867//1289
v 0.0138960406 0.00627127336 0.00264598965
v 0.0143083893 0.00627561472 0.00263237976
v 0.0143051613 0.00635181088 0.00283450726
vn 0.0214977637 -0.935391963 0.35295856
f 3868//1290 3869//1290 3870//1290
v 0.0143004479 0.00670879288 0.00315110898
v 0.0139139472 0.00649744086 0.00297038327
v 0.0143033117 0.00649208855 0.00295891752
vn 0.0129130809 -0.663374364 0.748176277
f 3871//1291 3872//1291 3873//1291
v 0.0143033117 0.00649208855 0.00295891752
v 0.0139139472 0.00649744086 0.00297038327
v 0.0139137357 0.00649379333 0.00296649546
vn 0.0101099247 -0.729534805 0.683869004
f 3874//1292 3875//1292 3876//1292
v 0.0143033117 0.00649208855 0.00295891752
v 0.0139137357 0.00649379333 0.00296649546
v 0.0143051613 0.00635181088 0.00283450726
vn 0.0116502848 -0.663394928 0.74817878
f 3877//1293 3878//1293 3879//1293
v 0.0143051613 0.00635181088 0.00283450726
v 0.0139137357 0.00649379333 0.00296649546
v 0.0139024472 0.00630307384 0.00276319031
vn -0.0331637748 -0.727999926 0.684774637
f 3880//1294 3881//1294 3882//1294
v 0.0143051613 0.00635181088 0.00283450726
v 0.0139024472 0.00630307384 0.00276319031
v 0.0138960406 0.00627127336 0.00264598965
vn 0.0710049048 -0.963642597 0.257587284
f 3883//1295 3884//1295 3885//1295
v 0.0142994924 0.00717469864 0.00326627959
v 0.0139312353 0.0071728453 0.0032727099
v 0.0139308656 0.00708019082 0.00326814037
vn 0.017685961 -0.0493205376 0.998626411
f 3886//1296 3887//1296 3888//1296
v 0.0142994924 0.00717469864 0.00326627959
v 0.0139308656 0.00708019082 0.00326814037
v 0.0143001825 0.00683790445 0.0031830247
vn 0.0662463829 -0.239319414 0.968678296
f 3889//1297 3890//1297 3891//1297
v 0.0143001825 0.00683790445 0.0031830247
v 0.0139308656 0.00708019082 0.00326814037
v 0.0139258103 0.0068298867 0.0031809106
vn 0.00171599945 -0.329114735 0.944288373
f 3892//1298 3893//1298 3894//1298
v 0.0143001825 0.00683790445 0.0031830247
v 0.0139258103 0.0068298867 0.0031809106
v 0.0143002216 0.00681968033 0.0031785199
vn -0.000342773012 -0.239970028 0.970780253
f 3895//1299 3896//1299 3897//1299
v 0.0143002216 0.00681968033 0.0031785199
v 0.0139258103 0.0068298867 0.0031809106
v 0.0139256632 0.00682262285 0.00317837927
vn -0.00293969712 -0.329036117 0.944312751
f 3898//1300 3899//1300 3900//1300
v 0.0143002216 0.00681968033 0.0031785199
v 0.0139256632 0.00682262285 0.00317837927
v 0.0143004479 0.00670879288 0.00315110898
vn -0.00224999455 -0.239976928 0.970775962
f 3901//1301 3902//1301 3903//1301
v 0.0143004479 0.00670879288 0.00315110898
v 0.0139256632 0.00682262285 0.00317837927
v 0.0139217582 0.00662938785 0.00311103743
vn -0.0310414489 -0.328367412 0.944039881
f 3904//1302 3905//1302 3906//1302
v 0.0143004479 0.00670879288 0.00315110898
v 0.0139217582 0.00662938785 0.00311103743
v 0.0139139472 0.00649744086 0.00297038327
vn 0.0809888542 -0.729164898 0.679528773
f 3907//1303 3908//1303 3909//1303
v 0.0143139651 0.0061748554 0.00228383066
v 0.0138766719 0.00617512362 0.00229163398
v 0.0142040392 0.00615418423 0.00109761884
vn -0.000301852066 -0.999847651 0.0174515247
f 3910//1304 3911//1304 3912//1304
v 0.161017537 0.00617512362 0.00502629532
v 0.160799414 0.00617492478 0.00501029519
v 0.16072078 0.00615423499 0.00382364099
vn -0.000369087909 -0.999847531 0.0174572021
f 3913//1305 3914//1305 3915//1305
v 0.16072078 0.00615423499 0.00382364099
v 0.160799414 0.00617492478 0.00501029519
v 0.160580844 0.0061748554 0.00500224903
vn -0.000325163419 -0.999847591 0.0174542926
f 3916//1306 3917//1306 3918//1306
v 0.16072078 0.00615423499 0.00382364099
v 0.160580844 0.0061748554 0.00500224903
v 0.160492271 0.00613815011 0.00289756735
vn -0.000346542045 -0.999847651 0.0174517538
f 3919//1307 3920//1307 3921//1307
v 0.0148324547 0.00603430066 -0.00576028088
v 0.160361618 0.00603430066 -0.00305557321
v 0.014683323 0.0061065401 -0.00162376114
vn -0.000324304128 -0.99984771 0.0174494684
f 3922//1308 3923//1308 3924//1308
v 0.014683323 0.0061065401 -0.00162376114
v 0.160361618 0.00603430066 -0.00305557321
v 0.160356939 0.0061065401 0.00108363118
vn -0.000324304128 -0.99984771 0.0174494684
f 3925//1309 3926//1309 3927//1309
v 0.014683323 0.0061065401 -0.00162376114
v 0.160356939 0.0061065401 0.00108363118
v 0.0145281926 0.00613345066 -8.46557232e-05
vn -0.000324299181 -0.99984771 0.0174492002
f 3928//1310 3929//1310 3930//1310
v 0.0145281926 0.00613345066 -8.46557232e-05
v 0.160356939 0.0061065401 0.00108363118
v 0.160492271 0.00613815011 0.00289756735
vn -0.00032428751 -0.99984771 0.0174477436
f 3931//1311 3932//1311 3933//1311
v 0.0145281926 0.00613345066 -8.46557232e-05
v 0.160492271 0.00613815011 0.00289756735
v 0.0142040392 0.00615418423 0.00109761884
vn -0.000324240566 -0.99984777 0.0174454469
f 3934//1312 3935//1312 3936//1312
v 0.0142040392 0.00615418423 0.00109761884
v 0.160492271 0.00613815011 0.00289756735
v 0.160580844 0.0061748554 0.00500224903
vn -0.00032430666 -0.999847651 0.0174508188
f 3937//1313 3938//1313 3939//1313
v 0.0142040392 0.00615418423 0.00109761884
v 0.160580844 0.0061748554 0.00500224903
v 0.0143139651 0.0061748554 0.00228383066
vn -0.000324381166 -0.999847651 0.0174536128
f 3940//1314 3941//1314 3942//1314
v 0.160927087 0.00707962876 0.00600014254
v 0.160926566 0.0071728453 0.00600466691
v 0.160558805 0.00717469864 0.00598455733
vn -0.0547784902 -0.0487175398 0.997309327
f 3943//1315 3944//1315 3945//1315
v 0.160799414 0.00617492478 0.00501029519
v 0.161017537 0.00617512362 0.00502629532
v 0.160985455 0.0062698219 0.00537494477
vn -0.0182287712 -0.965298593 0.260511696
f 3946//1316 3947//1316 3948//1316
v 0.160580844 0.0061748554 0.00500224903
v 0.160799414 0.00617492478 0.00501029519
v 0.160573751 0.00626397179 0.00533746555
vn -0.00914447382 -0.966439366 0.256731927
f 3949//1317 3950//1317 3951//1317
v 0.160573751 0.00626397179 0.00533746555
v 0.160799414 0.00617492478 0.00501029519
v 0.160985455 0.0062698219 0.00537494477
vn -0.00961045828 -0.966514766 0.256431043
f 3952//1318 3953//1318 3954//1318
v 0.160573751 0.00626397179 0.00533746555
v 0.160985455 0.0062698219 0.00537494477
v 0.160573378 0.00626879744 0.00535561889
vn -0.00963630993 -0.966442108 0.256703705
f 3955//1319 3956//1319 3957//1319
v 0.160573378 0.00626879744 0.00535561889
v 0.160985455 0.0062698219 0.00537494477
v 0.160985231 0.0062704673 0.00537732011
vn -0.00985755119 -0.965192437 0.261354953
f 3958//1320 3959//1320 3960//1320
v 0.160573378 0.00626879744 0.00535561889
v 0.160985231 0.0062704673 0.00537732011
v 0.160571039 0.00629813457 0.00546597224
vn -0.00960839447 -0.966437519 0.256722033
f 3961//1321 3962//1321 3963//1321
v 0.160571039 0.00629813457 0.00546597224
v 0.160985231 0.0062704673 0.00537732011
v 0.160974324 0.00630265661 0.0054958309
vn -0.00852937996 -0.965199172 0.261376798
f 3964//1322 3965//1322 3966//1322
v 0.160571039 0.00629813457 0.00546597224
v 0.160974324 0.00630265661 0.0054958309
v 0.16056636 0.00649409788 0.00567923952
vn -0.0417601503 -0.736162424 0.675515294
f 3967//1323 3968//1323 3969//1323
v 0.160974324 0.00630265661 0.0054958309
v 0.160955429 0.00649378728 0.00569935143
v 0.16056636 0.00649409788 0.00567923952
vn -0.035856273 -0.730137527 0.682358801
f 3970//1324 3971//1324 3972//1324
v 0.16056636 0.00649409788 0.00567923952
v 0.160955429 0.00649378728 0.00569935143
v 0.160955191 0.00649607554 0.00570178824
vn -0.0358537436 -0.730184019 0.682309151
f 3973//1325 3974//1325 3975//1325
v 0.16056636 0.00649409788 0.00567923952
v 0.160955191 0.00649607554 0.00570178824
v 0.160563335 0.0066209496 0.00581729272
vn -0.0354427323 -0.73627311 0.67575568
f 3976//1326 3977//1326 3978//1326
v 0.160563335 0.0066209496 0.00581729272
v 0.160955191 0.00649607554 0.00570178824
v 0.160942078 0.00662870612 0.00584301632
vn -0.0314154699 -0.730041027 0.682680845
f 3979//1327 3980//1327 3981//1327
v 0.160563335 0.0066209496 0.00581729272
v 0.160942078 0.00662870612 0.00584301632
v 0.160561457 0.00682441518 0.00588993262
vn -0.0569647104 -0.336149573 0.940084279
f 3982//1328 3983//1328 3984//1328
v 0.160942078 0.00662870612 0.00584301632
v 0.16093564 0.00682265218 0.00591059774
v 0.160561457 0.00682441518 0.00588993262
vn -0.0536022596 -0.330165356 0.942399919
f 3985//1329 3986//1329 3987//1329
v 0.160561457 0.00682441518 0.00588993262
v 0.16093564 0.00682265218 0.00591059774
v 0.160935357 0.00683105178 0.00591352489
vn -0.0536023155 -0.330161482 0.94240129
f 3988//1330 3989//1330 3990//1330
v 0.160561457 0.00682441518 0.00588993262
v 0.160935357 0.00683105178 0.00591352489
v 0.160561293 0.00684221322 0.00589628657
vn -0.0533613674 -0.336194366 0.940279722
f 3991//1331 3992//1331 3993//1331
v 0.160561293 0.00684221322 0.00589628657
v 0.160935357 0.00683105178 0.00591352489
v 0.160927087 0.00707962876 0.00600014254
vn -0.0532799736 -0.33016184 0.942419469
f 3994//1332 3995//1332 3996//1332
v 0.160561293 0.00684221322 0.00589628657
v 0.160927087 0.00707962876 0.00600014254
v 0.160559133 0.00707571581 0.00597965065
vn -0.0488024801 -0.336227745 0.940515399
f 3997//1333 3998//1333 3999//1333
v 0.160559133 0.00707571581 0.00597965065
v 0.160927087 0.00707962876 0.00600014254
v 0.160558805 0.00717469864 0.00598455733
vn -0.0550099984 -0.0496237986 0.997251928
f 4000//1334 4001//1334 4002//1334
v 0.16460976 0.00426633237 0.00746102678
v 0.164645836 0.00426721154 0.00749608083
v 0.164537132 0.00499165757 0.00756028015
vn -0.685286164 -0.165665135 0.70918113
f 4003//1335 4004//1335 4005//1335
v 0.160356939 0.0061065401 0.00108363118
v 0.161040813 0.00593329826 0.00108742737
v 0.160492271 0.00613815011 0.00289756735
vn -0.245600298 -0.968731701 0.0352049097
f 4006//1336 4007//1336 4008//1336
v 0.160492271 0.00613815011 0.00289756735
v 0.161040813 0.00593329826 0.00108742737
v 0.161372066 0.00602031359 0.00367454602
vn -0.181154311 -0.981846511 0.0562185049
f 4009//1337 4010//1337 4011//1337
v 0.160492271 0.00613815011 0.00289756735
v 0.161372066 0.00602031359 0.00367454602
v 0.16072078 0.00615423499 0.00382364099
vn -0.187111124 -0.980303764 0.0631975234
f 4012//1338 4013//1338 4014//1338
v 0.16072078 0.00615423499 0.00382364099
v 0.161372066 0.00602031359 0.00367454602
v 0.16163294 0.00607245322 0.00530133722
vn -0.187508702 -0.980336368 0.0614901669
f 4015//1339 4016//1339 4017//1339
v 0.16072078 0.00615423499 0.00382364099
v 0.16163294 0.00607245322 0.00530133722
v 0.161017537 0.00617512362 0.00502629532
vn -0.192167476 -0.979245067 0.0644263476
f 4018//1340 4019//1340 4020//1340
v 0.162038416 0.00557990279 0.00352639938
v 0.162859008 0.00562544027 0.00581598328
v 0.162653342 0.00579704251 0.00590997888
vn -0.56452632 -0.796063542 0.218157947
f 4021//1341 4022//1341 4023//1341
v 0.162653342 0.00579704251 0.00590997888
v 0.16228722 0.00593167404 0.00563963549
v 0.162038416 0.00557990279 0.00352639938
vn -0.463936776 -0.863379359 0.198339924
f 4024//1342 4025//1342 4026//1342
v 0.162038416 0.00557990279 0.00352639938
v 0.16228722 0.00593167404 0.00563963549
v 0.162129804 0.00598955806 0.00552340271
vn -0.463932604 -0.863381624 0.19833982
f 4027//1343 4028//1343 4029//1343
v 0.162038416 0.00557990279 0.00352639938
v 0.162129804 0.00598955806 0.00552340271
v 0.161372066 0.00602031359 0.00367454602
vn -0.510207176 -0.837613702 0.19517149
f 4030//1344 4031//1344 4032//1344
v 0.161372066 0.00602031359 0.00367454602
v 0.162129804 0.00598955806 0.00552340271
v 0.161946356 0.00602016272 0.00544141652
vn -0.19115898 -0.9795959 0.0620497987
f 4033//1345 4034//1345 4035//1345
v 0.161372066 0.00602031359 0.00367454602
v 0.161946356 0.00602016272 0.00544141652
v 0.16163294 0.00607245322 0.00530133722
vn -0.191170692 -0.979593337 0.0620536059
f 4036//1346 4037//1346 4038//1346
v 0.163504392 0.00546091935 0.00665100664
v 0.163085505 0.00562829897 0.00626011565
v 0.162859008 0.00562544027 0.00581598328
vn -0.583373666 -0.753823876 0.302365243
f 4039//1347 4040//1347 4041//1347
v 0.162859008 0.00562544027 0.00581598328
v 0.163085505 0.00562829897 0.00626011565
v 0.163046211 0.00564400014 0.00622344762
vn -0.583310843 -0.75388515 0.302333623
f 4042//1348 4043//1348 4044//1348
v 0.163046211 0.00564400014 0.00622344762
v 0.162905872 0.00570201455 0.0061023538
v 0.162859008 0.00562544027 0.00581598328
vn -0.572787046 -0.763639331 0.297942877
f 4045//1349 4046//1349 4047//1349
v 0.162859008 0.00562544027 0.00581598328
v 0.162905872 0.00570201455 0.0061023538
v 0.162858397 0.00572163798 0.00606139423
vn -0.572790146 -0.763637066 0.297942787
f 4048//1350 4049//1350 4050//1350
v 0.162859008 0.00562544027 0.00581598328
v 0.162858397 0.00572163798 0.00606139423
v 0.162653342 0.00579704251 0.00590997888
vn -0.52141732 -0.794877112 0.310313374
f 4051//1351 4052//1351 4053//1351
v 0.166260615 0.00430658832 0.00906576589
v 0.166196018 0.00433333917 0.0090164803
v 0.164645836 0.00426721154 0.00749608083
vn -0.654980779 -0.325456768 0.681966305
f 4054//1352 4055//1352 4056//1352
v 0.164645836 0.00426721154 0.00749608083
v 0.166196018 0.00433333917 0.0090164803
v 0.165744022 0.00452418765 0.00866195746
vn -0.663511097 -0.291192412 0.68917346
f 4057//1353 4058//1353 4059//1353
v 0.165744022 0.00452418765 0.00866195746
v 0.164849386 0.00489837117 0.00785867032
v 0.164645836 0.00426721154 0.00749608083
vn -0.697256982 -0.174537376 0.695247769
f 4060//1354 4061//1354 4062//1354
v 0.164645836 0.00426721154 0.00749608083
v 0.164849386 0.00489837117 0.00785867032
v 0.164653853 0.0049801534 0.00768310251
vn -0.697262168 -0.174533278 0.695243537
f 4063//1355 4064//1355 4065//1355
v 0.164645836 0.00426721154 0.00749608083
v 0.164653853 0.0049801534 0.00768310251
v 0.164537132 0.00499165757 0.00756028015
vn -0.722416341 -0.16783303 0.670780718
f 4066//1356 4067//1356 4068//1356
v 0.164537132 0.00499165757 0.00756028015
v 0.164653853 0.0049801534 0.00768310251
v 0.164524585 0.0050342204 0.00756703271
vn -0.703693092 -0.309069425 0.639759421
f 4069//1357 4070//1357 4071//1357
v 0.164537132 0.00499165757 0.00756028015
v 0.164524585 0.0050342204 0.00756703271
v 0.163266495 0.00495327869 0.00562559301
vn -0.790029883 -0.316353649 0.52514112
f 4072//1358 4073//1358 4074//1358
v 0.162015557 0.00522332452 0.00110091956
v 0.162161887 0.00483044097 0.0011079415
v 0.162480488 0.00490310183 0.00343452627
vn -0.928947926 -0.343554229 0.137935564
f 4075//1359 4076//1359 4077//1359
v 0.162480488 0.00490310183 0.00343452627
v 0.162161887 0.00483044097 0.0011079415
v 0.162185952 0.0047658449 0.00110909611
vn -0.928939223 -0.343578011 0.137935117
f 4078//1360 4079//1360 4080//1360
v 0.162480488 0.00490310183 0.00343452627
v 0.162185952 0.0047658449 0.00110909611
v 0.162602201 0.00416250899 0.00333795953
vn -0.974923432 -0.177698523 0.133968368
f 4081//1361 4082//1361 4083//1361
v 0.162602201 0.00416250899 0.00333795953
v 0.162185952 0.0047658449 0.00110909611
v 0.162341729 0.00434763683 0.0011165709
vn -0.934516907 -0.346651942 0.080687955
f 4084//1362 4085//1362 4086//1362
v 0.162602201 0.00416250899 0.00333795953
v 0.162341729 0.00434763683 0.0011165709
v 0.162356287 0.00410684478 0.00112078979
vn -0.992071688 -0.0579914488 0.111493208
f 4087//1363 4088//1363 4089//1363
v 0.161040813 0.00593329826 0.00108742737
v 0.161061063 0.005928169 0.00108753971
v 0.161372066 0.00602031359 0.00367454602
vn -0.245349586 -0.967323124 0.0639495924
f 4090//1364 4091//1364 4092//1364
v 0.161372066 0.00602031359 0.00367454602
v 0.161061063 0.005928169 0.00108753971
v 0.161308095 0.00586558878 0.00108891097
vn -0.245400339 -0.967309892 0.0639552251
f 4093//1365 4094//1365 4095//1365
v 0.161372066 0.00602031359 0.00367454602
v 0.161308095 0.00586558878 0.00108891097
v 0.162038416 0.00557990279 0.00352639938
vn -0.540387452 -0.839011014 0.0635758266
f 4096//1366 4097//1366 4098//1366
v 0.162038416 0.00557990279 0.00352639938
v 0.161308095 0.00586558878 0.00108891097
v 0.161722153 0.00548967905 0.00109593931
vn -0.668826759 -0.734579086 0.114299081
f 4099//1367 4100//1367 4101//1367
v 0.162038416 0.00557990279 0.00352639938
v 0.161722153 0.00548967905 0.00109593931
v 0.161740348 0.00547316531 0.00109624816
vn -0.668792307 -0.734610975 0.114295781
f 4102//1368 4103//1368 4104//1368
v 0.162602201 0.00416250899 0.00333795953
v 0.162628308 0.00416437909 0.00341187674
v 0.162480488 0.00490310183 0.00343452627
vn -0.923297822 -0.194899857 0.330960959
f 4105//1369 4106//1369 4107//1369
v 0.162480488 0.00490310183 0.00343452627
v 0.162628308 0.00416437909 0.00341187674
v 0.162829846 0.00417881878 0.00398267107
vn -0.923306584 -0.194900841 0.330935985
f 4108//1370 4109//1370 4110//1370
v 0.162480488 0.00490310183 0.00343452627
v 0.162829846 0.00417881878 0.00398267107
v 0.163266495 0.00495327869 0.00562559301
vn -0.922501147 -0.191200942 0.335311472
f 4111//1371 4112//1371 4113//1371
v 0.163266495 0.00495327869 0.00562559301
v 0.162829846 0.00417881878 0.00398267107
v 0.163382977 0.00421844795 0.00554921804
vn -0.925886631 -0.181215212 0.331504077
f 4114//1372 4115//1372 4116//1372
v 0.163266495 0.00495327869 0.00562559301
v 0.163382977 0.00421844795 0.00554921804
v 0.164537132 0.00499165757 0.00756028015
vn -0.819528639 -0.186227784 0.541933596
f 4117//1373 4118//1373 4119//1373
v 0.164537132 0.00499165757 0.00756028015
v 0.163382977 0.00421844795 0.00554921804
v 0.164309457 0.00425461028 0.00699301437
vn -0.829475582 -0.156436831 0.536188185
f 4120//1374 4121//1374 4122//1374
v 0.164537132 0.00499165757 0.00756028015
v 0.164309457 0.00425461028 0.00699301437
v 0.16460976 0.00426633237 0.00746102678
vn -0.829480529 -0.156430751 0.536182284
f 4123//1375 4124//1375 4125//1375
v 0.164524585 0.0050342204 0.00756703271
v 0.163504392 0.00546091935 0.00665100664
v 0.163266495 0.00495327869 0.00562559301
vn -0.657524168 -0.603360116 0.451241076
f 4126//1376 4127//1376 4128//1376
v 0.163266495 0.00495327869 0.00562559301
v 0.163504392 0.00546091935 0.00665100664
v 0.162859008 0.00562544027 0.00581598328
vn -0.708191276 -0.553490698 0.438307196
f 4129//1377 4130//1377 4131//1377
v 0.163266495 0.00495327869 0.00562559301
v 0.162859008 0.00562544027 0.00581598328
v 0.162480488 0.00490310183 0.00343452627
vn -0.778901935 -0.554953337 0.292127639
f 4132//1378 4133//1378 4134//1378
v 0.162480488 0.00490310183 0.00343452627
v 0.162859008 0.00562544027 0.00581598328
v 0.162038416 0.00557990279 0.00352639938
vn -0.782323897 -0.55054009 0.29133293
f 4135//1379 4136//1379 4137//1379
v 0.162480488 0.00490310183 0.00343452627
v 0.162038416 0.00557990279 0.00352639938
v 0.162015557 0.00522332452 0.00110091956
vn -0.828313291 -0.553130567 0.0891271159
f 4138//1380 4139//1380 4140//1380
v 0.162015557 0.00522332452 0.00110091956
v 0.162038416 0.00557990279 0.00352639938
v 0.161740348 0.00547316531 0.00109624816
vn -0.668827951 -0.734578073 0.114298709
f 4141//1381 4142//1381 4143//1381
v 0.162360951 -0.00403460534 -0.0030184146
v 0.162356481 -0.00410368992 0.000940144702
v 0.162360951 0.00403460534 -0.0030184146
vn -0.999999344 1.19049793e-15 -0.00112919055
f 4144//1382 4145//1382 4146//1382
v 0.162360951 0.00403460534 -0.0030184146
v 0.162356481 -0.00410368992 0.000940144702
v 0.162356287 0.00410684478 0.00112078979
vn -0.999999344 -1.42790157e-07 -0.00112948415
f 4147//1383 4148//1383 4149//1383
v 0.162464455 -0.00587262539 0.00562547287
v 0.162578687 -0.00582303852 0.00571756531
v 0.162863836 -0.00560115278 0.00559521047
vn -0.535737097 0.813412845 0.226595074
f 4150//1384 4151//1384 4152//1384
v 0.162181288 -0.00482404931 0.000927371671
v 0.162481472 -0.00487136422 0.00320841908
v 0.162194118 -0.00477131689 0.000928306719
vn -0.963764548 0.232010633 0.131639659
f 4153//1385 4154//1385 4155//1385
v 0.162194118 -0.00477131689 0.000928306719
v 0.162481472 -0.00487136422 0.00320841908
v 0.162593171 -0.00413972838 0.00311401905
vn -0.97744453 0.166071117 0.130470395
f 4156//1386 4157//1386 4158//1386
v 0.162194118 -0.00477131689 0.000928306719
v 0.162593171 -0.00413972838 0.00311401905
v 0.162356481 -0.00410368992 0.000940144702
vn -0.966320276 0.233082846 0.109075494
f 4159//1387 4160//1387 4161//1387
v 0.163222089 -0.00417123456 0.00502068829
v 0.162820682 -0.00415112544 0.00380375306
v 0.162481472 -0.00487136422 0.00320841908
vn -0.932818711 0.182518691 0.310702711
f 4162//1388 4163//1388 4164//1388
v 0.162481472 -0.00487136422 0.00320841908
v 0.162820682 -0.00415112544 0.00380375306
v 0.162618071 -0.00414097495 0.00318946503
vn -0.932818115 0.182515278 0.310706496
f 4165//1389 4166//1389 4167//1389
v 0.162481472 -0.00487136422 0.00320841908
v 0.162618071 -0.00414097495 0.00318946503
v 0.162593171 -0.00413972838 0.00311401905
vn -0.932810664 0.182514489 0.310729295
f 4168//1390 4169//1390 4170//1390
v 0.163412705 -0.0041765715 0.00534800906
v 0.163268417 -0.0049080248 0.00540821068
v 0.164275423 -0.00420072349 0.00682933489
vn -0.843905807 0.207203999 0.494863123
f 4171//1391 4172//1391 4173//1391
v 0.164275423 -0.00420072349 0.00682933489
v 0.163268417 -0.0049080248 0.00540821068
v 0.164531648 -0.0049405694 0.00737340655
vn -0.835573673 0.106911048 0.538875341
f 4174//1392 4175//1392 4176//1392
v 0.164275423 -0.00420072349 0.00682933489
v 0.164531648 -0.0049405694 0.00737340655
v 0.164308742 -0.00420165621 0.00688653206
vn -0.86140573 0.0714816675 0.502862334
f 4177//1393 4178//1393 4179//1393
v 0.164308742 -0.00420165621 0.00688653206
v 0.164531648 -0.0049405694 0.00737340655
v 0.164665505 -0.00420783926 0.00727305422
vn -0.71481663 0.221434489 0.663327932
f 4180//1394 4181//1394 4182//1394
v 0.164531648 -0.0049405694 0.00737340655
v 0.164639473 -0.00493088551 0.00746540166
v 0.164665505 -0.00420783926 0.00727305422
vn -0.644689918 0.218119517 0.732665539
f 4183//1395 4184//1395 4185//1395
v 0.164665505 -0.00420783926 0.00727305422
v 0.164639473 -0.00493088551 0.00746540166
v 0.165016413 -0.00476833154 0.007808947
vn -0.706170201 0.205661952 0.677515149
f 4186//1396 4187//1396 4188//1396
v 0.164665505 -0.00420783926 0.00727305422
v 0.165016413 -0.00476833154 0.007808947
v 0.165795505 -0.00422742311 0.00849730801
vn -0.720288932 0.187566519 0.667834282
f 4189//1397 4190//1397 4191//1397
v 0.165795505 -0.00422742311 0.00849730801
v 0.165016413 -0.00476833154 0.007808947
v 0.165651351 -0.00449452363 0.0083876187
vn -0.689400673 0.0762361139 0.720357418
f 4192//1398 4193//1398 4194//1398
v 0.165795505 -0.00422742311 0.00849730801
v 0.165651351 -0.00449452363 0.0083876187
v 0.166260839 -0.00423349952 0.0088778697
vn -0.632713795 0.0236026607 0.774025977
f 4195//1399 4196//1399 4197//1399
v 0.162578687 -0.00582303852 0.00571756531
v 0.16311425 -0.00559058692 0.0061492729
v 0.162863836 -0.00560115278 0.00559521047
vn -0.535728276 0.813412905 0.226615757
f 4198//1400 4199//1400 4200//1400
v 0.162863836 -0.00560115278 0.00559521047
v 0.16311425 -0.00559058692 0.0061492729
v 0.163184837 -0.00555995014 0.00620617159
vn -0.535731435 0.813410401 0.226617232
f 4201//1401 4202//1401 4203//1401
v 0.162863836 -0.00560115278 0.00559521047
v 0.163184837 -0.00555995014 0.00620617159
v 0.163268417 -0.0049080248 0.00540821068
vn -0.759077251 0.54084003 0.362344861
f 4204//1402 4205//1402 4206//1402
v 0.163268417 -0.0049080248 0.00540821068
v 0.163184837 -0.00555995014 0.00620617159
v 0.163816497 -0.00528578227 0.00671535498
vn -0.634525597 0.629780531 0.448055476
f 4207//1403 4208//1403 4209//1403
v 0.163268417 -0.0049080248 0.00540821068
v 0.163816497 -0.00528578227 0.00671535498
v 0.164531648 -0.0049405694 0.00737340655
vn -0.68942678 0.565604627 0.452528656
f 4210//1404 4211//1404 4212//1404
v 0.164531648 -0.0049405694 0.00737340655
v 0.163816497 -0.00528578227 0.00671535498
v 0.164529428 -0.00497834291 0.00736510381
vn -0.636815906 -0.12958464 0.76004827
f 4213//1405 4214//1405 4215//1405
v 0.164531648 -0.0049405694 0.00737340655
v 0.164529428 -0.00497834291 0.00736510381
v 0.164639473 -0.00493088551 0.00746540166
vn -0.63682127 -0.129583374 0.760043979
f 4216//1406 4217//1406 4218//1406
v 0.161369234 -0.00601313822 0.00344428583
v 0.162005976 -0.00600469159 0.00537368795
v 0.162041739 -0.00556203024 0.00329749449
vn -0.523335934 0.835188627 0.169054538
f 4219//1407 4220//1407 4221//1407
v 0.162041739 -0.00556203024 0.00329749449
v 0.162005976 -0.00600469159 0.00537368795
v 0.162318513 -0.00593596417 0.00550784031
vn -0.289674252 0.937090993 0.194805771
f 4222//1408 4223//1408 4224//1408
v 0.160725862 -0.00615013437 0.00358875794
v 0.161077783 -0.00617485028 0.00501180859
v 0.161369234 -0.00601313822 0.00344428583
vn -0.193853557 0.978878617 0.0649414361
f 4225//1409 4226//1409 4227//1409
v 0.161369234 -0.00601313822 0.00344428583
v 0.161077783 -0.00617485028 0.00501180859
v 0.161256194 -0.0061695599 0.00505187316
vn -0.0504165031 0.994369268 0.09320914
f 4228//1410 4229//1410 4230//1410
v 0.161256194 -0.0061695599 0.00505187316
v 0.161409467 -0.0061358572 0.00511765899
v 0.161369234 -0.00601313822 0.00344428583
vn -0.24544701 0.966365397 0.0767703801
f 4231//1411 4232//1411 4233//1411
v 0.161369234 -0.00601313822 0.00344428583
v 0.161409467 -0.0061358572 0.00511765899
v 0.161757737 -0.00605927408 0.00526714511
vn -0.245445073 0.966365874 0.0767703727
f 4234//1412 4235//1412 4236//1412
v 0.161369234 -0.00601313822 0.00344428583
v 0.161757737 -0.00605927408 0.00526714511
v 0.162005976 -0.00600469159 0.00537368795
vn -0.245440364 0.966367185 0.0767693967
f 4237//1413 4238//1413 4239//1413
v 0.160357133 -0.0061033871 0.000902971602
v 0.160467461 -0.00613198616 0.00254388014
v 0.160750061 -0.00606429297 0.000904100481
vn -0.0990445912 0.994793594 0.0239969883
f 4240//1414 4241//1414 4242//1414
v 0.160750061 -0.00606429297 0.000904100481
v 0.160467461 -0.00613198616 0.00254388014
v 0.160725862 -0.00615013437 0.00358875794
vn -0.0568633191 0.997888267 0.0313945226
f 4243//1415 4244//1415 4245//1415
v 0.160750061 -0.00606429297 0.000904100481
v 0.160725862 -0.00615013437 0.00358875794
v 0.161031365 -0.00593184866 0.000906731177
vn -0.426028937 0.904361963 0.025075119
f 4246//1416 4247//1416 4248//1416
v 0.161031365 -0.00593184866 0.000906731177
v 0.160725862 -0.00615013437 0.00358875794
v 0.161369234 -0.00601313822 0.00344428583
vn -0.195574075 0.979007542 0.0574017577
f 4249//1417 4250//1417 4251//1417
v 0.161031365 -0.00593184866 0.000906731177
v 0.161369234 -0.00601313822 0.00344428583
v 0.161054432 -0.00592099177 0.000906946894
vn -0.425064892 0.901119351 0.0854621083
f 4252//1418 4253//1418 4254//1418
v 0.162181288 -0.00482404931 0.000927371671
v 0.162133157 -0.00502198469 0.000923862041
v 0.162481472 -0.00487136422 0.00320841908
vn -0.963751554 0.232064947 0.131639078
f 4255//1419 4256//1419 4257//1419
v 0.162481472 -0.00487136422 0.00320841908
v 0.162133157 -0.00502198469 0.000923862041
v 0.161752254 -0.0054901801 0.000915258192
vn -0.774120152 0.628387511 0.0765973106
f 4258//1420 4259//1420 4260//1420
v 0.162481472 -0.00487136422 0.00320841908
v 0.161752254 -0.0054901801 0.000915258192
v 0.162041739 -0.00556203024 0.00329749449
vn -0.830782473 0.544082463 0.117365845
f 4261//1421 4262//1421 4263//1421
v 0.162041739 -0.00556203024 0.00329749449
v 0.161752254 -0.0054901801 0.000915258192
v 0.16174297 -0.00550158788 0.000915048411
vn -0.771778524 0.625831723 0.112661362
f 4264//1422 4265//1422 4266//1422
v 0.162041739 -0.00556203024 0.00329749449
v 0.16174297 -0.00550158788 0.000915048411
v 0.161369234 -0.00601313822 0.00344428583
vn -0.541367173 0.836051881 0.0891001299
f 4267//1423 4268//1423 4269//1423
v 0.161369234 -0.00601313822 0.00344428583
v 0.16174297 -0.00550158788 0.000915048411
v 0.161617383 -0.00565594062 0.000912211952
vn -0.775755227 0.630900562 0.0129728541
f 4270//1424 4271//1424 4272//1424
v 0.161369234 -0.00601313822 0.00344428583
v 0.161617383 -0.00565594062 0.000912211952
v 0.161054432 -0.00592099177 0.000906946894
vn -0.42506358 0.901120007 0.0854619667
f 4273//1425 4274//1425 4275//1425
v 0.162318513 -0.00593596417 0.00550784031
v 0.162464455 -0.00587262539 0.00562547287
v 0.162041739 -0.00556203024 0.00329749449
vn -0.524280906 0.82638818 0.205455914
f 4276//1426 4277//1426 4278//1426
v 0.162041739 -0.00556203024 0.00329749449
v 0.162464455 -0.00587262539 0.00562547287
v 0.162863836 -0.00560115278 0.00559521047
vn -0.53923738 0.81635952 0.20683375
f 4279//1427 4280//1427 4281//1427
v 0.162041739 -0.00556203024 0.00329749449
v 0.162863836 -0.00560115278 0.00559521047
v 0.162481472 -0.00487136422 0.00320841908
vn -0.789387167 0.540201962 0.291632831
f 4282//1428 4283//1428 4284//1428
v 0.162481472 -0.00487136422 0.00320841908
v 0.162863836 -0.00560115278 0.00559521047
v 0.163268417 -0.0049080248 0.00540821068
vn -0.789791763 0.53966409 0.291533202
f 4285//1429 4286//1429 4287//1429
v 0.162481472 -0.00487136422 0.00320841908
v 0.163268417 -0.0049080248 0.00540821068
v 0.163222089 -0.00417123456 0.00502068829
vn -0.934350669 0.118083887 0.336221725
f 4288//1430 4289//1430 4290//1430
v 0.163222089 -0.00417123456 0.00502068829
v 0.163268417 -0.0049080248 0.00540821068
v 0.163412705 -0.0041765715 0.00534800906
vn -0.843912065 0.207204342 0.494852334
f 4291//1431 4292//1431 4293//1431
v 0.163184837 -0.00555995014 0.00620617159
v 0.16311425 -0.00559058692 0.0061492729
v 0.16313459 -0.0057227076 0.0062782485
vn -0.669264853 0.463716209 0.580561638
f 4294//1432 4295//1432 4296//1432
v 0.161049947 -0.00681769941 0.00589925749
v 0.161049858 -0.00682431366 0.0059017418
v 0.161788836 -0.00673338864 0.00601867447
vn -0.188109428 0.347392887 0.918658257
f 4297//1433 4298//1433 4299//1433
v 0.16104719 -0.0070484532 0.00598591752
v 0.161046907 -0.00717508281 0.00599402888
v 0.162074402 -0.00697896909 0.00613536127
vn -0.147887215 0.0635460988 0.98696059
f 4300//1434 4301//1434 4302//1434
v 0.16104719 -0.0070484532 0.00598591752
v 0.162074402 -0.00697896909 0.00613536127
v 0.161049858 -0.00682431366 0.0059017418
vn -0.157991722 0.348807275 0.923781395
f 4303//1435 4304//1435 4305//1435
v 0.161066711 -0.00626662467 0.00536589744
v 0.161063612 -0.00629220437 0.00546458969
v 0.161395758 -0.00624461565 0.0054385718
vn -0.118604138 0.962076008 0.245647848
f 4306//1436 4307//1436 4308//1436
v 0.161395758 -0.00624461565 0.0054385718
v 0.161063612 -0.00629220437 0.00546458969
v 0.161056697 -0.00649127364 0.00568519952
vn -0.0540111214 0.742181182 0.668019354
f 4309//1437 4310//1437 4311//1437
v 0.161395758 -0.00624461565 0.0054385718
v 0.161409467 -0.0061358572 0.00511765899
v 0.161256194 -0.0061695599 0.00505187316
vn -0.323049366 0.90041697 0.291356146
f 4312//1438 4313//1438 4314//1438
v 0.161066711 -0.00626662467 0.00536589744
v 0.161395758 -0.00624461565 0.0054385718
v 0.161066771 -0.00626603793 0.00536363292
vn -0.118582949 0.962105334 0.245543003
f 4315//1439 4316//1439 4317//1439
v 0.161066771 -0.00626603793 0.00536363292
v 0.161395758 -0.00624461565 0.0054385718
v 0.161256194 -0.0061695599 0.00505187316
vn -0.115140162 0.966555595 0.229157165
f 4318//1440 4319//1440 4320//1440
v 0.161066771 -0.00626603793 0.00536363292
v 0.161256194 -0.0061695599 0.00505187316
v 0.161077783 -0.00617485028 0.00501180859
vn -0.0842074677 0.965212584 0.247535303
f 4321//1441 4322//1441 4323//1441
v 0.162578687 -0.00582303852 0.00571756531
v 0.162464455 -0.00587262539 0.00562547287
v 0.162450492 -0.00601157825 0.00585427368
vn -0.610187113 0.6931355 0.383712023
f 4324//1442 4325//1442 4326//1442
v 0.162450492 -0.00601157825 0.00585427368
v 0.162464455 -0.00587262539 0.00562547287
v 0.162318513 -0.00593596417 0.00550784031
vn -0.610153317 0.693156898 0.383727074
f 4327//1443 4328//1443 4329//1443
v 0.162450492 -0.00601157825 0.00585427368
v 0.162318513 -0.00593596417 0.00550784031
v 0.161747545 -0.00620093197 0.00554457773
vn -0.379226387 0.863344371 0.332902223
f 4330//1444 4331//1444 4332//1444
v 0.161747545 -0.00620093197 0.00554457773
v 0.162318513 -0.00593596417 0.00550784031
v 0.162005976 -0.00600469159 0.00537368795
vn -0.36125344 0.835785568 0.413471252
f 4333//1445 4334//1445 4335//1445
v 0.161747545 -0.00620093197 0.00554457773
v 0.162005976 -0.00600469159 0.00537368795
v 0.161757737 -0.00605927408 0.00526714511
vn -0.361246198 0.835784078 0.41348052
f 4336//1446 4337//1446 4338//1446
v 0.161049858 -0.00682431366 0.0059017418
v 0.162074402 -0.00697896909 0.00613536127
v 0.161788836 -0.00673338864 0.00601867447
vn -0.18068698 0.242762357 0.95310998
f 4339//1447 4340//1447 4341//1447
v 0.161788836 -0.00673338864 0.00601867447
v 0.162074402 -0.00697896909 0.00613536127
v 0.162521854 -0.00673474232 0.00630244799
vn -0.360881478 0.0233521927 0.932319283
f 4342//1448 4343//1448 4344//1448
v 0.161788836 -0.00673338864 0.00601867447
v 0.162521854 -0.00673474232 0.00630244799
v 0.162523374 -0.00647082739 0.00622891635
vn -0.34882772 0.25339669 0.902280092
f 4345//1449 4346//1449 4347//1449
v 0.162523374 -0.00647082739 0.00622891635
v 0.162521854 -0.00673474232 0.00630244799
v 0.162589461 -0.0066978517 0.0063276873
vn -0.452448249 0.241764277 0.858394206
f 4348//1450 4349//1450 4350//1450
v 0.162523374 -0.00647082739 0.00622891635
v 0.162589461 -0.0066978517 0.0063276873
v 0.163124129 -0.00640603388 0.00652733352
vn -0.452472985 0.241752818 0.858384371
f 4351//1451 4352//1451 4353//1451
v 0.163862646 -0.0056916289 0.00696898438
v 0.1638221 -0.00554456329 0.00690752873
v 0.162464231 -0.00621842314 0.00607393449
vn -0.576613307 0.174566612 0.798150122
f 4354//1452 4355//1452 4356//1452
v 0.161052346 -0.00661612023 0.00582355447
v 0.161049947 -0.00681769941 0.00589925749
v 0.161748901 -0.00642585149 0.00582943577
vn -0.103669427 0.350760669 0.930709183
f 4357//1453 4358//1453 4359//1453
v 0.161748901 -0.00642585149 0.00582943577
v 0.161049947 -0.00681769941 0.00589925749
v 0.161788836 -0.00673338864 0.00601867447
vn -0.193402663 0.49583742 0.846605361
f 4360//1454 4361//1454 4362//1454
v 0.161748901 -0.00642585149 0.00582943577
v 0.161788836 -0.00673338864 0.00601867447
v 0.162464231 -0.00621842314 0.00607393449
vn -0.402167737 0.441379011 0.802150667
f 4363//1455 4364//1455 4365//1455
v 0.162464231 -0.00621842314 0.00607393449
v 0.161788836 -0.00673338864 0.00601867447
v 0.162523374 -0.00647082739 0.00622891635
vn -0.384541124 0.415905148 0.824106216
f 4366//1456 4367//1456 4368//1456
v 0.162464231 -0.00621842314 0.00607393449
v 0.162523374 -0.00647082739 0.00622891635
v 0.163862646 -0.0056916289 0.00696898438
vn -0.593027174 0.315812051 0.740662932
f 4369//1457 4370//1457 4371//1457
v 0.163862646 -0.0056916289 0.00696898438
v 0.162523374 -0.00647082739 0.00622891635
v 0.163124129 -0.00640603388 0.00652733352
vn -0.433252007 -0.105468273 0.895080507
f 4372//1458 4373//1458 4374//1458
v 0.163862646 -0.0056916289 0.00696898438
v 0.163124129 -0.00640603388 0.00652733352
v 0.163901702 -0.00583327515 0.00702817552
vn -0.61300993 0.154731154 0.774775505
f 4375//1459 4376//1459 4377//1459
v 0.161757737 -0.00605927408 0.00526714511
v 0.161409467 -0.0061358572 0.00511765899
v 0.161747545 -0.00620093197 0.00554457773
vn -0.361251146 0.835782468 0.413479507
f 4378//1460 4379//1460 4380//1460
v 0.161747545 -0.00620093197 0.00554457773
v 0.161409467 -0.0061358572 0.00511765899
v 0.161395758 -0.00624461565 0.0054385718
vn -0.207584769 0.929119587 0.306015283
f 4381//1461 4382//1461 4383//1461
v 0.161747545 -0.00620093197 0.00554457773
v 0.161395758 -0.00624461565 0.0054385718
v 0.161390424 -0.00647211028 0.00575229945
vn -0.266738474 0.782376051 0.562795043
f 4384//1462 4385//1462 4386//1462
v 0.161390424 -0.00647211028 0.00575229945
v 0.161395758 -0.00624461565 0.0054385718
v 0.161056697 -0.00649127364 0.00568519952
vn -0.162054464 0.800164521 0.577473044
f 4387//1463 4388//1463 4389//1463
v 0.161390424 -0.00647211028 0.00575229945
v 0.161056697 -0.00649127364 0.00568519952
v 0.161056578 -0.00649455935 0.00568884052
vn -0.174148932 0.733903527 0.656549871
f 4390//1464 4391//1464 4392//1464
v 0.161056578 -0.00649455935 0.00568884052
v 0.161052346 -0.00661612023 0.00582355447
v 0.161390424 -0.00647211028 0.00575229945
vn -0.174164549 0.733790457 0.65667206
f 4393//1465 4394//1465 4395//1465
v 0.161390424 -0.00647211028 0.00575229945
v 0.161052346 -0.00661612023 0.00582355447
v 0.161748901 -0.00642585149 0.00582943577
vn -0.223136887 0.799663663 0.557447731
f 4396//1466 4397//1466 4398//1466
v 0.161390424 -0.00647211028 0.00575229945
v 0.161748901 -0.00642585149 0.00582943577
v 0.161747545 -0.00620093197 0.00554457773
vn -0.228488296 0.763548017 0.603976488
f 4399//1467 4400//1467 4401//1467
v 0.161747545 -0.00620093197 0.00554457773
v 0.161748901 -0.00642585149 0.00582943577
v 0.162464231 -0.00621842314 0.00607393449
vn -0.402391106 0.717560768 0.568496168
f 4402//1468 4403//1468 4404//1468
v 0.161747545 -0.00620093197 0.00554457773
v 0.162464231 -0.00621842314 0.00607393449
v 0.162450492 -0.00601157825 0.00585427368
vn -0.448011041 0.63672477 0.627588749
f 4405//1469 4406//1469 4407//1469
v 0.162450492 -0.00601157825 0.00585427368
v 0.162464231 -0.00621842314 0.00607393449
v 0.16313459 -0.0057227076 0.0062782485
vn -0.593445778 0.567118883 0.571137726
f 4408//1470 4409//1470 4410//1470
v 0.162450492 -0.00601157825 0.00585427368
v 0.16313459 -0.0057227076 0.0062782485
v 0.162578687 -0.00582303852 0.00571756531
vn -0.565606117 0.700337172 0.435451061
f 4411//1471 4412//1471 4413//1471
v 0.162578687 -0.00582303852 0.00571756531
v 0.16313459 -0.0057227076 0.0062782485
v 0.16311425 -0.00559058692 0.0061492729
vn -0.669262409 0.463717967 0.580563068
f 4414//1472 4415//1472 4416//1472
v 0.163816497 -0.00528578227 0.00671535498
v 0.163184837 -0.00555995014 0.00620617159
v 0.163819239 -0.0054126163 0.00680954335
vn -0.672193229 0.431985497 0.601285934
f 4417//1473 4418//1473 4419//1473
v 0.163819239 -0.0054126163 0.00680954335
v 0.163184837 -0.00555995014 0.00620617159
v 0.16313459 -0.0057227076 0.0062782485
vn -0.664584696 0.464401037 0.58537066
f 4420//1474 4421//1474 4422//1474
v 0.163819239 -0.0054126163 0.00680954335
v 0.16313459 -0.0057227076 0.0062782485
v 0.1638221 -0.00554456329 0.00690752873
vn -0.666682541 0.435006797 0.605230093
f 4423//1475 4424//1475 4425//1475
v 0.1638221 -0.00554456329 0.00690752873
v 0.16313459 -0.0057227076 0.0062782485
v 0.162464231 -0.00621842314 0.00607393449
vn -0.609904051 0.62280345 0.490033537
f 4426//1476 4427//1476 4428//1476
v 0.00379318208 0.00601760717 -0.0129404636
v 0.00405762298 0.00601775991 -0.0129442886
v 0.00352957915 0.00601715036 -0.0129191922
vn 0.00032517928 -0.999847829 -0.0174421445
f 4429//1477 4430//1477 4431//1477
v 0.00352957915 0.00601715036 -0.0129191922
v 0.00405762298 0.00601775991 -0.0129442886
v 0.171395943 0.00601775991 -0.00983425044
vn 0.000324452238 -0.999847531 -0.0174574349
f 4432//1478 4433//1478 4434//1478
v 0.00352957915 0.00601715036 -0.0129191922
v 0.171395943 0.00601775991 -0.00983425044
v 0.171922699 0.00601715036 -0.00978954975
vn 0.000324452238 -0.999847531 -0.0174574349
f 4435//1479 4436//1479 4437//1479
v 0.171922699 0.00601715036 -0.00978954975
v 0.171395943 0.00601775991 -0.00983425044
v 0.171660066 0.00601760717 -0.00982060097
vn 0.000323314802 -0.99984777 -0.017444035
f 4438//1480 4439//1480 4440//1480
v 0.171660066 0.00601760717 -0.00982060097
v 0.171395943 0.00601775991 -0.00983425044
v 0.171402559 0.00611870969 -0.0101901479
vn 0.0135331573 -0.962025046 -0.272625417
f 4441//1481 4442//1481 4443//1481
v 0.17140843 0.00634005619 -0.0105061634
v 0.172024891 0.00633550994 -0.0104574999
v 0.171405092 0.00615745829 -0.0103267552
vn 0.0510336198 -0.700409234 -0.711914659
f 4444//1482 4445//1482 4446//1482
v 0.171405092 0.00615745829 -0.0103267552
v 0.172024891 0.00633550994 -0.0104574999
v 0.171993792 0.00614461722 -0.0102556804
vn 0.0662069619 -0.729979038 -0.680255294
f 4447//1483 4448//1483 4449//1483
v 0.171405092 0.00615745829 -0.0103267552
v 0.171993792 0.00614461722 -0.0102556804
v 0.171402559 0.00611870969 -0.0101901479
vn 0.0119344285 -0.962036431 -0.272660017
f 4450//1484 4451//1484 4452//1484
v 0.17207253 0.0070131314 -0.0107607543
v 0.172071621 0.00692124246 -0.0107562505
v 0.171744287 0.00701551745 -0.0107995672
vn 0.116927892 -0.0497646406 -0.991892815
f 4453//1485 4454//1485 4455//1485
v 0.171744287 0.00701551745 -0.0107995672
v 0.172071621 0.00692124246 -0.0107562505
v 0.171412438 0.00665994082 -0.0107219219
vn 0.0527722836 -0.259802639 -0.964218676
f 4456//1486 4457//1486 4458//1486
v 0.171744287 0.00701551745 -0.0107995672
v 0.171412438 0.00665994082 -0.0107219219
v 0.171414196 0.00701760734 -0.0108166281
vn 0.0482828282 -0.255892277 -0.965498805
f 4459//1487 4460//1487 4461//1487
v 0.171922699 0.00601715036 -0.00978954975
v 0.171660066 0.00601760717 -0.00982060097
v 0.171975791 0.00611235434 -0.0101376986
vn 0.0290070698 -0.965295792 -0.259543031
f 4462//1488 4463//1488 4464//1488
v 0.171975791 0.00611235434 -0.0101376986
v 0.171660066 0.00601760717 -0.00982060097
v 0.171402559 0.00611870969 -0.0101901479
vn 0.0143271089 -0.961868763 -0.2731359
f 4465//1489 4466//1489 4467//1489
v 0.171975791 0.00611235434 -0.0101376986
v 0.171402559 0.00611870969 -0.0101901479
v 0.171976477 0.00611357251 -0.0101421541
vn 0.0132609308 -0.965013564 -0.261864364
f 4468//1490 4469//1490 4470//1490
v 0.171976477 0.00611357251 -0.0101421541
v 0.171402559 0.00611870969 -0.0101901479
v 0.171993792 0.00614461722 -0.0102556804
vn 0.0132611608 -0.965012848 -0.261867046
f 4471//1491 4472//1491 4473//1491
v 0.172071621 0.00692124246 -0.0107562505
v 0.172057524 0.00666426867 -0.0106673287
v 0.171412438 0.00665994082 -0.0107219219
vn 0.0818047822 -0.329920858 -0.940457463
f 4474//1492 4475//1492 4476//1492
v 0.171412438 0.00665994082 -0.0107219219
v 0.172057524 0.00666426867 -0.0106673287
v 0.172057226 0.00665894011 -0.0106654838
vn 0.0818037242 -0.329967022 -0.94044131
f 4477//1493 4478//1493 4479//1493
v 0.171412438 0.00665994082 -0.0107219219
v 0.172057226 0.00665894011 -0.0106654838
v 0.171411768 0.00652265456 -0.0106855705
vn 0.0839091837 -0.255449057 -0.963174462
f 4480//1494 4481//1494 4482//1494
v 0.171411768 0.00652265456 -0.0106855705
v 0.172057226 0.00665894011 -0.0106654838
v 0.172046885 0.00647058571 -0.010600307
vn 0.0989417136 -0.330253184 -0.938692391
f 4483//1495 4484//1495 4485//1495
v 0.171411768 0.00652265456 -0.0106855705
v 0.172046885 0.00647058571 -0.010600307
v 0.17140843 0.00634005619 -0.0105061634
vn 0.038199421 -0.700689018 -0.712443471
f 4486//1496 4487//1496 4488//1496
v 0.17140843 0.00634005619 -0.0105061634
v 0.172046885 0.00647058571 -0.010600307
v 0.172024891 0.00633550994 -0.0104574999
vn 0.0484906919 -0.729362786 -0.682406425
f 4489//1497 4490//1497 4491//1497
v 0.00342713576 0.00665518828 -0.0138043556
v 0.00341593404 0.00701313326 -0.0138952928
v 0.00407412089 0.00665994221 -0.013831961
vn -0.0394929945 -0.247200891 -0.96815908
f 4492//1498 4493//1498 4494//1498
v 0.00407412089 0.00665994221 -0.013831961
v 0.00341593404 0.00701313326 -0.0138952928
v 0.00374538358 0.00701551931 -0.013921883
vn -0.0743038803 -0.30851385 -0.948313296
f 4495//1499 4496//1499 4497//1499
v 0.00407412089 0.00665994221 -0.013831961
v 0.00374538358 0.00701551931 -0.013921883
v 0.00407588063 0.0070176078 -0.0139266662
vn -0.0123747448 -0.255890518 -0.966626585
f 4498//1500 4499//1500 4500//1500
v 0.0040642377 0.00611871015 -0.013300186
v 0.00405762298 0.00601775991 -0.0129442886
v 0.00379318208 0.00601760717 -0.0129404636
vn -0.00339269824 -0.962024748 -0.272941172
f 4501//1501 4502//1501 4503//1501
v 0.00342713576 0.00665518828 -0.0138043556
v 0.00407412089 0.00665994221 -0.013831961
v 0.0034307423 0.00653994223 -0.0137750758
vn -0.03949292 -0.247205034 -0.968158066
f 4504//1502 4505//1502 4506//1502
v 0.0034307423 0.00653994223 -0.0137750758
v 0.00407412089 0.00665994221 -0.013831961
v 0.00407344522 0.00652265456 -0.0137956087
vn -0.0377374962 -0.255613685 -0.966042221
f 4507//1503 4508//1503 4509//1503
v 0.0034307423 0.00653994223 -0.0137750758
v 0.00407344522 0.00652265456 -0.0137956087
v 0.0034525001 0.00633355975 -0.0135885393
vn -0.0416955911 -0.672370493 -0.739039481
f 4510//1504 4511//1504 4512//1504
v 0.0034525001 0.00633355975 -0.0135885393
v 0.00407344522 0.00652265456 -0.0137956087
v 0.00407011062 0.00634005712 -0.0136162015
vn -0.0245807897 -0.700407326 -0.713319957
f 4513//1505 4514//1505 4515//1505
v 0.0034525001 0.00633355975 -0.0135885393
v 0.00407011062 0.00634005712 -0.0136162015
v 0.00346795819 0.00618690206 -0.0134559833
vn -0.026087746 -0.67182368 -0.740251541
f 4516//1506 4517//1506 4518//1506
v 0.00346795819 0.00618690206 -0.0134559833
v 0.00407011062 0.00634005712 -0.0136162015
v 0.00406677648 0.00615745829 -0.0134367933
vn -0.0115926564 -0.700691819 -0.713369846
f 4519//1507 4520//1507 4521//1507
v 0.00346795819 0.00618690206 -0.0134559833
v 0.00406677648 0.00615745829 -0.0134367933
v 0.00348935649 0.00611838652 -0.0132697569
vn -0.0352375396 -0.939219117 -0.34150514
f 4522//1508 4523//1508 4524//1508
v 0.00348935649 0.00611838652 -0.0132697569
v 0.00406677648 0.00615745829 -0.0134367933
v 0.0040642377 0.00611871015 -0.013300186
vn -0.0139138764 -0.961886525 -0.273094624
f 4525//1509 4526//1509 4527//1509
v 0.00348935649 0.00611838652 -0.0132697569
v 0.0040642377 0.00611871015 -0.013300186
v 0.00351915811 0.00602297252 -0.013010419
vn -0.0176505577 -0.939006686 -0.343445569
f 4528//1510 4529//1510 4530//1510
v 0.00351915811 0.00602297252 -0.013010419
v 0.0040642377 0.00611871015 -0.013300186
v 0.00379318208 0.00601760717 -0.0129404636
vn 0.0424291268 -0.969703496 -0.24057205
f 4531//1511 4532//1511 4533//1511
v 0.00351915811 0.00602297252 -0.013010419
v 0.00379318208 0.00601760717 -0.0129404636
v 0.00352957915 0.00601715036 -0.0129191922
vn -0.00337908184 -0.997988462 -0.0633058399
f 4534//1512 4535//1512 4536//1512
v 0.00056033599 -0.00535873231 -0.0120554268
v 0.000511045975 -0.00529984152 -0.012039206
v 0.174971864 -0.00515792426 -0.00876010023
vn 0.0178171359 0.27933535 -0.960028291
f 4537//1513 4538//1513 4539//1513
v 0.000424627186 -0.00519659789 -0.0120107671
v 0.000369641202 -0.00501730293 -0.0119952029
v 0.000511045975 -0.00529984152 -0.012039206
vn -0.335046291 -0.0209772959 -0.941968143
f 4540//1514 4541//1514 4542//1514
v 0.000511045975 -0.00529984152 -0.012039206
v 0.000369641202 -0.00501730293 -0.0119952029
v 0.175046116 -0.00501730293 -0.0087487828
vn 0.0183341708 0.162815794 -0.986486137
f 4543//1515 4544//1515 4545//1515
v 0.000511045975 -0.00529984152 -0.012039206
v 0.175046116 -0.00501730293 -0.0087487828
v 0.174971864 -0.00515792426 -0.00876010023
vn 0.0186884571 0.0704037845 -0.997343481
f 4546//1516 4547//1516 4548//1516
v 0.174971864 -0.00515792426 -0.00876010023
v 0.175046116 -0.00501730293 -0.0087487828
v 0.17501761 -0.00514232274 -0.00875735283
vn 0.0396737419 0.0593319945 -0.997449577
f 4549//1517 4550//1517 4551//1517
v 0.17501761 -0.00514232274 -0.00875735283
v 0.174898162 -0.00529283984 -0.00880113151
v 0.174971864 -0.00515792426 -0.00876010023
vn -0.0508305021 0.315906674 -0.94742769
f 4552//1518 4553//1518 4554//1518
v 0.174971864 -0.00515792426 -0.00876010023
v 0.174898162 -0.00529283984 -0.00880113151
v 0.174846843 -0.00535751181 -0.00881994236
vn -0.0508391857 0.315910876 -0.947425842
f 4555//1519 4556//1519 4557//1519
v 0.174971864 -0.00515792426 -0.00876010023
v 0.174846843 -0.00535751181 -0.00881994236
v 0.00056033599 -0.00535873231 -0.0120554268
vn 0.0178333614 0.276884317 -0.960737765
f 4558//1520 4559//1520 4560//1520
v 0.00056033599 -0.00535873231 -0.0120554268
v 0.174846843 -0.00535751181 -0.00881994236
v 0.000872394536 -0.0055249529 -0.0121606989
vn 0.0154298674 0.55550009 -0.831373334
f 4561//1521 4562//1521 4563//1521
v 0.00056033599 -0.00535873231 -0.0120554268
v 0.000872394536 -0.0055249529 -0.0121606989
v 0.000582851644 -0.00538562657 -0.0120628346
vn -0.325317591 -0.0119124716 -0.945529759
f 4564//1522 4565//1522 4566//1522
v 0.174025983 -0.00573009811 -0.00913300551
v 0.173361823 -0.00593704171 -0.00938765984
v 0.173237652 -0.00594716845 -0.00942472648
vn 0.244218856 0.335707724 -0.909756839
f 4567//1523 4568//1523 4569//1523
v 0.174846843 -0.00535751181 -0.00881994236
v 0.174804032 -0.00541145867 -0.00883563329
v 0.000872394536 -0.0055249529 -0.0121606989
vn 0.0182523206 0.265858114 -0.963839352
f 4570//1524 4571//1524 4572//1524
v 0.000872394536 -0.0055249529 -0.0121606989
v 0.174804032 -0.00541145867 -0.00883563329
v 0.174596772 -0.0055522467 -0.00891415123
vn 0.0165829752 0.46827659 -0.883426309
f 4573//1525 4574//1525 4575//1525
v 0.000872394536 -0.0055249529 -0.0121606989
v 0.174596772 -0.0055522467 -0.00891415123
v 0.00124176405 -0.00570269208 -0.0122855455
vn 0.0151032927 0.595547915 -0.803177774
f 4576//1526 4577//1526 4578//1526
v 0.00124176405 -0.00570269208 -0.0122855455
v 0.174596772 -0.0055522467 -0.00891415123
v 0.174164042 -0.00568707893 -0.00908006914
vn 0.0119661046 0.760501087 -0.649226427
f 4579//1527 4580//1527 4581//1527
v 0.00124176405 -0.00570269208 -0.0122855455
v 0.174164042 -0.00568707893 -0.00908006914
v 0.00139262842 -0.00577528775 -0.0123365372
vn 0.0148398392 0.595190763 -0.803447366
f 4582//1528 4583//1528 4584//1528
v 0.00139262842 -0.00577528775 -0.0123365372
v 0.174164042 -0.00568707893 -0.00908006914
v 0.174025983 -0.00573009811 -0.00913300551
vn 0.0118450876 0.760659158 -0.649043381
f 4585//1529 4586//1529 4587//1529
v 0.00139262842 -0.00577528775 -0.0123365372
v 0.174025983 -0.00573009811 -0.00913300551
v 0.00144341891 -0.00579972705 -0.0123537034
vn 0.0147554362 0.595065534 -0.80354172
f 4588//1530 4589//1530 4590//1530
v 0.172487348 -0.00600836286 -0.00964871608
v 0.171510935 -0.00601715036 -0.00979720242
v 0.173237652 -0.00594716845 -0.00942472648
vn 0.0593416654 0.894479573 -0.443153322
f 4591//1531 4592//1531 4593//1531
v 0.173237652 -0.00594716845 -0.00942472648
v 0.171510935 -0.00601715036 -0.00979720242
v 0.00394133897 -0.00601715036 -0.0129115395
vn 0.00374276983 0.97950542 -0.201382995
f 4594//1532 4595//1532 4596//1532
v 0.173237652 -0.00594716845 -0.00942472648
v 0.00394133897 -0.00601715036 -0.0129115395
v 0.00345491688 -0.00601123972 -0.0128280642
vn 0.000931015355 0.99786973 -0.0652315766
f 4597//1533 4598//1533 4599//1533
v 0.00394133897 -0.00601715036 -0.0129115395
v 0.0037152085 -0.00601695245 -0.0128977131
v 0.00345491688 -0.00601123972 -0.0128280642
vn -0.0053381836 0.994816422 -0.101547167
f 4600//1534 4601//1534 4602//1534
v 0.00345491688 -0.00601123972 -0.0128280642
v 0.0037152085 -0.00601695245 -0.0128977131
v 0.00296857464 -0.0059805424 -0.0127488766
vn 0.117483318 0.924254417 0.363251269
f 4603//1535 4604//1535 4605//1535
v 0.00345491688 -0.00601123972 -0.0128280642
v 0.00296857464 -0.0059805424 -0.0127488766
v 0.173237652 -0.00594716845 -0.00942472648
vn 0.00621849438 0.944654882 -0.328006864
f 4606//1536 4607//1536 4608//1536
v 0.173237652 -0.00594716845 -0.00942472648
v 0.00296857464 -0.0059805424 -0.0127488766
v 0.00223891926 -0.00594496122 -0.0126034273
vn 0.00407068152 0.97587204 -0.218305364
f 4609//1537 4610//1537 4611//1537
v 0.173237652 -0.00594716845 -0.00942472648
v 0.00223891926 -0.00594496122 -0.0126034273
v 0.174025983 -0.00573009811 -0.00913300551
vn 0.0114740208 0.787114382 -0.616700292
f 4612//1538 4613//1538 4614//1538
v 0.174025983 -0.00573009811 -0.00913300551
v 0.00223891926 -0.00594496122 -0.0126034273
v 0.00207651523 -0.00593704125 -0.0125710536
vn 0.00326807308 0.975010157 -0.222136229
f 4615//1539 4616//1539 4617//1539
v 0.174025983 -0.00573009811 -0.00913300551
v 0.00207651523 -0.00593704125 -0.0125710536
v 0.00144341891 -0.00579972705 -0.0123537034
vn 0.00925871171 0.857339978 -0.514667332
f 4618//1540 4619//1540 4620//1540
v 0.174910262 0.00553040439 -0.00892379135
v 0.175143063 0.00541400257 -0.00883028749
v 0.17518498 0.00535800541 -0.00881254859
vn 0.362215281 -0.0240566637 -0.931783974
f 4621//1541 4622//1541 4623//1541
v 0.175230667 0.00529697211 -0.00879321527
v 0.175311491 0.00518899923 -0.00875901151
v 0.175340518 0.00501730293 -0.00874331035
vn 0.362304926 -0.023941569 -0.931752086
f 4624//1542 4625//1542 4626//1542
v 0.000129655193 0.0051586926 -0.012009711
v 7.52302076e-05 0.00501730293 -0.0120006744
v 7.53984641e-05 0.00507033383 -0.0120021095
vn -0.096047163 -0.0266217776 -0.995020688
f 4627//1543 4628//1543 4629//1543
v 7.53984641e-05 0.00507033383 -0.0120021095
v 0.000137345676 0.00525266584 -0.0120281633
v 0.000129655193 0.0051586926 -0.012009711
vn 0.198697582 -0.204467654 -0.958494782
f 4630//1544 4631//1544 4632//1544
v 0.000129655193 0.0051586926 -0.012009711
v 0.000137345676 0.00525266584 -0.0120281633
v 0.000184579592 0.00529520446 -0.0120456172
vn -0.200602412 -0.17292802 -0.964289665
f 4633//1545 4634//1545 4635//1545
v 0.000129655193 0.0051586926 -0.012009711
v 0.000184579592 0.00529520446 -0.0120456172
v 0.000250714569 0.00535476767 -0.0120700579
vn -0.200623378 -0.172918871 -0.964286923
f 4636//1546 4637//1546 4638//1546
v 0.00102017412 0.00572967064 -0.0123464251
v 0.00167415652 0.00593704171 -0.0125785321
v 0.00179902208 0.00594722014 -0.01261112
vn -0.207617015 -0.362279296 -0.908652246
f 4639//1547 4640//1547 4641//1547
v 0.175340518 0.00501730293 -0.00874331035
v 7.52302076e-05 0.00501730293 -0.0120006744
v 0.175230667 0.00529697211 -0.00879321527
vn 0.0183159243 -0.168658599 -0.985504329
f 4642//1548 4643//1548 4644//1548
v 0.175230667 0.00529697211 -0.00879321527
v 7.52302076e-05 0.00501730293 -0.0120006744
v 0.000129655193 0.0051586926 -0.012009711
vn 0.018376071 -0.0708135739 -0.997320294
f 4645//1549 4646//1549 4647//1549
v 0.175230667 0.00529697211 -0.00879321527
v 0.000129655193 0.0051586926 -0.012009711
v 0.17518498 0.00535800541 -0.00881254859
vn 0.0178069361 -0.289794236 -0.956923306
f 4648//1550 4649//1550 4650//1550
v 0.17518498 0.00535800541 -0.00881254859
v 0.000129655193 0.0051586926 -0.012009711
v 0.000250714569 0.00535476767 -0.0120700579
vn 0.0177419577 -0.304104626 -0.952473402
f 4651//1551 4652//1551 4653//1551
v 0.17518498 0.00535800541 -0.00881254859
v 0.000250714569 0.00535476767 -0.0120700579
v 0.174910262 0.00553040439 -0.00892379135
vn 0.0158653986 -0.524146974 -0.851480067
f 4654//1552 4655//1552 4656//1552
v 0.174910262 0.00553040439 -0.00892379135
v 0.000250714569 0.00535476767 -0.0120700579
v 0.000475088687 0.00555683067 -0.0121529689
vn 0.016939247 -0.395594269 -0.918269157
f 4657//1553 4658//1553 4659//1553
v 0.174910262 0.00553040439 -0.00892379135
v 0.000475088687 0.00555683067 -0.0121529689
v 0.174563989 0.00570354424 -0.00906287041
vn 0.0145989414 -0.608277619 -0.793590069
f 4660//1554 4661//1554 4662//1554
v 0.174563989 0.00570354424 -0.00906287041
v 0.000475088687 0.00555683067 -0.0121529689
v 0.000888262934 0.00568784447 -0.0122996094
vn 0.0121266386 -0.76240325 -0.64698863
f 4663//1555 4664//1555 4665//1555
v 0.174563989 0.00570354424 -0.00906287041
v 0.000888262934 0.00568784447 -0.0122996094
v 0.174420714 0.00577518111 -0.00912041496
vn 0.0148492698 -0.607961476 -0.793827653
f 4666//1556 4667//1556 4668//1556
v 0.174420714 0.00577518111 -0.00912041496
v 0.000888262934 0.00568784447 -0.0122996094
v 0.00102017412 0.00572967064 -0.0123464251
vn 0.0122336838 -0.762551069 -0.64681232
f 4669//1557 4670//1557 4671//1557
v 0.174420714 0.00577518111 -0.00912041496
v 0.00102017412 0.00572967064 -0.0123464251
v 0.174369588 0.00580074452 -0.0091409497
vn 0.0149295423 -0.607866347 -0.793899
f 4672//1558 4673//1558 4674//1558
v 0.00255211676 0.0060086092 -0.0128076738
v 0.00352957915 0.00601715036 -0.0129191922
v 0.00179902208 0.00594722014 -0.01261112
vn -0.0427774787 -0.895246625 -0.443512708
f 4675//1559 4676//1559 4677//1559
v 0.00179902208 0.00594722014 -0.01261112
v 0.00352957915 0.00601715036 -0.0129191922
v 0.171922699 0.00601715036 -0.00978954975
vn 0.00374169904 -0.979517281 -0.201325387
f 4678//1560 4679//1560 4680//1560
v 0.00179902208 0.00594722014 -0.01261112
v 0.171922699 0.00601715036 -0.00978954975
v 0.172403798 0.00601128722 -0.00968852546
vn 0.00148826535 -0.997884035 -0.0650017187
f 4681//1561 4682//1561 4683//1561
v 0.171922699 0.00601715036 -0.00978954975
v 0.172161967 0.00601695618 -0.00976568833
v 0.172403798 0.00601128722 -0.00968852546
vn 0.00942671206 -0.994675875 -0.10262078
f 4684//1562 4685//1562 4686//1562
v 0.172403798 0.00601128722 -0.00968852546
v 0.172161967 0.00601695618 -0.00976568833
v 0.172884986 0.0059808935 -0.00959172472
vn -0.123143755 -0.940448225 0.316848218
f 4687//1563 4688//1563 4689//1563
v 0.172403798 0.00601128722 -0.00968852546
v 0.172884986 0.0059808935 -0.00959172472
v 0.00179902208 0.00594722014 -0.01261112
vn 0.00594539614 -0.945234358 -0.326338321
f 4690//1564 4691//1564 4692//1564
v 0.00179902208 0.00594722014 -0.01261112
v 0.172884986 0.0059808935 -0.00959172472
v 0.173604816 0.00594498962 -0.00941852294
vn 0.00405926956 -0.97568804 -0.219126403
f 4693//1565 4694//1565 4695//1565
v 0.00179902208 0.00594722014 -0.01261112
v 0.173604816 0.00594498962 -0.00941852294
v 0.00102017412 0.00572967064 -0.0123464251
vn 0.0114116501 -0.788713276 -0.614655316
f 4696//1566 4697//1566 4698//1566
v 0.00102017412 0.00572967064 -0.0123464251
v 0.173604816 0.00594498962 -0.00941852294
v 0.173764169 0.00593704125 -0.00938018132
vn 0.00499701919 -0.974838018 -0.222858414
f 4699//1567 4700//1567 4701//1567
v 0.00102017412 0.00572967064 -0.0123464251
v 0.173764169 0.00593704125 -0.00938018132
v 0.174369588 0.00580074452 -0.0091409497
vn 0.00985084102 -0.857911587 -0.513702929
f 4702//1568 4703//1568 4704//1568
v 0.175340518 0.00501730293 -0.00874331035
v 0.175046116 -0.00501730293 -0.0087487828
v 7.52302076e-05 0.00501730293 -0.0120006744
vn 0.0185821224 1.44767791e-16 -0.999827325
f 4705//1569 4706//1569 4707//1569
v 7.52302076e-05 0.00501730293 -0.0120006744
v 0.175046116 -0.00501730293 -0.0087487828
v 0.000369641202 -0.00501730293 -0.0119952029
vn 0.0185821224 1.44767791e-16 -0.999827325
f 4708//1570 4709//1570 4710//1570
v -0.0469136238 0.00449999981 -0.00149869057
v -0.0451422073 0.00449999981 -0.000838982873
v -0.0448815823 0.00449999981 -0.00182635535
vn 1.1903102e-15 1 1.66915108e-16
f 4711//1571 4712//1571 4713//1571
v -0.0440215692 0.00449999981 -0.00265022344
v -0.043253459 0.00449999981 -0.00293343258
v -0.0429185778 0.00449999981 -0.00478073629
vn 1.1903102e-15 1 1.66915108e-16
f 4714//1572 4715//1572 4716//1572
v -0.0112349121 0.00449999981 0.00377427577
v -0.0418046974 0.00449999981 0.000993580092
v -0.0430665798 0.00449999981 0.00318267359
vn 1.1903102e-15 1 1.66915108e-16
f 4717//1573 4718//1573 4719//1573
v -0.0430665798 0.00449999981 0.00318267359
v -0.0418046974 0.00449999981 0.000993580092
v -0.0419635735 0.00449999981 0.00105216098
vn 1.1903102e-15 1 1.66915108e-16
f 4720//1574 4721//1574 4722//1574
v -0.0429185778 0.00449999981 -0.00478073629
v -0.0439950898 0.00449999981 -0.00460747397
v -0.0440215692 0.00449999981 -0.00265022344
vn 1.1903102e-15 1 1.66915108e-16
f 4723//1575 4724//1575 4725//1575
v -0.0440215692 0.00449999981 -0.00265022344
v -0.0439950898 0.00449999981 -0.00460747397
v -0.0443122685 0.00449999981 -0.00455642585
vn 1.1903102e-15 1 1.66915108e-16
f 4726//1576 4727//1576 4728//1576
v -0.0440215692 0.00449999981 -0.00265022344
v -0.0443122685 0.00449999981 -0.00455642585
v -0.0441804603 0.00449999981 -0.00259164278
vn 1.1903102e-15 1 1.66915108e-16
f 4729//1577 4730//1577 4731//1577
v -0.0441804603 0.00449999981 -0.00259164278
v -0.0443122685 0.00449999981 -0.00455642585
v -0.0455514565 0.00449999981 -0.00385056902
vn 1.1903102e-15 1 1.66915108e-16
f 4732//1578 4733//1578 4734//1578
v -0.0441804603 0.00449999981 -0.00259164278
v -0.0455514565 0.00449999981 -0.00385056902
v -0.0448190905 0.00449999981 -0.00189456809
vn 1.1903102e-15 1 1.66915108e-16
f 4735//1579 4736//1579 4737//1579
v -0.0448190905 0.00449999981 -0.00189456809
v -0.0455514565 0.00449999981 -0.00385056902
v -0.0464283191 0.00449999981 -0.00281285588
vn 1.1903102e-15 1 1.66915108e-16
f 4738//1580 4739//1580 4740//1580
v -0.0448190905 0.00449999981 -0.00189456809
v -0.0464283191 0.00449999981 -0.00281285588
v -0.0448815823 0.00449999981 -0.00182635535
vn 1.1903102e-15 1 1.66915108e-16
f 4741//1581 4742//1581 4743//1581
v -0.0448815823 0.00449999981 -0.00182635535
v -0.0464283191 0.00449999981 -0.00281285588
v -0.046537105 0.00449999981 -0.00251827831
vn 1.1903102e-15 1 1.66915108e-16
f 4744//1582 4745//1582 4746//1582
v -0.0448815823 0.00449999981 -0.00182635535
v -0.046537105 0.00449999981 -0.00251827831
v -0.0469136238 0.00449999981 -0.00149869057
vn 1.1903102e-15 1 1.66915108e-16
f 4747//1583 4748//1583 4749//1583
v -0.043253459 0.00449999981 -0.00293343258
v -0.0429588221 0.00449999981 -0.00289765163
v -0.0429185778 0.00449999981 -0.00478073629
vn 1.1903102e-15 1 1.66915108e-16
f 4750//1584 4751//1584 4752//1584
v -0.0429185778 0.00449999981 -0.00478073629
v -0.0429588221 0.00449999981 -0.00289765163
v -0.0422294997 0.00449999981 -0.00280908402
vn 1.1903102e-15 1 1.66915108e-16
f 4753//1585 4754//1585 4755//1585
v -0.0429185778 0.00449999981 -0.00478073629
v -0.0422294997 0.00449999981 -0.00280908402
v -0.0130263111 0.00449999981 -0.00422517862
vn 1.1903102e-15 1 1.66915108e-16
f 4756//1586 4757//1586 4758//1586
v -0.0130263111 0.00449999981 -0.00422517862
v -0.0422294997 0.00449999981 -0.00280908402
v -0.0419108458 0.00449999981 -0.00259874715
vn 1.1903102e-15 1 1.66915108e-16
f 4759//1587 4760//1587 4761//1587
v -0.0419108458 0.00449999981 -0.00259874715
v -0.0414443165 0.00449999981 -0.00229079835
v -0.0130263111 0.00449999981 -0.00422517862
vn 1.1903102e-15 1 1.66915108e-16
f 4762//1588 4763//1588 4764//1588
v -0.0130263111 0.00449999981 -0.00422517862
v -0.0414443165 0.00449999981 -0.00229079835
v -0.0411642678 0.00449999981 -0.0018083062
vn 1.1903102e-15 1 1.66915108e-16
f 4765//1589 4766//1589 4767//1589
v -0.0130263111 0.00449999981 -0.00422517862
v -0.0411642678 0.00449999981 -0.0018083062
v -0.0409289189 0.00449999981 -0.00140280102
vn 1.1903102e-15 1 1.66915108e-16
f 4768//1590 4769//1590 4770//1590
v -0.0437556431 0.00449999981 0.00121102168
v -0.0441409275 0.00449999981 0.00299242698
v -0.0430263355 0.00449999981 0.00129958882
vn 1.1903102e-15 1 1.66915108e-16
f 4771//1591 4772//1591 4773//1591
v -0.0430263355 0.00449999981 0.00129958882
v -0.0441409275 0.00449999981 0.00299242698
v -0.0430665798 0.00449999981 0.00318267359
vn 1.1903102e-15 1 1.66915108e-16
f 4774//1592 4775//1592 4776//1592
v -0.0430263355 0.00449999981 0.00129958882
v -0.0430665798 0.00449999981 0.00318267359
v -0.0427316837 0.00449999981 0.00133537024
vn 1.1903102e-15 1 1.66915108e-16
f 4777//1593 4778//1593 4779//1593
v -0.0427316837 0.00449999981 0.00133537024
v -0.0430665798 0.00449999981 0.00318267359
v -0.0419635735 0.00449999981 0.00105216098
vn 1.1903102e-15 1 1.66915108e-16
f 4780//1594 4781//1594 4782//1594
v -0.0469136238 0.00449999981 -0.00149869057
v -0.0469157621 0.00449999981 -0.000872833363
v -0.0451422073 0.00449999981 -0.000838982873
vn 1.1903102e-15 1 1.66915108e-16
f 4783//1595 4784//1595 4785//1595
v -0.0451422073 0.00449999981 -0.000838982873
v -0.0469157621 0.00449999981 -0.000872833363
v -0.0469183028 0.00449999981 -0.000125842635
vn 1.1903102e-15 1 1.66915108e-16
f 4786//1596 4787//1596 4788//1596
v -0.0451422073 0.00449999981 -0.000838982873
v -0.0469183028 0.00449999981 -0.000125842635
v -0.0450562239 0.00449999981 -0.000195261397
vn 1.1903102e-15 1 1.66915108e-16
f 4789//1597 4790//1597 4791//1597
v -0.0450562239 0.00449999981 -0.000195261397
v -0.0469183028 0.00449999981 -0.000125842635
v -0.0465866439 0.00449999981 0.000781419163
vn 1.1903102e-15 1 1.66915108e-16
f 4792//1598 4793//1598 4794//1598
v -0.0450562239 0.00449999981 -0.000195261397
v -0.0465866439 0.00449999981 0.000781419163
v -0.0448208749 0.00449999981 0.000210243874
vn 1.1903102e-15 1 1.66915108e-16
f 4795//1599 4796//1599 4797//1599
v -0.0448208749 0.00449999981 0.000210243874
v -0.0465866439 0.00449999981 0.000781419163
v -0.0464281514 0.00449999981 0.00121498492
vn 1.1903102e-15 1 1.66915108e-16
f 4798//1600 4799//1600 4800//1600
v -0.0448208749 0.00449999981 0.000210243874
v -0.0464281514 0.00449999981 0.00121498492
v -0.0445408411 0.00449999981 0.000692735775
vn 1.1903102e-15 1 1.66915108e-16
f 4801//1601 4802//1601 4803//1601
v -0.0445408411 0.00449999981 0.000692735775
v -0.0464281514 0.00449999981 0.00121498492
v -0.0456147455 0.00449999981 0.00216346327
vn 1.1903102e-15 1 1.66915108e-16
f 4804//1602 4805//1602 4806//1602
v -0.0445408411 0.00449999981 0.000692735775
v -0.0456147455 0.00449999981 0.00216346327
v -0.0440743119 0.00449999981 0.00100068445
vn 1.1903102e-15 1 1.66915108e-16
f 4807//1603 4808//1603 4809//1603
v -0.0440743119 0.00449999981 0.00100068445
v -0.0456147455 0.00449999981 0.00216346327
v -0.0455065817 0.00449999981 0.00228959788
vn 1.1903102e-15 1 1.66915108e-16
f 4810//1604 4811//1604 4812//1604
v -0.0440743119 0.00449999981 0.00100068445
v -0.0455065817 0.00449999981 0.00228959788
v -0.0437556431 0.00449999981 0.00121102168
vn 1.1903102e-15 1 1.66915108e-16
f 4813//1605 4814//1605 4815//1605
v -0.0437556431 0.00449999981 0.00121102168
v -0.0455065817 0.00449999981 0.00228959788
v -0.0442917347 0.00449999981 0.00296572223
vn 1.1903102e-15 1 1.66915108e-16
f 4816//1606 4817//1606 4818//1606
v -0.0437556431 0.00449999981 0.00121102168
v -0.0442917347 0.00449999981 0.00296572223
v -0.0441409275 0.00449999981 0.00299242698
vn 1.1903102e-15 1 1.66915108e-16
f 4819//1607 4820//1607 4821//1607
v -0.0115530062 0.00449999981 -0.00264523085
v -0.011016001 0.00449999981 -0.0043721972
v -0.0110729439 0.00449999981 -0.00436803233
vn 1.1903102e-15 1 1.66915108e-16
f 4822//1608 4823//1608 4824//1608
v -0.0118498886 0.00449999981 -0.000220234098
v -0.0409289189 0.00449999981 -0.00140280102
v -0.0117776748 0.00449999981 0.00123815029
vn 1.1903102e-15 1 1.66915108e-16
f 4825//1609 4826//1609 4827//1609
v -0.0117776748 0.00449999981 0.00123815029
v -0.0409289189 0.00449999981 -0.00140280102
v -0.0408429503 0.00449999981 -0.000759079761
vn 1.1903102e-15 1 1.66915108e-16
f 4828//1610 4829//1610 4830//1610
v -0.0117776748 0.00449999981 0.00123815029
v -0.0408429503 0.00449999981 -0.000759079761
v -0.0117701199 0.00449999981 0.00139057392
vn 1.1903102e-15 1 1.66915108e-16
f 4831//1611 4832//1611 4833//1611
v -0.0117701199 0.00449999981 0.00139057392
v -0.0408429503 0.00449999981 -0.000759079761
v -0.0411035754 0.00449999981 0.000228292658
vn 1.1903102e-15 1 1.66915108e-16
f 4834//1612 4835//1612 4836//1612
v -0.0117701199 0.00449999981 0.00139057392
v -0.0411035754 0.00449999981 0.000228292658
v -0.0112349121 0.00449999981 0.00377427577
vn 1.1903102e-15 1 1.66915108e-16
f 4837//1613 4838//1613 4839//1613
v -0.0112349121 0.00449999981 0.00377427577
v -0.0411035754 0.00449999981 0.000228292658
v -0.0411660708 0.00449999981 0.00029650543
vn 1.1903102e-15 1 1.66915108e-16
f 4840//1614 4841//1614 4842//1614
v -0.0112349121 0.00449999981 0.00377427577
v -0.0411660708 0.00449999981 0.00029650543
v -0.0418046974 0.00449999981 0.000993580092
vn 1.1903102e-15 1 1.66915108e-16
f 4843//1615 4844//1615 4845//1615
v -0.0118498886 0.00449999981 -0.000220234098
v -0.0116548212 0.00449999981 -0.00181362813
v -0.0409289189 0.00449999981 -0.00140280102
vn 1.1903102e-15 1 1.66915108e-16
f 4846//1616 4847//1616 4848//1616
v -0.0409289189 0.00449999981 -0.00140280102
v -0.0116548212 0.00449999981 -0.00181362813
v -0.0115530062 0.00449999981 -0.00264523085
vn 1.1903102e-15 1 1.66915108e-16
f 4849//1617 4850//1617 4851//1617
v -0.0409289189 0.00449999981 -0.00140280102
v -0.0115530062 0.00449999981 -0.00264523085
v -0.0130263111 0.00449999981 -0.00422517862
vn 1.1903102e-15 1 1.66915108e-16
f 4852//1618 4853//1618 4854//1618
v -0.0130263111 0.00449999981 -0.00422517862
v -0.0115530062 0.00449999981 -0.00264523085
v -0.0110729439 0.00449999981 -0.00436803233
vn 1.1903102e-15 1 1.66915108e-16
f 4855//1619 4856//1619 4857//1619
v -0.0109954346 0.00451601995 0.0036938237
v -0.0112349121 0.00449999981 0.00377427577
v -0.0111402087 0.00449621072 0.0038630229
vn -0.0385202356 0.99575299 0.0836194307
f 4858//1620 4859//1620 4860//1620
v -0.0111402087 0.00449621072 0.0038630229
v -0.0110145016 0.00450488832 0.00381843769
v -0.0109954346 0.00451601995 0.0036938237
vn -0.0393239483 0.995778799 0.0829347596
f 4861//1621 4862//1621 4863//1621
v -0.0109954346 0.00451601995 0.0036938237
v -0.0110145016 0.00450488832 0.00381843769
v -0.0108169075 0.00457740342 0.00375346234
vn -0.334784925 0.941720188 0.0328958109
f 4864//1622 4865//1622 4866//1622
v -0.0109954346 0.00451601995 0.0036938237
v -0.0108169075 0.00457740342 0.00375346234
v -0.0106037101 0.00467141578 0.00356222619
vn -0.346220404 0.935246706 0.0737903714
f 4867//1623 4868//1623 4869//1623
v -0.0106037101 0.00467141578 0.00356222619
v -0.0108169075 0.00457740342 0.00375346234
v -0.0104773296 0.00470202696 0.00364179537
vn -0.306045204 0.944049895 0.122906916
f 4870//1624 4871//1624 4872//1624
v -0.0106037101 0.00467141578 0.00356222619
v -0.0104773296 0.00470202696 0.00364179537
v -0.0105576087 0.00468970509 0.0035467376
vn -0.320755661 0.935264826 0.149651334
f 4873//1625 4874//1625 4875//1625
v -0.0105576087 0.00468970509 0.0035467376
v -0.0104773296 0.00470202696 0.00364179537
v -0.0104051651 0.00472851191 0.0036180641
vn -0.302570224 0.943775177 0.1331902
f 4876//1626 4877//1626 4878//1626
v -0.0105576087 0.00468970509 0.0035467376
v -0.0104051651 0.00472851191 0.0036180641
v -0.0101758428 0.00484114978 0.00341848587
vn -0.315210998 0.934525549 0.165239319
f 4879//1627 4880//1627 4881//1627
v -0.0101758428 0.00484114978 0.00341848587
v -0.0104051651 0.00472851191 0.0036180641
v -0.0101656737 0.00481640594 0.00353930797
vn -0.273381084 0.937565744 0.215019107
f 4882//1628 4883//1628 4884//1628
v -0.0101758428 0.00484114978 0.00341848587
v -0.0101656737 0.00481640594 0.00353930797
v -0.00994529575 0.00511081191 0.00334103242
vn -0.71641624 0.66918087 0.197344214
f 4885//1629 4886//1629 4887//1629
v -0.00994529575 0.00511081191 0.00334103242
v -0.0101656737 0.00481640594 0.00353930797
v -0.0100293308 0.00496535096 0.00350304879
vn -0.678800464 0.685476065 0.263348609
f 4888//1630 4889//1630 4890//1630
v -0.00994529575 0.00511081191 0.00334103242
v -0.0100293308 0.00496535096 0.00350304879
v -0.00993907172 0.00511808973 0.00333894207
vn -0.703907609 0.669838071 0.23628594
f 4891//1631 4892//1631 4893//1631
v -0.00993907172 0.00511808973 0.00333894207
v -0.0100293308 0.00496535096 0.00350304879
v -0.00987446867 0.00513452943 0.00346186361
vn -0.678313196 0.685386181 0.264833957
f 4894//1632 4895//1632 4896//1632
v -0.00993907172 0.00511808973 0.00333894207
v -0.00987446867 0.00513452943 0.00346186361
v -0.00956181996 0.00555933733 0.0032122049
vn -0.690852106 0.669234693 0.273584098
f 4897//1633 4898//1633 4899//1633
v -0.00945859402 0.00576791307 0.00336679141
v -0.00926331524 0.00645372644 0.00335582416
v -0.00930188131 0.00646224199 0.00324693415
vn -0.902913511 0.262538344 0.34032464
f 4900//1634 4901//1634 4902//1634
v -0.00987446867 0.00513452943 0.00346186361
v -0.00953260809 0.00550798792 0.00337094814
v -0.00956181996 0.00555933733 0.0032122049
vn -0.651230812 0.678753793 0.339399159
f 4903//1635 4904//1635 4905//1635
v -0.00956181996 0.00555933733 0.0032122049
v -0.00953260809 0.00550798792 0.00337094814
v -0.00947551988 0.00570847467 0.00336774206
vn -0.928207397 0.2684277 0.257638425
f 4906//1636 4907//1636 4908//1636
v -0.00956181996 0.00555933733 0.0032122049
v -0.00947551988 0.00570847467 0.00336774206
v -0.00951220933 0.00576131698 0.00319553469
vn -0.928278983 0.250680745 0.27469486
f 4909//1637 4910//1637 4911//1637
v -0.00951220933 0.00576131698 0.00319553469
v -0.00947551988 0.00570847467 0.00336774206
v -0.00945859402 0.00576791307 0.00336679141
vn -0.922524393 0.26715681 0.278524578
f 4912//1638 4913//1638 4914//1638
v -0.00951220933 0.00576131698 0.00319553469
v -0.00945859402 0.00576791307 0.00336679141
v -0.00950438809 0.00579314632 0.00319290766
vn -0.92653352 0.250811219 0.280409276
f 4915//1639 4916//1639 4917//1639
v -0.00950438809 0.00579314632 0.00319290766
v -0.00945859402 0.00576791307 0.00336679141
v -0.00930188131 0.00646224199 0.00324693415
vn -0.924656451 0.257177144 0.280838698
f 4918//1640 4919//1640 4920//1640
v -0.00950438809 0.00579314632 0.00319290766
v -0.00930188131 0.00646224199 0.00324693415
v -0.00933932699 0.00646509463 0.0031374495
vn -0.913920462 0.250837743 0.31910789
f 4921//1641 4922//1641 4923//1641
v -0.0107672783 0.0044385083 0.00414078403
v -0.0111402087 0.00449621072 0.0038630229
v -0.0111405523 0.00449442351 0.00388150685
vn 0.0809259191 0.991948247 0.0974148363
f 4924//1642 4925//1642 4926//1642
v -0.0111405523 0.00449442351 0.00388150685
v -0.0111447871 0.00441224221 0.00410856493
v -0.0107672783 0.0044385083 0.00414078403
vn -0.0939591527 0.936704397 0.337278157
f 4927//1643 4928//1643 4929//1643
v -0.0107672783 0.0044385083 0.00414078403
v -0.0111447871 0.00441224221 0.00410856493
v -0.0111464225 0.0043805493 0.00419612881
vn -0.0939590633 0.936704934 0.337276697
f 4930//1644 4931//1644 4932//1644
v -0.0107672783 0.0044385083 0.00414078403
v -0.0111464225 0.0043805493 0.00419612881
v -0.0105280653 0.0043753637 0.00428630225
vn -0.0630677044 0.873504043 0.482714385
f 4933//1645 4934//1645 4935//1645
v -0.0105280653 0.0043753637 0.00428630225
v -0.0111464225 0.0043805493 0.00419612881
v -0.010520881 0.00437346799 0.00429067155
vn -0.0630613193 0.873527944 0.482671976
f 4936//1646 4937//1646 4938//1646
v -0.010520881 0.00437346799 0.00429067155
v -0.0111464225 0.0043805493 0.00419612881
v -0.0111489417 0.00433161994 0.00433131447
vn -0.0406553037 0.939768791 0.339384407
f 4939//1647 4940//1647 4941//1647
v -0.010520881 0.00437346799 0.00429067155
v -0.0111489417 0.00433161994 0.00433131447
v -0.00965198781 0.00414410746 0.00481923949
vn -0.0312592871 0.897123218 0.440673053
f 4942//1648 4943//1648 4944//1648
v -0.00860492326 0.00386771443 0.00545619521
v -0.00910773128 0.00400044024 0.00515032373
v -0.00910772476 0.00385086029 0.00519088004
vn -0.459996462 0.232336834 0.856984735
f 4945//1649 4946//1649 4947//1649
v -0.00910772476 0.00385086029 0.00519088004
v -0.00910773128 0.00400044024 0.00515032373
v -0.00912487041 0.00400496367 0.00513989991
vn -0.459922969 0.232346803 0.857021451
f 4948//1650 4949//1650 4950//1650
v -0.00830826815 0.00351298135 0.00573466346
v -0.0074761943 0.00351745239 0.00649535563
v -0.00751246 0.00352465059 0.00645391457
vn -0.522385538 0.636293888 0.567664921
f 4951//1651 4952//1651 4953//1651
v -0.00860492326 0.00386771443 0.00545619521
v -0.00910772476 0.00385086029 0.00519088004
v -0.00855210051 0.00385141489 0.00550210057
vn -0.369139671 0.65647465 0.657857835
f 4954//1652 4955//1652 4956//1652
v -0.00855210051 0.00385141489 0.00550210057
v -0.00910772476 0.00385086029 0.00519088004
v -0.008893447 0.00351472711 0.00543028349
vn -0.467049241 0.295765579 0.833299279
f 4957//1653 4958//1653 4959//1653
v -0.00855210051 0.00385141489 0.00550210057
v -0.008893447 0.00351472711 0.00543028349
v -0.00830826815 0.00351298135 0.00573466346
vn -0.443981528 0.267727673 0.855103672
f 4960//1654 4961//1654 4962//1654
v -0.00751246 0.00352465059 0.00645391457
v -0.0075244708 0.00352866249 0.0064410069
v -0.00830826815 0.00351298135 0.00573466346
vn -0.633177221 0.340582341 0.695046961
f 4963//1655 4964//1655 4965//1655
v -0.00830826815 0.00351298135 0.00573466346
v -0.0075244708 0.00352866249 0.0064410069
v -0.00774789462 0.00360327633 0.00620095106
vn -0.633252323 0.340257764 0.695137501
f 4966//1656 4967//1656 4968//1656
v -0.00830826815 0.00351298135 0.00573466346
v -0.00774789462 0.00360327633 0.00620095106
v -0.00855210051 0.00385141489 0.00550210057
vn -0.644162357 0.0598955005 0.762540102
f 4969//1657 4970//1657 4971//1657
v -0.0106303394 0.00351725658 0.00486992067
v -0.00962715968 0.00351691619 0.00504864566
v -0.00910772476 0.00385086029 0.00519088004
vn -0.173593849 -0.144875005 0.974102855
f 4972//1658 4973//1658 4974//1658
v -0.00910772476 0.00385086029 0.00519088004
v -0.00962715968 0.00351691619 0.00504864566
v -0.00915772934 0.00351551548 0.00529281935
vn -0.436340988 0.320628017 0.840716481
f 4975//1659 4976//1659 4977//1659
v -0.00910772476 0.00385086029 0.00519088004
v -0.00915772934 0.00351551548 0.00529281935
v -0.008893447 0.00351472711 0.00543028349
vn -0.436337173 0.320628047 0.840718448
f 4978//1660 4979//1660 4980//1660
v -0.0111572668 0.00351743563 0.00477604382
v -0.0106303394 0.00351725658 0.00486992067
v -0.0111556314 0.0038433522 0.00468922593
vn -0.169538856 0.254472762 0.952103019
f 4981//1661 4982//1661 4983//1661
v -0.0111556314 0.0038433522 0.00468922593
v -0.0106303394 0.00351725658 0.00486992067
v -0.00910772476 0.00385086029 0.00519088004
vn -0.235678956 0.152215898 0.959836304
f 4984//1662 4985//1662 4986//1662
v -0.0111556314 0.0038433522 0.00468922593
v -0.00910772476 0.00385086029 0.00519088004
v -0.0111555848 0.00385273248 0.00468672765
vn -0.231149375 0.251462728 0.939859807
f 4987//1663 4988//1663 4989//1663
v -0.0111555848 0.00385273248 0.00468672765
v -0.00910772476 0.00385086029 0.00519088004
v -0.00912487041 0.00400496367 0.00513989991
vn -0.22905533 0.282662094 0.931469679
f 4990//1664 4991//1664 4992//1664
v -0.0111555848 0.00385273248 0.00468672765
v -0.00912487041 0.00400496367 0.00513989991
v -0.0111549413 0.00398126291 0.00465248944
vn -0.228724092 0.251652032 0.940402329
f 4993//1665 4994//1665 4995//1665
v -0.0111549413 0.00398126291 0.00465248944
v -0.00912487041 0.00400496367 0.00513989991
v -0.00951652415 0.00410834886 0.00490164571
vn -0.151459053 0.791315854 0.592350721
f 4996//1666 4997//1666 4998//1666
v -0.0111549413 0.00398126291 0.00465248944
v -0.00951652415 0.00410834886 0.00490164571
v -0.0111519592 0.00415538903 0.00449286681
vn -0.162239268 0.668296456 0.725987792
f 4999//1667 5000//1667 5001//1667
v -0.0111519592 0.00415538903 0.00449286681
v -0.00951652415 0.00410834886 0.00490164571
v -0.00965198781 0.00414410746 0.00481923949
vn -0.112384081 0.830725789 0.54521966
f 5002//1668 5003//1668 5004//1668
v -0.0111519592 0.00415538903 0.00449286681
v -0.00965198781 0.00414410746 0.00481923949
v -0.0111512812 0.00419479329 0.00445674499
vn -0.153179243 0.669196427 0.727126002
f 5005//1669 5006//1669 5007//1669
v -0.0111512812 0.00419479329 0.00445674499
v -0.00965198781 0.00414410746 0.00481923949
v -0.0111489417 0.00433161994 0.00433131447
vn -0.153181046 0.669189036 0.72713244
f 5008//1670 5009//1670 5010//1670
v -0.0095512215 0.0042624739 -0.00534466328
v -0.00938575156 0.00422919355 -0.00545100076
v -0.00938192662 0.00421152543 -0.00552128768
vn 0.0397723019 0.969571173 -0.24155736
f 5011//1671 5012//1671 5013//1671
v -0.0130077563 0.00351738813 -0.00522515876
v -0.0130078848 0.0036163344 -0.00521821762
v -0.0120146908 0.00351694599 -0.00525602698
vn -0.0309613626 0.0699069649 -0.997072935
f 5014//1672 5015//1672 5016//1672
v -0.0120146908 0.00351694599 -0.00525602698
v -0.0130078848 0.0036163344 -0.00521821762
v -0.0112202074 0.00387212727 -0.00528057572
vn -0.0367291719 0.0130930897 -0.999239504
f 5017//1673 5018//1673 5019//1673
v -0.0120146908 0.00351694599 -0.00525602698
v -0.0112202074 0.00387212727 -0.00528057572
v -0.0112396097 0.00351611874 -0.00539577892
vn -0.168278262 0.311777622 -0.935134828
f 5020//1674 5021//1674 5022//1674
v -0.0112396097 0.00351611874 -0.00539577892
v -0.0112202074 0.00387212727 -0.00528057572
v -0.0101187667 0.00351492269 -0.00559787452
vn -0.168278411 0.311777622 -0.935134828
f 5023//1675 5024//1675 5025//1675
v -0.00945732836 0.00387212727 -0.00573360408
v -0.00949915778 0.0035139136 -0.00584575068
v -0.0097794421 0.00351436995 -0.00573362038
vn -0.351855934 0.316840708 -0.880800426
f 5026//1676 5027//1676 5028//1676
v -0.00785712898 0.00351270428 -0.0065844385
v -0.00768168736 0.00385918189 -0.00659497967
v -0.00696672034 0.00351556716 -0.00718143489
vn -0.539911032 0.248925 -0.80407238
f 5029//1677 5030//1677 5031//1677
v -0.00696672034 0.00351556716 -0.00718143489
v -0.00768168736 0.00385918189 -0.00659497967
v -0.00638033636 0.00351745239 -0.00757459132
vn -0.539911032 0.24892509 -0.80407238
f 5032//1678 5033//1678 5034//1678
v -0.00949915778 0.0035139136 -0.00584575068
v -0.00945732836 0.00387212727 -0.00573360408
v -0.00815957598 0.00351173175 -0.00638165651
vn -0.351852685 0.316840738 -0.880801678
f 5035//1679 5036//1679 5037//1679
v -0.00815957598 0.00351173175 -0.00638165651
v -0.00945732836 0.00387212727 -0.00573360408
v -0.00780366175 0.00387212727 -0.00649582176
vn -0.415330976 0.124723874 -0.901079416
f 5038//1680 5039//1680 5040//1680
v -0.00815957598 0.00351173175 -0.00638165651
v -0.00780366175 0.00387212727 -0.00649582176
v -0.00785712898 0.00351270428 -0.0065844385
vn -0.535802782 0.276408643 -0.797818065
f 5041//1681 5042//1681 5043//1681
v -0.00785712898 0.00351270428 -0.0065844385
v -0.00780366175 0.00387212727 -0.00649582176
v -0.00772297429 0.00387002435 -0.00656389864
vn -0.616042793 0.273748517 -0.738615632
f 5044//1682 5045//1682 5046//1682
v -0.00785712898 0.00351270428 -0.0065844385
v -0.00772297429 0.00387002435 -0.00656389864
v -0.00768168736 0.00385918189 -0.00659497967
vn -0.53992486 0.248932347 -0.804060817
f 5047//1683 5048//1683 5049//1683
v -0.00938575156 0.00422919355 -0.00545100076
v -0.00895632803 0.00414282409 -0.00572697027
v -0.00938192662 0.00421152543 -0.00552128768
vn 0.0397715345 0.969571173 -0.241557404
f 5050//1684 5051//1684 5052//1684
v -0.00938192662 0.00421152543 -0.00552128768
v -0.00895632803 0.00414282409 -0.00572697027
v -0.00894599594 0.00414074678 -0.0057336078
vn 0.0398296379 0.969596624 -0.241445675
f 5053//1685 5054//1685 5055//1685
v -0.00938192662 0.00421152543 -0.00552128768
v -0.00894599594 0.00414074678 -0.0057336078
v -0.00945732836 0.00387212727 -0.00573360408
vn -0.290529937 0.553028643 -0.780865967
f 5056//1686 5057//1686 5058//1686
v -0.00945732836 0.00387212727 -0.00573360408
v -0.00894599594 0.00414074678 -0.0057336078
v -0.00812542439 0.00397570617 -0.00626094826
vn -0.328733236 0.625751853 -0.707367718
f 5059//1687 5060//1687 5061//1687
v -0.00945732836 0.00387212727 -0.00573360408
v -0.00812542439 0.00397570617 -0.00626094826
v -0.00780366175 0.00387212727 -0.00649582176
vn -0.33343485 0.60457474 -0.723402083
f 5062//1688 5063//1688 5064//1688
v -0.00780366175 0.00387212727 -0.00649582176
v -0.00812542439 0.00397570617 -0.00626094826
v -0.00780847343 0.0038924762 -0.00649953727
vn -0.623195708 -0.280643851 -0.729976833
f 5065//1689 5066//1689 5067//1689
v -0.00780366175 0.00387212727 -0.00649582176
v -0.00780847343 0.0038924762 -0.00649953727
v -0.00772297429 0.00387002435 -0.00656389864
vn -0.62319994 -0.280644149 -0.729973078
f 5068//1690 5069//1690 5070//1690
v -0.011016001 0.00449999981 -0.0043721972
v -0.0106271561 0.00447887555 -0.00465321308
v -0.0111300452 0.00443284772 -0.00472015841
vn -0.0677052811 0.983524561 -0.167617038
f 5071//1691 5072//1691 5073//1691
v -0.010103262 0.00437350478 -0.0049898955
v -0.0111844093 0.00421152543 -0.00505803013
v -0.0101249525 0.0043778671 -0.00497595686
vn -0.105491243 0.8903808 -0.442824632
f 5074//1692 5075//1692 5076//1692
v -0.0101249525 0.0043778671 -0.00497595686
v -0.0111844093 0.00421152543 -0.00505803013
v -0.0111300452 0.00443284772 -0.00472015841
vn -0.0903530195 0.839688718 -0.535499036
f 5077//1693 5078//1693 5079//1693
v -0.0101249525 0.0043778671 -0.00497595686
v -0.0111300452 0.00443284772 -0.00472015841
v -0.0106027955 0.00447397539 -0.00466887048
vn -0.0386200622 0.934938848 -0.35270074
f 5080//1694 5081//1694 5082//1694
v -0.0106027955 0.00447397539 -0.00466887048
v -0.0111300452 0.00443284772 -0.00472015841
v -0.0106271561 0.00447887555 -0.00465321308
vn -0.03862115 0.934942067 -0.352692127
f 5083//1695 5084//1695 5085//1695
v -0.0111300452 0.00443284772 -0.00472015841
v -0.0130197182 0.00441220729 -0.00458028633
v -0.0130200218 0.00441624504 -0.00456395373
vn -0.0283918604 0.970259607 -0.240395814
f 5086//1696 5087//1696 5088//1696
v -0.011016001 0.00449999981 -0.0043721972
v -0.0111300452 0.00443284772 -0.00472015841
v -0.0110729439 0.00449999981 -0.00436803233
vn -0.013544105 0.982609093 -0.185191706
f 5089//1697 5090//1697 5091//1697
v -0.0110729439 0.00449999981 -0.00436803233
v -0.0111300452 0.00443284772 -0.00472015841
v -0.0130200218 0.00441624504 -0.00456395373
vn -0.0238030516 0.982722223 -0.183549657
f 5092//1698 5093//1698 5094//1698
v -0.0110729439 0.00449999981 -0.00436803233
v -0.0130200218 0.00441624504 -0.00456395373
v -0.0130263111 0.00449999981 -0.00422517862
vn -0.0175716449 0.970546365 -0.24027276
f 5095//1699 5096//1699 5097//1699
v -0.0130078848 0.0036163344 -0.00521821762
v -0.0130094551 0.00384154171 -0.00513334572
v -0.0112202074 0.00387212727 -0.00528057572
vn -0.0827500746 0.350934923 -0.932736337
f 5098//1700 5099//1700 5100//1700
v -0.0112202074 0.00387212727 -0.00528057572
v -0.0130094551 0.00384154171 -0.00513334572
v -0.0130095966 0.00386176864 -0.00512572285
vn -0.0827499926 0.35094136 -0.932733953
f 5101//1701 5102//1701 5103//1701
v -0.0112202074 0.00387212727 -0.00528057572
v -0.0130095966 0.00386176864 -0.00512572285
v -0.0111844093 0.00421152543 -0.00505803013
vn -0.0750468075 0.55231601 -0.830249965
f 5104//1702 5105//1702 5106//1702
v -0.0111844093 0.00421152543 -0.00505803013
v -0.0130095966 0.00386176864 -0.00512572285
v -0.0130110346 0.00406820234 -0.00504792621
vn -0.0328133404 0.352259725 -0.935326874
f 5107//1703 5108//1703 5109//1703
v -0.0130110346 0.00406820234 -0.00504792621
v -0.0130135762 0.00418951316 -0.00491117872
v -0.0111844093 0.00421152543 -0.00505803013
vn -0.0622044653 0.74604398 -0.662984908
f 5110//1704 5111//1704 5112//1704
v -0.0111844093 0.00421152543 -0.00505803013
v -0.0130135762 0.00418951316 -0.00491117872
v -0.0130136078 0.0041909935 -0.00490950979
vn -0.0621982664 0.746123731 -0.662895739
f 5113//1705 5114//1705 5115//1705
v -0.0111844093 0.00421152543 -0.00505803013
v -0.0130136078 0.0041909935 -0.00490950979
v -0.0111300452 0.00443284772 -0.00472015841
vn -0.0533584058 0.839230597 -0.541151404
f 5116//1706 5117//1706 5118//1706
v -0.0111300452 0.00443284772 -0.00472015841
v -0.0130136078 0.0041909935 -0.00490950979
v -0.0130176609 0.00438483479 -0.00469100336
vn -0.0292630438 0.747476518 -0.66364336
f 5119//1707 5120//1707 5121//1707
v -0.0111300452 0.00443284772 -0.00472015841
v -0.0130176609 0.00438483479 -0.00469100336
v -0.0130197182 0.00441220729 -0.00458028633
vn -0.0283924397 0.97025758 -0.240403935
f 5122//1708 5123//1708 5124//1708
v -0.010103262 0.00437350478 -0.0049898955
v -0.0095512215 0.0042624739 -0.00534466328
v -0.0111844093 0.00421152543 -0.00505803013
vn -0.105492592 0.890385568 -0.442814648
f 5125//1709 5126//1709 5127//1709
v -0.0111844093 0.00421152543 -0.00505803013
v -0.0095512215 0.0042624739 -0.00534466328
v -0.00938192662 0.00421152543 -0.00552128768
vn -0.0914848819 0.930013359 -0.355957359
f 5128//1710 5129//1710 5130//1710
v -0.0111844093 0.00421152543 -0.00505803013
v -0.00938192662 0.00421152543 -0.00552128768
v -0.0112202074 0.00387212727 -0.00528057572
vn -0.207625523 0.55161047 -0.80784744
f 5131//1711 5132//1711 5133//1711
v -0.0112202074 0.00387212727 -0.00528057572
v -0.00938192662 0.00421152543 -0.00552128768
v -0.00945732836 0.00387212727 -0.00573360408
vn -0.207617655 0.551525116 -0.80790776
f 5134//1712 5135//1712 5136//1712
v -0.0112202074 0.00387212727 -0.00528057572
v -0.00945732836 0.00387212727 -0.00573360408
v -0.0101187667 0.00351492269 -0.00559787452
vn -0.247828543 0.092463918 -0.964381397
f 5137//1713 5138//1713 5139//1713
v -0.0101187667 0.00351492269 -0.00559787452
v -0.00945732836 0.00387212727 -0.00573360408
v -0.0097794421 0.00351436995 -0.00573362038
vn -0.351847351 0.31683296 -0.880806625
f 5140//1714 5141//1714 5142//1714
v 0.00292745931 -0.00701514771 -0.0136897406
v 0.00382769387 -0.00702086464 -0.0138876401
v 0.00451199245 -0.00799999479 -0.0139185591
vn -0.213901922 -0.118874423 -0.969595194
f 5143//1715 5144//1715 5145//1715
v 0.00451199245 -0.00799999479 -0.0139185591
v 0.00382769387 -0.00702086464 -0.0138876401
v 0.00415716553 -0.00701939221 -0.0139142293
vn -0.0803077146 -0.0246590748 -0.996465027
f 5146//1716 5147//1716 5148//1716
v 0.00451199245 -0.00799999479 -0.0139185591
v 0.00415716553 -0.00701939221 -0.0139142293
v 0.00448767049 -0.00701760734 -0.0139190136
vn -0.0144681595 -0.000820184883 -0.999894977
f 5149//1717 5150//1717 5151//1717
v 0.00451199245 -0.00799999479 -0.0139185591
v 0.0029553487 -0.00800911244 -0.0136943869
v 0.00292745931 -0.00701514771 -0.0136897406
vn -0.14254348 0.000626721536 -0.989788353
f 5152//1718 5153//1718 5154//1718
v 0.00292745931 -0.00701514771 -0.0136897406
v 0.0029553487 -0.00800911244 -0.0136943869
v 0.00282379007 -0.00701448927 -0.0136669492
vn -0.214725658 -0.00145990937 -0.976673305
f 5155//1719 5156//1719 5157//1719
v 0.00282379007 -0.00701448927 -0.0136669492
v 0.0029553487 -0.00800911244 -0.0136943869
v 0.0029357872 -0.00800922699 -0.0136915706
vn -0.142512247 0.00845264923 -0.989756942
f 5158//1720 5159//1720 5160//1720
v 0.00282379007 -0.00701448927 -0.0136669492
v 0.0029357872 -0.00800922699 -0.0136915706
v 0.00260939263 -0.00699195219 -0.013558696
vn -0.452957124 -0.0289430711 -0.891062379
f 5161//1721 5162//1721 5163//1721
v 0.00260939263 -0.00699195219 -0.013558696
v 0.0029357872 -0.00800922699 -0.0136915706
v 0.00152306806 -0.00801744871 -0.0129926139
vn -0.443194449 -0.0251562819 -0.896072447
f 5164//1722 5165//1722 5166//1722
v 0.00260939263 -0.00699195219 -0.013558696
v 0.00152306806 -0.00801744871 -0.0129926139
v 0.0014895238 -0.00687423255 -0.012993237
vn -0.451841325 -0.0137443272 -0.89199245
f 5167//1723 5168//1723 5169//1723
v 0.00448767049 -0.00701760734 -0.0139190136
v 0.171002418 -0.0070176078 -0.0108242817
v 0.00451199245 -0.00799999479 -0.0139185591
vn 0.0185821224 -1.89603918e-06 -0.999827325
f 5170//1724 5171//1724 5172//1724
v 0.00451199245 -0.00799999479 -0.0139185591
v 0.171002418 -0.0070176078 -0.0108242817
v 0.170978084 -0.00799999479 -0.0108247316
vn 0.0185821224 -1.89604009e-06 -0.999827325
f 5173//1725 5174//1725 5175//1725
v 0.173902869 -0.00688882452 -0.00983377825
v 0.173964083 -0.00687423395 -0.00978774019
v 0.173930541 -0.00801744871 -0.00978836417
vn 0.603528798 -0.0172740109 -0.797154069
f 5176//1726 5177//1726 5178//1726
v 0.173902869 -0.00688882452 -0.00983377825
v 0.173930541 -0.00801744871 -0.00978836417
v 0.172860786 -0.0069931061 -0.0103917988
vn 0.473784924 -0.0238027014 -0.88031882
f 5179//1727 5180//1727 5181//1727
v 0.172860786 -0.0069931061 -0.0103917988
v 0.173930541 -0.00801744871 -0.00978836417
v 0.172534287 -0.00800916459 -0.0105421012
vn 0.474806547 -0.0224326439 -0.879804254
f 5182//1728 5183//1728 5184//1728
v 0.172860786 -0.0069931061 -0.0103917988
v 0.172534287 -0.00800916459 -0.0105421012
v 0.172603026 -0.00701890094 -0.0105298292
vn 0.47366184 -0.0219718274 -0.880432665
f 5185//1729 5186//1729 5187//1729
v 0.171660766 -0.0070208665 -0.010768407
v 0.170978084 -0.00799999479 -0.0108247316
v 0.171332508 -0.00701939454 -0.0108072199
vn 0.117278762 -0.0246591456 -0.992792845
f 5188//1730 5189//1730 5190//1730
v 0.171332508 -0.00701939454 -0.0108072199
v 0.170978084 -0.00799999479 -0.0108247316
v 0.171002418 -0.0070176078 -0.0108242817
vn 0.0516120903 -0.000820185174 -0.998666883
f 5191//1731 5192//1731 5193//1731
v 0.172603026 -0.00701890094 -0.0105298292
v 0.172534287 -0.00800916459 -0.0105421012
v 0.172563463 -0.00701898336 -0.0105398456
vn 0.245448276 -0.00502621382 -0.969396651
f 5194//1732 5195//1732 5196//1732
v 0.172563463 -0.00701898336 -0.0105398456
v 0.172534287 -0.00800916459 -0.0105421012
v 0.172529444 -0.00800913572 -0.0105447117
vn 0.474636376 -0.0119846314 -0.880100369
f 5197//1733 5198//1733 5199//1733
v 0.172563463 -0.00701898336 -0.0105398456
v 0.172529444 -0.00800913572 -0.0105447117
v 0.171660766 -0.0070208665 -0.010768407
vn 0.245457768 -0.003670607 -0.969400346
f 5200//1734 5201//1734 5202//1734
v 0.171660766 -0.0070208665 -0.010768407
v 0.172529444 -0.00800913572 -0.0105447117
v 0.172525793 -0.0080091143 -0.0105453711
vn 0.17681241 -0.0668542013 -0.981971443
f 5203//1735 5204//1735 5205//1735
v 0.171660766 -0.0070208665 -0.010768407
v 0.172525793 -0.0080091143 -0.0105453711
v 0.170978084 -0.00799999479 -0.0108247316
vn 0.176852226 -0.0668182895 -0.981966674
f 5206//1736 5207//1736 5208//1736
v 0.160983592 -0.00717470283 0.00599245168
v 0.0138746956 -0.00717470283 0.00325838383
v 0.161007807 -0.00800000224 0.00599290151
vn -0.0185821224 -1.44767791e-16 0.999827325
f 5209//1737 5210//1737 5211//1737
v 0.161007807 -0.00800000224 0.00599290151
v 0.0138746956 -0.00717470283 0.00325838383
v 0.0138504859 -0.00800000224 0.003257934
vn -0.0185821224 -1.44767791e-16 0.999827325
f 5212//1738 5213//1738 5214//1738
v -0.008893447 0.00351472711 0.00543028349
v -0.00915772934 0.00351551548 0.00529281935
v -0.00963799749 -5.6793142e-06 0.0049718339
vn -0.461420387 -0.0179224741 0.887000561
f 5215//1739 5216//1739 5217//1739
v -0.00963799749 -5.6793142e-06 0.0049718339
v -0.00915772934 0.00351551548 0.00529281935
v -0.00962715968 0.00351691619 0.00504864566
vn -0.461424619 -0.0179216955 0.886998355
f 5218//1740 5219//1740 5220//1740
v -0.00963799749 -5.6793142e-06 0.0049718339
v -0.00962715968 0.00351691619 0.00504864566
v -0.00997348595 0.000138914096 0.00489871437
vn -0.221364349 -0.0205786526 0.974974036
f 5221//1741 5222//1741 5223//1741
v -0.00997348595 0.000138914096 0.00489871437
v -0.00962715968 0.00351691619 0.00504864566
v -0.0106303394 0.00351725658 0.00486992067
vn -0.175347149 -0.0257047229 0.984171033
f 5224//1742 5225//1742 5226//1742
v -0.00997348595 0.000138914096 0.00489871437
v -0.0106303394 0.00351725658 0.00486992067
v -0.0105946753 0.000406644685 0.00476332661
vn -0.227582082 -0.0359552018 0.973094881
f 5227//1743 5228//1743 5229//1743
v -0.00741781341 -0.00246509514 0.00640418986
v -0.0074761943 0.00351745239 0.00649535563
v -0.00850939285 -0.000974280352 0.0054912311
vn -0.65572536 -0.0179008208 0.754787266
f 5230//1744 5231//1744 5232//1744
v -0.00850939285 -0.000974280352 0.0054912311
v -0.0074761943 0.00351745239 0.00649535563
v -0.00830826815 0.00351298135 0.00573466346
vn -0.674678743 -0.0097987093 0.738046467
f 5233//1745 5234//1745 5235//1745
v -0.00850939285 -0.000974280352 0.0054912311
v -0.00830826815 0.00351298135 0.00573466346
v -0.00884146988 -0.000689281558 0.00533840526
vn -0.438379645 -0.0290846676 0.898319185
f 5236//1746 5237//1746 5238//1746
v -0.00884146988 -0.000689281558 0.00533840526
v -0.00830826815 0.00351298135 0.00573466346
v -0.008893447 0.00351472711 0.00543028349
vn -0.461369604 -0.0250864103 0.886853278
f 5239//1747 5240//1747 5241//1747
v -0.00884146988 -0.000689281558 0.00533840526
v -0.008893447 0.00351472711 0.00543028349
v -0.0089678159 -0.000580850581 0.00528026093
vn -0.435585469 -0.0250505395 0.899798751
f 5242//1748 5243//1748 5244//1748
v -0.0089678159 -0.000580850581 0.00528026093
v -0.008893447 0.00351472711 0.00543028349
v -0.00963799749 -5.6793142e-06 0.0049718339
vn -0.435596198 -0.025050154 0.899793565
f 5245//1749 5246//1749 5247//1749
v -0.0111572668 0.00351743563 0.00477604382
v -0.0111328606 0.000481534837 0.00472380081
v -0.0106303394 0.00351725658 0.00486992067
vn -0.175373241 -0.0183487386 0.984331012
f 5248//1750 5249//1750 5250//1750
v -0.0106303394 0.00351725658 0.00486992067
v -0.0111328606 0.000481534837 0.00472380081
v -0.0106094154 0.000412996422 0.00476011401
vn -0.0738212988 -0.0357512459 0.99663043
f 5251//1751 5252//1751 5253//1751
v -0.0106303394 0.00351725658 0.00486992067
v -0.0106094154 0.000412996422 0.00476011401
v -0.0105946753 0.000406644685 0.00476332661
vn -0.227566823 -0.0359551497 0.973098457
f 5254//1752 5255//1752 5256//1752
v -0.0117975352 -0.000500000024 -0.000219261099
v -0.0117319385 -0.000500000024 -0.000920022605
v -0.0110806543 -0.000620913401 -0.000869399169
vn -0.181233644 -0.983293712 -0.0169648994
f 5257//1753 5258//1753 5259//1753
v -0.00922649447 -0.000940205529 -0.00528034475
v -0.00880052149 -0.00108298159 -0.00553869735
v -0.00968797784 -0.00107349909 -0.0037757575
vn -0.421719521 -0.882653952 -0.207544282
f 5260//1754 5261//1754 5262//1754
v -0.00749209104 -0.00180856395 -0.00656282064
v -0.00743102748 -0.00184300717 -0.00661108037
v -0.00781651307 -0.00178244943 -0.00612871768
vn -0.687183499 -0.544622958 -0.48079592
f 5263//1755 5264//1755 5265//1755
v -0.00940554217 -0.00246509514 -0.00235853787
v -0.00976985227 -0.00246509514 -0.000766552053
v -0.00990228727 -0.00178244943 -0.000776943343
vn -0.957225502 -0.189038888 -0.219051808
f 5266//1756 5267//1756 5268//1756
v -0.00794324558 -0.00246509514 0.00565284165
v -0.00741781341 -0.00246509514 0.00640418986
v -0.00827733334 -0.00180858292 0.00553285563
vn -0.782238066 -0.298089892 0.547033846
f 5269//1757 5270//1757 5271//1757
v -0.00959312636 -0.00246509514 0.00181451114
v -0.00957419537 -0.00246509514 0.00209102826
v -0.00970398262 -0.00178244943 0.00211937423
vn -0.979675531 -0.189044148 0.0670686141
f 5272//1758 5273//1758 5274//1758
v -0.00970398262 -0.00178244943 0.00211937423
v -0.00957419537 -0.00246509514 0.00209102826
v -0.00856065564 -0.00246509514 0.00476998137
vn -0.918435037 -0.189044416 0.347475529
f 5275//1759 5276//1759 5277//1759
v -0.00970398262 -0.00178244943 0.00211937423
v -0.00856065564 -0.00246509514 0.00476998137
v -0.00867670588 -0.00178244943 0.00483464357
vn -0.918434739 -0.189047948 0.347474486
f 5278//1760 5279//1760 5280//1760
v -0.00867670588 -0.00178244943 0.00483464357
v -0.00856065564 -0.00246509514 0.00476998137
v -0.00794324558 -0.00246509514 0.00565284165
vn -0.804551184 -0.190069422 0.562646449
f 5281//1761 5282//1761 5283//1761
v -0.00925469026 -0.00178244943 -0.00360689033
v -0.00781651307 -0.00178244943 -0.00612871768
v -0.00913091749 -0.00246509514 -0.00355864945
vn -0.853005767 -0.189038903 -0.486462176
f 5284//1762 5285//1762 5286//1762
v -0.00913091749 -0.00246509514 -0.00355864945
v -0.00781651307 -0.00178244943 -0.00612871768
v -0.00771196652 -0.00246509514 -0.00604674779
vn -0.853002727 -0.189049482 -0.486463398
f 5287//1763 5288//1763 5289//1763
v -0.00743102748 -0.00184300717 -0.00661108037
v -0.00632823398 -0.00246509514 -0.00748271775
v -0.00781651307 -0.00178244943 -0.00612871768
vn -0.687223434 -0.544534504 -0.480838954
f 5290//1764 5291//1764 5292//1764
v -0.00781651307 -0.00178244943 -0.00612871768
v -0.00632823398 -0.00246509514 -0.00748271775
v -0.00762741128 -0.00246509514 -0.00613449002
vn -0.706956744 -0.190075547 -0.681236684
f 5293//1765 5294//1765 5295//1765
v -0.00781651307 -0.00178244943 -0.00612871768
v -0.00762741128 -0.00246509514 -0.00613449002
v -0.00771196652 -0.00246509514 -0.00604674779
vn -0.70693785 -0.190070122 -0.681257844
f 5296//1766 5297//1766 5298//1766
v -0.00968797784 -0.00107349909 -0.0037757575
v -0.00880052149 -0.00108298159 -0.00553869735
v -0.00925469026 -0.00178244943 -0.00360689033
vn -0.748991132 -0.546866775 -0.374097615
f 5299//1767 5300//1767 5301//1767
v -0.00880052149 -0.00108298159 -0.00553869735
v -0.00874590222 -0.00110128731 -0.00557182077
v -0.00925469026 -0.00178244943 -0.00360689033
vn -0.498713851 -0.77083683 -0.396352232
f 5302//1768 5303//1768 5304//1768
v -0.00925469026 -0.00178244943 -0.00360689033
v -0.00874590222 -0.00110128731 -0.00557182077
v -0.0086234957 -0.00117033836 -0.00566857168
vn -0.667236745 -0.633182347 -0.392269373
f 5305//1769 5306//1769 5307//1769
v -0.00925469026 -0.00178244943 -0.00360689033
v -0.0086234957 -0.00117033836 -0.00566857168
v -0.00781651307 -0.00178244943 -0.00612871768
vn -0.687336326 -0.611488938 -0.391982228
f 5308//1770 5309//1770 5310//1770
v -0.00781651307 -0.00178244943 -0.00612871768
v -0.0086234957 -0.00117033836 -0.00566857168
v -0.00794966519 -0.00155044382 -0.00620115548
vn -0.687220037 -0.544538736 -0.480839103
f 5311//1771 5312//1771 5313//1771
v -0.00781651307 -0.00178244943 -0.00612871768
v -0.00794966519 -0.00155044382 -0.00620115548
v -0.00749209104 -0.00180856395 -0.00656282064
vn -0.687224746 -0.544539154 -0.480831802
f 5314//1772 5315//1772 5316//1772
v -0.0116332304 -0.000500000024 -0.00197453541
v -0.0109901112 -0.000500000024 -0.00428368943
v -0.0103559978 -0.000620913401 -0.00403610803
vn -0.169303179 -0.984435439 -0.0471524224
f 5317//1773 5318//1773 5319//1773
v -0.0103559978 -0.000620913401 -0.00403610803
v -0.0109901112 -0.000500000024 -0.00428368943
v -0.0109792044 -0.000500000024 -0.00432283664
vn -0.169297233 -0.984435678 -0.0471677966
f 5320//1774 5321//1774 5322//1774
v -0.0103559978 -0.000620913401 -0.00403610803
v -0.0109792044 -0.000500000024 -0.00432283664
v -0.0103962244 -0.000548141194 -0.00457090838
vn -0.133843184 -0.983248532 -0.12372677
f 5323//1775 5324//1775 5325//1775
v -0.0103559978 -0.000620913401 -0.00403610803
v -0.0103962244 -0.000548141194 -0.00457090838
v -0.0100247571 -0.000672648544 -0.00479620323
vn -0.369190365 -0.924173832 -0.0979859456
f 5326//1776 5327//1776 5328//1776
v -0.0103559978 -0.000620913401 -0.00403610803
v -0.0100247571 -0.000672648544 -0.00479620323
v -0.00968797784 -0.00107349909 -0.0037757575
vn -0.508646369 -0.845185459 -0.164135545
f 5329//1777 5330//1777 5331//1777
v -0.00968797784 -0.00107349909 -0.0037757575
v -0.0100247571 -0.000672648544 -0.00479620323
v -0.00982613955 -0.000739219016 -0.00491666188
vn -0.421712369 -0.882656991 -0.207546026
f 5332//1778 5333//1778 5334//1778
v -0.00968797784 -0.00107349909 -0.0037757575
v -0.00982613955 -0.000739219016 -0.00491666188
v -0.00922649447 -0.000940205529 -0.00528034475
vn -0.421719521 -0.882653952 -0.207544282
f 5335//1779 5336//1779 5337//1779
v -0.0117975352 -0.000500000024 -0.000219261099
v -0.0110806543 -0.000620913401 -0.000869399169
v -0.0115908924 -0.000500000024 0.00220957841
vn -0.154685855 -0.987876058 0.013160496
f 5338//1780 5339//1780 5340//1780
v -0.0111969681 -0.000500000024 0.00372260693
v -0.0115117608 -0.000500000024 0.00251352298
v -0.0111679519 -0.000500168768 0.00372748356
vn -0.00608147494 -0.999980271 0.0015833514
f 5341//1781 5342//1781 5343//1781
v -0.0111679519 -0.000500168768 0.00372748356
v -0.0115117608 -0.000500000024 0.00251352298
v -0.0108587462 -0.000620913401 0.00237157848
vn -0.17165491 -0.983963668 0.0484780893
f 5344//1782 5345//1782 5346//1782
v -0.0111679519 -0.000500168768 0.00372748356
v -0.0108587462 -0.000620913401 0.00237157848
v -0.0111389356 -0.000500674534 0.00373237906
vn -0.0311327372 -0.996177912 0.0816109627
f 5347//1783 5348//1783 5349//1783
v -0.00933053065 -0.00112490298 0.00462805433
v -0.0100905569 -0.000719194009 0.00409333874
v -0.0101583041 -0.00107349909 0.00221859897
vn -0.556075394 -0.812778056 0.173700884
f 5350//1784 5351//1784 5352//1784
v -0.0101583041 -0.00107349909 0.00221859897
v -0.0100905569 -0.000719194009 0.00409333874
v -0.0101192053 -0.000713223184 0.00408347603
vn -0.262107819 -0.946480453 0.188346088
f 5353//1785 5354//1785 5355//1785
v -0.0101583041 -0.00107349909 0.00221859897
v -0.0101192053 -0.000713223184 0.00408347603
v -0.0108587462 -0.000620913401 0.00237157848
vn -0.5074175 -0.844013035 0.173693582
f 5356//1786 5357//1786 5358//1786
v -0.0108587462 -0.000620913401 0.00237157848
v -0.0101192053 -0.000713223184 0.00408347603
v -0.0103755184 -0.000659798156 0.00399522623
vn -0.217510283 -0.975180447 0.041380506
f 5359//1787 5360//1787 5361//1787
v -0.0108587462 -0.000620913401 0.00237157848
v -0.0103755184 -0.000659798156 0.00399522623
v -0.0111389356 -0.000500674534 0.00373237906
vn -0.217510134 -0.975180507 0.0413804576
f 5362//1788 5363//1788 5364//1788
v -0.00933053065 -0.00112490298 0.00462805433
v -0.0101583041 -0.00107349909 0.00221859897
v -0.00917378813 -0.00120857311 0.00473832991
vn -0.556073368 -0.812779605 0.173700154
f 5365//1789 5366//1789 5367//1789
v -0.00917378813 -0.00120857311 0.00473832991
v -0.0101583041 -0.00107349909 0.00221859897
v -0.00970398262 -0.00178244943 0.00211937423
vn -0.790152669 -0.545476317 0.279489428
f 5368//1790 5369//1790 5370//1790
v -0.00917378813 -0.00120857311 0.00473832991
v -0.00970398262 -0.00178244943 0.00211937423
v -0.00888078194 -0.0013649849 0.00494447676
vn -0.599767685 -0.747607887 0.285238832
f 5371//1791 5372//1791 5373//1791
v -0.00888078194 -0.0013649849 0.00494447676
v -0.00970398262 -0.00178244943 0.00211937423
v -0.00867670588 -0.00178244943 0.00483464357
vn -0.81941545 -0.482131451 0.310012192
f 5374//1792 5375//1792 5376//1792
v -0.00888078194 -0.0013649849 0.00494447676
v -0.00867670588 -0.00178244943 0.00483464357
v -0.00880545191 -0.00140519533 0.00499747321
vn -0.661666214 -0.475894749 0.579415202
f 5377//1793 5378//1793 5379//1793
v -0.00794324558 -0.00246509514 0.00565284165
v -0.00827733334 -0.00180858292 0.00553285563
v -0.00867670588 -0.00178244943 0.00483464357
vn -0.823183417 -0.33514145 0.458311349
f 5380//1794 5381//1794 5382//1794
v -0.00867670588 -0.00178244943 0.00483464357
v -0.00827733334 -0.00180858292 0.00553285563
v -0.00828015618 -0.00180642575 0.00552999275
vn -0.781481981 -0.452010572 0.430084109
f 5383//1795 5384//1795 5385//1795
v -0.00867670588 -0.00178244943 0.00483464357
v -0.00828015618 -0.00180642575 0.00552999275
v -0.00880545191 -0.00140519533 0.00499747321
vn -0.781374216 -0.452263623 0.430013895
f 5386//1796 5387//1796 5388//1796
v -0.0117319385 -0.000500000024 -0.000920022605
v -0.0116332304 -0.000500000024 -0.00197453541
v -0.0110806543 -0.000620913401 -0.000869399169
vn -0.181233689 -0.983293712 -0.016964348
f 5389//1797 5390//1797 5391//1797
v -0.0110806543 -0.000620913401 -0.000869399169
v -0.0116332304 -0.000500000024 -0.00197453541
v -0.0103559978 -0.000620913401 -0.00403610803
vn -0.148366198 -0.988349497 -0.0339514948
f 5392//1798 5393//1798 5394//1798
v -0.0110806543 -0.000620913401 -0.000869399169
v -0.0103559978 -0.000620913401 -0.00403610803
v -0.0103658931 -0.00107349909 -0.000813318242
vn -0.52436769 -0.84299463 -0.119994082
f 5395//1799 5396//1799 5397//1799
v -0.0103658931 -0.00107349909 -0.000813318242
v -0.0103559978 -0.000620913401 -0.00403610803
v -0.00968797784 -0.00107349909 -0.0037757575
vn -0.52436614 -0.842995584 -0.119994208
f 5398//1800 5399//1800 5400//1800
v -0.0103658931 -0.00107349909 -0.000813318242
v -0.00968797784 -0.00107349909 -0.0037757575
v -0.00990228727 -0.00178244943 -0.000776943343
vn -0.817727745 -0.54433918 -0.187126115
f 5401//1801 5402//1801 5403//1801
v -0.00990228727 -0.00178244943 -0.000776943343
v -0.00968797784 -0.00107349909 -0.0037757575
v -0.00925469026 -0.00178244943 -0.00360689033
vn -0.817726791 -0.544340491 -0.187126353
f 5404//1802 5405//1802 5406//1802
v -0.00990228727 -0.00178244943 -0.000776943343
v -0.00925469026 -0.00178244943 -0.00360689033
v -0.00940554217 -0.00246509514 -0.00235853787
vn -0.957224846 -0.189045608 -0.219048709
f 5407//1803 5408//1803 5409//1803
v -0.00940554217 -0.00246509514 -0.00235853787
v -0.00925469026 -0.00178244943 -0.00360689033
v -0.00913091749 -0.00246509514 -0.00355864945
vn -0.95722723 -0.189037979 -0.219044819
f 5410//1804 5411//1804 5412//1804
v -0.0115117608 -0.000500000024 0.00251352298
v -0.0115908924 -0.000500000024 0.00220957841
v -0.0108587462 -0.000620913401 0.00237157848
vn -0.172439992 -0.983996451 0.0448941998
f 5413//1805 5414//1805 5415//1805
v -0.0108587462 -0.000620913401 0.00237157848
v -0.0115908924 -0.000500000024 0.00220957841
v -0.0110806543 -0.000620913401 -0.000869399169
vn -0.165370136 -0.986166596 0.011322801
f 5416//1806 5417//1806 5418//1806
v -0.0108587462 -0.000620913401 0.00237157848
v -0.0110806543 -0.000620913401 -0.000869399169
v -0.0101583041 -0.00107349909 0.00221859897
vn -0.53666836 -0.842992783 0.0367453843
f 5419//1807 5420//1807 5421//1807
v -0.0101583041 -0.00107349909 0.00221859897
v -0.0110806543 -0.000620913401 -0.000869399169
v -0.0103658931 -0.00107349909 -0.000813318242
vn -0.536665499 -0.84299463 0.0367442705
f 5422//1808 5423//1808 5424//1808
v -0.0101583041 -0.00107349909 0.00221859897
v -0.0103658931 -0.00107349909 -0.000813318242
v -0.00970398262 -0.00178244943 0.00211937423
vn -0.836905479 -0.544339776 0.0573010221
f 5425//1809 5426//1809 5427//1809
v -0.00970398262 -0.00178244943 0.00211937423
v -0.0103658931 -0.00107349909 -0.000813318242
v -0.00990228727 -0.00178244943 -0.000776943343
vn -0.836905837 -0.54433924 0.0573012233
f 5428//1810 5429//1810 5430//1810
v -0.00970398262 -0.00178244943 0.00211937423
v -0.00990228727 -0.00178244943 -0.000776943343
v -0.00959312636 -0.00246509514 0.00181451114
vn -0.979674339 -0.189047381 0.0670762882
f 5431//1811 5432//1811 5433//1811
v -0.00959312636 -0.00246509514 0.00181451114
v -0.00990228727 -0.00178244943 -0.000776943343
v -0.00976985227 -0.00246509514 -0.000766552053
vn -0.979675829 -0.189038813 0.0670787245
f 5434//1812 5435//1812 5436//1812
v -0.012988897 0.000482548028 -0.00517212925
v -0.0130077563 0.00351738813 -0.00522515876
v -0.0120637799 0.000482015836 -0.00519767683
vn -0.0276107378 -0.0176358037 -0.999463141
f 5437//1813 5438//1813 5439//1813
v -0.0120637799 0.000482015836 -0.00519767683
v -0.0130077563 0.00351738813 -0.00522515876
v -0.0120146908 0.00351694599 -0.00525602698
vn -0.0310713481 -0.0187109299 -0.999342024
f 5440//1814 5441//1814 5442//1814
v -0.0120637799 0.000482015836 -0.00519767683
v -0.0120146908 0.00351694599 -0.00525602698
v -0.0111454185 0.000481594208 -0.00531118223
vn -0.122652084 -0.0170942862 -0.992302477
f 5443//1815 5444//1815 5445//1815
v -0.0111454185 0.000481594208 -0.00531118223
v -0.0120146908 0.00351694599 -0.00525602698
v -0.0112396097 0.00351611874 -0.00539577892
vn -0.177383125 -0.0329266004 -0.983590901
f 5446//1816 5447//1816 5448//1816
v -0.0111454185 0.000481594208 -0.00531118223
v -0.0112396097 0.00351611874 -0.00539577892
v -0.0103931576 0.000403473008 -0.00546368491
vn -0.201917991 -0.0335553661 -0.978827417
f 5449//1817 5450//1817 5451//1817
v -0.00891543925 -0.000195396846 -0.00594351022
v -0.00696672034 0.00351556716 -0.00718143489
v -0.00846514944 -0.000543863804 -0.00617462583
vn -0.480532199 -0.039904803 -0.876068711
f 5452//1818 5453//1818 5454//1818
v -0.00846514944 -0.000543863804 -0.00617462583
v -0.00696672034 0.00351556716 -0.00718143489
v -0.0073460089 -0.00140992634 -0.00674902881
vn -0.480528593 -0.0399065986 -0.876070619
f 5455//1819 5456//1819 5457//1819
v -0.0112396097 0.00351611874 -0.00539577892
v -0.0101187667 0.00351492269 -0.00559787452
v -0.0103931576 0.000403473008 -0.00546368491
vn -0.17740941 -0.0267826207 -0.983772635
f 5458//1820 5459//1820 5460//1820
v -0.0103931576 0.000403473008 -0.00546368491
v -0.0101187667 0.00351492269 -0.00559787452
v -0.0097794421 0.00351436995 -0.00573362038
vn -0.371428132 -0.00728597539 -0.92843312
f 5461//1821 5462//1821 5463//1821
v -0.0103931576 0.000403473008 -0.00546368491
v -0.0097794421 0.00351436995 -0.00573362038
v -0.0097502498 0.000142923338 -0.0056724418
vn -0.31607765 -0.0199487377 -0.948523581
f 5464//1822 5465//1822 5466//1822
v -0.0097502498 0.000142923338 -0.0056724418
v -0.0097794421 0.00351436995 -0.00573362038
v -0.00949915778 0.0035139136 -0.00584575068
vn -0.371391028 -0.0200599693 -0.92825985
f 5467//1823 5468//1823 5469//1823
v -0.0097502498 0.000142923338 -0.0056724418
v -0.00949915778 0.0035139136 -0.00584575068
v -0.00815957598 0.00351173175 -0.00638165651
vn -0.37138778 -0.0200602766 -0.928261101
f 5470//1824 5471//1824 5472//1824
v -0.0097502498 0.000142923338 -0.0056724418
v -0.00815957598 0.00351173175 -0.00638165651
v -0.00891543925 -0.000195396846 -0.00594351022
vn -0.325096369 -0.0453561917 -0.944592595
f 5473//1825 5474//1825 5475//1825
v -0.00891543925 -0.000195396846 -0.00594351022
v -0.00815957598 0.00351173175 -0.00638165651
v -0.00785712898 0.00351270428 -0.0065844385
vn -0.556854129 0.0153864054 -0.830467761
f 5476//1826 5477//1826 5478//1826
v -0.00891543925 -0.000195396846 -0.00594351022
v -0.00785712898 0.00351270428 -0.0065844385
v -0.00696672034 0.00351556716 -0.00718143489
vn -0.556856513 0.0153873609 -0.830466151
f 5479//1827 5480//1827 5481//1827
v -0.00632823398 -0.00246509514 -0.00748271775
v -0.00634867186 -0.0024417704 -0.00746600563
v -0.00638033636 0.00351745239 -0.00757459132
vn -0.644715428 -0.0173509885 -0.764225721
f 5482//1828 5483//1828 5484//1828
v -0.00638033636 0.00351745239 -0.00757459132
v -0.00634867186 -0.0024417704 -0.00746600563
v -0.00649153441 -0.00228128443 -0.00735157961
vn -0.636905968 -0.0174282733 -0.770744503
f 5485//1829 5486//1829 5487//1829
v -0.00638033636 0.00351745239 -0.00757459132
v -0.00649153441 -0.00228128443 -0.00735157961
v -0.00696672034 0.00351556716 -0.00718143489
vn -0.55671531 -0.0212615021 -0.830431223
f 5488//1830 5489//1830 5490//1830
v -0.00696672034 0.00351556716 -0.00718143489
v -0.00649153441 -0.00228128443 -0.00735157961
v -0.00689913565 -0.00186563015 -0.00706415111
vn -0.593009591 -0.0249887444 -0.804807544
f 5491//1831 5492//1831 5493//1831
v -0.00696672034 0.00351556716 -0.00718143489
v -0.00689913565 -0.00186563015 -0.00706415111
v -0.0073460089 -0.00140992634 -0.00674902881
vn -0.593010247 -0.0249887425 -0.804807067
f 5494//1832 5495//1832 5496//1832
v 0.0102679236 0.00502937334 0.00468666106
v 0.0106308628 0.00517668109 0.00439178944
v 0.0106315874 0.00541340234 0.00458374061
vn 0.663271129 -0.472577184 0.580294967
f 5497//1833 5498//1833 5499//1833
v 0.0106308628 0.00517668109 0.00439178944
v 0.0113311745 0.00546091935 0.003822817
v 0.0113373501 0.00559755322 0.00393558014
vn 0.659906805 -0.49576509 0.564570665
f 5500//1834 5501//1834 5502//1834
v 0.0102679236 0.00502937334 0.00468666106
v 0.0106315874 0.00541340234 0.00458374061
v 0.0101098679 0.00496522197 0.00481507601
vn 0.663273275 -0.472580612 0.580289721
f 5503//1835 5504//1835 5505//1835
v 0.00991874095 0.00506277103 0.0051094112
v 0.00992139522 0.00488872686 0.00496820034
v 0.0101098679 0.00496522197 0.00481507601
vn 0.66426456 -0.464829892 0.585393667
f 5506//1836 5507//1836 5508//1836
v 0.00992139522 0.00488872686 0.00496820034
v 0.00991874095 0.00506277103 0.0051094112
v 0.00848711748 0.00430658832 0.00613349304
vn 0.664268613 -0.464827567 0.585390925
f 5509//1837 5510//1837 5511//1837
v 0.00987813342 0.00518428301 0.00516246399
v 0.00848711748 0.00430658832 0.00613349304
v 0.00991874095 0.00506277103 0.0051094112
vn 0.621306658 -0.129755363 0.772749364
f 5512//1838 5513//1838 5514//1838
v 0.0101098679 0.00496522197 0.00481507601
v 0.0106315874 0.00541340234 0.00458374061
v 0.00991874095 0.00506277103 0.0051094112
vn 0.66192317 -0.46852684 0.585098565
f 5515//1839 5516//1839 5517//1839
v 0.00991874095 0.00506277103 0.0051094112
v 0.0106315874 0.00541340234 0.00458374061
v 0.0112691345 0.00606196979 0.00419144379
vn 0.6384992 -0.17421487 0.749645233
f 5518//1840 5519//1840 5520//1840
v 0.00991874095 0.00506277103 0.0051094112
v 0.0112691345 0.00606196979 0.00419144379
v 0.00987813342 0.00518428301 0.00516246399
vn 0.621307313 -0.129754946 0.772748888
f 5521//1841 5522//1841 5523//1841
v 0.0106308628 0.00517668109 0.00439178944
v 0.0113373501 0.00559755322 0.00393558014
v 0.0106315874 0.00541340234 0.00458374061
vn 0.65930903 -0.474769831 0.583013952
f 5524//1842 5525//1842 5526//1842
v 0.0106315874 0.00541340234 0.00458374061
v 0.0113373501 0.00559755322 0.00393558014
v 0.0113434652 0.00573283155 0.0040472243
vn 0.653116405 -0.499350429 0.56928736
f 5527//1843 5528//1843 5529//1843
v 0.0106315874 0.00541340234 0.00458374061
v 0.0113434652 0.00573283155 0.0040472243
v 0.0113437101 0.00573825277 0.00405169884
vn 0.653117895 -0.499337703 0.569296837
f 5530//1844 5531//1844 5532//1844
v 0.0113437101 0.00573825277 0.00405169884
v 0.0113432156 0.00574039109 0.00405262178
v 0.0106315874 0.00541340234 0.00458374061
vn 0.639347672 -0.175422639 0.748639703
f 5533//1845 5534//1845 5535//1845
v 0.0106315874 0.00541340234 0.00458374061
v 0.0113432156 0.00574039109 0.00405262178
v 0.0113049131 0.00590666477 0.00412440021
vn 0.639416277 -0.17581746 0.748488486
f 5536//1846 5537//1846 5538//1846
v 0.0106315874 0.00541340234 0.00458374061
v 0.0113049131 0.00590666477 0.00412440021
v 0.0112691345 0.00606196979 0.00419144379
vn 0.639414608 -0.175812796 0.748491049
f 5539//1847 5540//1847 5541//1847
v 0.0122353509 -0.0067242505 0.0035106407
v 0.0109201204 -0.00583327562 0.00418496225
v 0.0108560268 -0.00801745337 0.00418377807
vn 0.448849976 -0.0136557696 0.893502772
f 5542//1848 5543//1848 5544//1848
v 0.0138746956 -0.00717470283 0.00325838383
v 0.0138430344 -0.00717489095 0.00325789559
v 0.0138504859 -0.00800000224 0.003257934
vn -0.0154202748 -9.27822766e-05 0.999881089
f 5545//1849 5546//1849 5547//1849
v 0.0138504859 -0.00800000224 0.003257934
v 0.0138430344 -0.00717489095 0.00325789559
v 0.013811362 -0.00717508281 0.00325760758
vn -0.00909272116 -3.56377968e-05 0.999958634
f 5548//1850 5549//1850 5550//1850
v 0.0138504859 -0.00800000224 0.003257934
v 0.013811362 -0.00717508281 0.00325760758
v 0.0122792283 -0.00800918881 0.00348172989
vn 0.140963987 0.00707720034 0.9899894
f 5551//1851 5552//1851 5553//1851
v 0.0122792283 -0.00800918881 0.00348172989
v 0.013811362 -0.00717508281 0.00325760758
v 0.0133228563 -0.00713139027 0.00327919656
vn 0.0577569082 0.158745021 0.985628843
f 5554//1852 5555//1852 5556//1852
v 0.0122792283 -0.00800918881 0.00348172989
v 0.0133228563 -0.00713139027 0.00327919656
v 0.0122709554 -0.00800923631 0.00348580861
vn 0.422481358 -0.305396885 0.853371084
f 5557//1853 5558//1853 5559//1853
v 0.0122709554 -0.00800923631 0.00348580861
v 0.0133228563 -0.00713139027 0.00327919656
v 0.0123076467 -0.00675710198 0.00348952971
vn 0.199766293 -0.00876548607 0.979804337
f 5560//1854 5561//1854 5562//1854
v 0.0122709554 -0.00800923631 0.00348580861
v 0.0123076467 -0.00675710198 0.00348952971
v 0.0108560268 -0.00801745337 0.00418377807
vn 0.442411453 -0.0156285986 0.896676004
f 5563//1855 5564//1855 5565//1855
v 0.0108560268 -0.00801745337 0.00418377807
v 0.0123076467 -0.00675710198 0.00348952971
v 0.0122554237 -0.00673784921 0.00350034889
vn 0.27078709 0.206082627 0.940321386
f 5566//1856 5567//1856 5568//1856
v 0.0108560268 -0.00801745337 0.00418377807
v 0.0122554237 -0.00673784921 0.00350034889
v 0.0122353509 -0.0067242505 0.0035106407
vn 0.448856473 -0.0136644663 0.893499374
f 5569//1857 5570//1857 5571//1857
v 0.0097594168 -0.00492005749 0.00501378812
v 0.0110041499 -0.00554456376 0.00406735623
v 0.0110105779 -0.00541391782 0.0039705094
vn 0.67336601 0.418604195 0.609383881
f 5572//1858 5573//1858 5574//1858
v 0.0110168885 -0.00528578227 0.00387552334
v 0.0102715427 -0.00497491658 0.00448710099
v 0.0110105779 -0.00541391782 0.0039705094
vn 0.674048662 0.418186545 0.608915806
f 5575//1859 5576//1859 5577//1859
v 0.0110105779 -0.00541391782 0.0039705094
v 0.0102715427 -0.00497491658 0.00448710099
v 0.0101948939 -0.0049429494 0.00454999087
vn 0.674042583 0.418092459 0.608987093
f 5578//1860 5579//1860 5580//1860
v 0.0110105779 -0.00541391782 0.0039705094
v 0.0101948939 -0.0049429494 0.00454999087
v 0.0097594168 -0.00492005749 0.00501378812
vn 0.673811078 0.413676351 0.612250388
f 5581//1861 5582//1861 5583//1861
v 0.0097594168 -0.00492005749 0.00501378812
v 0.0101948939 -0.0049429494 0.00454999087
v 0.00977111235 -0.00476619834 0.00489772018
vn 0.674563944 0.411215097 0.613078773
f 5584//1862 5585//1862 5586//1862
v 0.0097594168 -0.00492005749 0.00501378812
v 0.00977111235 -0.00476619834 0.00489772018
v 0.00849388633 -0.00423349952 0.00594571885
vn 0.674559236 0.411217958 0.613082051
f 5587//1863 5588//1863 5589//1863
v 0.0109596448 -0.00569749065 0.004129651
v 0.0110031022 -0.00554818008 0.00406882958
v 0.0097594168 -0.00492005749 0.00501378812
vn 0.639087379 0.123249568 0.759194911
f 5590//1864 5591//1864 5592//1864
v 0.0097594168 -0.00492005749 0.00501378812
v 0.0110031022 -0.00554818008 0.00406882958
v 0.0110041499 -0.00554456376 0.00406735623
vn 0.639235973 0.123888448 0.75896579
f 5593//1865 5594//1865 5595//1865
v 0.0109201204 -0.00583327562 0.00418496225
v 0.0109596448 -0.00569749065 0.004129651
v 0.00971428491 -0.00503818877 0.00506005622
vn 0.635524809 0.125342578 0.761838198
f 5596//1866 5597//1866 5598//1866
v 0.00971428491 -0.00503818877 0.00506005622
v 0.0109596448 -0.00569749065 0.004129651
v 0.0097594168 -0.00492005749 0.00501378812
vn 0.620284617 0.0690458342 0.781331956
f 5599//1867 5600//1867 5601//1867
v 0.00971428491 -0.00503818877 0.00506005622
v 0.0097594168 -0.00492005749 0.00501378812
v 0.00849388633 -0.00423349952 0.00594571885
vn 0.616359353 0.0716675967 0.784196973
f 5602//1868 5603//1868 5604//1868
v 0.0105196694 -0.00420026528 0.00394613482
v 0.0112928003 -0.0041829939 0.00290768384
v 0.0114522539 0.00421860721 0.00273292139
vn 0.802130222 -0.00280241179 0.597142518
f 5605//1869 5606//1869 5607//1869
v 0.0114522539 0.00421860721 0.00273292139
v 0.0112928003 -0.0041829939 0.00290768384
v 0.011468919 -0.00417661993 0.00252671423
vn 0.907720923 -0.00850182213 0.419488311
f 5608//1870 5609//1870 5610//1870
v 0.0114522539 0.00421860721 0.00273292139
v 0.011468919 -0.00417661993 0.00252671423
v 0.0116377743 0.00421129493 0.00244791945
vn 0.837886453 -0.0117409583 0.545718253
f 5611//1871 5612//1871 5613//1871
v 0.0116377743 0.00421129493 0.00244791945
v 0.011468919 -0.00417661993 0.00252671423
v 0.0121586807 -0.0041516549 0.00103462569
vn 0.907701254 -0.0143332658 0.419372082
f 5614//1872 5615//1872 5616//1872
v 0.0116377743 0.00421129493 0.00244791945
v 0.0121586807 -0.0041516549 0.00103462569
v 0.0121076126 0.00417889655 0.00118384382
vn 0.937342584 -0.000494559354 0.348408759
f 5617//1873 5618//1873 5619//1873
v 0.0121076126 0.00417889655 0.00118384382
v 0.0121586807 -0.0041516549 0.00103462569
v 0.0121623063 -0.0041513904 0.00101880985
vn 0.974716783 0.00197310257 0.223435223
f 5620//1874 5621//1874 5622//1874
v 0.0121076126 0.00417889655 0.00118384382
v 0.0121623063 -0.0041513904 0.00101880985
v 0.0123188384 0.00416433113 0.000615533558
vn 0.937343657 -0.000748100108 0.348405361
f 5623//1875 5624//1875 5625//1875
v 0.0123188384 0.00416433113 0.000615533558
v 0.0121623063 -0.0041513904 0.00101880985
v 0.012306626 -0.00414085248 0.000388121611
vn 0.974803507 -0.00753786135 0.222937852
f 5626//1876 5627//1876 5628//1876
v 0.0123188384 0.00416433113 0.000615533558
v 0.012306626 -0.00414085248 0.000388121611
v 0.0123813711 0.0041600191 0.00044729223
vn 0.937198818 -0.0109241093 0.348624498
f 5629//1877 5630//1877 5631//1877
v 0.0123813711 0.0041600191 0.00044729223
v 0.012306626 -0.00414085248 0.000388121611
v 0.0126247574 -0.00411762251 -0.0010021741
vn 0.974790573 -0.010366274 0.22288096
f 5632//1878 5633//1878 5634//1878
v 0.0123813711 0.0041600191 0.00044729223
v 0.0126247574 -0.00411762251 -0.0010021741
v 0.0126839764 0.00410684478 -0.00166091963
vn 0.98986125 0.00424412731 0.141974166
f 5635//1879 5636//1879 5637//1879
v 0.0126839764 0.00410684478 -0.00166091963
v 0.0126247574 -0.00411762251 -0.0010021741
v 0.0126904845 -0.00410368992 -0.00184144638
vn 0.996948242 -0.000926180976 0.0780597404
f 5638//1880 5639//1880 5640//1880
v 0.00848711748 0.00430658832 0.00613349304
v 0.00849388633 -0.00423349952 0.00594571885
v 0.00880315807 0.00430045323 0.00589897018
vn 0.595611572 -0.0171857309 0.803088725
f 5641//1881 5642//1881 5643//1881
v 0.00880315807 0.00430045323 0.00589897018
v 0.00849388633 -0.00423349952 0.00594571885
v 0.0100580761 -0.00421057688 0.00456614047
vn 0.661496162 -0.0198659413 0.749685407
f 5644//1882 5645//1882 5646//1882
v 0.00880315807 0.00430045323 0.00589897018
v 0.0100580761 -0.00421057688 0.00456614047
v 0.0101404013 0.00426675333 0.00460559549
vn 0.695051372 -0.010095668 0.718889236
f 5647//1883 5648//1883 5649//1883
v 0.0101404013 0.00426675333 0.00460559549
v 0.0100580761 -0.00421057688 0.00456614047
v 0.0101656923 -0.00420817314 0.00442159269
vn 0.802150249 -0.0105685629 0.597028732
f 5650//1884 5651//1884 5652//1884
v 0.0101404013 0.00426675333 0.00460559549
v 0.0101656923 -0.00420817314 0.00442159269
v 0.0103910649 0.00426043617 0.0043631494
vn 0.694986939 -0.0135342507 0.718894958
f 5653//1885 5654//1885 5655//1885
v 0.0103910649 0.00426043617 0.0043631494
v 0.0101656923 -0.00420817314 0.00442159269
v 0.0105196694 -0.00420026528 0.00394613482
vn 0.802131832 -0.0172275845 0.596898437
f 5656//1886 5657//1886 5658//1886
v 0.0103910649 0.00426043617 0.0043631494
v 0.0105196694 -0.00420026528 0.00394613482
v 0.010531296 0.00425490877 0.00414772611
vn 0.837826669 -0.0141641153 0.545752585
f 5659//1887 5660//1887 5661//1887
v 0.010531296 0.00425490877 0.00414772611
v 0.0105196694 -0.00420026528 0.00394613482
v 0.0114522539 0.00421860721 0.00273292139
vn 0.837831795 -0.0141639356 0.545744717
f 5662//1888 5663//1888 5664//1888
v 0.0116800601 0.00558839599 0.00356600247
v 0.0119978404 0.00570450863 0.00333208148
v 0.0119872689 0.00584662659 0.00347467093
vn 0.619261086 -0.53269583 0.576845646
f 5665//1889 5666//1889 5667//1889
v 0.0122740064 0.0058054179 0.00312879053
v 0.0126175806 0.00593095645 0.00287588057
v 0.0126288226 0.00607408769 0.00309979799
vn 0.568837225 -0.705636024 0.422495008
f 5668//1890 5669//1890 5670//1890
v 0.0139256632 0.00682262285 0.00317837927
v 0.0139258103 0.0068298867 0.0031809106
v 0.0132561717 0.00675532501 0.00329872477
vn 0.198905811 -0.326094419 0.924174726
f 5671//1891 5672//1891 5673//1891
v 0.011666147 0.0063228393 0.00394011522
v 0.0112691345 0.00606196979 0.00419144379
v 0.0113049131 0.00590666477 0.00412440021
vn 0.611447096 -0.190665007 0.76797092
f 5674//1892 5675//1892 5676//1892
v 0.011666147 0.0063228393 0.00394011522
v 0.0113049131 0.00590666477 0.00412440021
v 0.0125330668 0.00677013863 0.00359410932
vn 0.291258276 0.16449137 0.942396522
f 5677//1893 5678//1893 5679//1893
v 0.0132561717 0.00675532501 0.00329872477
v 0.0139258103 0.0068298867 0.0031809106
v 0.0129784001 0.0069999136 0.00341636874
vn 0.193913683 -0.237588093 0.951813757
f 5680//1894 5681//1894 5682//1894
v 0.0129784001 0.0069999136 0.00341636874
v 0.0139258103 0.0068298867 0.0031809106
v 0.0139308656 0.00708019082 0.00326814037
vn 0.17217721 -0.327268988 0.929112494
f 5683//1895 5684//1895 5685//1895
v 0.0129784001 0.0069999136 0.00341636874
v 0.0139308656 0.00708019082 0.00326814037
v 0.0139312353 0.0071728453 0.0032727099
vn 0.157641053 -0.0492693223 0.986266613
f 5686//1896 5687//1896 5688//1896
v 0.0138960406 0.00627127336 0.00264598965
v 0.0139024472 0.00630307384 0.00276319031
v 0.0132767661 0.00621847156 0.00282049435
vn 0.152249828 -0.955925047 0.25105229
f 5689//1897 5690//1897 5691//1897
v 0.0132767661 0.00621847156 0.00282049435
v 0.0139024472 0.00630307384 0.00276319031
v 0.0139137357 0.00649379333 0.00296649546
vn 0.15937832 -0.724398732 0.670704842
f 5692//1898 5693//1898 5694//1898
v 0.0132767661 0.00621847156 0.00282049435
v 0.0139137357 0.00649379333 0.00296649546
v 0.0132850213 0.00644448726 0.00310808653
vn 0.196337223 -0.773678124 0.60239011
f 5695//1899 5696//1899 5697//1899
v 0.0132850213 0.00644448726 0.00310808653
v 0.0139137357 0.00649379333 0.00296649546
v 0.0139139472 0.00649744086 0.00297038327
vn 0.205847502 -0.719227135 0.663580537
f 5698//1900 5699//1900 5700//1900
v 0.0132850213 0.00644448726 0.00310808653
v 0.0139139472 0.00649744086 0.00297038327
v 0.0132561717 0.00675532501 0.00329872477
vn 0.225448057 -0.494060606 0.839688838
f 5701//1901 5702//1901 5703//1901
v 0.0132561717 0.00675532501 0.00329872477
v 0.0139139472 0.00649744086 0.00297038327
v 0.0139217582 0.00662938785 0.00311103743
vn 0.054116752 -0.729749501 0.681569517
f 5704//1902 5705//1902 5706//1902
v 0.0132561717 0.00675532501 0.00329872477
v 0.0139217582 0.00662938785 0.00311103743
v 0.0139256632 0.00682262285 0.00317837927
vn 0.198905721 -0.326091826 0.92417562
f 5707//1903 5708//1903 5709//1903
v 0.0138960406 0.00627127336 0.00264598965
v 0.0132767661 0.00621847156 0.00282049435
v 0.0138959065 0.00627061538 0.00264356588
vn 0.15226391 -0.955908358 0.251107335
f 5710//1904 5711//1904 5712//1904
v 0.0138959065 0.00627061538 0.00264356588
v 0.0132767661 0.00621847156 0.00282049435
v 0.0132517861 0.00608525705 0.00253190543
vn 0.189326182 -0.897648871 0.397972435
f 5713//1905 5714//1905 5715//1905
v 0.0138959065 0.00627061538 0.00264356588
v 0.0132517861 0.00608525705 0.00253190543
v 0.0138766719 0.00617512362 0.00229163398
vn 0.229068935 -0.942533731 0.243223205
f 5716//1906 5717//1906 5718//1906
v 0.0126175806 0.00593095645 0.00287588057
v 0.0129023371 0.00603500102 0.00266627246
v 0.0132767661 0.00621847156 0.00282049435
vn 0.404796392 -0.9090662 0.0986841992
f 5719//1907 5720//1907 5721//1907
v 0.0132767661 0.00621847156 0.00282049435
v 0.0129023371 0.00603500102 0.00266627246
v 0.0129400678 0.00604042737 0.00265176385
vn 0.274253845 -0.881942868 0.383355737
f 5722//1908 5723//1908 5724//1908
v 0.0132767661 0.00621847156 0.00282049435
v 0.0129400678 0.00604042737 0.00265176385
v 0.0132517861 0.00608525705 0.00253190543
vn 0.274244756 -0.881939411 0.383370191
f 5725//1909 5726//1909 5727//1909
v 0.0122740064 0.0058054179 0.00312879053
v 0.0126288226 0.00607408769 0.00309979799
v 0.0119978404 0.00570450863 0.00333208148
vn 0.568838179 -0.705637753 0.422490835
f 5728//1910 5729//1910 5730//1910
v 0.0116800601 0.00558839599 0.00356600247
v 0.0119872689 0.00584662659 0.00347467093
v 0.0113311745 0.00546091935 0.003822817
vn 0.619258106 -0.532688916 0.576855183
f 5731//1911 5732//1911 5733//1911
v 0.0119978404 0.00570450863 0.00333208148
v 0.0126288226 0.00607408769 0.00309979799
v 0.0119872689 0.00584662659 0.00347467093
vn 0.556011379 -0.567727566 0.607072294
f 5734//1912 5735//1912 5736//1912
v 0.0119872689 0.00584662659 0.00347467093
v 0.0126288226 0.00607408769 0.00309979799
v 0.012625875 0.00628442038 0.00332732149
vn 0.549771965 -0.609812617 0.570858419
f 5737//1913 5738//1913 5739//1913
v 0.0119872689 0.00584662659 0.00347467093
v 0.012625875 0.00628442038 0.00332732149
v 0.0113437101 0.00573825277 0.00405169884
vn 0.563983262 -0.65219748 0.506518841
f 5740//1914 5741//1914 5742//1914
v 0.0113437101 0.00573825277 0.00405169884
v 0.0113434652 0.00573283155 0.0040472243
v 0.0119872689 0.00584662659 0.00347467093
vn 0.618125737 -0.516774654 0.592338204
f 5743//1915 5744//1915 5745//1915
v 0.0119872689 0.00584662659 0.00347467093
v 0.0113434652 0.00573283155 0.0040472243
v 0.0113373501 0.00559755322 0.00393558014
vn 0.618121922 -0.516786873 0.592331529
f 5746//1916 5747//1916 5748//1916
v 0.0119872689 0.00584662659 0.00347467093
v 0.0113373501 0.00559755322 0.00393558014
v 0.0113311745 0.00546091935 0.003822817
vn 0.618121862 -0.516787112 0.59233129
f 5749//1917 5750//1917 5751//1917
v 0.0127282105 0.00687082577 0.00351622351
v 0.0125330668 0.00677013863 0.00359410932
v 0.0125785144 0.00654566893 0.00348670338
vn 0.482129991 -0.296798825 0.824294329
f 5752//1918 5753//1918 5754//1918
v 0.0125785144 0.00654566893 0.00348670338
v 0.0125330668 0.00677013863 0.00359410932
v 0.0113049131 0.00590666477 0.00412440021
vn 0.536786556 -0.27326563 0.79823935
f 5755//1919 5756//1919 5757//1919
v 0.0125785144 0.00654566893 0.00348670338
v 0.0113049131 0.00590666477 0.00412440021
v 0.012625875 0.00628442038 0.00332732149
vn 0.555318654 -0.357439637 0.750904858
f 5758//1920 5759//1920 5760//1920
v 0.012625875 0.00628442038 0.00332732149
v 0.0113049131 0.00590666477 0.00412440021
v 0.0113432156 0.00574039109 0.00405262178
vn 0.549440086 -0.221245453 0.805708408
f 5761//1921 5762//1921 5763//1921
v 0.012625875 0.00628442038 0.00332732149
v 0.0113432156 0.00574039109 0.00405262178
v 0.0113437101 0.00573825277 0.00405169884
vn 0.549373984 -0.220905066 0.80584687
f 5764//1922 5765//1922 5766//1922
v 0.0126175806 0.00593095645 0.00287588057
v 0.0132767661 0.00621847156 0.00282049435
v 0.0126288226 0.00607408769 0.00309979799
vn 0.383757263 -0.786682069 0.483592451
f 5767//1923 5768//1923 5769//1923
v 0.0126288226 0.00607408769 0.00309979799
v 0.0132767661 0.00621847156 0.00282049435
v 0.0132850213 0.00644448726 0.00310808653
vn 0.402386636 -0.725365162 0.558507264
f 5770//1924 5771//1924 5772//1924
v 0.0126288226 0.00607408769 0.00309979799
v 0.0132850213 0.00644448726 0.00310808653
v 0.012625875 0.00628442038 0.00332732149
vn 0.374904096 -0.678319991 0.631924748
f 5773//1925 5774//1925 5775//1925
v 0.012625875 0.00628442038 0.00332732149
v 0.0132850213 0.00644448726 0.00310808653
v 0.0132561717 0.00675532501 0.00329872477
vn 0.378719419 -0.458071381 0.804202855
f 5776//1926 5777//1926 5778//1926
v 0.012625875 0.00628442038 0.00332732149
v 0.0132561717 0.00675532501 0.00329872477
v 0.0125785144 0.00654566893 0.00348670338
vn 0.363335669 -0.436328918 0.823167205
f 5779//1927 5780//1927 5781//1927
v 0.0125785144 0.00654566893 0.00348670338
v 0.0132561717 0.00675532501 0.00329872477
v 0.0129784001 0.0069999136 0.00341636874
vn 0.29874289 -0.116326198 0.947217464
f 5782//1928 5783//1928 5784//1928
v 0.0125785144 0.00654566893 0.00348670338
v 0.0129784001 0.0069999136 0.00341636874
v 0.0127282105 0.00687082577 0.00351622351
vn 0.482126951 -0.296797633 0.824296534
f 5785//1929 5786//1929 5787//1929
v 0.0143139651 0.0061748554 0.00228383066
v 0.160580844 0.0061748554 0.00500224903
v 0.014312366 0.00618149294 0.00238269987
vn -0.00124453951 -0.997754633 0.0669635311
f 5788//1930 5789//1930 5790//1930
v 0.014312366 0.00618149294 0.00238269987
v 0.160580844 0.0061748554 0.00500224903
v 0.160573751 0.00626397179 0.00533746555
vn -0.00464345049 -0.966445744 0.256828785
f 5791//1931 5792//1931 5793//1931
v 0.014312366 0.00618149294 0.00238269987
v 0.160573751 0.00626397179 0.00533746555
v 0.0143086659 0.00626894366 0.00261468347
vn -0.00659631798 -0.935736239 0.352638841
f 5794//1932 5795//1932 5796//1932
v 0.0143086659 0.00626894366 0.00261468347
v 0.160573751 0.00626397179 0.00533746555
v 0.0143083893 0.00627561472 0.00263237976
vn -0.00659643486 -0.935733855 0.352645129
f 5797//1933 5798//1933 5799//1933
v 0.0143083893 0.00627561472 0.00263237976
v 0.160573751 0.00626397179 0.00533746555
v 0.0143051613 0.00635181088 0.00283450726
vn -0.00659633335 -0.935735941 0.352639645
f 5800//1934 5801//1934 5802//1934
v 0.0143051613 0.00635181088 0.00283450726
v 0.160573751 0.00626397179 0.00533746555
v 0.160573378 0.00626879744 0.00535561889
vn -0.00497483416 -0.966450691 0.256804079
f 5803//1935 5804//1935 5805//1935
v 0.0143051613 0.00635181088 0.00283450726
v 0.160573378 0.00626879744 0.00535561889
v 0.0143033117 0.00649208855 0.00295891752
vn -0.0132693052 -0.663565457 0.748000503
f 5806//1936 5807//1936 5808//1936
v 0.160563335 0.0066209496 0.00581729272
v 0.0143001825 0.00683790445 0.0031830247
v 0.16056636 0.00649409788 0.00567923952
vn -0.013274367 -0.736428738 0.676384866
f 5809//1937 5810//1937 5811//1937
v 0.16056636 0.00649409788 0.00567923952
v 0.0143001825 0.00683790445 0.0031830247
v 0.0143002216 0.00681968033 0.0031785199
vn -0.0171290617 -0.239968702 0.970629513
f 5812//1938 5813//1938 5814//1938
v 0.160573378 0.00626879744 0.00535561889
v 0.160571039 0.00629813457 0.00546597224
v 0.0143033117 0.00649208855 0.00295891752
vn -0.00568324467 -0.966445982 0.256807059
f 5815//1939 5816//1939 5817//1939
v 0.0143033117 0.00649208855 0.00295891752
v 0.160571039 0.00629813457 0.00546597224
v 0.16056636 0.00649409788 0.00567923952
vn -0.0125701232 -0.736427665 0.676399469
f 5818//1940 5819//1940 5820//1940
v 0.0143033117 0.00649208855 0.00295891752
v 0.16056636 0.00649409788 0.00567923952
v 0.0143004479 0.00670879288 0.00315110898
vn -0.0139026325 -0.663563907 0.747990429
f 5821//1941 5822//1941 5823//1941
v 0.0143004479 0.00670879288 0.00315110898
v 0.16056636 0.00649409788 0.00567923952
v 0.0143002216 0.00681968033 0.0031785199
vn -0.017129058 -0.239970937 0.970628917
f 5824//1942 5825//1942 5826//1942
v 0.160563335 0.0066209496 0.00581729272
v 0.160561457 0.00682441518 0.00588993262
v 0.0143001825 0.00683790445 0.0031830247
vn -0.0174572691 -0.336320728 0.94158566
f 5827//1943 5828//1943 5829//1943
v 0.0143001825 0.00683790445 0.0031830247
v 0.160561457 0.00682441518 0.00588993262
v 0.160561293 0.00684221322 0.00589628657
vn -0.0174572896 -0.336317569 0.941586852
f 5830//1944 5831//1944 5832//1944
v 0.0143001825 0.00683790445 0.0031830247
v 0.160561293 0.00684221322 0.00589628657
v 0.0142994924 0.00717469864 0.00326627959
vn -0.0179985948 -0.239970431 0.97061336
f 5833//1945 5834//1945 5835//1945
v 0.0142994924 0.00717469864 0.00326627959
v 0.160561293 0.00684221322 0.00589628657
v 0.160559133 0.00707571581 0.00597965065
vn -0.017695576 -0.336321384 0.941581011
f 5836//1946 5837//1946 5838//1946
v 0.0142994924 0.00717469864 0.00326627959
v 0.160559133 0.00707571581 0.00597965065
v 0.160558805 0.00717469864 0.00598455733
vn -0.0185592826 -0.0495664068 0.998598397
f 5839//1947 5840//1947 5841//1947
v 0.162128016 0.0068838005 0.0062784357
v 0.161051035 0.00717117637 0.00601769146
v 0.161607996 0.00675452081 0.00605814951
vn -0.302166671 -0.316610575 0.899140179
f 5842//1948 5843//1948 5844//1948
v 0.16160503 0.00621517608 0.00557609042
v 0.161585793 0.00644185068 0.00586533034
v 0.160955429 0.00649378728 0.00569935143
vn -0.219886884 -0.77487427 0.592637837
f 5845//1949 5846//1949 5847//1949
v 0.160955429 0.00649378728 0.00569935143
v 0.160974324 0.00630265661 0.0054958309
v 0.16160503 0.00621517608 0.00557609042
vn -0.184985638 -0.724881232 0.663571775
f 5848//1950 5849//1950 5850//1950
v 0.16160503 0.00621517608 0.00557609042
v 0.160974324 0.00630265661 0.0054958309
v 0.160985231 0.0062704673 0.00537732011
vn -0.1636796 -0.955727994 0.244526133
f 5851//1951 5852//1951 5853//1951
v 0.16160503 0.00621517608 0.00557609042
v 0.160985231 0.0062704673 0.00537732011
v 0.160985455 0.0062698219 0.00537494477
vn -0.163630813 -0.955778837 0.244359866
f 5854//1952 5855//1952 5856//1952
v 0.160935357 0.00683105178 0.00591352489
v 0.16093564 0.00682265218 0.00591059774
v 0.161607996 0.00675452081 0.00605814951
vn -0.234061211 -0.326810479 0.915647447
f 5857//1953 5858//1953 5859//1953
v 0.161607996 0.00675452081 0.00605814951
v 0.16093564 0.00682265218 0.00591059774
v 0.160942078 0.00662870612 0.00584301632
vn -0.234061748 -0.326834738 0.915638626
f 5860//1954 5861//1954 5862//1954
v 0.161607996 0.00675452081 0.00605814951
v 0.160942078 0.00662870612 0.00584301632
v 0.161585793 0.00644185068 0.00586533034
vn -0.176562101 -0.507544577 0.843341172
f 5863//1955 5864//1955 5865//1955
v 0.161585793 0.00644185068 0.00586533034
v 0.160942078 0.00662870612 0.00584301632
v 0.160955191 0.00649607554 0.00570178824
vn -0.231616825 -0.719767034 0.654437959
f 5866//1956 5867//1956 5868//1956
v 0.161585793 0.00644185068 0.00586533034
v 0.160955191 0.00649607554 0.00570178824
v 0.160955429 0.00649378728 0.00569935143
vn -0.231569424 -0.720026553 0.654169202
f 5869//1957 5870//1957 5871//1957
v 0.161051035 0.00717117637 0.00601769146
v 0.160926566 0.0071728453 0.00600466691
v 0.161607996 0.00675452081 0.00605814951
vn -0.104554698 -0.043284487 0.993576765
f 5872//1958 5873//1958 5874//1958
v 0.161607996 0.00675452081 0.00605814951
v 0.160926566 0.0071728453 0.00600466691
v 0.160927087 0.00707962876 0.00600014254
vn -0.107898183 -0.0488092937 0.992963076
f 5875//1959 5876//1959 5877//1959
v 0.161607996 0.00675452081 0.00605814951
v 0.160927087 0.00707962876 0.00600014254
v 0.160935357 0.00683105178 0.00591352489
vn -0.23406224 -0.326839685 0.915636778
f 5878//1960 5879//1960 5880//1960
v 0.162250578 0.00685109897 0.00630810624
v 0.162128016 0.0068838005 0.0062784357
v 0.162283406 0.00654124981 0.00627422892
vn -0.266514868 -0.13262248 0.9546628
f 5881//1961 5882//1961 5883//1961
v 0.163519531 0.00590716908 0.00695357891
v 0.163552687 0.00606196979 0.00702168373
v 0.162347466 0.00679238327 0.00636120047
vn -0.569786251 -0.225622669 0.790213943
f 5884//1962 5885//1962 5886//1962
v 0.162241578 0.00627904525 0.00611253921
v 0.163483351 0.00573825277 0.00687926402
v 0.163519531 0.00590716908 0.00695357891
vn -0.58018595 -0.220673159 0.784020185
f 5887//1963 5888//1963 5889//1963
v 0.162241578 0.00627904525 0.00611253921
v 0.163519531 0.00590716908 0.00695357891
v 0.162283406 0.00654124981 0.00627422892
vn -0.58379221 -0.356622994 0.729387939
f 5890//1964 5891//1964 5892//1964
v 0.162283406 0.00654124981 0.00627422892
v 0.163519531 0.00590716908 0.00695357891
v 0.162347466 0.00679238327 0.00636120047
vn -0.534651101 -0.151559904 0.831371009
f 5893//1965 5894//1965 5895//1965
v 0.162283406 0.00654124981 0.00627422892
v 0.162347466 0.00679238327 0.00636120047
v 0.162250578 0.00685109897 0.00630810624
vn -0.542724311 -0.147912428 0.826784253
f 5896//1966 5897//1966 5898//1966
v 0.162241578 0.00627904525 0.00611253921
v 0.162247285 0.00606810814 0.0058840774
v 0.162875444 0.00583911082 0.00628608139
vn -0.572945654 -0.609268188 0.548202097
f 5899//1967 5900//1967 5901//1967
v 0.163483351 0.00573825277 0.00687926402
v 0.162241578 0.00627904525 0.00611253921
v 0.163483948 0.00573029323 0.0068727131
vn -0.600164533 -0.534742236 0.594855666
f 5902//1968 5903//1968 5904//1968
v 0.163483948 0.00573029323 0.0068727131
v 0.162241578 0.00627904525 0.00611253921
v 0.162875444 0.00583911082 0.00628608139
vn -0.584281087 -0.650360942 0.485434145
f 5905//1969 5906//1969 5907//1969
v 0.163483948 0.00573029323 0.0068727131
v 0.162875444 0.00583911082 0.00628608139
v 0.163494155 0.00559575809 0.0067619849
vn -0.640395999 -0.516450822 0.568481743
f 5908//1970 5909//1970 5910//1970
v 0.163085505 0.00562829897 0.00626011565
v 0.162875444 0.00583911082 0.00628608139
v 0.163046211 0.00564400014 0.00622344762
vn -0.629390061 -0.674642801 0.385649145
f 5911//1971 5912//1971 5913//1971
v 0.163046211 0.00564400014 0.00622344762
v 0.162875444 0.00583911082 0.00628608139
v 0.162905872 0.00570201455 0.0061023538
vn -0.622646868 -0.673064709 0.3991175
f 5914//1972 5915//1972 5916//1972
v 0.163085505 0.00562829897 0.00626011565
v 0.163504392 0.00546091935 0.00665100664
v 0.162875444 0.00583911082 0.00628608139
vn -0.629408717 -0.67465502 0.385597348
f 5917//1973 5918//1973 5919//1973
v 0.162875444 0.00583911082 0.00628608139
v 0.163504392 0.00546091935 0.00665100664
v 0.163495004 0.0055845608 0.006752769
vn -0.640393913 -0.516463876 0.568472266
f 5920//1974 5921//1974 5922//1974
v 0.162875444 0.00583911082 0.00628608139
v 0.163495004 0.0055845608 0.006752769
v 0.163494155 0.00559575809 0.0067619849
vn -0.64039433 -0.516460836 0.568474472
f 5923//1975 5924//1975 5925//1975
v 0.162129804 0.00598955806 0.00552340271
v 0.16228722 0.00593167404 0.00563963549
v 0.162247285 0.00606810814 0.0058840774
vn -0.536609173 -0.771097243 0.342723876
f 5926//1976 5927//1976 5928//1976
v 0.162247285 0.00606810814 0.0058840774
v 0.16228722 0.00593167404 0.00563963549
v 0.162653342 0.00579704251 0.00590997888
vn -0.536613047 -0.771095276 0.342722148
f 5929//1977 5930//1977 5931//1977
v 0.162247285 0.00606810814 0.0058840774
v 0.162653342 0.00579704251 0.00590997888
v 0.162875444 0.00583911082 0.00628608139
vn -0.52726531 -0.752050161 0.395489424
f 5932//1978 5933//1978 5934//1978
v 0.162875444 0.00583911082 0.00628608139
v 0.162653342 0.00579704251 0.00590997888
v 0.162858397 0.00572163798 0.00606139423
vn -0.567752123 -0.711047411 0.414812148
f 5935//1979 5936//1979 5937//1979
v 0.162875444 0.00583911082 0.00628608139
v 0.162858397 0.00572163798 0.00606139423
v 0.162905872 0.00570201455 0.0061023538
vn -0.622648835 -0.673063576 0.399116307
f 5938//1980 5939//1980 5940//1980
v 0.160985455 0.0062698219 0.00537494477
v 0.161017537 0.00617512362 0.00502629532
v 0.16160503 0.00621517608 0.00557609042
vn -0.163680524 -0.955727637 0.244526908
f 5941//1981 5942//1981 5943//1981
v 0.16160503 0.00621517608 0.00557609042
v 0.161017537 0.00617512362 0.00502629532
v 0.16163294 0.00607245322 0.00530133722
vn -0.325285733 -0.852265239 0.409674436
f 5944//1982 5945//1982 5946//1982
v 0.16160503 0.00621517608 0.00557609042
v 0.16163294 0.00607245322 0.00530133722
v 0.161946356 0.00602016272 0.00544141652
vn -0.325292915 -0.852263331 0.409672737
f 5947//1983 5948//1983 5949//1983
v 0.162128016 0.0068838005 0.0062784357
v 0.161607996 0.00675452081 0.00605814951
v 0.162283406 0.00654124981 0.00627422892
vn -0.348415554 -0.169372544 0.921910822
f 5950//1984 5951//1984 5952//1984
v 0.162283406 0.00654124981 0.00627422892
v 0.161607996 0.00675452081 0.00605814951
v 0.161585793 0.00644185068 0.00586533034
vn -0.399079263 -0.460602194 0.792831242
f 5953//1985 5954//1985 5955//1985
v 0.162283406 0.00654124981 0.00627422892
v 0.161585793 0.00644185068 0.00586533034
v 0.162241578 0.00627904525 0.00611253921
vn -0.409997284 -0.430443794 0.804127097
f 5956//1986 5957//1986 5958//1986
v 0.162241578 0.00627904525 0.00611253921
v 0.161585793 0.00644185068 0.00586533034
v 0.16160503 0.00621517608 0.00557609042
vn -0.390859604 -0.736920118 0.551522851
f 5959//1987 5960//1987 5961//1987
v 0.162241578 0.00627904525 0.00611253921
v 0.16160503 0.00621517608 0.00557609042
v 0.162247285 0.00606810814 0.0058840774
vn -0.441278726 -0.664794147 0.602761865
f 5962//1988 5963//1988 5964//1988
v 0.162247285 0.00606810814 0.0058840774
v 0.16160503 0.00621517608 0.00557609042
v 0.161946356 0.00602016272 0.00544141652
vn -0.361808002 -0.868047476 0.339983195
f 5965//1989 5966//1989 5967//1989
v 0.162247285 0.00606810814 0.0058840774
v 0.161946356 0.00602016272 0.00544141652
v 0.162129804 0.00598955806 0.00552340271
vn -0.282586068 -0.914004028 0.291104376
f 5968//1990 5969//1990 5970//1990
v 0.16489853 0.00518954964 0.00803758763
v 0.164859325 0.00506566605 0.00798188709
v 0.166260615 0.00430658832 0.00906576589
vn -0.649952412 -0.130908161 0.748615324
f 5971//1991 5972//1991 5973//1991
v 0.163483351 0.00573825277 0.00687926402
v 0.164859325 0.00506566605 0.00798188709
v 0.163519531 0.00590716908 0.00695357891
vn -0.666522682 -0.175961792 0.724420428
f 5974//1992 5975//1992 5976//1992
v 0.163519531 0.00590716908 0.00695357891
v 0.164859325 0.00506566605 0.00798188709
v 0.16489853 0.00518954964 0.00803758763
vn -0.653383195 -0.128653347 0.746015191
f 5977//1993 5978//1993 5979//1993
v 0.163519531 0.00590716908 0.00695357891
v 0.16489853 0.00518954964 0.00803758763
v 0.163552687 0.00606196979 0.00702168373
vn -0.663635612 -0.177568555 0.726675391
f 5980//1994 5981//1994 5982//1994
v 0.165744022 0.00452418765 0.00866195746
v 0.164859325 0.00506566605 0.00798188709
v 0.164839625 0.00498388428 0.00793613959
vn -0.677288592 -0.228101045 0.699464142
f 5983//1995 5984//1995 5985//1995
v 0.165744022 0.00452418765 0.00866195746
v 0.166196018 0.00433333917 0.0090164803
v 0.164859325 0.00506566605 0.00798188709
vn -0.632415414 -0.0636728927 0.772008121
f 5986//1996 5987//1996 5988//1996
v 0.164859325 0.00506566605 0.00798188709
v 0.166196018 0.00433333917 0.0090164803
v 0.166260615 0.00430658832 0.00906576589
vn -0.587377608 0.0672780797 0.80651176
f 5989//1997 5990//1997 5991//1997
v 0.164524585 0.0050342204 0.00756703271
v 0.164653853 0.0049801534 0.00768310251
v 0.164839625 0.00498388428 0.00793613959
vn -0.677264869 -0.534962595 0.505101264
f 5992//1998 5993//1998 5994//1998
v 0.164839625 0.00498388428 0.00793613959
v 0.164653853 0.0049801534 0.00768310251
v 0.164849386 0.00489837117 0.00785867032
vn -0.677282155 -0.534929276 0.505113482
f 5995//1999 5996//1999 5997//1999
v 0.164839625 0.00498388428 0.00793613959
v 0.164849386 0.00489837117 0.00785867032
v 0.165744022 0.00452418765 0.00866195746
vn -0.677276552 -0.534932375 0.505117595
f 5998//2000 5999//2000 6000//2000
v 0.163504392 0.00546091935 0.00665100664
v 0.164524585 0.0050342204 0.00756703271
v 0.163495004 0.0055845608 0.006752769
vn -0.686417699 -0.492468417 0.535075307
f 6001//2001 6002//2001 6003//2001
v 0.163495004 0.0055845608 0.006752769
v 0.164524585 0.0050342204 0.00756703271
v 0.164839625 0.00498388428 0.00793613959
vn -0.683255255 -0.520396829 0.512200534
f 6004//2002 6005//2002 6006//2002
v 0.163495004 0.0055845608 0.006752769
v 0.164839625 0.00498388428 0.00793613959
v 0.163494155 0.00559575809 0.0067619849
vn -0.688746929 -0.491162002 0.533280015
f 6007//2003 6008//2003 6009//2003
v 0.163494155 0.00559575809 0.0067619849
v 0.164839625 0.00498388428 0.00793613959
v 0.164859325 0.00506566605 0.00798188709
vn -0.695866048 -0.215565935 0.685056031
f 6010//2004 6011//2004 6012//2004
v 0.163494155 0.00559575809 0.0067619849
v 0.164859325 0.00506566605 0.00798188709
v 0.163483948 0.00573029323 0.0068727131
vn -0.67741406 -0.497409433 0.541935503
f 6013//2005 6014//2005 6015//2005
v 0.163483948 0.00573029323 0.0068727131
v 0.164859325 0.00506566605 0.00798188709
v 0.163483351 0.00573825277 0.00687926402
vn -0.677446365 -0.497156382 0.542127252
f 6016//2006 6017//2006 6018//2006
v 0.165795505 -0.00422742311 0.00849730801
v 0.166260839 -0.00423349952 0.0088778697
v 0.166260615 0.00430658832 0.00906576589
vn -0.633116245 -0.017042188 0.773869097
f 6019//2007 6020//2007 6021//2007
v 0.165795505 -0.00422742311 0.00849730801
v 0.166260615 0.00430658832 0.00906576589
v 0.164665505 -0.00420783926 0.00727305422
vn -0.734859169 -0.00512445951 0.678200364
f 6022//2008 6023//2008 6024//2008
v 0.164309457 0.00425461028 0.00699301437
v 0.164308742 -0.00420165621 0.00688653206
v 0.16460976 0.00426633237 0.00746102678
vn -0.841531694 -0.0067310757 0.540165842
f 6025//2009 6026//2009 6027//2009
v 0.16460976 0.00426633237 0.00746102678
v 0.164308742 -0.00420165621 0.00688653206
v 0.164665505 -0.00420783926 0.00727305422
vn -0.734839797 -0.019871518 0.677949548
f 6028//2010 6029//2010 6030//2010
v 0.16460976 0.00426633237 0.00746102678
v 0.164665505 -0.00420783926 0.00727305422
v 0.164645836 0.00426721154 0.00749608083
vn -0.696593642 -0.0204900075 0.717173278
f 6031//2011 6032//2011 6033//2011
v 0.164645836 0.00426721154 0.00749608083
v 0.164665505 -0.00420783926 0.00727305422
v 0.166260615 0.00430658832 0.00906576589
vn -0.696617961 -0.0204894431 0.717149615
f 6034//2012 6035//2012 6036//2012
v 0.162820682 -0.00415112544 0.00380375306
v 0.163222089 -0.00417123456 0.00502068829
v 0.163382977 0.00421844795 0.00554921804
vn -0.949678481 -0.00152077852 0.313222706
f 6037//2013 6038//2013 6039//2013
v 0.163382977 0.00421844795 0.00554921804
v 0.163222089 -0.00417123456 0.00502068829
v 0.163412705 -0.0041765715 0.00534800906
vn -0.864147246 -0.0151172159 0.503011882
f 6040//2014 6041//2014 6042//2014
v 0.163382977 0.00421844795 0.00554921804
v 0.163412705 -0.0041765715 0.00534800906
v 0.164309457 0.00425461028 0.00699301437
vn -0.841335058 -0.0159296114 0.54027915
f 6043//2015 6044//2015 6045//2015
v 0.164309457 0.00425461028 0.00699301437
v 0.163412705 -0.0041765715 0.00534800906
v 0.164275423 -0.00420072349 0.00682933489
vn -0.864159822 -0.00626328727 0.503178477
f 6046//2016 6047//2016 6048//2016
v 0.164309457 0.00425461028 0.00699301437
v 0.164275423 -0.00420072349 0.00682933489
v 0.164308742 -0.00420165621 0.00688653206
vn -0.864151061 -0.00626361277 0.503193498
f 6049//2017 6050//2017 6051//2017
v 0.162602201 0.00416250899 0.00333795953
v 0.162356287 0.00410684478 0.00112078979
v 0.162356481 -0.00410368992 0.000940144702
vn -0.993895173 -0.00245164288 0.110301077
f 6052//2018 6053//2018 6054//2018
v 0.162356481 -0.00410368992 0.000940144702
v 0.162593171 -0.00413972838 0.00311401905
v 0.162602201 0.00416250899 0.00333795953
vn -0.994126499 -0.00183775765 0.108208485
f 6055//2019 6056//2019 6057//2019
v 0.162602201 0.00416250899 0.00333795953
v 0.162593171 -0.00413972838 0.00311401905
v 0.162618071 -0.00414097495 0.00318946503
vn -0.949673474 -0.00741419289 0.313153803
f 6058//2020 6059//2020 6060//2020
v 0.162602201 0.00416250899 0.00333795953
v 0.162618071 -0.00414097495 0.00318946503
v 0.162628308 0.00416437909 0.00341187674
vn -0.94284898 -0.00775840133 0.333130091
f 6061//2021 6062//2021 6063//2021
v 0.162628308 0.00416437909 0.00341187674
v 0.162618071 -0.00414097495 0.00318946503
v 0.162820682 -0.00415112544 0.00380375306
vn -0.94968158 -0.00721448986 0.313133836
f 6064//2022 6065//2022 6066//2022
v 0.162628308 0.00416437909 0.00341187674
v 0.162820682 -0.00415112544 0.00380375306
v 0.162829846 0.00417881878 0.00398267107
vn -0.942881584 -0.00611757021 0.333071858
f 6067//2023 6068//2023 6069//2023
v 0.162829846 0.00417881878 0.00398267107
v 0.162820682 -0.00415112544 0.00380375306
v 0.163382977 0.00421844795 0.00554921804
vn -0.942880511 -0.00611763727 0.333074927
f 6070//2024 6071//2024 6072//2024
v 0.163816497 -0.00528578227 0.00671535498
v 0.163819239 -0.0054126163 0.00680954335
v 0.164529428 -0.00497834291 0.00736510381
vn -0.704278231 0.413375109 0.577159643
f 6073//2025 6074//2025 6075//2025
v 0.164529428 -0.00497834291 0.00736510381
v 0.163819239 -0.0054126163 0.00680954335
v 0.1638221 -0.00554456329 0.00690752873
vn -0.704277754 0.41335696 0.577173233
f 6076//2026 6077//2026 6078//2026
v 0.164529428 -0.00497834291 0.00736510381
v 0.1638221 -0.00554456329 0.00690752873
v 0.164639473 -0.00493088551 0.00746540166
vn -0.704282105 0.413380027 0.577151358
f 6079//2027 6080//2027 6081//2027
v 0.165081263 -0.0050333892 0.00795302074
v 0.166260839 -0.00423349952 0.0088778697
v 0.165651351 -0.00449452363 0.0083876187
vn -0.641586781 0.0621604919 0.764527619
f 6082//2028 6083//2028 6084//2028
v 0.165081263 -0.0050333892 0.00795302074
v 0.165651351 -0.00449452363 0.0083876187
v 0.16503796 -0.00491560018 0.00790524762
vn -0.64612776 0.0706549212 0.75995183
f 6085//2029 6086//2029 6087//2029
v 0.16503796 -0.00491560018 0.00790524762
v 0.165651351 -0.00449452363 0.0083876187
v 0.165016413 -0.00476833154 0.007808947
vn -0.709978282 0.309717864 0.632460058
f 6088//2030 6089//2030 6090//2030
v 0.16503796 -0.00491560018 0.00790524762
v 0.165016413 -0.00476833154 0.007808947
v 0.164639473 -0.00493088551 0.00746540166
vn -0.709979296 0.309717178 0.632459223
f 6091//2031 6092//2031 6093//2031
v 0.163862646 -0.0056916289 0.00696898438
v 0.163901702 -0.00583327515 0.00702817552
v 0.165081263 -0.0050333892 0.00795302074
vn -0.663393736 0.125343934 0.737697542
f 6094//2032 6095//2032 6096//2032
v 0.164639473 -0.00493088551 0.00746540166
v 0.1638221 -0.00554456329 0.00690752873
v 0.16503796 -0.00491560018 0.00790524762
vn -0.696124375 0.365406245 0.617971778
f 6097//2033 6098//2033 6099//2033
v 0.16503796 -0.00491560018 0.00790524762
v 0.1638221 -0.00554456329 0.00690752873
v 0.165081263 -0.0050333892 0.00795302074
vn -0.653106987 0.0658363476 0.754398346
f 6100//2034 6101//2034 6102//2034
v 0.165081263 -0.0050333892 0.00795302074
v 0.1638221 -0.00554456329 0.00690752873
v 0.163862646 -0.0056916289 0.00696898438
vn -0.663400769 0.125374123 0.737686038
f 6103//2035 6104//2035 6105//2035
v 0.161007807 -0.00800000224 0.00599290151
v 0.162569657 -0.00800918695 0.00627492741
v 0.162074402 -0.00697896909 0.00613536127
vn -0.177219436 0.0479735062 0.983001411
f 6106//2036 6107//2036 6108//2036
v 0.162074402 -0.00697896909 0.00613536127
v 0.161046907 -0.00717508281 0.00599402888
v 0.161007807 -0.00800000224 0.00599290151
vn -0.13723202 0.00515206903 0.990525544
f 6109//2037 6110//2037 6111//2037
v 0.161007807 -0.00800000224 0.00599290151
v 0.161046907 -0.00717508281 0.00599402888
v 0.161015257 -0.00717489095 0.00599313993
vn -0.0280698501 -3.56377968e-05 0.999605954
f 6112//2038 6113//2038 6114//2038
v 0.161007807 -0.00800000224 0.00599290151
v 0.161015257 -0.00717489095 0.00599313993
v 0.160983592 -0.00717470283 0.00599245168
vn -0.0217437837 -9.27822766e-05 0.999763548
f 6115//2039 6116//2039 6117//2039
v 0.163901702 -0.00583327515 0.00702817552
v 0.163124129 -0.00640603388 0.00652733352
v 0.163965791 -0.00801745337 0.00702937366
vn -0.53350395 -0.0151914926 0.845661163
f 6118//2040 6119//2040 6120//2040
v 0.163965791 -0.00801745337 0.00702937366
v 0.163124129 -0.00640603388 0.00652733352
v 0.162589461 -0.0066978517 0.0063276873
vn -0.388144046 0.0832180381 0.917833865
f 6121//2041 6122//2041 6123//2041
v 0.163965791 -0.00801745337 0.00702937366
v 0.162589461 -0.0066978517 0.0063276873
v 0.162569657 -0.00800918695 0.00627492741
vn -0.475349933 -0.0282035023 0.879344642
f 6124//2042 6125//2042 6126//2042
v 0.162569657 -0.00800918695 0.00627492741
v 0.162589461 -0.0066978517 0.0063276873
v 0.162521854 -0.00673474232 0.00630244799
vn -0.33381176 -0.0328636207 0.942066729
f 6127//2043 6128//2043 6129//2043
v 0.162569657 -0.00800918695 0.00627492741
v 0.162521854 -0.00673474232 0.00630244799
v 0.162074402 -0.00697896909 0.00613536127
vn -0.333835095 -0.0328643173 0.942058444
f 6130//2044 6131//2044 6132//2044
v 0.175542936 -0.00551900826 -0.00860325899
v 0.175489336 -0.00559634948 -0.00864277314
v 0.1752287 -0.00544887874 -0.00877091847
vn 0.486400634 0.106064789 -0.867274284
f 6133//2045 6134//2045 6135//2045
v 0.175006226 -0.00629357807 -0.00899898913
v 0.173964083 -0.00687423395 -0.00978774019
v 0.173883781 -0.00659012841 -0.00980063714
vn 0.555848777 0.119793408 -0.822606623
f 6136//2046 6137//2046 6138//2046
v 0.175042063 -0.00598017778 -0.00895267632
v 0.175135016 -0.00610772055 -0.00890403427
v 0.175006226 -0.00629357807 -0.00899898913
vn 0.53047514 0.0642683953 -0.845260739
f 6139//2047 6140//2047 6141//2047
v 0.175135016 -0.00610772055 -0.00890403427
v 0.175042063 -0.00598017778 -0.00895267632
v 0.175489336 -0.00559634948 -0.00864277314
vn 0.530483305 0.0642765164 -0.845254958
f 6142//2048 6143//2048 6144//2048
v 0.1750696 -0.00537192775 -0.00879853871
v 0.17501761 -0.00514232274 -0.00875735283
v 0.1752287 -0.00544887874 -0.00877091847
vn 0.273150027 0.229419038 -0.934214115
f 6145//2049 6146//2049 6147//2049
v 0.1752287 -0.00544887874 -0.00877091847
v 0.17501761 -0.00514232274 -0.00875735283
v 0.175046116 -0.00501730293 -0.0087487828
vn 0.0264518838 0.0623635277 -0.997702897
f 6148//2050 6149//2050 6150//2050
v 0.175637096 -0.00503475498 -0.00854149926
v 0.175542936 -0.00551900826 -0.00860325899
v 0.175360605 -0.00502656121 -0.00869136397
vn 0.476884186 0.0193443503 -0.878753245
f 6151//2051 6152//2051 6153//2051
v 0.175360605 -0.00502656121 -0.00869136397
v 0.175542936 -0.00551900826 -0.00860325899
v 0.1752287 -0.00544887874 -0.00877091847
vn 0.473761618 0.0178807918 -0.880471587
f 6154//2052 6155//2052 6156//2052
v 0.175360605 -0.00502656121 -0.00869136397
v 0.1752287 -0.00544887874 -0.00877091847
v 0.175358251 -0.00502649136 -0.00869263895
vn 0.476708263 0.0166650414 -0.878903568
f 6157//2053 6158//2053 6159//2053
v 0.175358251 -0.00502649136 -0.00869263895
v 0.1752287 -0.00544887874 -0.00877091847
v 0.175046116 -0.00501730293 -0.0087487828
vn 0.179206699 0.125859886 -0.975727558
f 6160//2054 6161//2054 6162//2054
v 0.174596772 -0.0055522467 -0.00891415123
v 0.174804032 -0.00541145867 -0.00883563329
v 0.1750696 -0.00537192775 -0.00879853871
vn 0.0660067648 0.41013366 -0.909633696
f 6163//2055 6164//2055 6165//2055
v 0.174804032 -0.00541145867 -0.00883563329
v 0.174846843 -0.00535751181 -0.00881994236
v 0.1750696 -0.00537192775 -0.00879853871
vn 0.106476985 0.198867485 -0.974224985
f 6166//2056 6167//2056 6168//2056
v 0.1750696 -0.00537192775 -0.00879853871
v 0.174846843 -0.00535751181 -0.00881994236
v 0.174898162 -0.00529283984 -0.00880113151
vn 0.106476858 0.198864713 -0.974225581
f 6169//2057 6170//2057 6171//2057
v 0.1750696 -0.00537192775 -0.00879853871
v 0.174898162 -0.00529283984 -0.00880113151
v 0.17501761 -0.00514232274 -0.00875735283
vn 0.106475428 0.198861584 -0.974226415
f 6172//2058 6173//2058 6174//2058
v 0.174214602 -0.00592311891 -0.0092433244
v 0.174025983 -0.00573009811 -0.00913300551
v 0.174164042 -0.00568707893 -0.00908006914
vn 0.126397744 0.582450986 -0.802978456
f 6175//2059 6176//2059 6177//2059
v 0.175489336 -0.00559634948 -0.00864277314
v 0.175042063 -0.00598017778 -0.00895267632
v 0.1752287 -0.00544887874 -0.00877091847
vn 0.492555231 0.121769004 -0.861720145
f 6178//2060 6179//2060 6180//2060
v 0.1752287 -0.00544887874 -0.00877091847
v 0.175042063 -0.00598017778 -0.00895267632
v 0.174892992 -0.00582162663 -0.00898619276
vn 0.387961894 0.173391938 -0.905218661
f 6181//2061 6182//2061 6183//2061
v 0.1752287 -0.00544887874 -0.00877091847
v 0.174892992 -0.00582162663 -0.00898619276
v 0.1750696 -0.00537192775 -0.00879853871
vn 0.289760053 0.269440442 -0.918390393
f 6184//2062 6185//2062 6186//2062
v 0.1750696 -0.00537192775 -0.00879853871
v 0.174892992 -0.00582162663 -0.00898619276
v 0.174729243 -0.00568013126 -0.00897546019
vn 0.204713479 0.307392448 -0.929302037
f 6187//2063 6188//2063 6189//2063
v 0.1750696 -0.00537192775 -0.00879853871
v 0.174729243 -0.00568013126 -0.00897546019
v 0.174596772 -0.0055522467 -0.00891415123
vn 0.0391147472 0.464625925 -0.88464272
f 6190//2064 6191//2064 6192//2064
v 0.173661157 -0.00619047461 -0.00967491325
v 0.174214602 -0.00592311891 -0.0092433244
v 0.173726931 -0.00630852021 -0.0097120665
vn 0.391879767 0.467712045 -0.792259872
f 6193//2065 6194//2065 6195//2065
v 0.173726931 -0.00630852021 -0.0097120665
v 0.174214602 -0.00592311891 -0.0092433244
v 0.174387425 -0.00611738674 -0.00931342505
vn 0.307410866 0.552930057 -0.774446189
f 6196//2066 6197//2066 6198//2066
v 0.173726931 -0.00630852021 -0.0097120665
v 0.174387425 -0.00611738674 -0.00931342505
v 0.173729509 -0.00631315541 -0.00971352495
vn 0.359476447 0.455916077 -0.814197242
f 6199//2067 6200//2067 6201//2067
v 0.173361823 -0.00593704171 -0.00938765984
v 0.174025983 -0.00573009811 -0.00913300551
v 0.173550248 -0.00609657587 -0.00956848357
vn 0.014442021 0.757211149 -0.653010488
f 6202//2068 6203//2068 6204//2068
v 0.173550248 -0.00609657587 -0.00956848357
v 0.174025983 -0.00573009811 -0.00913300551
v 0.174214602 -0.00592311891 -0.0092433244
vn 0.20356214 0.628146827 -0.750995338
f 6205//2069 6206//2069 6207//2069
v 0.173550248 -0.00609657587 -0.00956848357
v 0.174214602 -0.00592311891 -0.0092433244
v 0.173661157 -0.00619047461 -0.00967491325
vn 0.0894605517 0.791270196 -0.604887009
f 6208//2070 6209//2070 6210//2070
v 0.174387425 -0.00611738674 -0.00931342505
v 0.173883781 -0.00659012841 -0.00980063714
v 0.173878372 -0.00658033276 -0.00979761593
vn 0.363726974 0.451947927 -0.81452179
f 6211//2071 6212//2071 6213//2071
v 0.174387425 -0.00611738674 -0.00931342505
v 0.173878372 -0.00658033276 -0.00979761593
v 0.173729509 -0.00631315541 -0.00971352495
vn 0.359246165 0.456373721 -0.814042509
f 6214//2072 6215//2072 6216//2072
v 0.175006226 -0.00629357807 -0.00899898913
v 0.173883781 -0.00659012841 -0.00980063714
v 0.175042063 -0.00598017778 -0.00895267632
vn 0.57046026 0.055879429 -0.819422066
f 6217//2073 6218//2073 6219//2073
v 0.175042063 -0.00598017778 -0.00895267632
v 0.173883781 -0.00659012841 -0.00980063714
v 0.174387425 -0.00611738674 -0.00931342505
vn 0.350804746 0.464360029 -0.81320709
f 6220//2074 6221//2074 6222//2074
v 0.175042063 -0.00598017778 -0.00895267632
v 0.174387425 -0.00611738674 -0.00931342505
v 0.174892992 -0.00582162663 -0.00898619276
vn 0.434051692 0.223597839 -0.872698784
f 6223//2075 6224//2075 6225//2075
v 0.174892992 -0.00582162663 -0.00898619276
v 0.174387425 -0.00611738674 -0.00931342505
v 0.174214602 -0.00592311891 -0.0092433244
vn 0.237265944 0.50952673 -0.827095747
f 6226//2076 6227//2076 6228//2076
v 0.174892992 -0.00582162663 -0.00898619276
v 0.174214602 -0.00592311891 -0.0092433244
v 0.174729243 -0.00568013126 -0.00897546019
vn 0.275890559 0.386042237 -0.880258918
f 6229//2077 6230//2077 6231//2077
v 0.174729243 -0.00568013126 -0.00897546019
v 0.174214602 -0.00592311891 -0.0092433244
v 0.174164042 -0.00568707893 -0.00908006914
vn 0.140868634 0.583402991 -0.799873114
f 6232//2078 6233//2078 6234//2078
v 0.174729243 -0.00568013126 -0.00897546019
v 0.174164042 -0.00568707893 -0.00908006914
v 0.174596772 -0.0055522467 -0.00891415123
vn 0.145908535 0.546496391 -0.82465291
f 6235//2079 6236//2079 6237//2079
v 0.175931513 0.00499985041 -0.00853602681
v 0.175637096 -0.00503475498 -0.00854149926
v 0.175655082 0.00500804232 -0.00868585147
vn 0.476167053 -0.013491435 -0.879251361
f 6238//2080 6239//2080 6240//2080
v 0.175655082 0.00500804232 -0.00868585147
v 0.175637096 -0.00503475498 -0.00854149926
v 0.175360605 -0.00502656121 -0.00869136397
vn 0.476177901 -0.0134913698 -0.87924546
f 6241//2081 6242//2081 6243//2081
v 0.175655082 0.00500804232 -0.00868585147
v 0.175360605 -0.00502656121 -0.00869136397
v 0.175652668 0.00500811404 -0.00868716743
vn 0.476187557 -0.0134916557 -0.879240215
f 6244//2082 6245//2082 6246//2082
v 0.175360605 -0.00502656121 -0.00869136397
v 0.175358251 -0.00502649136 -0.00869263895
v 0.175652668 0.00500811404 -0.00868716743
vn 0.47603929 -0.0134873064 -0.879320562
f 6247//2083 6248//2083 6249//2083
v 0.175652668 0.00500811404 -0.00868716743
v 0.175358251 -0.00502649136 -0.00869263895
v 0.175046116 -0.00501730293 -0.0087487828
vn 0.176892132 -0.00465325871 -0.984219253
f 6250//2084 6251//2084 6252//2084
v 0.175652668 0.00500811404 -0.00868716743
v 0.175046116 -0.00501730293 -0.0087487828
v 0.175340518 0.00501730293 -0.00874331035
vn 0.176892132 -0.00465325825 -0.984219253
f 6253//2085 6254//2085 6255//2085
v 0.17539911 0.00595357874 -0.00894238707
v 0.175503626 0.00608482817 -0.00888902042
v 0.175827652 0.00557320565 -0.00862853415
vn 0.537346363 -0.0867844298 -0.838884592
f 6256//2086 6257//2086 6258//2086
v 0.174369588 0.00580074452 -0.0091409497
v 0.173764169 0.00593704125 -0.00938018132
v 0.173932612 0.0060490747 -0.00955050625
vn 0.0211305395 -0.844747365 -0.534747958
f 6259//2087 6260//2087 6261//2087
v 0.173932612 0.0060490747 -0.00955050625
v 0.173949957 0.00607109442 -0.00956369098
v 0.174369588 0.00580074452 -0.0091409497
vn 0.289874941 -0.649393141 -0.703037024
f 6262//2088 6263//2088 6264//2088
v 0.174369588 0.00580074452 -0.0091409497
v 0.173949957 0.00607109442 -0.00956369098
v 0.174597025 0.00591658009 -0.00923109334
vn 0.140444875 -0.764940739 -0.628602326
f 6265//2089 6266//2089 6267//2089
v 0.174369588 0.00580074452 -0.0091409497
v 0.174597025 0.00591658009 -0.00923109334
v 0.174420714 0.00577518111 -0.00912041496
vn 0.00496225385 -0.620195508 -0.784431577
f 6268//2090 6269//2090 6270//2090
v 0.174420714 0.00577518111 -0.00912041496
v 0.174597025 0.00591658009 -0.00923109334
v 0.174563989 0.00570354424 -0.00906287041
vn 0.00495988317 -0.62019372 -0.784433007
f 6271//2091 6272//2091 6273//2091
v 0.174563989 0.00570354424 -0.00906287041
v 0.174597025 0.00591658009 -0.00923109334
v 0.175086841 0.00567249022 -0.0089650983
vn 0.107188307 -0.626343012 -0.772143185
f 6274//2092 6275//2092 6276//2092
v 0.174563989 0.00570354424 -0.00906287041
v 0.175086841 0.00567249022 -0.0089650983
v 0.174910262 0.00553040439 -0.00892379135
vn 0.140685558 -0.433597833 -0.890056431
f 6277//2093 6278//2093 6279//2093
v 0.175340518 0.00501730293 -0.00874331035
v 0.175311491 0.00518899923 -0.00875901151
v 0.175652668 0.00500811404 -0.00868716743
vn 0.174985766 -0.0602754913 -0.98272419
f 6280//2094 6281//2094 6282//2094
v 0.175652668 0.00500811404 -0.00868716743
v 0.175311491 0.00518899923 -0.00875901151
v 0.1755559 0.00543103321 -0.00876220316
vn 0.130069494 -0.144287422 -0.980950058
f 6283//2095 6284//2095 6285//2095
v 0.175652668 0.00500811404 -0.00868716743
v 0.1755559 0.00543103321 -0.00876220316
v 0.175655082 0.00500804232 -0.00868585147
vn 0.474926978 -0.0472602956 -0.878755271
f 6286//2096 6287//2096 6288//2096
v 0.175311491 0.00518899923 -0.00875901151
v 0.175230667 0.00529697211 -0.00879321527
v 0.175397262 0.00536341034 -0.00879047811
vn 0.106427476 -0.226993352 -0.968063653
f 6289//2097 6290//2097 6291//2097
v 0.175397262 0.00536341034 -0.00879047811
v 0.175230667 0.00529697211 -0.00879321527
v 0.17518498 0.00535800541 -0.00881254859
vn 0.10642574 -0.226988956 -0.968064845
f 6292//2098 6293//2098 6294//2098
v 0.175397262 0.00536341034 -0.00879047811
v 0.17518498 0.00535800541 -0.00881254859
v 0.175086841 0.00567249022 -0.0089650983
vn 0.104694203 -0.407405913 -0.907226264
f 6295//2099 6296//2099 6297//2099
v 0.175086841 0.00567249022 -0.0089650983
v 0.17518498 0.00535800541 -0.00881254859
v 0.175143063 0.00541400257 -0.00883028749
vn -0.313238084 -0.49182561 -0.812397361
f 6298//2100 6299//2100 6300//2100
v 0.175086841 0.00567249022 -0.0089650983
v 0.175143063 0.00541400257 -0.00883028749
v 0.174910262 0.00553040439 -0.00892379135
vn 0.140684679 -0.433596909 -0.890057027
f 6301//2101 6302//2101 6303//2101
v 0.174366444 0.00683932798 -0.0097802626
v 0.174465328 0.00680236053 -0.00970339123
v 0.174266666 0.00657140976 -0.00976331346
vn 0.534245074 -0.250043154 -0.807502747
f 6304//2102 6305//2102 6306//2102
v 0.174266666 0.00657140976 -0.00976331346
v 0.174465328 0.00680236053 -0.00970339123
v 0.17542395 0.00621061027 -0.00895306095
vn 0.511029661 -0.224292174 -0.829784155
f 6307//2103 6308//2103 6309//2103
v 0.175311491 0.00518899923 -0.00875901151
v 0.175397262 0.00536341034 -0.00879047811
v 0.1755559 0.00543103321 -0.00876220316
vn 0.292331398 -0.307151318 -0.905649185
f 6310//2104 6311//2104 6312//2104
v 0.1755559 0.00543103321 -0.00876220316
v 0.175397262 0.00536341034 -0.00879047811
v 0.175086841 0.00567249022 -0.0089650983
vn 0.272540092 -0.251032203 -0.928819001
f 6313//2105 6314//2105 6315//2105
v 0.1755559 0.00543103321 -0.00876220316
v 0.175086841 0.00567249022 -0.0089650983
v 0.175249621 0.00580459461 -0.00897450373
vn 0.221567944 -0.338139713 -0.914641559
f 6316//2106 6317//2106 6318//2106
v 0.175249621 0.00580459461 -0.00897450373
v 0.175086841 0.00567249022 -0.0089650983
v 0.174597025 0.00591658009 -0.00923109334
vn 0.274828762 -0.400871128 -0.873940229
f 6319//2107 6320//2107 6321//2107
v 0.175249621 0.00580459461 -0.00897450373
v 0.174597025 0.00591658009 -0.00923109334
v 0.174768418 0.00610133307 -0.00929908361
vn 0.23397781 -0.519495666 -0.821814239
f 6322//2108 6323//2108 6324//2108
v 0.175931513 0.00499985041 -0.00853602681
v 0.175655082 0.00500804232 -0.00868585147
v 0.17584382 0.00554766832 -0.00861553196
vn 0.474705726 -0.0515278541 -0.87863493
f 6325//2109 6326//2109 6327//2109
v 0.17584382 0.00554766832 -0.00861553196
v 0.175655082 0.00500804232 -0.00868585147
v 0.1755559 0.00543103321 -0.00876220316
vn 0.469118267 -0.0491656996 -0.881765723
f 6328//2110 6329//2110 6330//2110
v 0.17584382 0.00554766832 -0.00861553196
v 0.1755559 0.00543103321 -0.00876220316
v 0.175827652 0.00557320565 -0.00862853415
vn 0.49087283 -0.12800321 -0.86177671
f 6331//2111 6332//2111 6333//2111
v 0.175827652 0.00557320565 -0.00862853415
v 0.1755559 0.00543103321 -0.00876220316
v 0.175249621 0.00580459461 -0.00897450373
vn 0.48101899 -0.100569792 -0.870922744
f 6334//2112 6335//2112 6336//2112
v 0.175827652 0.00557320565 -0.00862853415
v 0.175249621 0.00580459461 -0.00897450373
v 0.17539911 0.00595357874 -0.00894238707
vn 0.426205516 -0.239590034 -0.872321904
f 6337//2113 6338//2113 6339//2113
v 0.17539911 0.00595357874 -0.00894238707
v 0.175249621 0.00580459461 -0.00897450373
v 0.174768418 0.00610133307 -0.00929908361
vn 0.43253094 -0.247060373 -0.86710906
f 6340//2114 6341//2114 6342//2114
v 0.173949957 0.00607109442 -0.00956369098
v 0.173951432 0.00607295427 -0.00956480298
v 0.174597025 0.00591658009 -0.00923109334
vn 0.232088029 -0.627637088 -0.743106186
f 6343//2115 6344//2115 6345//2115
v 0.174597025 0.00591658009 -0.00923109334
v 0.173951432 0.00607295427 -0.00956480298
v 0.174128145 0.00629719999 -0.00969906151
vn 0.232038066 -0.627722621 -0.743049562
f 6346//2116 6347//2116 6348//2116
v 0.174597025 0.00591658009 -0.00923109334
v 0.174128145 0.00629719999 -0.00969906151
v 0.174768418 0.00610133307 -0.00929908361
vn 0.305598617 -0.565432608 -0.766091049
f 6349//2117 6350//2117 6351//2117
v 0.174768418 0.00610133307 -0.00929908361
v 0.174128145 0.00629719999 -0.00969906151
v 0.174131006 0.00630084053 -0.00970124174
vn 0.258014232 -0.638050914 -0.725478947
f 6352//2118 6353//2118 6354//2118
v 0.174768418 0.00610133307 -0.00929908361
v 0.174131006 0.00630084053 -0.00970124174
v 0.174197167 0.00638479926 -0.00975150801
vn 0.258155286 -0.637851894 -0.725603759
f 6355//2119 6356//2119 6357//2119
v 0.174197167 0.00638479926 -0.00975150801
v 0.174264103 0.00656451937 -0.0097628776
v 0.174768418 0.00610133307 -0.00929908361
vn 0.52354908 -0.246562079 -0.815538764
f 6358//2120 6359//2120 6360//2120
v 0.174768418 0.00610133307 -0.00929908361
v 0.174264103 0.00656451937 -0.0097628776
v 0.174266666 0.00657140976 -0.00976331346
vn 0.523642242 -0.246438265 -0.815516412
f 6361//2121 6362//2121 6363//2121
v 0.174768418 0.00610133307 -0.00929908361
v 0.174266666 0.00657140976 -0.00976331346
v 0.17539911 0.00595357874 -0.00894238707
vn 0.368744433 -0.423541039 -0.827430069
f 6364//2122 6365//2122 6366//2122
v 0.17539911 0.00595357874 -0.00894238707
v 0.174266666 0.00657140976 -0.00976331346
v 0.17542395 0.00621061027 -0.00895306095
vn 0.552790642 -0.0878527835 -0.828676283
f 6367//2123 6368//2123 6369//2123
v 0.17539911 0.00595357874 -0.00894238707
v 0.17542395 0.00621061027 -0.00895306095
v 0.175503626 0.00608482817 -0.00888902042
vn 0.537345588 -0.0867835209 -0.838885188
f 6370//2124 6371//2124 6372//2124
v 0.172161967 0.00601695618 -0.00976568833
v 0.171922699 0.00601715036 -0.00978954975
v 0.171975791 0.00611235434 -0.0101376986
vn 0.0251570642 -0.965249181 -0.260117531
f 6373//2125 6374//2125 6375//2125
v 0.172161967 0.00601695618 -0.00976568833
v 0.171975791 0.00611235434 -0.0101376986
v 0.172884986 0.0059808935 -0.00959172472
vn 0.0129981609 -0.966990888 -0.254479289
f 6376//2126 6377//2126 6378//2126
v 0.173932612 0.0060490747 -0.00955050625
v 0.173764169 0.00593704125 -0.00938018132
v 0.173604816 0.00594498962 -0.00941852294
vn 0.0758047923 -0.865835845 -0.494552225
f 6379//2127 6380//2127 6381//2127
v 0.173932612 0.0060490747 -0.00955050625
v 0.173604816 0.00594498962 -0.00941852294
v 0.173032895 0.00611112267 -0.00993394479
vn 0.116808951 -0.900098145 -0.419736773
f 6382//2128 6383//2128 6384//2128
v 0.173273697 0.0069707022 -0.0103889313
v 0.174366444 0.00683932798 -0.0097802626
v 0.174266666 0.00657140976 -0.00976331346
vn 0.45365268 -0.223521322 -0.862691998
f 6385//2129 6386//2129 6387//2129
v 0.173273697 0.0069707022 -0.0103889313
v 0.173250198 0.0066570295 -0.0103631578
v 0.17307356 0.00699476339 -0.0105004096
vn 0.473931104 -0.107305624 -0.873999298
f 6388//2130 6389//2130 6390//2130
v 0.17307356 0.00699476339 -0.0105004096
v 0.173250198 0.0066570295 -0.0103631578
v 0.172982395 0.00699643604 -0.0105241183
vn 0.238945812 -0.25571391 -0.936757863
f 6391//2131 6392//2131 6393//2131
v 0.173273697 0.0069707022 -0.0103889313
v 0.174266666 0.00657140976 -0.00976331346
v 0.173250198 0.0066570295 -0.0103631578
vn 0.498494446 -0.108006209 -0.860138297
f 6394//2132 6395//2132 6396//2132
v 0.173250198 0.0066570295 -0.0103631578
v 0.174266666 0.00657140976 -0.00976331346
v 0.174264103 0.00656451937 -0.0097628776
vn 0.47978577 -0.232055083 -0.846141875
f 6397//2133 6398//2133 6399//2133
v 0.173250198 0.0066570295 -0.0103631578
v 0.174264103 0.00656451937 -0.0097628776
v 0.174197167 0.00638479926 -0.00975150801
vn 0.4797602 -0.23218964 -0.846119463
f 6400//2134 6401//2134 6402//2134
v 0.172046885 0.00647058571 -0.010600307
v 0.172057226 0.00665894011 -0.0106654838
v 0.173250198 0.0066570295 -0.0103631578
vn 0.231447235 -0.329454809 -0.915364265
f 6403//2135 6404//2135 6405//2135
v 0.173250198 0.0066570295 -0.0103631578
v 0.172057226 0.00665894011 -0.0106654838
v 0.172057524 0.00666426867 -0.0106673287
vn 0.231454283 -0.329373986 -0.915391564
f 6406//2136 6407//2136 6408//2136
v 0.173250198 0.0066570295 -0.0103631578
v 0.172057524 0.00666426867 -0.0106673287
v 0.172982395 0.00699643604 -0.0105241183
vn 0.237356424 -0.256993532 -0.936811745
f 6409//2137 6410//2137 6411//2137
v 0.172982395 0.00699643604 -0.0105241183
v 0.172057524 0.00666426867 -0.0106673287
v 0.172071621 0.00692124246 -0.0107562505
vn 0.258647472 -0.328530312 -0.908388317
f 6412//2138 6413//2138 6414//2138
v 0.172982395 0.00699643604 -0.0105241183
v 0.172071621 0.00692124246 -0.0107562505
v 0.17207253 0.0070131314 -0.0107607543
vn 0.250533223 -0.0498494878 -0.966823757
f 6415//2139 6416//2139 6417//2139
v 0.174197167 0.00638479926 -0.00975150801
v 0.174131006 0.00630084053 -0.00970124174
v 0.173250198 0.0066570295 -0.0103631578
vn 0.275578409 -0.644282281 -0.713412106
f 6418//2140 6419//2140 6420//2140
v 0.173250198 0.0066570295 -0.0103631578
v 0.174131006 0.00630084053 -0.00970124174
v 0.173160449 0.00633910857 -0.0101964278
vn 0.374475598 -0.5113585 -0.773485959
f 6421//2141 6422//2141 6423//2141
v 0.173250198 0.0066570295 -0.0103631578
v 0.173160449 0.00633910857 -0.0101964278
v 0.172046885 0.00647058571 -0.010600307
vn 0.241496205 -0.503291368 -0.829685092
f 6424//2142 6425//2142 6426//2142
v 0.174131006 0.00630084053 -0.00970124174
v 0.174128145 0.00629719999 -0.00969906151
v 0.173160449 0.00633910857 -0.0101964278
vn 0.320653498 -0.6599195 -0.679475963
f 6427//2143 6428//2143 6429//2143
v 0.173160449 0.00633910857 -0.0101964278
v 0.174128145 0.00629719999 -0.00969906151
v 0.173951432 0.00607295427 -0.00956480298
vn 0.320757002 -0.659682393 -0.67965734
f 6430//2144 6431//2144 6432//2144
v 0.173160449 0.00633910857 -0.0101964278
v 0.173951432 0.00607295427 -0.00956480298
v 0.173032895 0.00611112267 -0.00993394479
vn 0.202187985 -0.785901964 -0.584361255
f 6433//2145 6434//2145 6435//2145
v 0.173032895 0.00611112267 -0.00993394479
v 0.173951432 0.00607295427 -0.00956480298
v 0.173949957 0.00607109442 -0.00956369098
vn 0.263554394 -0.639786661 -0.721950173
f 6436//2146 6437//2146 6438//2146
v 0.173032895 0.00611112267 -0.00993394479
v 0.173949957 0.00607109442 -0.00956369098
v 0.173932612 0.0060490747 -0.00955050625
vn 0.263516724 -0.639894366 -0.721868515
f 6439//2147 6440//2147 6441//2147
v 0.171993792 0.00614461722 -0.0102556804
v 0.172024891 0.00633550994 -0.0104574999
v 0.173160449 0.00633910857 -0.0101964278
vn 0.155443385 -0.729515731 -0.666066229
f 6442//2148 6443//2148 6444//2148
v 0.173160449 0.00633910857 -0.0101964278
v 0.172024891 0.00633550994 -0.0104574999
v 0.172046885 0.00647058571 -0.010600307
vn 0.155443788 -0.729514062 -0.666067958
f 6445//2149 6446//2149 6447//2149
v 0.173604816 0.00594498962 -0.00941852294
v 0.172884986 0.0059808935 -0.00959172472
v 0.173032895 0.00611112267 -0.00993394479
vn 0.0354561172 -0.939025819 -0.342013747
f 6448//2150 6449//2150 6450//2150
v 0.173032895 0.00611112267 -0.00993394479
v 0.172884986 0.0059808935 -0.00959172472
v 0.171975791 0.00611235434 -0.0101376986
vn 0.0627333298 -0.941486776 -0.331160367
f 6451//2151 6452//2151 6453//2151
v 0.173032895 0.00611112267 -0.00993394479
v 0.171975791 0.00611235434 -0.0101376986
v 0.173160449 0.00633910857 -0.0101964278
vn 0.118174262 -0.777401745 -0.617803693
f 6454//2152 6455//2152 6456//2152
v 0.173160449 0.00633910857 -0.0101964278
v 0.171975791 0.00611235434 -0.0101376986
v 0.171976477 0.00611357251 -0.0101421541
vn 0.171436831 -0.95664221 -0.235467941
f 6457//2153 6458//2153 6459//2153
v 0.173160449 0.00633910857 -0.0101964278
v 0.171976477 0.00611357251 -0.0101421541
v 0.171993792 0.00614461722 -0.0102556804
vn 0.171437696 -0.956644416 -0.23545827
f 6460//2154 6461//2154 6462//2154
v 0.171395943 0.00601775991 -0.00983425044
v 0.00405762298 0.00601775991 -0.0129442886
v 0.171402559 0.00611870969 -0.0101901479
vn 0.00506993895 -0.962059557 -0.272792488
f 6463//2155 6464//2155 6465//2155
v 0.171402559 0.00611870969 -0.0101901479
v 0.00405762298 0.00601775991 -0.0129442886
v 0.0040642377 0.00611871015 -0.013300186
vn 0.00506995805 -0.9620592 -0.272793651
f 6466//2156 6467//2156 6468//2156
v 0.171402559 0.00611870969 -0.0101901479
v 0.0040642377 0.00611871015 -0.013300186
v 0.171405092 0.00615745829 -0.0103267552
vn 0.00506996457 -0.962059081 -0.272794008
f 6469//2157 6470//2157 6471//2157
v 0.171405092 0.00615745829 -0.0103267552
v 0.0040642377 0.00611871015 -0.013300186
v 0.00406677648 0.00615745829 -0.0134367933
vn 0.00506991101 -0.962059975 -0.272790998
f 6472//2158 6473//2158 6474//2158
v 0.171405092 0.00615745829 -0.0103267552
v 0.00406677648 0.00615745829 -0.0134367933
v 0.17140843 0.00634005619 -0.0105061634
vn 0.0132536925 -0.700910032 -0.71312654
f 6475//2159 6476//2159 6477//2159
v 0.17140843 0.00634005619 -0.0105061634
v 0.00406677648 0.00615745829 -0.0134367933
v 0.00407011062 0.00634005712 -0.0136162015
vn 0.0132537214 -0.700908244 -0.713128328
f 6478//2160 6479//2160 6480//2160
v 0.17140843 0.00634005619 -0.0105061634
v 0.00407011062 0.00634005712 -0.0136162015
v 0.171411768 0.00652265456 -0.0106855705
vn 0.0132537391 -0.70090729 -0.713129222
f 6481//2161 6482//2161 6483//2161
v 0.171411768 0.00652265456 -0.0106855705
v 0.00407011062 0.00634005712 -0.0136162015
v 0.00407344522 0.00652265456 -0.0137956087
vn 0.0132537093 -0.700909138 -0.713127434
f 6484//2162 6485//2162 6486//2162
v 0.171411768 0.00652265456 -0.0106855705
v 0.00407344522 0.00652265456 -0.0137956087
v 0.171412438 0.00665994082 -0.0107219219
vn 0.0179628711 -0.256007195 -0.966507971
f 6487//2163 6488//2163 6489//2163
v 0.171412438 0.00665994082 -0.0107219219
v 0.00407344522 0.00652265456 -0.0137956087
v 0.00407412089 0.00665994221 -0.013831961
vn 0.0179628562 -0.25601089 -0.966507018
f 6490//2164 6491//2164 6492//2164
v 0.171412438 0.00665994082 -0.0107219219
v 0.00407412089 0.00665994221 -0.013831961
v 0.171414196 0.00701760734 -0.0108166281
vn 0.0179628599 -0.256010056 -0.966507196
f 6493//2165 6494//2165 6495//2165
v 0.171414196 0.00701760734 -0.0108166281
v 0.00407412089 0.00665994221 -0.013831961
v 0.00407588063 0.0070176078 -0.0139266662
vn 0.0179628637 -0.256008327 -0.966507673
f 6496//2166 6497//2166 6498//2166
v 0.00351915811 0.00602297252 -0.013010419
v 0.00352957915 0.00601715036 -0.0129191922
v 0.00255211676 0.0060086092 -0.0128076738
vn 0.00143518613 -0.997958243 -0.0638538674
f 6499//2167 6500//2167 6501//2167
v 0.00132249587 0.00629692897 -0.0129105458
v 0.00131963333 0.00630067382 -0.0129128955
v 0.0022286321 0.00665264158 -0.0135418586
vn -0.250230163 -0.644634664 -0.722378731
f 6502//2168 6503//2168 6504//2168
v 0.0034307423 0.00653994223 -0.0137750758
v 0.0034525001 0.00633355975 -0.0135885393
v 0.00231125695 0.00633910857 -0.013372981
vn -0.140599355 -0.671994269 -0.727087021
f 6505//2169 6506//2169 6507//2169
v 0.00231125695 0.00633910857 -0.013372981
v 0.0034525001 0.00633355975 -0.0135885393
v 0.00346795819 0.00618690206 -0.0134559833
vn -0.14059931 -0.671994567 -0.727086782
f 6508//2170 6509//2170 6510//2170
v 0.00231125695 0.00633910857 -0.013372981
v 0.00346795819 0.00618690206 -0.0134559833
v 0.00242713024 0.00611339696 -0.0131093785
vn -0.146385372 -0.782278419 -0.605484724
f 6511//2171 6512//2171 6513//2171
v 0.00242713024 0.00611339696 -0.0131093785
v 0.00346795819 0.00618690206 -0.0134559833
v 0.00348935649 0.00611838652 -0.0132697569
vn -0.0469455272 -0.939197898 -0.340152025
f 6514//2172 6515//2172 6516//2172
v 0.00242713024 0.00611339696 -0.0131093785
v 0.00348935649 0.00611838652 -0.0132697569
v 0.00351915811 0.00602297252 -0.013010419
vn -0.0469451994 -0.939198732 -0.34014985
f 6517//2173 6518//2173 6519//2173
v 0.00179902208 0.00594722014 -0.01261112
v 0.00167415652 0.00593704171 -0.0125785321
v 0.00151216867 0.00604907516 -0.0127549982
vn -0.0588318855 -0.866327047 -0.49600023
f 6520//2174 6521//2174 6522//2174
v 0.00179902208 0.00594722014 -0.01261112
v 0.00151216867 0.00604907516 -0.0127549982
v 0.00255211676 0.0060086092 -0.0128076738
vn -0.0588332154 -0.866328061 -0.495998293
f 6523//2175 6524//2175 6525//2175
v 0.00351915811 0.00602297252 -0.013010419
v 0.00255211676 0.0060086092 -0.0128076738
v 0.00242713024 0.00611339696 -0.0131093785
vn -0.0506524332 -0.949750602 -0.308881968
f 6526//2176 6527//2176 6528//2176
v 0.00242713024 0.00611339696 -0.0131093785
v 0.00255211676 0.0060086092 -0.0128076738
v 0.00151216867 0.00604907516 -0.0127549982
vn -0.0525691733 -0.949888825 -0.308135927
f 6529//2177 6530//2177 6531//2177
v 0.00242713024 0.00611339696 -0.0131093785
v 0.00151216867 0.00604907516 -0.0127549982
v 0.00149395817 0.00607287511 -0.0127699338
vn -0.237859935 -0.640327871 -0.730344355
f 6532//2178 6533//2178 6534//2178
v 0.00131963333 0.00630067382 -0.0129128955
v 0.00125525426 0.00638480019 -0.0129656903
v 0.0022286321 0.00665264158 -0.0135418586
vn -0.250149041 -0.6447348 -0.722317457
f 6535//2179 6536//2179 6537//2179
v 0.0022286321 0.00665264158 -0.0135418586
v 0.00125525426 0.00638480019 -0.0129656903
v 0.0011903391 0.00656033587 -0.0129792169
vn -0.447410256 -0.2320126 -0.863709569
f 6538//2180 6539//2180 6540//2180
v 0.0022286321 0.00665264158 -0.0135418586
v 0.0011903391 0.00656033587 -0.0129792169
v 0.00118636771 0.00657108612 -0.0129800458
vn -0.447440952 -0.231844753 -0.863738716
f 6541//2181 6542//2181 6543//2181
v 0.00341593404 0.00701313326 -0.0138952928
v 0.00342713576 0.00665518828 -0.0138043556
v 0.00250325608 0.00699507911 -0.0136717958
vn -0.225910261 -0.246501759 -0.942444384
f 6544//2182 6545//2182 6546//2182
v 0.00250325608 0.00699507911 -0.0136717958
v 0.00342713576 0.00665518828 -0.0138043556
v 0.0022286321 0.00665264158 -0.0135418586
vn -0.209420145 -0.195586607 -0.958065271
f 6547//2183 6548//2183 6549//2183
v 0.00250325608 0.00699507911 -0.0136717958
v 0.0022286321 0.00665264158 -0.0135418586
v 0.00219074078 0.00698889699 -0.0135952663
vn -0.230735913 -0.177939013 -0.956607878
f 6550//2184 6551//2184 6552//2184
v 0.00219074078 0.00698889699 -0.0135952663
v 0.0022286321 0.00665264158 -0.0135418586
v 0.00118636771 0.00657108612 -0.0129800458
vn -0.454367787 -0.189452365 -0.870435357
f 6553//2185 6554//2185 6555//2185
v 0.00219074078 0.00698889699 -0.0135952663
v 0.00118636771 0.00657108612 -0.0129800458
v 0.00108717254 0.00683932891 -0.0130007155
vn -0.437502921 -0.22879675 -0.869622469
f 6556//2186 6557//2186 6558//2186
v 0.00342713576 0.00665518828 -0.0138043556
v 0.0034307423 0.00653994223 -0.0137750758
v 0.0022286321 0.00665264158 -0.0135418586
vn -0.206819609 -0.246987358 -0.9466905
f 6559//2187 6560//2187 6561//2187
v 0.0022286321 0.00665264158 -0.0135418586
v 0.0034307423 0.00653994223 -0.0137750758
v 0.00231125695 0.00633910857 -0.013372981
vn -0.209753498 -0.505934954 -0.836679935
f 6562//2188 6563//2188 6564//2188
v 0.0022286321 0.00665264158 -0.0135418586
v 0.00231125695 0.00633910857 -0.013372981
v 0.00132249587 0.00629692897 -0.0129105458
vn -0.34532544 -0.513954699 -0.785239398
f 6565//2189 6566//2189 6567//2189
v 0.00132249587 0.00629692897 -0.0129105458
v 0.00231125695 0.00633910857 -0.013372981
v 0.00242713024 0.00611339696 -0.0131093785
vn -0.233550832 -0.786922455 -0.571145356
f 6568//2190 6569//2190 6570//2190
v 0.00132249587 0.00629692897 -0.0129105458
v 0.00242713024 0.00611339696 -0.0131093785
v 0.00149395817 0.00607287511 -0.0127699338
vn -0.237850994 -0.640355408 -0.730323076
f 6571//2191 6572//2191 6573//2191
v 0.000381264545 -0.00598018942 -0.0121988012
v 0.00027998889 -0.00611425983 -0.0121488273
v -8.7765322e-05 -0.00560778193 -0.0118979849
vn -0.504610896 0.0601505712 -0.86124897
f 6574//2192 6575//2192 6576//2192
v 0.00144341891 -0.00579972705 -0.0123537034
v 0.00207651523 -0.00593704125 -0.0125710536
v 0.00121904514 -0.00592303416 -0.0124584548
vn -0.078138113 0.724215329 -0.685132504
f 6577//2193 6578//2193 6579//2193
v 0.00121904514 -0.00592303416 -0.0124584548
v 0.00207651523 -0.00593704125 -0.0125710536
v 0.00189784286 -0.00606701709 -0.0127675757
vn -0.053840328 0.854695499 -0.516330123
f 6580//2194 6581//2194 6582//2194
v 0.00121904514 -0.00592303416 -0.0124584548
v 0.00189784286 -0.00606701709 -0.0127675757
v 0.00189373898 -0.0060727126 -0.012770894
vn -0.220280886 0.604709268 -0.7653777
f 6583//2195 6584//2195 6585//2195
v 0.000694792601 -0.005680067 -0.0122099305
v 0.00124176405 -0.00570269208 -0.0122855455
v 0.00121904514 -0.00592303416 -0.0124584548
vn -0.0821497366 0.620485842 -0.779903054
f 6586//2196 6587//2196 6588//2196
v 0.00121904514 -0.00592303416 -0.0124584548
v 0.00124176405 -0.00570269208 -0.0122855455
v 0.00139262842 -0.00577528775 -0.0123365372
vn 0.0297327749 0.615172029 -0.787832022
f 6589//2197 6590//2197 6591//2197
v 0.00121904514 -0.00592303416 -0.0124584548
v 0.00139262842 -0.00577528775 -0.0123365372
v 0.00144341891 -0.00579972705 -0.0123537034
vn 0.0297373086 0.61516875 -0.787834466
f 6592//2198 6593//2198 6594//2198
v 0.000348106754 -0.00537189143 -0.0120458007
v 0.000582851644 -0.00538562657 -0.0120628346
v 0.000694792601 -0.005680067 -0.0122099305
vn -0.0398814604 0.434380293 -0.899846196
f 6595//2199 6596//2199 6597//2199
v 0.000694792601 -0.005680067 -0.0122099305
v 0.000582851644 -0.00538562657 -0.0120628346
v 0.000872394536 -0.0055249529 -0.0121606989
vn -0.108126812 0.411089182 -0.905159831
f 6598//2200 6599//2200 6600//2200
v 0.000694792601 -0.005680067 -0.0122099305
v 0.000872394536 -0.0055249529 -0.0121606989
v 0.00124176405 -0.00570269208 -0.0122855455
vn -0.10812705 0.41108942 -0.905159652
f 6601//2201 6602//2201 6603//2201
v 0.000369641202 -0.00501730293 -0.0119952029
v 0.000424627186 -0.00519659789 -0.0120107671
v 5.56344276e-05 -0.00502649136 -0.0119506968
vn -0.141425505 0.0424882434 -0.989036679
f 6604//2202 6605//2202 6606//2202
v 5.56344276e-05 -0.00502649136 -0.0119506968
v 0.000424627186 -0.00519659789 -0.0120107671
v 0.000188047488 -0.00544886151 -0.0120241158
vn -0.0952128321 0.141433194 -0.985358417
f 6607//2203 6608//2203 6609//2203
v 5.56344276e-05 -0.00502649136 -0.0119506968
v 0.000188047488 -0.00544886151 -0.0120241158
v 5.32653139e-05 -0.00502656028 -0.0119495252
vn -0.443602383 0.0166919585 -0.896068215
f 6610//2204 6611//2204 6612//2204
v 0.000424627186 -0.00519659789 -0.0120107671
v 0.000511045975 -0.00529984152 -0.012039206
v 0.000348106754 -0.00537189143 -0.0120458007
vn -0.0578078628 0.219854861 -0.973818302
f 6613//2205 6614//2205 6615//2205
v 0.000348106754 -0.00537189143 -0.0120458007
v 0.000511045975 -0.00529984152 -0.012039206
v 0.00056033599 -0.00535873231 -0.0120554268
vn -0.0578024127 0.219842821 -0.973821342
f 6616//2206 6617//2206 6618//2206
v 0.000348106754 -0.00537189143 -0.0120458007
v 0.00056033599 -0.00535873231 -0.0120554268
v 0.000582851644 -0.00538562657 -0.0120628346
vn -0.0578023531 0.219841659 -0.97382164
f 6619//2207 6620//2207 6621//2207
v 0.0014895238 -0.00687423255 -0.012993237
v 0.00144438597 -0.0068583847 -0.0129614584
v 0.00158504571 -0.00659642136 -0.0129794078
vn -0.509956479 0.216781244 -0.832436383
f 6622//2208 6623//2208 6624//2208
v 0.00158504571 -0.00659642136 -0.0129794078
v 0.00144438597 -0.0068583847 -0.0129614584
v 0.000394877599 -0.00627248175 -0.0122271888
vn -0.48359248 0.2012963 -0.851832211
f 6625//2209 6626//2209 6627//2209
v 0.000424627186 -0.00519659789 -0.0120107671
v 0.000348106754 -0.00537189143 -0.0120458007
v 0.000188047488 -0.00544886151 -0.0120241158
vn -0.268317074 0.300073385 -0.915402591
f 6628//2210 6629//2210 6630//2210
v 0.000188047488 -0.00544886151 -0.0120241158
v 0.000348106754 -0.00537189143 -0.0120458007
v 0.000694792601 -0.005680067 -0.0122099305
vn -0.239537463 0.232557401 -0.942623377
f 6631//2211 6632//2211 6633//2211
v 0.000188047488 -0.00544886151 -0.0120241158
v 0.000694792601 -0.005680067 -0.0122099305
v 0.000531514524 -0.0058215945 -0.0122267595
vn -0.189398378 0.328533471 -0.925307512
f 6634//2212 6635//2212 6636//2212
v 0.000531514524 -0.0058215945 -0.0122267595
v 0.000694792601 -0.005680067 -0.0122099305
v 0.00121904514 -0.00592303416 -0.0124584548
vn -0.242930412 0.3860825 -0.889901757
f 6637//2213 6638//2213 6639//2213
v 0.000531514524 -0.0058215945 -0.0122267595
v 0.00121904514 -0.00592303416 -0.0124584548
v 0.00104888785 -0.00611734064 -0.0125349695
vn -0.206309274 0.50960058 -0.835310578
f 6640//2214 6641//2214 6642//2214
v -0.00022863083 -0.00503475498 -0.0118100215
v 5.32653139e-05 -0.00502656028 -0.0119495252
v -0.000105449188 -0.00558343111 -0.0118859252
vn -0.443970203 0.0242373198 -0.895713687
f 6643//2215 6644//2215 6645//2215
v -0.000105449188 -0.00558343111 -0.0118859252
v 5.32653139e-05 -0.00502656028 -0.0119495252
v 0.000188047488 -0.00544886151 -0.0120241158
vn -0.433652312 0.0207108706 -0.900842249
f 6646//2216 6647//2216 6648//2216
v -0.000105449188 -0.00558343111 -0.0118859252
v 0.000188047488 -0.00544886151 -0.0120241158
v -8.7765322e-05 -0.00560778193 -0.0118979849
vn -0.461461335 0.101380728 -0.88134861
f 6649//2217 6650//2217 6651//2217
v -8.7765322e-05 -0.00560778193 -0.0118979849
v 0.000188047488 -0.00544886151 -0.0120241158
v 0.000531514524 -0.0058215945 -0.0122267595
vn -0.448447645 0.0711569786 -0.890972137
f 6652//2218 6653//2218 6654//2218
v -8.7765322e-05 -0.00560778193 -0.0118979849
v 0.000531514524 -0.0058215945 -0.0122267595
v 0.000381264545 -0.00598018942 -0.0121988012
vn -0.397336483 0.219347969 -0.891072512
f 6655//2219 6656//2219 6657//2219
v 0.000381264545 -0.00598018942 -0.0121988012
v 0.000531514524 -0.0058215945 -0.0122267595
v 0.00104888785 -0.00611734064 -0.0125349695
vn -0.401310563 0.223614618 -0.888226509
f 6658//2220 6659//2220 6660//2220
v 0.00189373898 -0.0060727126 -0.012770894
v 0.00189249089 -0.00607444812 -0.0127719054
v 0.00121904514 -0.00592303416 -0.0124584548
vn -0.220347881 0.604580045 -0.765460491
f 6661//2221 6662//2221 6663//2221
v 0.00121904514 -0.00592303416 -0.0124584548
v 0.00189249089 -0.00607444812 -0.0127719054
v 0.00172119483 -0.00631249277 -0.0129106352
vn -0.220323399 0.604626894 -0.76543051
f 6664//2222 6665//2222 6666//2222
v 0.00121904514 -0.00592303416 -0.0124584548
v 0.00172119483 -0.00631249277 -0.0129106352
v 0.00104888785 -0.00611734064 -0.0125349695
vn -0.278311342 0.552976489 -0.785340548
f 6667//2223 6668//2223 6669//2223
v 0.00104888785 -0.00611734064 -0.0125349695
v 0.00172119483 -0.00631249277 -0.0129106352
v 0.0017185593 -0.00631616032 -0.0129127726
vn -0.242494807 0.612644732 -0.752238452
f 6670//2224 6671//2224 6672//2224
v 0.00104888785 -0.00611734064 -0.0125349695
v 0.0017185593 -0.00631616032 -0.0129127726
v 0.00164742884 -0.00641500577 -0.0129703768
vn -0.242407978 0.612780392 -0.75215596
f 6673//2225 6674//2225 6675//2225
v 0.00164742884 -0.00641500577 -0.0129703768
v 0.0015874313 -0.00658949371 -0.0129790632
v 0.00104888785 -0.00611734064 -0.0125349695
vn -0.502567828 0.214499205 -0.837505639
f 6676//2226 6677//2226 6678//2226
v 0.00104888785 -0.00611734064 -0.0125349695
v 0.0015874313 -0.00658949371 -0.0129790632
v 0.00158504571 -0.00659642136 -0.0129794078
vn -0.502456963 0.21465154 -0.837533116
f 6679//2227 6680//2227 6681//2227
v 0.00104888785 -0.00611734064 -0.0125349695
v 0.00158504571 -0.00659642136 -0.0129794078
v 0.000381264545 -0.00598018942 -0.0121988012
vn -0.344841361 0.401278168 -0.848563671
f 6682//2228 6683//2228 6684//2228
v 0.000381264545 -0.00598018942 -0.0121988012
v 0.00158504571 -0.00659642136 -0.0129794078
v 0.000394877599 -0.00627248175 -0.0122271888
vn -0.52196002 0.0583366565 -0.850972712
f 6685//2229 6686//2229 6687//2229
v 0.000381264545 -0.00598018942 -0.0121988012
v 0.000394877599 -0.00627248175 -0.0122271888
v 0.00027998889 -0.00611425983 -0.0121488273
vn -0.504603803 0.060143467 -0.861253619
f 6688//2230 6689//2230 6690//2230
v 2.42350052e-05 0.00595341017 -0.0122018419
v 0.000174770714 0.00580449123 -0.0122283334
v -0.000139188953 0.00543098105 -0.0120275849
vn -0.353525281 -0.194597349 -0.914959967
f 6691//2231 6692//2231 6693//2231
v 6.69233123e-05 0.00627371436 -0.0122626014
v 0.00108717254 0.00683932891 -0.0130007155
v 0.00118636771 0.00657108612 -0.0129800458
vn -0.477294892 -0.24160485 -0.844876707
f 6694//2232 6695//2232 6696//2232
v 2.03458749e-05 0.00536338752 -0.0120499199
v 0.000184579592 0.00529520446 -0.0120456172
v 0.000137345676 0.00525266584 -0.0120281633
vn -0.0940685943 -0.286743313 -0.953377843
f 6697//2233 6698//2233 6699//2233
v 0.000337038335 0.00567244692 -0.0122128688
v 0.000475088687 0.00555683067 -0.0121529689
v 2.03458749e-05 0.00536338752 -0.0120499199
vn -0.00365270139 -0.463453829 -0.886113524
f 6700//2234 6701//2234 6702//2234
v 2.03458749e-05 0.00536338752 -0.0120499199
v 0.000475088687 0.00555683067 -0.0121529689
v 0.000250714569 0.00535476767 -0.0120700579
vn -0.0940711796 -0.286733389 -0.953380585
f 6703//2235 6704//2235 6705//2235
v 2.03458749e-05 0.00536338752 -0.0120499199
v 0.000250714569 0.00535476767 -0.0120700579
v 0.000184579592 0.00529520446 -0.0120456172
vn -0.0940713584 -0.28674984 -0.953375638
f 6706//2236 6707//2236 6708//2236
v 0.000836406543 0.00591652188 -0.0124604572
v 0.00102017412 0.00572967064 -0.0123464251
v 0.000888262934 0.00568784447 -0.0122996094
vn -0.09882202 -0.587395728 -0.803243697
f 6709//2237 6710//2237 6711//2237
v 0.000836406543 0.00591652188 -0.0124604572
v 0.00149395817 0.00607287511 -0.0127699338
v 0.00102017412 0.00572967064 -0.0123464251
vn -0.195242375 -0.643634558 -0.740010142
f 6712//2238 6713//2238 6714//2238
v 0.00102017412 0.00572967064 -0.0123464251
v 0.00149395817 0.00607287511 -0.0127699338
v 0.00151216867 0.00604907516 -0.0127549982
vn -0.211140662 -0.630359888 -0.747038186
f 6715//2239 6716//2239 6717//2239
v 0.00102017412 0.00572967064 -0.0123464251
v 0.00151216867 0.00604907516 -0.0127549982
v 0.00167415652 0.00593704171 -0.0125785321
vn 0.0566554666 -0.818528175 -0.571665823
f 6718//2240 6719//2240 6720//2240
v -0.000523049268 0.00499985041 -0.0118154939
v -0.00052367372 0.0050432682 -0.0118159764
v -0.00024114571 0.00500804512 -0.0119549958
vn -0.443081617 -0.0163422842 -0.896332324
f 6721//2241 6722//2241 6723//2241
v -0.00024114571 0.00500804512 -0.0119549958
v -0.00052367372 0.0050432682 -0.0118159764
v -0.000438896852 0.0055323136 -0.0118867829
vn -0.446117342 -0.0520241968 -0.893461108
f 6724//2242 6725//2242 6726//2242
v -0.00024114571 0.00500804512 -0.0119549958
v -0.000438896852 0.0055323136 -0.0118867829
v -0.000139188953 0.00543098105 -0.0120275849
vn -0.438085318 -0.0484525822 -0.897626638
f 6727//2243 6728//2243 6729//2243
v -0.000139188953 0.00543098105 -0.0120275849
v -0.000438896852 0.0055323136 -0.0118867829
v -0.00041319069 0.00556998607 -0.0119058779
vn -0.457929552 -0.133063719 -0.878973603
f 6730//2244 6731//2244 6732//2244
v -0.000139188953 0.00543098105 -0.0120275849
v -0.00041319069 0.00556998607 -0.0119058779
v 2.42350052e-05 0.00595341017 -0.0122018419
vn -0.462799281 -0.146825597 -0.87421912
f 6733//2245 6734//2245 6735//2245
v 2.42350052e-05 0.00595341017 -0.0122018419
v -0.00041319069 0.00556998607 -0.0119058779
v -7.07356812e-05 0.00607194426 -0.0121603236
vn -0.497941375 -0.0971138105 -0.861755908
f 6736//2246 6737//2246 6738//2246
v 2.42350052e-05 0.00595341017 -0.0122018419
v -7.07356812e-05 0.00607194426 -0.0121603236
v 6.69233123e-05 0.00627371436 -0.0122626014
vn -0.497936696 -0.0971089229 -0.861759186
f 6739//2247 6740//2247 6741//2247
v 7.52302076e-05 0.00501730293 -0.0120006744
v -0.000238776571 0.00500811404 -0.0119561683
v 7.53984641e-05 0.00507033383 -0.0120021095
vn -0.139529034 -0.0263443645 -0.989867449
f 6742//2248 6743//2248 6744//2248
v 7.53984641e-05 0.00507033383 -0.0120021095
v -0.000238776571 0.00500811404 -0.0119561683
v -0.00024114571 0.00500804512 -0.0119549958
vn -0.235197246 0.874672711 -0.423827648
f 6745//2249 6746//2249 6747//2249
v 7.53984641e-05 0.00507033383 -0.0120021095
v -0.00024114571 0.00500804512 -0.0119549958
v 0.000137345676 0.00525266584 -0.0120281633
vn -0.127686486 -0.0976513252 -0.986995637
f 6748//2250 6749//2250 6750//2250
v 0.000137345676 0.00525266584 -0.0120281633
v -0.00024114571 0.00500804512 -0.0119549958
v -0.000139188953 0.00543098105 -0.0120275849
vn -0.0960917622 -0.145829529 -0.984631956
f 6751//2251 6752//2251 6753//2251
v 0.000137345676 0.00525266584 -0.0120281633
v -0.000139188953 0.00543098105 -0.0120275849
v 2.03458749e-05 0.00536338752 -0.0120499199
vn -0.324447602 -0.500558078 -0.802605331
f 6754//2252 6755//2252 6756//2252
v 2.03458749e-05 0.00536338752 -0.0120499199
v -0.000139188953 0.00543098105 -0.0120275849
v 0.000174770714 0.00580449123 -0.0122283334
vn -0.250750631 -0.28625384 -0.924760997
f 6757//2253 6758//2253 6759//2253
v 2.03458749e-05 0.00536338752 -0.0120499199
v 0.000174770714 0.00580449123 -0.0122283334
v 0.000337038335 0.00567244692 -0.0122128688
vn -0.169762611 -0.31786415 -0.932814598
f 6760//2254 6761//2254 6762//2254
v 0.00149395817 0.00607287511 -0.0127699338
v 0.000836406543 0.00591652188 -0.0124604572
v 0.00132249587 0.00629692897 -0.0129105458
vn -0.204268992 -0.627728522 -0.751153171
f 6763//2255 6764//2255 6765//2255
v 0.00132249587 0.00629692897 -0.0129105458
v 0.000836406543 0.00591652188 -0.0124604572
v 0.000667706307 0.00610118452 -0.012534772
vn -0.27679354 -0.565518856 -0.776900113
f 6766//2256 6767//2256 6768//2256
v 0.00132249587 0.00629692897 -0.0129105458
v 0.000667706307 0.00610118452 -0.012534772
v 0.00131963333 0.00630067382 -0.0129128955
vn -0.23103191 -0.637744486 -0.734783113
f 6769//2257 6770//2257 6771//2257
v 0.00118636771 0.00657108612 -0.0129800458
v 0.0011903391 0.00656033587 -0.0129792169
v 0.000667706307 0.00610118452 -0.012534772
vn -0.493048847 -0.246430397 -0.834370971
f 6772//2258 6773//2258 6774//2258
v 0.000667706307 0.00610118452 -0.012534772
v 0.0011903391 0.00656033587 -0.0129792169
v 0.00125525426 0.00638480019 -0.0129656903
vn -0.492930621 -0.246587634 -0.834394336
f 6775//2259 6776//2259 6777//2259
v 0.000667706307 0.00610118452 -0.012534772
v 0.00125525426 0.00638480019 -0.0129656903
v 0.00131963333 0.00630067382 -0.0129128955
vn -0.230966896 -0.637839437 -0.734721124
f 6778//2260 6779//2260 6780//2260
v 6.69233123e-05 0.00627371436 -0.0122626014
v 0.00118636771 0.00657108612 -0.0129800458
v 2.42350052e-05 0.00595341017 -0.0122018419
vn -0.51990515 -0.0918130204 -0.849275589
f 6781//2261 6782//2261 6783//2261
v 2.42350052e-05 0.00595341017 -0.0122018419
v 0.00118636771 0.00657108612 -0.0129800458
v 0.000667706307 0.00610118452 -0.012534772
vn -0.337512493 -0.423891872 -0.840476632
f 6784//2262 6785//2262 6786//2262
v 2.42350052e-05 0.00595341017 -0.0122018419
v 0.000667706307 0.00610118452 -0.012534772
v 0.000174770714 0.00580449123 -0.0122283334
vn -0.399880975 -0.24721317 -0.882598937
f 6787//2263 6788//2263 6789//2263
v 0.000174770714 0.00580449123 -0.0122283334
v 0.000667706307 0.00610118452 -0.012534772
v 0.000836406543 0.00591652188 -0.0124604572
vn -0.203177243 -0.519596159 -0.829902887
f 6790//2264 6791//2264 6792//2264
v 0.000174770714 0.00580449123 -0.0122283334
v 0.000836406543 0.00591652188 -0.0124604572
v 0.000337038335 0.00567244692 -0.0122128688
vn -0.242079437 -0.400961667 -0.883531153
f 6793//2265 6794//2265 6795//2265
v 0.000337038335 0.00567244692 -0.0122128688
v 0.000836406543 0.00591652188 -0.0124604572
v 0.000888262934 0.00568784447 -0.0122996094
vn -0.109630793 -0.588361263 -0.801131725
f 6796//2266 6797//2266 6798//2266
v 0.000337038335 0.00567244692 -0.0122128688
v 0.000888262934 0.00568784447 -0.0122996094
v 0.000475088687 0.00555683067 -0.0121529689
vn -0.113436297 -0.560475767 -0.820365191
f 6799//2267 6800//2267 6801//2267
v -0.00022863083 -0.00503475498 -0.0118100215
v -0.000523049268 0.00499985041 -0.0118154939
v 5.32653139e-05 -0.00502656028 -0.0119495252
vn -0.44317916 -0.0134917842 -0.896331549
f 6802//2268 6803//2268 6804//2268
v 5.32653139e-05 -0.00502656028 -0.0119495252
v -0.000523049268 0.00499985041 -0.0118154939
v -0.00024114571 0.00500804512 -0.0119549958
vn -0.44316709 -0.0134910084 -0.896337509
f 6805//2269 6806//2269 6807//2269
v 5.32653139e-05 -0.00502656028 -0.0119495252
v -0.00024114571 0.00500804512 -0.0119549958
v 5.56344276e-05 -0.00502649136 -0.0119506968
vn -0.442918539 -0.0134837832 -0.896460474
f 6808//2270 6809//2270 6810//2270
v -0.00024114571 0.00500804512 -0.0119549958
v -0.000238776571 0.00500811404 -0.0119561683
v 5.56344276e-05 -0.00502649136 -0.0119506968
vn -0.44319877 -0.0134920133 -0.896321833
f 6811//2271 6812//2271 6813//2271
v 5.56344276e-05 -0.00502649136 -0.0119506968
v -0.000238776571 0.00500811404 -0.0119561683
v 7.52302076e-05 0.00501730293 -0.0120006744
vn -0.140198529 -0.00465325825 -0.990112484
f 6814//2272 6815//2272 6816//2272
v 5.56344276e-05 -0.00502649136 -0.0119506968
v 7.52302076e-05 0.00501730293 -0.0120006744
v 0.000369641202 -0.00501730293 -0.0119952029
vn -0.140198529 -0.00465325825 -0.990112484
f 6817//2273 6818//2273 6819//2273
v -0.00337391556 0.00891827233 -0.00883009192
v -0.00327280606 0.00899421424 -0.00868709572
v -0.00346698216 0.00891535357 -0.00896800775
vn -0.828297794 0.0524264611 0.557829976
f 6820//2274 6821//2274 6822//2274
v -0.00387817668 0.00798809435 -0.0094920313
v -0.00402616663 0.00350000011 -0.00929057784
v -0.00378917321 0.00801745243 -0.00936244521
vn -0.828663707 0.0523390323 0.557294428
f 6823//2275 6824//2275 6825//2275
v -0.00337391556 0.00891827233 -0.00883009192
v -0.00346698216 0.00891535357 -0.00896800775
v -0.00353012909 0.00880094431 -0.00905102026
vn -0.828297794 0.0524248369 0.557830036
f 6826//2276 6827//2276 6828//2276
v -0.00353012909 0.00880094431 -0.00905102026
v -0.00346698216 0.00891535357 -0.00896800775
v -0.00354071823 0.00888540782 -0.00907468051
vn -0.828297317 0.0524239168 0.55783093
f 6829//2277 6830//2277 6831//2277
v -0.00353012909 0.00880094431 -0.00905102026
v -0.00354071823 0.00888540782 -0.00907468051
v -0.0035824778 0.00870293751 -0.00911961682
vn -0.82850939 0.0523120016 0.55752635
f 6832//2278 6833//2278 6834//2278
v -0.0035824778 0.00870293751 -0.00911961682
v -0.00354071823 0.00888540782 -0.00907468051
v -0.00367689226 0.00868229941 -0.00925799087
vn -0.828522503 0.0523199886 0.557506084
f 6835//2279 6836//2279 6837//2279
v -0.0035824778 0.00870293751 -0.00911961682
v -0.00367689226 0.00868229941 -0.00925799087
v -0.00370034971 0.00848225504 -0.00927407667
vn -0.828522623 0.0523244627 0.557505488
f 6838//2280 6839//2280 6840//2280
v -0.00370034971 0.00848225504 -0.00927407667
v -0.00367689226 0.00868229941 -0.00925799087
v -0.0037574654 0.00856212247 -0.00936645456
vn -0.828524649 0.0523249321 0.557502508
f 6841//2281 6842//2281 6843//2281
v -0.00370034971 0.00848225504 -0.00927407667
v -0.0037574654 0.00856212247 -0.00936645456
v -0.00372471404 0.00835475326 -0.00929831807
vn -0.828523517 0.0523273461 0.557503939
f 6844//2282 6845//2282 6846//2282
v -0.00372471404 0.00835475326 -0.00929831807
v -0.0037574654 0.00856212247 -0.00936645456
v -0.00381741254 0.00831963029 -0.00943278428
vn -0.828525841 0.0523259118 0.55750066
f 6847//2283 6848//2283 6849//2283
v -0.00372471404 0.00835475326 -0.00929831807
v -0.00381741254 0.00831963029 -0.00943278428
v -0.00378917321 0.00801745243 -0.00936244521
vn -0.828527153 0.0523433052 0.557497025
f 6850//2284 6851//2284 6852//2284
v -0.00378917321 0.00801745243 -0.00936244521
v -0.00381741254 0.00831963029 -0.00943278428
v -0.00387040107 0.0081052985 -0.00949141104
vn -0.828529954 0.0523421019 0.557492971
f 6853//2285 6854//2285 6855//2285
v -0.00378917321 0.00801745243 -0.00936244521
v -0.00387040107 0.0081052985 -0.00949141104
v -0.00387817668 0.00798809435 -0.0094920313
vn -0.828644753 0.0520285591 0.557351708
f 6856//2286 6857//2286 6858//2286
v -0.0101532312 0.00473477039 -0.00402976805
v -0.0103910025 0.00467007048 -0.00412413757
v -0.0110345436 0.00462091342 -0.00171534088
vn -0.245329365 0.968358159 -0.0457812771
f 6859//2287 6860//2287 6861//2287
v -0.00937953312 0.00646509463 0.00295280199
v -0.00979829486 0.0064650951 0.00102963124
v -0.00993041322 0.00578244962 0.00104351481
vn -0.959321737 0.189914927 0.208887905
f 6862//2288 6863//2288 6864//2288
v -0.00933932699 0.00646509463 0.0031374495
v -0.00937953312 0.00646509463 0.00295280199
v -0.00950438809 0.00579314632 0.00319290766
vn -0.946218312 0.249439374 0.206036061
f 6865//2289 6866//2289 6867//2289
v -0.00950438809 0.00579314632 0.00319290766
v -0.00937953312 0.00646509463 0.00295280199
v -0.00993041322 0.00578244962 0.00104351481
vn -0.951556921 0.243769452 0.187392443
f 6868//2290 6869//2290 6870//2290
v -0.00950438809 0.00579314632 0.00319290766
v -0.00993041322 0.00578244962 0.00104351481
v -0.00951220933 0.00576131698 0.00319553469
vn -0.950271547 0.248944029 0.187111929
f 6871//2291 6872//2291 6873//2291
v -0.00951220933 0.00576131698 0.00319553469
v -0.00993041322 0.00578244962 0.00104351481
v -0.00956181996 0.00555933733 0.0032122049
vn -0.950293005 0.248859659 0.187115267
f 6874//2292 6875//2292 6876//2292
v -0.0111059239 0.00462091342 0.00116704125
v -0.0101758428 0.00484114978 0.00341848587
v -0.0103928922 0.00507349893 0.0010921139
vn -0.521161079 0.843058944 0.132825702
f 6877//2293 6878//2293 6879//2293
v -0.0103928922 0.00507349893 0.0010921139
v -0.0101758428 0.00484114978 0.00341848587
v -0.00994529575 0.00511081191 0.00334103242
vn -0.733645439 0.665994406 0.134965912
f 6880//2294 6881//2294 6882//2294
v -0.0103928922 0.00507349893 0.0010921139
v -0.00994529575 0.00511081191 0.00334103242
v -0.00993041322 0.00578244962 0.00104351481
vn -0.822586536 0.547209561 0.154638469
f 6883//2295 6884//2295 6885//2295
v -0.00993041322 0.00578244962 0.00104351481
v -0.00994529575 0.00511081191 0.00334103242
v -0.00993907172 0.00511808973 0.00333894207
vn -0.718246758 0.669076622 0.190939978
f 6886//2296 6887//2296 6888//2296
v -0.00993041322 0.00578244962 0.00104351481
v -0.00993907172 0.00511808973 0.00333894207
v -0.00956181996 0.00555933733 0.0032122049
vn -0.718336344 0.66898787 0.190913945
f 6889//2297 6890//2297 6891//2297
v -0.0112349121 0.00449999981 0.00377427577
v -0.0109954346 0.00451601995 0.0036938237
v -0.0117701199 0.00449999981 0.00139057392
vn -0.0620780326 0.997973979 0.0139382482
f 6892//2298 6893//2298 6894//2298
v -0.0117701199 0.00449999981 0.00139057392
v -0.0109954346 0.00451601995 0.0036938237
v -0.0106037101 0.00467141578 0.00356222619
vn -0.335574329 0.935990274 0.106358364
f 6895//2299 6896//2299 6897//2299
v -0.0117701199 0.00449999981 0.00139057392
v -0.0106037101 0.00467141578 0.00356222619
v -0.0111059239 0.00462091342 0.00116704125
vn -0.173958078 0.984627664 0.0157140419
f 6898//2300 6899//2300 6900//2300
v -0.0111059239 0.00462091342 0.00116704125
v -0.0106037101 0.00467141578 0.00356222619
v -0.0105576087 0.00468970509 0.0035467376
vn -0.35242936 0.934267759 0.0541970618
f 6901//2301 6902//2301 6903//2301
v -0.0111059239 0.00462091342 0.00116704125
v -0.0105576087 0.00468970509 0.0035467376
v -0.0101758428 0.00484114978 0.00341848587
vn -0.35241583 0.934273064 0.0541937947
f 6904//2302 6905//2302 6906//2302
v -0.0116548212 0.00449999981 -0.00181362813
v -0.0118498886 0.00449999981 -0.000220234098
v -0.0111059239 0.00462091342 0.00116704125
vn -0.13115941 0.991231263 -0.0160568859
f 6907//2303 6908//2303 6909//2303
v -0.0111059239 0.00462091342 0.00116704125
v -0.0118498886 0.00449999981 -0.000220234098
v -0.0117776748 0.00449999981 0.00123815029
vn -0.176249072 0.984306931 0.00872721709
f 6910//2304 6911//2304 6912//2304
v -0.0111059239 0.00462091342 0.00116704125
v -0.0117776748 0.00449999981 0.00123815029
v -0.0117701199 0.00449999981 0.00139057392
vn -0.176248163 0.984306991 0.00873595104
f 6913//2305 6914//2305 6915//2305
v -0.0116548212 0.00449999981 -0.00181362813
v -0.0106401881 0.00460226368 -0.00422303798
v -0.0115530062 0.00449999981 -0.00264523085
vn -0.14066948 0.989906788 -0.0172225349
f 6916//2306 6917//2306 6918//2306
v -0.0115530062 0.00449999981 -0.00264523085
v -0.0106401881 0.00460226368 -0.00422303798
v -0.011016001 0.00449999981 -0.0043721972
vn -0.234784514 0.969301939 -0.0730068982
f 6919//2307 6920//2307 6921//2307
v -0.00947505422 0.00538133271 -0.00376060116
v -0.00974809565 0.00511509273 -0.00386897055
v -0.0103260996 0.00507349893 -0.00160521129
vn -0.657674968 0.737313807 -0.154376298
f 6922//2308 6923//2308 6924//2308
v -0.0103260996 0.00507349893 -0.00160521129
v -0.00974809565 0.00511509273 -0.00386897055
v -0.00976118166 0.00510232756 -0.00387416617
vn -0.657812178 0.737183511 -0.15441373
f 6925//2309 6926//2309 6927//2309
v -0.0103260996 0.00507349893 -0.00160521129
v -0.00976118166 0.00510232756 -0.00387416617
v -0.0110345436 0.00462091342 -0.00171534088
vn -0.521323264 0.845012724 -0.119061083
f 6928//2310 6929//2310 6930//2310
v -0.0110345436 0.00462091342 -0.00171534088
v -0.00976118166 0.00510232756 -0.00387416617
v -0.0101322895 0.00474046916 -0.004021456
vn -0.638098598 0.740402699 -0.211267695
f 6931//2311 6932//2311 6933//2311
v -0.0110345436 0.00462091342 -0.00171534088
v -0.0101322895 0.00474046916 -0.004021456
v -0.0101532312 0.00473477039 -0.00402976805
vn -0.245340034 0.968355298 -0.045785483
f 6934//2312 6935//2312 6936//2312
v -0.00947505422 0.00538133271 -0.00376060116
v -0.0103260996 0.00507349893 -0.00160521129
v -0.0094285477 0.00551744876 -0.00374214491
vn -0.888913751 0.344632626 -0.30176273
f 6937//2313 6938//2313 6939//2313
v -0.0094285477 0.00551744876 -0.00374214491
v -0.0103260996 0.00507349893 -0.00160521129
v -0.00986658875 0.00578244962 -0.00153377943
vn -0.806993663 0.545785248 -0.225565135
f 6940//2314 6941//2314 6942//2314
v -0.0094285477 0.00551744876 -0.00374214491
v -0.00986658875 0.00578244962 -0.00153377943
v -0.00933120586 0.00580237387 -0.00370351062
vn -0.91304338 0.34205246 -0.222153008
f 6943//2315 6944//2315 6945//2315
v -0.00973037351 0.0064650951 -0.00153152272
v -0.00915734749 0.0064650951 -0.00363450637
v -0.00916870963 0.0062780357 -0.00363901444
vn -0.962795734 0.0648042038 -0.262344807
f 6946//2316 6947//2316 6948//2316
v -0.00933120586 0.00580237387 -0.00370351062
v -0.00986658875 0.00578244962 -0.00153377943
v -0.00916870963 0.0062780357 -0.00363901444
vn -0.91304785 0.342039645 -0.22215423
f 6949//2317 6950//2317 6951//2317
v -0.00916870963 0.0062780357 -0.00363901444
v -0.00986658875 0.00578244962 -0.00153377943
v -0.00973531604 0.0064650951 -0.00151337311
vn -0.944445431 0.189641491 -0.268437952
f 6952//2318 6953//2318 6954//2318
v -0.00916870963 0.0062780357 -0.00363901444
v -0.00973531604 0.0064650951 -0.00151337311
v -0.00973037351 0.0064650951 -0.00153152272
vn -0.962940216 0.0630935058 -0.262231469
f 6955//2319 6956//2319 6957//2319
v -0.00979829486 0.0064650951 0.00102963124
v -0.00973531604 0.0064650951 -0.00151337311
v -0.00993041322 0.00578244962 0.00104351481
vn -0.981583476 0.189480707 -0.024309326
f 6958//2320 6959//2320 6960//2320
v -0.00993041322 0.00578244962 0.00104351481
v -0.00973531604 0.0064650951 -0.00151337311
v -0.00986658875 0.00578244962 -0.00153377943
vn -0.981582642 0.189485207 -0.0243080612
f 6961//2321 6962//2321 6963//2321
v -0.00993041322 0.00578244962 0.00104351481
v -0.00986658875 0.00578244962 -0.00153377943
v -0.0103928922 0.00507349893 0.0010921139
vn -0.838015676 0.545251429 -0.0207527466
f 6964//2322 6965//2322 6966//2322
v -0.0103928922 0.00507349893 0.0010921139
v -0.00986658875 0.00578244962 -0.00153377943
v -0.0103260996 0.00507349893 -0.00160521129
vn -0.838013589 0.545254588 -0.02075148
f 6967//2323 6968//2323 6969//2323
v -0.0103928922 0.00507349893 0.0010921139
v -0.0103260996 0.00507349893 -0.00160521129
v -0.0111059239 0.00462091342 0.00116704125
vn -0.536844313 0.84357661 -0.0132937152
f 6970//2324 6971//2324 6972//2324
v -0.0111059239 0.00462091342 0.00116704125
v -0.0103260996 0.00507349893 -0.00160521129
v -0.0110345436 0.00462091342 -0.00171534088
vn -0.536846578 0.84357512 -0.0132945953
f 6973//2325 6974//2325 6975//2325
v -0.0111059239 0.00462091342 0.00116704125
v -0.0110345436 0.00462091342 -0.00171534088
v -0.0116548212 0.00449999981 -0.00181362813
vn -0.190610528 0.981654406 -0.00472032372
f 6976//2326 6977//2326 6978//2326
v -0.0116548212 0.00449999981 -0.00181362813
v -0.0110345436 0.00462091342 -0.00171534088
v -0.0103910025 0.00467007048 -0.00412413757
vn -0.18669115 0.981965423 -0.0298376437
f 6979//2327 6980//2327 6981//2327
v -0.0116548212 0.00449999981 -0.00181362813
v -0.0103910025 0.00467007048 -0.00412413757
v -0.0106401881 0.00460226368 -0.00422303798
vn -0.239892215 0.968950033 -0.0598959513
f 6982//2328 6983//2328 6984//2328
v -0.00986670703 0.00438847719 0.00446845451
v -0.00943379477 0.00426394865 0.00477098161
v -0.00897877198 0.00461122068 0.00480882451
vn -0.416067868 0.459665984 0.78459847
f 6985//2329 6986//2329 6987//2329
v -0.010181034 0.00469112257 0.00384455291
v -0.0105632339 0.00452792831 0.00395805947
v -0.0102468282 0.00447769789 0.00419986574
vn -0.224436834 0.853157282 0.470904231
f 6988//2330 6989//2330 6990//2330
v -0.00982056279 0.00494339876 0.00376547477
v -0.00958387181 0.00489304215 0.00408517476
v -0.00908028614 0.00551840896 0.00414995477
vn -0.667857647 0.478771597 0.569863081
f 6991//2331 6992//2331 6993//2331
v -0.0074761943 0.00351745239 0.00649535563
v -0.0075244708 0.00352866249 0.0064410069
v -0.00751246 0.00352465059 0.00645391457
vn -0.743041754 -0.300323248 0.598076046
f 6994//2332 6995//2332 6996//2332
v -0.00927656982 0.00565073267 0.00373902381
v -0.00926331524 0.00645372644 0.00335582416
v -0.00945859402 0.00576791307 0.00336679141
vn -0.837800264 0.246347398 0.487240851
f 6997//2333 6998//2333 6999//2333
v -0.00926331524 0.00645372644 0.00335582416
v -0.00927656982 0.00565073267 0.00373902381
v -0.00885264575 0.00611379743 0.00433353055
vn -0.867686152 0.225693017 0.44292596
f 7000//2334 7001//2334 7002//2334
v -0.00840088818 0.00539172953 0.00516012171
v -0.00861316733 0.00503207976 0.00496596284
v -0.00827579573 0.00518868212 0.00538677443
vn -0.798244357 0.157260761 0.581442177
f 7003//2335 7004//2335 7005//2335
v -0.00827579573 0.00518868212 0.00538677443
v -0.00861316733 0.00503207976 0.00496596284
v -0.00806960184 0.004327734 0.00574962376
vn -0.790511489 0.0672335178 0.608745635
f 7006//2336 7007//2336 7008//2336
v -0.00827579573 0.00518868212 0.00538677443
v -0.00806960184 0.004327734 0.00574962376
v -0.0079420926 0.00449120859 0.00584943127
vn -0.705837965 0.124828912 0.697287977
f 7009//2337 7010//2337 7011//2337
v -0.0079420926 0.00449120859 0.00584943127
v -0.00806960184 0.004327734 0.00574962376
v -0.0074761943 0.00351745239 0.00649535563
vn -0.7058357 0.124825366 0.697290897
f 7012//2338 7013//2338 7014//2338
v -0.008248372 0.00411985442 0.00562051497
v -0.00860492326 0.00386771443 0.00545619521
v -0.00855210051 0.00385141489 0.00550210057
vn -0.568654895 0.30672279 0.763251424
f 7015//2339 7016//2339 7017//2339
v -0.00855210051 0.00385141489 0.00550210057
v -0.00774789462 0.00360327633 0.00620095106
v -0.008248372 0.00411985442 0.00562051497
vn -0.568643093 0.306701809 0.76326865
f 7018//2340 7019//2340 7020//2340
v -0.008248372 0.00411985442 0.00562051497
v -0.00774789462 0.00360327633 0.00620095106
v -0.0075244708 0.00352866249 0.0064410069
vn -0.716121137 0.0846652836 0.69282198
f 7021//2341 7022//2341 7023//2341
v -0.008248372 0.00411985442 0.00562051497
v -0.0075244708 0.00352866249 0.0064410069
v -0.0074761943 0.00351745239 0.00649535563
vn -0.74671942 0.00869939942 0.665082216
f 7024//2342 7025//2342 7026//2342
v -0.00897877198 0.00461122068 0.00480882451
v -0.00943379477 0.00426394865 0.00477098161
v -0.00862451829 0.00438672537 0.00520463334
vn -0.462012827 0.527690411 0.712802231
f 7027//2343 7028//2343 7029//2343
v -0.00860492326 0.00386771443 0.00545619521
v -0.008248372 0.00411985442 0.00562051497
v -0.00910773128 0.00400044024 0.00515032373
vn -0.489798963 0.130887926 0.861954391
f 7030//2344 7031//2344 7032//2344
v -0.00910773128 0.00400044024 0.00515032373
v -0.008248372 0.00411985442 0.00562051497
v -0.00862451829 0.00438672537 0.00520463334
vn -0.470646143 0.485126525 0.736983359
f 7033//2345 7034//2345 7035//2345
v -0.00910773128 0.00400044024 0.00515032373
v -0.00862451829 0.00438672537 0.00520463334
v -0.00912487041 0.00400496367 0.00513989991
vn -0.402503043 0.386855066 0.829659224
f 7036//2346 7037//2346 7038//2346
v -0.00912487041 0.00400496367 0.00513989991
v -0.00862451829 0.00438672537 0.00520463334
v -0.00943379477 0.00426394865 0.00477098161
vn -0.468439251 0.489207566 0.735690534
f 7039//2347 7040//2347 7041//2347
v -0.00912487041 0.00400496367 0.00513989991
v -0.00943379477 0.00426394865 0.00477098161
v -0.00951652415 0.00410834886 0.00490164571
vn -0.230953932 0.694775522 0.681136727
f 7042//2348 7043//2348 7044//2348
v -0.00951652415 0.00410834886 0.00490164571
v -0.00943379477 0.00426394865 0.00477098161
v -0.00965198781 0.00414410746 0.00481923949
vn -0.230953515 0.694775462 0.681136966
f 7045//2349 7046//2349 7047//2349
v -0.00965198781 0.00414410746 0.00481923949
v -0.00943379477 0.00426394865 0.00477098161
v -0.00986670703 0.00438847719 0.00446845451
vn -0.249328911 0.716361582 0.651660264
f 7048//2350 7049//2350 7050//2350
v -0.00965198781 0.00414410746 0.00481923949
v -0.00986670703 0.00438847719 0.00446845451
v -0.010520881 0.00437346799 0.00429067155
vn -0.190230459 0.747105718 0.636902988
f 7051//2351 7052//2351 7053//2351
v -0.0107672783 0.0044385083 0.00414078403
v -0.0105280653 0.0043753637 0.00428630225
v -0.0102468282 0.00447769789 0.00419986574
vn -0.12530303 0.818247497 0.561043799
f 7054//2352 7055//2352 7056//2352
v -0.0102468282 0.00447769789 0.00419986574
v -0.0105632339 0.00452792831 0.00395805947
v -0.0107672783 0.0044385083 0.00414078403
vn -0.108630449 0.935412169 0.336457253
f 7057//2353 7058//2353 7059//2353
v -0.0107672783 0.0044385083 0.00414078403
v -0.0105632339 0.00452792831 0.00395805947
v -0.0110145016 0.00450488832 0.00381843769
vn -0.141814202 0.942432225 0.302837044
f 7060//2354 7061//2354 7062//2354
v -0.0107672783 0.0044385083 0.00414078403
v -0.0110145016 0.00450488832 0.00381843769
v -0.0111402087 0.00449621072 0.0038630229
vn 0.00308703235 0.979908705 0.199422553
f 7063//2355 7064//2355 7065//2355
v -0.0101656737 0.00481640594 0.00353930797
v -0.0104051651 0.00472851191 0.0036180641
v -0.010181034 0.00469112257 0.00384455291
vn -0.214088574 0.907398224 0.361655295
f 7066//2356 7067//2356 7068//2356
v -0.010181034 0.00469112257 0.00384455291
v -0.0104051651 0.00472851191 0.0036180641
v -0.0104773296 0.00470202696 0.00364179537
vn -0.214089394 0.907397747 0.36165604
f 7069//2357 7070//2357 7071//2357
v -0.010181034 0.00469112257 0.00384455291
v -0.0104773296 0.00470202696 0.00364179537
v -0.0105632339 0.00452792831 0.00395805947
vn -0.250851989 0.875196993 0.413646638
f 7072//2358 7073//2358 7074//2358
v -0.0105632339 0.00452792831 0.00395805947
v -0.0104773296 0.00470202696 0.00364179537
v -0.0108169075 0.00457740342 0.00375346234
vn -0.1800275 0.881563902 0.43638885
f 7075//2359 7076//2359 7077//2359
v -0.0105632339 0.00452792831 0.00395805947
v -0.0108169075 0.00457740342 0.00375346234
v -0.0110145016 0.00450488832 0.00381843769
vn -0.180027127 0.88156414 0.436388463
f 7078//2360 7079//2360 7080//2360
v -0.00945859402 0.00576791307 0.00336679141
v -0.00947551988 0.00570847467 0.00336774206
v -0.00927656982 0.00565073267 0.00373902381
vn -0.837793171 0.246366456 0.487243384
f 7081//2361 7082//2361 7083//2361
v -0.00927656982 0.00565073267 0.00373902381
v -0.00947551988 0.00570847467 0.00336774206
v -0.00953260809 0.00550798792 0.00337094814
vn -0.837796569 0.246354923 0.487243414
f 7084//2362 7085//2362 7086//2362
v -0.00927656982 0.00565073267 0.00373902381
v -0.00953260809 0.00550798792 0.00337094814
v -0.00987446867 0.00513452943 0.00346186361
vn -0.693499506 0.687366188 0.215838194
f 7087//2363 7088//2363 7089//2363
v -0.00883852318 0.00610210514 0.00436716061
v -0.00885264575 0.00611379743 0.00433353055
v -0.00908028614 0.00551840896 0.00414995477
vn -0.876556098 0.200189248 0.437691331
f 7090//2364 7091//2364 7092//2364
v -0.00908028614 0.00551840896 0.00414995477
v -0.00885264575 0.00611379743 0.00433353055
v -0.00927656982 0.00565073267 0.00373902381
vn -0.86245358 0.18442215 0.471340895
f 7093//2365 7094//2365 7095//2365
v -0.00908028614 0.00551840896 0.00414995477
v -0.00927656982 0.00565073267 0.00373902381
v -0.00982056279 0.00494339876 0.00376547477
vn -0.678308606 0.540292799 0.497976989
f 7096//2366 7097//2366 7098//2366
v -0.00982056279 0.00494339876 0.00376547477
v -0.00927656982 0.00565073267 0.00373902381
v -0.00987446867 0.00513452943 0.00346186361
vn -0.691663206 0.549468935 0.468706608
f 7099//2367 7100//2367 7101//2367
v -0.00982056279 0.00494339876 0.00376547477
v -0.00987446867 0.00513452943 0.00346186361
v -0.0100293308 0.00496535096 0.00350304879
vn -0.570343673 0.64568603 0.507737756
f 7102//2368 7103//2368 7104//2368
v -0.00840088818 0.00539172953 0.00516012171
v -0.00883852318 0.00610210514 0.00436716061
v -0.00861316733 0.00503207976 0.00496596284
vn -0.798246562 0.157264233 0.581438184
f 7105//2369 7106//2369 7107//2369
v -0.00861316733 0.00503207976 0.00496596284
v -0.00883852318 0.00610210514 0.00436716061
v -0.00908028614 0.00551840896 0.00414995477
vn -0.822888911 0.135494396 0.551810741
f 7108//2370 7109//2370 7110//2370
v -0.00861316733 0.00503207976 0.00496596284
v -0.00908028614 0.00551840896 0.00414995477
v -0.00930048246 0.00478116237 0.00443549361
vn -0.644205868 0.435838073 0.628525257
f 7111//2371 7112//2371 7113//2371
v -0.00930048246 0.00478116237 0.00443549361
v -0.00908028614 0.00551840896 0.00414995477
v -0.00958387181 0.00489304215 0.00408517476
vn -0.625893354 0.437101752 0.645909905
f 7114//2372 7115//2372 7116//2372
v -0.00930048246 0.00478116237 0.00443549361
v -0.00958387181 0.00489304215 0.00408517476
v -0.0102468282 0.00447769789 0.00419986574
vn -0.375989765 0.750294209 0.543774128
f 7117//2373 7118//2373 7119//2373
v -0.0102468282 0.00447769789 0.00419986574
v -0.00958387181 0.00489304215 0.00408517476
v -0.00982056279 0.00494339876 0.00376547477
vn -0.421869695 0.794158518 0.437422246
f 7120//2374 7121//2374 7122//2374
v -0.0102468282 0.00447769789 0.00419986574
v -0.00982056279 0.00494339876 0.00376547477
v -0.010181034 0.00469112257 0.00384455291
vn -0.469338745 0.792621851 0.389193743
f 7123//2375 7124//2375 7125//2375
v -0.010181034 0.00469112257 0.00384455291
v -0.00982056279 0.00494339876 0.00376547477
v -0.0100293308 0.00496535096 0.00350304879
vn -0.453925103 0.782307863 0.426551819
f 7126//2376 7127//2376 7128//2376
v -0.010181034 0.00469112257 0.00384455291
v -0.0100293308 0.00496535096 0.00350304879
v -0.0101656737 0.00481640594 0.00353930797
vn -0.683987617 0.686309218 0.247266248
f 7129//2377 7130//2377 7131//2377
v -0.0105280653 0.0043753637 0.00428630225
v -0.010520881 0.00437346799 0.00429067155
v -0.0102468282 0.00447769789 0.00419986574
vn -0.125306979 0.818252027 0.561036289
f 7132//2378 7133//2378 7134//2378
v -0.0102468282 0.00447769789 0.00419986574
v -0.010520881 0.00437346799 0.00429067155
v -0.00986670703 0.00438847719 0.00446845451
vn -0.156335041 0.849723399 0.503517151
f 7135//2379 7136//2379 7137//2379
v -0.0102468282 0.00447769789 0.00419986574
v -0.00986670703 0.00438847719 0.00446845451
v -0.00930048246 0.00478116237 0.00443549361
vn -0.368242323 0.59120822 0.717544734
f 7138//2380 7139//2380 7140//2380
v -0.00930048246 0.00478116237 0.00443549361
v -0.00986670703 0.00438847719 0.00446845451
v -0.00897877198 0.00461122068 0.00480882451
vn -0.40926677 0.644356549 0.645991743
f 7141//2381 7142//2381 7143//2381
v -0.00930048246 0.00478116237 0.00443549361
v -0.00897877198 0.00461122068 0.00480882451
v -0.00861316733 0.00503207976 0.00496596284
vn -0.649132133 0.303471088 0.697519004
f 7144//2382 7145//2382 7146//2382
v -0.00861316733 0.00503207976 0.00496596284
v -0.00897877198 0.00461122068 0.00480882451
v -0.00862451829 0.00438672537 0.00520463334
vn -0.631687939 0.27864942 0.723411918
f 7147//2383 7148//2383 7149//2383
v -0.00861316733 0.00503207976 0.00496596284
v -0.00862451829 0.00438672537 0.00520463334
v -0.00806960184 0.004327734 0.00574962376
vn -0.659692645 0.270863354 0.701026857
f 7150//2384 7151//2384 7152//2384
v -0.00806960184 0.004327734 0.00574962376
v -0.00862451829 0.00438672537 0.00520463334
v -0.008248372 0.00411985442 0.00562051497
vn -0.685225368 0.146123186 0.713522375
f 7153//2385 7154//2385 7155//2385
v -0.00806960184 0.004327734 0.00574962376
v -0.008248372 0.00411985442 0.00562051497
v -0.0074761943 0.00351745239 0.00649535563
vn -0.687640965 0.150170088 0.710351229
f 7156//2386 7157//2386 7158//2386
v -0.000177377922 0.00891798735 0.00931270327
v -0.000172041764 0.00897653401 0.00919078011
v -0.000166973419 0.00899413042 0.00897661317
vn -0.9985376 0.0504276454 -0.0194875002
f 7159//2387 7160//2387 7161//2387
v -0.000166973419 0.00899413042 0.00897661317
v -0.000174431232 0.00891799759 0.00915936753
v -0.000177377922 0.00891798735 0.00931270327
vn -0.998475432 0.0517572276 -0.019184351
f 7162//2388 7163//2388 7164//2388
v -0.000177377922 0.00891798735 0.00931270327
v -0.000174431232 0.00891799759 0.00915936753
v -0.00018392218 0.00882117916 0.00939177349
vn -0.998471737 0.0518278629 -0.0191842765
f 7165//2389 7166//2389 7167//2389
v -0.000177377922 0.00891798735 0.00931270327
v -0.00018392218 0.00882117916 0.00939177349
v -0.00019057843 0.00877311733 0.00961439684
vn -0.998456836 0.0523425452 -0.0185529031
f 7168//2390 7169//2390 7170//2390
v -0.00019057843 0.00877311733 0.00961439684
v -0.00018392218 0.00882117916 0.00939177349
v -0.000192860345 0.00869139563 0.00950662792
vn -0.998456717 0.0523452647 -0.0185523126
f 7171//2391 7172//2391 7173//2391
v -0.00019057843 0.00877311733 0.00961439684
v -0.000192860345 0.00869139563 0.00950662792
v -0.000216045417 0.00838895701 0.00990129169
vn -0.998457134 0.0523388758 -0.0185474586
f 7174//2392 7175//2392 7176//2392
v -0.000192860345 0.00869139563 0.00950662792
v -0.00020871959 0.00846113358 0.00971040316
v -0.000216045417 0.00838895701 0.00990129169
vn -0.998455286 0.052387584 -0.0185100213
f 7177//2393 7178//2393 7179//2393
v -0.000216045417 0.00838895701 0.00990129169
v -0.00020871959 0.00846113358 0.00971040316
v -0.000215238688 0.00834698789 0.00973920245
vn -0.998456955 0.0523502044 -0.0185242202
f 7180//2394 7181//2394 7182//2394
v -0.000216045417 0.00838895701 0.00990129169
v -0.000215238688 0.00834698789 0.00973920245
v -0.000219518988 0.00832704082 0.00991337374
vn -0.998454273 0.0523972251 -0.0185363814
f 7183//2395 7184//2395 7185//2395
v -0.000219518988 0.00832704082 0.00991337374
v -0.000215238688 0.00834698789 0.00973920245
v -0.000234057588 0.00801741891 0.00982235745
vn -0.998457432 0.0523346178 -0.018543629
f 7186//2396 7187//2396 7188//2396
v -0.000219518988 0.00832704082 0.00991337374
v -0.000234057588 0.00801741891 0.00982235745
v -0.000238490582 0.00798824709 0.00997948553
vn -0.998460352 0.052309487 -0.0184576698
f 7189//2397 7190//2397 7191//2397
v -0.000238490582 0.00798824709 0.00997948553
v -0.000234057588 0.00801741891 0.00982235745
v -0.000472148677 0.00350000011 0.00989273656
vn -0.998459041 0.0523364209 -0.0184526332
f 7192//2398 7193//2398 7194//2398
v -0.00768168736 0.00385918189 -0.00659497967
v -0.00748436386 0.00406586705 -0.00661652116
v -0.00638033636 0.00351745239 -0.00757459132
vn -0.488500327 0.384748757 -0.783157587
f 7195//2399 7196//2399 7197//2399
v -0.011016001 0.00449999981 -0.0043721972
v -0.0106401881 0.00460226368 -0.00422303798
v -0.0106271561 0.00447887555 -0.00465321308
vn -0.148474842 0.949384093 -0.276812375
f 7198//2400 7199//2400 7200//2400
v -0.0106271561 0.00447887555 -0.00465321308
v -0.0106401881 0.00460226368 -0.00422303798
v -0.0102586569 0.00456314534 -0.00452473806
vn -0.121371202 0.953152657 -0.277072191
f 7201//2401 7202//2401 7203//2401
v -0.0106271561 0.00447887555 -0.00465321308
v -0.0102586569 0.00456314534 -0.00452473806
v -0.0106027955 0.00447397539 -0.00466887048
vn -0.0709440559 0.915162861 -0.396791935
f 7204//2402 7205//2402 7206//2402
v -0.0106027955 0.00447397539 -0.00466887048
v -0.0102586569 0.00456314534 -0.00452473806
v -0.0101249525 0.0043778671 -0.00497595686
vn -0.0709393844 0.915159345 -0.396800905
f 7207//2403 7208//2403 7209//2403
v -0.00894599594 0.00414074678 -0.0057336078
v -0.00895632803 0.00414282409 -0.00572697027
v -0.00853101909 0.00451576384 -0.00566730369
vn -0.372744948 0.545217931 -0.750865221
f 7210//2404 7211//2404 7212//2404
v -0.00853101909 0.00451576384 -0.00566730369
v -0.00895632803 0.00414282409 -0.00572697027
v -0.00938575156 0.00422919355 -0.00545100076
vn -0.37281695 0.545286417 -0.750779748
f 7213//2405 7214//2405 7215//2405
v -0.00853101909 0.00451576384 -0.00566730369
v -0.00938575156 0.00422919355 -0.00545100076
v -0.00900946185 0.00466798479 -0.0052108299
vn -0.385509044 0.674954951 -0.629141152
f 7216//2406 7217//2406 7218//2406
v -0.00900946185 0.00466798479 -0.0052108299
v -0.00938575156 0.00422919355 -0.00545100076
v -0.0095512215 0.0042624739 -0.00534466328
vn -0.314634711 0.648969054 -0.692707896
f 7219//2407 7220//2407 7221//2407
v -0.00900946185 0.00466798479 -0.0052108299
v -0.0095512215 0.0042624739 -0.00534466328
v -0.00980642624 0.00452924706 -0.00488313287
vn -0.372606963 0.699180067 -0.610173166
f 7222//2408 7223//2408 7224//2408
v -0.00980642624 0.00452924706 -0.00488313287
v -0.0095512215 0.0042624739 -0.00534466328
v -0.010103262 0.00437350478 -0.0049898955
vn -0.209273383 0.792012513 -0.57351619
f 7225//2409 7226//2409 7227//2409
v -0.00980642624 0.00452924706 -0.00488313287
v -0.010103262 0.00437350478 -0.0049898955
v -0.0101249525 0.0043778671 -0.00497595686
vn -0.209265977 0.792006195 -0.573527575
f 7228//2410 7229//2410 7230//2410
v -0.00768168736 0.00385918189 -0.00659497967
v -0.00772297429 0.00387002435 -0.00656389864
v -0.00748436386 0.00406586705 -0.00661652116
vn -0.48851043 0.384759635 -0.783145964
f 7231//2411 7232//2411 7233//2411
v -0.00748436386 0.00406586705 -0.00661652116
v -0.00772297429 0.00387002435 -0.00656389864
v -0.00780847343 0.0038924762 -0.00649953727
vn -0.488503665 0.384748846 -0.783155441
f 7234//2412 7235//2412 7236//2412
v -0.00748436386 0.00406586705 -0.00661652116
v -0.00780847343 0.0038924762 -0.00649953727
v -0.00853101909 0.00451576384 -0.00566730369
vn -0.50016427 0.426462471 -0.75363487
f 7237//2413 7238//2413 7239//2413
v -0.00853101909 0.00451576384 -0.00566730369
v -0.00780847343 0.0038924762 -0.00649953727
v -0.00812542439 0.00397570617 -0.00626094826
vn -0.433750004 0.498957664 -0.750268102
f 7240//2414 7241//2414 7242//2414
v -0.00853101909 0.00451576384 -0.00566730369
v -0.00812542439 0.00397570617 -0.00626094826
v -0.00894599594 0.00414074678 -0.0057336078
vn -0.372817606 0.545283556 -0.750781536
f 7243//2415 7244//2415 7245//2415
v -0.00856965501 0.00617425516 -0.00487111462
v -0.00802405551 0.00557561731 -0.00569446292
v -0.00814946834 0.00498936232 -0.00573067134
vn -0.74430728 0.198604479 -0.637622893
f 7246//2416 7247//2416 7248//2416
v -0.00814946834 0.00498936232 -0.00573067134
v -0.00802405551 0.00557561731 -0.00569446292
v -0.00790257286 0.00544232083 -0.0058777947
vn -0.744316399 0.198605746 -0.637611806
f 7249//2417 7250//2417 7251//2417
v -0.00814946834 0.00498936232 -0.00573067134
v -0.00790257286 0.00544232083 -0.0058777947
v -0.00771060959 0.00523169432 -0.00616748445
vn -0.744311869 0.198601067 -0.637618601
f 7252//2418 7253//2418 7254//2418
v -0.00915734749 0.0064650951 -0.00363450637
v -0.00912687555 0.00646461453 -0.00371037819
v -0.00916870963 0.0062780357 -0.00363901444
vn -0.925836504 0.0652080923 -0.372256249
f 7255//2419 7256//2419 7257//2419
v -0.00916870963 0.0062780357 -0.00363901444
v -0.00912687555 0.00646461453 -0.00371037819
v -0.00858306605 0.00618124567 -0.00484316936
vn -0.89773035 0.0332676321 -0.439287484
f 7258//2420 7259//2420 7260//2420
v -0.00916870963 0.0062780357 -0.00363901444
v -0.00858306605 0.00618124567 -0.00484316936
v -0.00933120586 0.00580237387 -0.00370351062
vn -0.833435953 0.343424588 -0.432948172
f 7261//2421 7262//2421 7263//2421
v -0.00933120586 0.00580237387 -0.00370351062
v -0.00858306605 0.00618124567 -0.00484316936
v -0.00886515435 0.00543046137 -0.00470856577
vn -0.846732318 0.23233135 -0.478608906
f 7264//2422 7265//2422 7266//2422
v -0.00933120586 0.00580237387 -0.00370351062
v -0.00886515435 0.00543046137 -0.00470856577
v -0.0094285477 0.00551744876 -0.00374214491
vn -0.79875046 0.340173751 -0.49626556
f 7267//2423 7268//2423 7269//2423
v -0.0103910025 0.00467007048 -0.00412413757
v -0.0101532312 0.00473477039 -0.00402976805
v -0.0098385429 0.00477676326 -0.00436877646
vn -0.227609277 0.969473004 -0.0911927223
f 7270//2424 7271//2424 7272//2424
v -0.0098385429 0.00477676326 -0.00436877646
v -0.0101532312 0.00473477039 -0.00402976805
v -0.0101322895 0.00474046916 -0.004021456
vn -0.227617383 0.969470382 -0.0912005752
f 7273//2425 7274//2425 7275//2425
v -0.0098385429 0.00477676326 -0.00436877646
v -0.0101322895 0.00474046916 -0.004021456
v -0.00976118166 0.00510232756 -0.00387416617
vn -0.556561172 0.731280148 -0.394295514
f 7276//2426 7277//2426 7278//2426
v -0.0106401881 0.00460226368 -0.00422303798
v -0.0103910025 0.00467007048 -0.00412413757
v -0.0102586569 0.00456314534 -0.00452473806
vn -0.138753057 0.944451272 -0.297925174
f 7279//2427 7280//2427 7281//2427
v -0.0102586569 0.00456314534 -0.00452473806
v -0.0103910025 0.00467007048 -0.00412413757
v -0.0098385429 0.00477676326 -0.00436877646
vn -0.321937561 0.882833064 -0.341996998
f 7282//2428 7283//2428 7284//2428
v -0.0102586569 0.00456314534 -0.00452473806
v -0.0098385429 0.00477676326 -0.00436877646
v -0.00944953598 0.00475789234 -0.00477315206
vn -0.319028854 0.881525755 -0.348041534
f 7285//2429 7286//2429 7287//2429
v -0.00944953598 0.00475789234 -0.00477315206
v -0.0098385429 0.00477676326 -0.00436877646
v -0.00976118166 0.00510232756 -0.00387416617
vn -0.428693891 0.783985078 -0.44898659
f 7288//2430 7289//2430 7290//2430
v -0.00944953598 0.00475789234 -0.00477315206
v -0.00976118166 0.00510232756 -0.00387416617
v -0.00912716612 0.00506499177 -0.00471276417
vn -0.566363871 0.684722066 -0.458680332
f 7291//2431 7292//2431 7293//2431
v -0.00912716612 0.00506499177 -0.00471276417
v -0.00976118166 0.00510232756 -0.00387416617
v -0.00974809565 0.00511509273 -0.00386897055
vn -0.533815503 0.724621832 -0.435848773
f 7294//2432 7295//2432 7296//2432
v -0.00912716612 0.00506499177 -0.00471276417
v -0.00974809565 0.00511509273 -0.00386897055
v -0.00886515435 0.00543046137 -0.00470856577
vn -0.684596121 0.496925294 -0.533285439
f 7297//2433 7298//2433 7299//2433
v -0.00886515435 0.00543046137 -0.00470856577
v -0.00974809565 0.00511509273 -0.00386897055
v -0.00947505422 0.00538133271 -0.00376060116
vn -0.584823787 0.737362862 -0.338048935
f 7300//2434 7301//2434 7302//2434
v -0.00886515435 0.00543046137 -0.00470856577
v -0.00947505422 0.00538133271 -0.00376060116
v -0.0094285477 0.00551744876 -0.00374214491
vn -0.798742414 0.34019652 -0.496262908
f 7303//2435 7304//2435 7305//2435
v -0.00858306605 0.00618124567 -0.00484316936
v -0.00856965501 0.00617425516 -0.00487111462
v -0.00886515435 0.00543046137 -0.00470856577
vn -0.851700366 0.236133844 -0.467811137
f 7306//2436 7307//2436 7308//2436
v -0.00886515435 0.00543046137 -0.00470856577
v -0.00856965501 0.00617425516 -0.00487111462
v -0.00814946834 0.00498936232 -0.00573067134
vn -0.770532608 0.17199184 -0.613757551
f 7309//2437 7310//2437 7311//2437
v -0.00886515435 0.00543046137 -0.00470856577
v -0.00814946834 0.00498936232 -0.00573067134
v -0.00912716612 0.00506499177 -0.00471276417
vn -0.624964118 0.455332249 -0.63410759
f 7312//2438 7313//2438 7314//2438
v -0.00912716612 0.00506499177 -0.00471276417
v -0.00814946834 0.00498936232 -0.00573067134
v -0.00832635723 0.00474352855 -0.00568231195
vn -0.663402677 0.346933275 -0.662973762
f 7315//2439 7316//2439 7317//2439
v -0.0101249525 0.0043778671 -0.00497595686
v -0.0102586569 0.00456314534 -0.00452473806
v -0.00980642624 0.00452924706 -0.00488313287
vn -0.280183882 0.855980873 -0.434504032
f 7318//2440 7319//2440 7320//2440
v -0.00980642624 0.00452924706 -0.00488313287
v -0.0102586569 0.00456314534 -0.00452473806
v -0.00944953598 0.00475789234 -0.00477315206
vn -0.34629932 0.786504388 -0.511358619
f 7321//2441 7322//2441 7323//2441
v -0.00980642624 0.00452924706 -0.00488313287
v -0.00944953598 0.00475789234 -0.00477315206
v -0.00900946185 0.00466798479 -0.0052108299
vn -0.346846879 0.786892772 -0.51038909
f 7324//2442 7325//2442 7326//2442
v -0.00900946185 0.00466798479 -0.0052108299
v -0.00944953598 0.00475789234 -0.00477315206
v -0.00912716612 0.00506499177 -0.00471276417
vn -0.481729954 0.626226068 -0.613006651
f 7327//2443 7328//2443 7329//2443
v -0.00900946185 0.00466798479 -0.0052108299
v -0.00912716612 0.00506499177 -0.00471276417
v -0.00853101909 0.00451576384 -0.00566730369
vn -0.385485619 0.674982667 -0.629125774
f 7330//2444 7331//2444 7332//2444
v -0.00853101909 0.00451576384 -0.00566730369
v -0.00912716612 0.00506499177 -0.00471276417
v -0.00832635723 0.00474352855 -0.00568231195
vn -0.588019788 0.485758185 -0.646739304
f 7333//2445 7334//2445 7335//2445
v -0.00853101909 0.00451576384 -0.00566730369
v -0.00832635723 0.00474352855 -0.00568231195
v -0.00748436386 0.00406586705 -0.00661652116
vn -0.510410786 0.408785433 -0.756554902
f 7336//2446 7337//2446 7338//2446
v -0.00748436386 0.00406586705 -0.00661652116
v -0.00832635723 0.00474352855 -0.00568231195
v -0.00814946834 0.00498936232 -0.00573067134
vn -0.600139618 0.28478846 -0.747481048
f 7339//2447 7340//2447 7341//2447
v -0.00748436386 0.00406586705 -0.00661652116
v -0.00814946834 0.00498936232 -0.00573067134
v -0.00638033636 0.00351745239 -0.00757459132
vn -0.475463718 0.40613541 -0.780376971
f 7342//2448 7343//2448 7344//2448
v -0.00771060959 0.00523169432 -0.00616748445
v -0.00638033636 0.00351745239 -0.00757459132
v -0.00814946834 0.00498936232 -0.00573067134
vn -0.711824954 0.0238016695 -0.701953471
f 7345//2449 7346//2449 7347//2449
v 0.00532616628 -0.00885057263 0.00748488121
v 0.00545228878 -0.00871325005 0.00766212493
v 0.00418654457 -0.00871325005 0.0084207179
vn 0.275017351 -0.844864786 0.458877951
f 7348//2450 7349//2450 7350//2450
v 0.00553409755 -0.0084981434 0.00777708692
v 0.00558709679 -0.00835877471 0.00785157084
v 0.00429005688 -0.00835877471 0.00862891972
vn 0.430248976 -0.547284663 0.717889488
f 7351//2451 7352//2451 7353//2451
v 0.00429005688 -0.00835877471 0.00862891972
v 0.00558709679 -0.00835877471 0.00785157084
v 0.00562560838 -0.00801745337 0.00790569093
vn 0.50466013 -0.190456361 0.842047811
f 7354//2452 7355//2452 7356//2452
v 0.00504591083 -0.00899999961 0.00709104398
v 0.00524445251 -0.00893954281 0.00737004634
v 0.00384667446 -0.00899999961 0.0077418033
vn 0.083517924 -0.984548986 0.153909057
f 7357//2453 7358//2453 7359//2453
v 0.00384667446 -0.00899999961 0.0077418033
v 0.00524445251 -0.00893954281 0.00737004634
v 0.00402695267 -0.00893954281 0.00809972174
vn 0.0768850967 -0.988752365 0.128286585
f 7360//2454 7361//2454 7362//2454
v 0.00384667446 -0.00899999961 0.0077418033
v 0.00402695267 -0.00893954281 0.00809972174
v 0.00319441431 -0.00899999961 0.00809574593
vn 0.0711778626 -0.98880142 0.131169513
f 7363//2455 7364//2455 7365//2455
v 0.00319441431 -0.00899999961 0.00809574593
v 0.00402695267 -0.00893954281 0.00809972174
v 0.00132690347 -0.00893954281 0.00894768909
vn 0.0695746914 -0.972667098 0.221535802
f 7366//2456 7367//2456 7368//2456
v 0.00319441431 -0.00899999961 0.00809574593
v 0.00132690347 -0.00893954281 0.00894768909
v 0.0012720197 -0.00899999961 0.00859087706
vn 0.0413946584 -0.986131787 0.160718948
f 7369//2457 7370//2457 7371//2457
v -0.00150302087 -0.00893954281 0.00891979504
v -0.000979117001 -0.00899999961 0.00864792708
v 0.00132690347 -0.00893954281 0.00894768909
vn -0.00210158597 -0.977003753 0.213211745
f 7372//2458 7373//2458 7374//2458
v 0.00132690347 -0.00893954281 0.00894768909
v -0.000979117001 -0.00899999961 0.00864792708
v 0.00111354992 -0.00899999961 0.00863169041
vn 0.00145058648 -0.982365191 0.186966792
f 7375//2459 7376//2459 7377//2459
v 0.00132690347 -0.00893954281 0.00894768909
v 0.00111354992 -0.00899999961 0.00863169041
v 0.0012720197 -0.00899999961 0.00859087706
vn 0.041393321 -0.986131787 0.160719156
f 7378//2460 7379//2460 7380//2460
v -0.00459117582 -0.00899999961 0.0073935953
v -0.00400861772 -0.00899999961 0.00767660793
v -0.00418582559 -0.00893954281 0.00801876839
vn -0.0677532926 -0.987906456 0.139464408
f 7381//2461 7382//2461 7383//2461
v -0.00418582559 -0.00893954281 0.00801876839
v -0.00400861772 -0.00899999961 0.00767660793
v -0.00297417445 -0.00899999961 0.00817914866
vn -0.0677530244 -0.987906456 0.139464542
f 7384//2462 7385//2462 7386//2462
v -0.00418582559 -0.00893954281 0.00801876839
v -0.00297417445 -0.00899999961 0.00817914866
v -0.00150302087 -0.00893954281 0.00891979504
vn -0.0797288194 -0.96813643 0.23739253
f 7387//2463 7388//2463 7389//2463
v -0.00150302087 -0.00893954281 0.00891979504
v -0.00297417445 -0.00899999961 0.00817914866
v -0.00143634155 -0.00899999961 0.0085404925
vn -0.0355294682 -0.987863064 0.151209056
f 7390//2464 7391//2464 7392//2464
v -0.00150302087 -0.00893954281 0.00891979504
v -0.00143634155 -0.00899999961 0.0085404925
v -0.000979117001 -0.00899999961 0.00864792708
vn -0.0355296433 -0.987863064 0.151209027
f 7393//2465 7394//2465 7395//2465
v -0.00459117582 -0.00899999961 0.0073935953
v -0.00418582559 -0.00893954281 0.00801876839
v -0.00627796771 -0.00899999961 0.00602765335
vn -0.159496412 -0.967350662 0.196961001
f 7396//2466 7397//2466 7398//2466
v -0.00627796771 -0.00899999961 0.00602765335
v -0.00418582559 -0.00893954281 0.00801876839
v -0.00645889947 -0.00893954281 0.00633281004
vn -0.100595996 -0.985639751 0.135627359
f 7399//2467 7400//2467 7401//2467
v -0.00627796771 -0.00899999961 0.00602765335
v -0.00645889947 -0.00893954281 0.00633281004
v -0.00755347637 -0.00899999961 0.00432331627
vn -0.145253628 -0.983404458 0.108706348
f 7402//2468 7403//2468 7404//2468
v -0.00755347637 -0.00899999961 0.00432331627
v -0.00645889947 -0.00893954281 0.00633281004
v -0.00809971895 -0.00893954281 0.00402695127
vn -0.176020548 -0.976385295 0.12525399
f 7405//2469 7406//2469 7407//2469
v -0.00755347637 -0.00899999961 0.00432331627
v -0.00809971895 -0.00893954281 0.00402695127
v -0.00775104947 -0.00899999961 0.00385670224
vn -0.141968042 -0.988044322 0.0601119287
f 7408//2470 7409//2470 7410//2470
v -0.00775104947 -0.00899999961 0.00385670224
v -0.00809971895 -0.00893954281 0.00402695127
v -0.00836122222 -0.00899999961 0.00241562212
vn -0.14196834 -0.988044322 0.0601113178
f 7411//2471 7412//2471 7413//2471
v -0.00836122222 -0.00899999961 0.00241562212
v -0.00809971895 -0.00893954281 0.00402695127
v -0.00894768909 -0.00893954281 0.00132690696
vn -0.239314988 -0.968028665 0.0751587301
f 7414//2472 7415//2472 7416//2472
v -0.00836122222 -0.00899999961 0.00241562212
v -0.00894768909 -0.00893954281 0.00132690696
v -0.00855180901 -0.00899999961 0.00126718997
vn -0.147314847 -0.988787472 0.0244475193
f 7417//2473 7418//2473 7419//2473
v -0.00855180901 -0.00899999961 0.00126718997
v -0.00894768909 -0.00893954281 0.00132690696
v -0.00869320799 -0.00899999961 0.000415150862
vn -0.147314861 -0.988787472 0.0244474318
f 7420//2474 7421//2474 7422//2474
v -0.00869320799 -0.00899999961 0.000415150862
v -0.00894768909 -0.00893954281 0.00132690696
v -0.00891979691 -0.00893954281 -0.0015030246
vn -0.239120439 -0.970987082 -0.00235681073
f 7423//2475 7424//2475 7425//2475
v -0.00869320799 -0.00899999961 0.000415150862
v -0.00891979691 -0.00893954281 -0.0015030246
v -0.0085886335 -0.00899999961 -0.00140694459
vn -0.1767326 -0.984206617 -0.0101431655
f 7426//2476 7427//2476 7428//2476
v -0.0085886335 -0.00899999961 -0.00140694459
v -0.00891979691 -0.00893954281 -0.0015030246
v -0.00800278131 -0.00899999961 -0.00342061557
vn -0.165819108 -0.984975457 -0.0482429899
f 7429//2477 7430//2477 7431//2477
v -0.00800278131 -0.00899999961 -0.00342061557
v -0.00891979691 -0.00893954281 -0.0015030246
v -0.00801876932 -0.00893954281 -0.00418582931
vn -0.215656742 -0.973779321 -0.0724289566
f 7432//2478 7433//2478 7434//2478
v -0.00800278131 -0.00899999961 -0.00342061557
v -0.00801876932 -0.00893954281 -0.00418582931
v -0.00766801136 -0.00899999961 -0.0040001059
vn -0.130480289 -0.9885813 -0.0753780603
f 7435//2479 7436//2479 7437//2479
v -0.00766801136 -0.00899999961 -0.0040001059
v -0.00801876932 -0.00893954281 -0.00418582931
v -0.00696083577 -0.00899999961 -0.00522424141
vn -0.130480468 -0.988581359 -0.0753777251
f 7438//2480 7439//2480 7440//2480
v -0.00696083577 -0.00899999961 -0.00522424141
v -0.00801876932 -0.00893954281 -0.00418582931
v -0.00633281283 -0.00893954281 -0.00645889668
vn -0.203273997 -0.967444062 -0.150770321
f 7441//2481 7442//2481 7443//2481
v -0.00696083577 -0.00899999961 -0.00522424141
v -0.00633281283 -0.00893954281 -0.00645889668
v -0.00605318649 -0.00899999961 -0.00617636228
vn -0.108875878 -0.988622069 -0.103790529
f 7444//2482 7445//2482 7446//2482
v -0.00524444925 -0.00893954281 -0.00737004681
v -0.00504591549 -0.00899999961 -0.00709104445
v -0.00633281283 -0.00893954281 -0.00645889668
vn -0.111941271 -0.984677613 -0.133713141
f 7447//2483 7448//2483 7449//2483
v -0.00633281283 -0.00893954281 -0.00645889668
v -0.00504591549 -0.00899999961 -0.00709104445
v -0.00555104436 -0.00899999961 -0.00670310762
vn -0.127469122 -0.977856576 -0.16597636
f 7450//2484 7451//2484 7452//2484
v -0.00633281283 -0.00893954281 -0.00645889668
v -0.00555104436 -0.00899999961 -0.00670310762
v -0.00605318649 -0.00899999961 -0.00617636228
vn -0.108875871 -0.988622069 -0.103790537
f 7453//2485 7454//2485 7455//2485
v -0.00562560558 -0.00801744964 -0.00790569186
v -0.005587094 -0.00835877191 -0.00785157178
v -0.00679307152 -0.00801745243 -0.00692832004
vn -0.630170286 -0.19045496 -0.752736568
f 7456//2486 7457//2486 7458//2486
v -0.00679307152 -0.00801745243 -0.00692832004
v -0.005587094 -0.00835877191 -0.00785157178
v -0.00674656685 -0.00835877471 -0.00688089104
vn -0.630170465 -0.190458298 -0.752735555
f 7459//2487 7460//2487 7461//2487
v -0.00679307152 -0.00801745243 -0.00692832004
v -0.00674656685 -0.00835877471 -0.00688089104
v -0.00747038284 -0.00801745243 -0.00601514755
vn -0.788745344 -0.188759029 -0.585022032
f 7462//2488 7463//2488 7464//2488
v -0.00747038284 -0.00801745243 -0.00601514755
v -0.00674656685 -0.00835877471 -0.00688089104
v -0.00854267925 -0.00835877471 -0.00445931219
vn -0.788745403 -0.188760415 -0.585021555
f 7465//2489 7466//2489 7467//2489
v -0.0094849132 -0.00801745243 0.00178342138
v -0.00959799532 -0.00801745243 0.00142334483
v -0.00953228958 -0.00835877471 0.00141360098
vn -0.936908007 -0.188756645 0.29423511
f 7468//2490 7469//2490 7470//2490
v -0.00953228958 -0.00835877471 0.00141360098
v -0.00959799532 -0.00801745243 0.00142334483
v -0.00956807658 -0.00801745243 -0.00161226233
vn -0.981976211 -0.188756496 -0.00967835076
f 7471//2491 7472//2491 7473//2491
v -0.00953228958 -0.00835877471 0.00141360098
v -0.00956807658 -0.00801745243 -0.00161226233
v -0.00950257108 -0.00835877471 -0.00160122523
vn -0.981973588 -0.18877013 -0.00967991911
f 7474//2492 7475//2492 7476//2492
v -0.00950257108 -0.00835877471 -0.00160122523
v -0.00956807658 -0.00801745243 -0.00161226233
v -0.00932719652 -0.00801745243 -0.00232948456
vn -0.930921733 -0.18876943 -0.312651277
f 7477//2493 7478//2493 7479//2493
v -0.00950257108 -0.00835877471 -0.00160122523
v -0.00932719652 -0.00801745243 -0.00232948456
v -0.00854267925 -0.00835877471 -0.00445931219
vn -0.930921912 -0.188768953 -0.312651068
f 7480//2494 7481//2494 7482//2494
v -0.00854267925 -0.00835877471 -0.00445931219
v -0.00932719652 -0.00801745243 -0.00232948456
v -0.00860155933 -0.00801745243 -0.00449004956
vn -0.930925071 -0.188744918 -0.312656105
f 7483//2495 7484//2495 7485//2495
v -0.00854267925 -0.00835877471 -0.00445931219
v -0.00860155933 -0.00801745243 -0.00449004956
v -0.00747038284 -0.00801745243 -0.00601514755
vn -0.788749158 -0.188746378 -0.585021019
f 7486//2496 7487//2496 7488//2496
v -0.0094849132 -0.00801745243 0.00178342138
v -0.00953228958 -0.00835877471 0.00141360098
v -0.00868840143 -0.00801745243 0.00431962498
vn -0.936904609 -0.188763812 0.294241309
f 7489//2497 7490//2497 7491//2497
v -0.00868840143 -0.00801745243 0.00431962498
v -0.00953228958 -0.00835877471 0.00141360098
v -0.00862892251 -0.00835877471 0.00429005409
vn -0.93690604 -0.188757315 0.294240952
f 7492//2498 7493//2498 7494//2498
v -0.00868840143 -0.00801745243 0.00431962498
v -0.00862892251 -0.00835877471 0.00429005409
v -0.00780836167 -0.00801745243 0.00555634731
vn -0.800124407 -0.188756868 0.569360852
f 7495//2499 7496//2499 7497//2499
v -0.00780836167 -0.00801745243 0.00555634731
v -0.00862892251 -0.00835877471 0.00429005409
v -0.00688089104 -0.00835877471 0.00674656685
vn -0.800124109 -0.188757971 0.569360912
f 7498//2500 7499//2500 7500//2500
v -0.00780836167 -0.00801745243 0.00555634731
v -0.00688089104 -0.00835877471 0.00674656685
v -0.00692832191 -0.00801745243 0.00679306965
vn -0.800124049 -0.188759074 0.569360554
f 7501//2501 7502//2501 7503//2501
v -0.00692832191 -0.00801745243 0.00679306965
v -0.00688089104 -0.00835877471 0.00674656685
v -0.00479318853 -0.00801745243 0.00837672316
vn -0.585021973 -0.188757807 0.788745701
f 7504//2502 7505//2502 7506//2502
v -0.00479318853 -0.00801745243 0.00837672316
v -0.00688089104 -0.00835877471 0.00674656685
v -0.00445931405 -0.00835877471 0.00854267832
vn -0.585021675 -0.188759178 0.788745582
f 7507//2503 7508//2503 7509//2503
v -0.00479318853 -0.00801745243 0.00837672316
v -0.00445931405 -0.00835877471 0.00854267832
v -0.00449005188 -0.00801745243 0.00860156212
vn -0.585020602 -0.188757613 0.788746774
f 7510//2504 7511//2504 7512//2504
v -0.00449005188 -0.00801745243 0.00860156212
v -0.00445931405 -0.00835877471 0.00854267832
v -0.00160122511 -0.00835877471 0.00950257294
vn -0.312652707 -0.188757554 0.930923641
f 7513//2505 7514//2505 7515//2505
v -0.00449005188 -0.00801745243 0.00860156212
v -0.00160122511 -0.00835877471 0.00950257294
v -0.00161226408 -0.00801745243 0.00956807286
vn -0.312652618 -0.188756183 0.930923998
f 7516//2506 7517//2506 7518//2506
v 0.00562560838 -0.00801745337 0.00790569093
v 0.00431962311 -0.00801745243 0.00868839864
v 0.00429005688 -0.00835877471 0.00862891972
vn 0.504659593 -0.190450907 0.84204936
f 7519//2507 7520//2507 7521//2507
v 0.00429005688 -0.00835877471 0.00862891972
v 0.00431962311 -0.00801745243 0.00868839864
v 0.0032349173 -0.00801745243 0.00902905688
vn 0.294241548 -0.18875365 0.936906576
f 7522//2508 7523//2508 7524//2508
v 0.00429005688 -0.00835877471 0.00862891972
v 0.0032349173 -0.00801745243 0.00902905688
v 0.00141359831 -0.00835877471 0.00953228958
vn 0.294241488 -0.188753858 0.936906576
f 7525//2509 7526//2509 7527//2509
v 0.00141359831 -0.00835877471 0.00953228958
v 0.0032349173 -0.00801745243 0.00902905688
v 0.00142334623 -0.00801745243 0.00959799532
vn 0.294242233 -0.188760117 0.936905086
f 7528//2510 7529//2510 7530//2510
v 0.00141359831 -0.00835877471 0.00953228958
v 0.00142334623 -0.00801745243 0.00959799532
v -0.00160122511 -0.00835877471 0.00950257294
vn -0.0096790269 -0.188756585 0.981976211
f 7531//2511 7532//2511 7533//2511
v -0.00160122511 -0.00835877471 0.00950257294
v 0.00142334623 -0.00801745243 0.00959799532
v -0.000855710241 -0.00801745243 0.00957553089
vn -0.00967916939 -0.188755378 0.981976449
f 7534//2512 7535//2512 7536//2512
v -0.00160122511 -0.00835877471 0.00950257294
v -0.000855710241 -0.00801745243 0.00957553089
v -0.00161226408 -0.00801745243 0.00956807286
vn -0.00967955869 -0.188754559 0.981976569
f 7537//2513 7538//2513 7539//2513
v -0.005587094 -0.00835877191 -0.00785157178
v -0.00545228599 -0.00871325005 -0.00766212447
v -0.00674656685 -0.00835877471 -0.00688089104
vn -0.537250459 -0.547289968 -0.641744196
f 7540//2514 7541//2514 7542//2514
v -0.00674656685 -0.00835877471 -0.00688089104
v -0.00545228599 -0.00871325005 -0.00766212447
v -0.00658378145 -0.00871325005 -0.00671486557
vn -0.537249982 -0.547293007 -0.641741991
f 7543//2515 7544//2515 7545//2515
v -0.00674656685 -0.00835877471 -0.00688089104
v -0.00658378145 -0.00871325005 -0.00671486557
v -0.00854267925 -0.00835877471 -0.00445931219
vn -0.67408067 -0.543729603 -0.499973387
f 7546//2516 7547//2516 7548//2516
v -0.00854267925 -0.00835877471 -0.00445931219
v -0.00658378145 -0.00871325005 -0.00671486557
v -0.00833655614 -0.00871325005 -0.00435171602
vn -0.674080312 -0.543730378 -0.499972969
f 7549//2517 7550//2517 7551//2517
v -0.00854267925 -0.00835877471 -0.00445931219
v -0.00833655614 -0.00871325005 -0.00435171602
v -0.00950257108 -0.00835877471 -0.00160122523
vn -0.795588672 -0.543730795 -0.267199278
f 7552//2518 7553//2518 7554//2518
v -0.00950257108 -0.00835877471 -0.00160122523
v -0.00833655614 -0.00871325005 -0.00435171602
v -0.00927328691 -0.00871325005 -0.00156259001
vn -0.79558897 -0.543730319 -0.267199457
f 7555//2519 7556//2519 7557//2519
v -0.00950257108 -0.00835877471 -0.00160122523
v -0.00927328691 -0.00871325005 -0.00156259001
v -0.00953228958 -0.00835877471 0.00141360098
vn -0.839219213 -0.543730378 -0.00827270094
f 7558//2520 7559//2520 7560//2520
v -0.00953228958 -0.00835877471 0.00141360098
v -0.00927328691 -0.00871325005 -0.00156259001
v -0.00930228736 -0.00871325005 0.00137949304
vn -0.839217603 -0.543732882 -0.00827226508
f 7561//2521 7562//2521 7563//2521
v -0.00953228958 -0.00835877471 0.00141360098
v -0.00930228736 -0.00871325005 0.00137949304
v -0.00862892251 -0.00835877471 0.00429005409
vn -0.80069989 -0.543732643 0.251464605
f 7564//2522 7565//2522 7566//2522
v -0.00862892251 -0.00835877471 0.00429005409
v -0.00930228736 -0.00871325005 0.00137949304
v -0.00842071604 -0.00871325005 0.00418654177
vn -0.800698996 -0.543734074 0.251464546
f 7567//2523 7568//2523 7569//2523
v -0.00862892251 -0.00835877471 0.00429005409
v -0.00842071604 -0.00871325005 0.00418654177
v -0.00688089104 -0.00835877471 0.00674656685
vn -0.683802962 -0.54373312 0.486587882
f 7570//2524 7571//2524 7572//2524
v -0.00688089104 -0.00835877471 0.00674656685
v -0.00842071604 -0.00871325005 0.00418654177
v -0.00671486324 -0.00871325005 0.00658378238
vn -0.683804095 -0.543731332 0.486588299
f 7573//2525 7574//2525 7575//2525
v -0.00688089104 -0.00835877471 0.00674656685
v -0.00671486324 -0.00871325005 0.00658378238
v -0.00445931405 -0.00835877471 0.00854267832
vn -0.499972969 -0.543730617 0.674080133
f 7576//2526 7577//2526 7578//2526
v -0.00445931405 -0.00835877471 0.00854267832
v -0.00671486324 -0.00871325005 0.00658378238
v -0.00435171602 -0.00871325005 0.00833655614
vn -0.499973476 -0.543729663 0.674080551
f 7579//2527 7580//2527 7581//2527
v -0.00445931405 -0.00835877471 0.00854267832
v -0.00435171602 -0.00871325005 0.00833655614
v -0.00160122511 -0.00835877471 0.00950257294
vn -0.26720047 -0.543728828 0.795589626
f 7582//2528 7583//2528 7584//2528
v -0.00160122511 -0.00835877471 0.00950257294
v -0.00435171602 -0.00871325005 0.00833655614
v -0.00156258838 -0.00871325005 0.00927329063
vn -0.267200202 -0.543729603 0.795589209
f 7585//2529 7586//2529 7587//2529
v -0.00160122511 -0.00835877471 0.00950257294
v -0.00156258838 -0.00871325005 0.00927329063
v 0.00141359831 -0.00835877471 0.00953228958
vn -0.00827192701 -0.543728769 0.839220226
f 7588//2530 7589//2530 7590//2530
v 0.00141359831 -0.00835877471 0.00953228958
v -0.00156258838 -0.00871325005 0.00927329063
v 0.00137949572 -0.00871325005 0.00930229109
vn -0.00827230792 -0.543726563 0.839221656
f 7591//2531 7592//2531 7593//2531
v 0.00141359831 -0.00835877471 0.00953228958
v 0.00137949572 -0.00871325005 0.00930229109
v 0.00429005688 -0.00835877471 0.00862891972
vn 0.251466572 -0.543723881 0.800705254
f 7594//2532 7595//2532 7596//2532
v 0.00429005688 -0.00835877471 0.00862891972
v 0.00137949572 -0.00871325005 0.00930229109
v 0.00418654457 -0.00871325005 0.0084207179
vn 0.251466513 -0.543726504 0.800703526
f 7597//2533 7598//2533 7599//2533
v 0.00429005688 -0.00835877471 0.00862891972
v 0.00418654457 -0.00871325005 0.0084207179
v 0.00553409755 -0.0084981434 0.00777708692
vn 0.430246472 -0.547290266 0.717886746
f 7600//2534 7601//2534 7602//2534
v 0.00553409755 -0.0084981434 0.00777708692
v 0.00418654457 -0.00871325005 0.0084207179
v 0.00545228878 -0.00871325005 0.00766212493
vn 0.430245489 -0.547296405 0.717882633
f 7603//2535 7604//2535 7605//2535
v -0.00545228599 -0.00871325005 -0.00766212447
v -0.00524444925 -0.00893954281 -0.00737004681
v -0.00658378145 -0.00871325005 -0.00671486557
vn -0.343415201 -0.844864368 -0.41020748
f 7606//2536 7607//2536 7608//2536
v -0.00658378145 -0.00871325005 -0.00671486557
v -0.00524444925 -0.00893954281 -0.00737004681
v -0.00633281283 -0.00893954281 -0.00645889668
vn -0.343415052 -0.844864607 -0.410207093
f 7609//2537 7610//2537 7611//2537
v -0.00658378145 -0.00871325005 -0.00671486557
v -0.00633281283 -0.00893954281 -0.00645889668
v -0.00833655614 -0.00871325005 -0.00435171602
vn -0.432542592 -0.842603326 -0.320821702
f 7612//2538 7613//2538 7614//2538
v -0.00833655614 -0.00871325005 -0.00435171602
v -0.00633281283 -0.00893954281 -0.00645889668
v -0.00801876932 -0.00893954281 -0.00418582931
vn -0.432540655 -0.842605054 -0.320819676
f 7615//2539 7616//2539 7617//2539
v -0.00833655614 -0.00871325005 -0.00435171602
v -0.00801876932 -0.00893954281 -0.00418582931
v -0.00927328691 -0.00871325005 -0.00156259001
vn -0.51050961 -0.842604935 -0.171455234
f 7618//2540 7619//2540 7620//2540
v -0.00927328691 -0.00871325005 -0.00156259001
v -0.00801876932 -0.00893954281 -0.00418582931
v -0.00891979691 -0.00893954281 -0.0015030246
vn -0.5105142 -0.842601657 -0.171457708
f 7621//2541 7622//2541 7623//2541
v -0.00927328691 -0.00871325005 -0.00156259001
v -0.00891979691 -0.00893954281 -0.0015030246
v -0.00930228736 -0.00871325005 0.00137949304
vn -0.538511395 -0.842601478 -0.00530816941
f 7624//2542 7625//2542 7626//2542
v -0.00930228736 -0.00871325005 0.00137949304
v -0.00891979691 -0.00893954281 -0.0015030246
v -0.00894768909 -0.00893954281 0.00132690696
vn -0.538508475 -0.842603385 -0.00530762877
f 7627//2543 7628//2543 7629//2543
v -0.00930228736 -0.00871325005 0.00137949304
v -0.00894768909 -0.00893954281 0.00132690696
v -0.00842071604 -0.00871325005 0.00418654177
vn -0.513792157 -0.842603505 0.161359668
f 7630//2544 7631//2544 7632//2544
v -0.00842071604 -0.00871325005 0.00418654177
v -0.00894768909 -0.00893954281 0.00132690696
v -0.00809971895 -0.00893954281 0.00402695127
vn -0.513787985 -0.842606187 0.161359102
f 7633//2545 7634//2545 7635//2545
v -0.00842071604 -0.00871325005 0.00418654177
v -0.00809971895 -0.00893954281 0.00402695127
v -0.00671486324 -0.00871325005 0.00658378238
vn -0.438778847 -0.842606127 0.312230736
f 7636//2546 7637//2546 7638//2546
v -0.00671486324 -0.00871325005 0.00658378238
v -0.00809971895 -0.00893954281 0.00402695127
v -0.00645889947 -0.00893954281 0.00633281004
vn -0.438784331 -0.842602313 0.312233388
f 7639//2547 7640//2547 7641//2547
v -0.00671486324 -0.00871325005 0.00658378238
v -0.00645889947 -0.00893954281 0.00633281004
v -0.00435171602 -0.00871325005 0.00833655614
vn -0.320821971 -0.842603207 0.432542652
f 7642//2548 7643//2548 7644//2548
v -0.00435171602 -0.00871325005 0.00833655614
v -0.00645889947 -0.00893954281 0.00633281004
v -0.00418582559 -0.00893954281 0.00801876839
vn -0.320817441 -0.842607141 0.432538331
f 7645//2549 7646//2549 7647//2549
v -0.00435171602 -0.00871325005 0.00833655614
v -0.00418582559 -0.00893954281 0.00801876839
v -0.00156258838 -0.00871325005 0.00927329063
vn -0.171454906 -0.842606306 0.510507405
f 7648//2550 7649//2550 7650//2550
v -0.00156258838 -0.00871325005 0.00927329063
v -0.00418582559 -0.00893954281 0.00801876839
v -0.00150302087 -0.00893954281 0.00891979504
vn -0.171455353 -0.84260577 0.51050818
f 7651//2551 7652//2551 7653//2551
v -0.00156258838 -0.00871325005 0.00927329063
v -0.00150302087 -0.00893954281 0.00891979504
v 0.00137949572 -0.00871325005 0.00930229109
vn -0.00530811166 -0.842605352 0.538505375
f 7654//2552 7655//2552 7656//2552
v 0.00137949572 -0.00871325005 0.00930229109
v -0.00150302087 -0.00893954281 0.00891979504
v 0.00132690347 -0.00893954281 0.00894768909
vn -0.00530793145 -0.842605948 0.538504422
f 7657//2553 7658//2553 7659//2553
v 0.00137949572 -0.00871325005 0.00930229109
v 0.00132690347 -0.00893954281 0.00894768909
v 0.00418654457 -0.00871325005 0.0084207179
vn 0.161358193 -0.842607319 0.513786376
f 7660//2554 7661//2554 7662//2554
v 0.00418654457 -0.00871325005 0.0084207179
v 0.00132690347 -0.00893954281 0.00894768909
v 0.00402695267 -0.00893954281 0.00809972174
vn 0.161358476 -0.842605948 0.513788581
f 7663//2555 7664//2555 7665//2555
v 0.00418654457 -0.00871325005 0.0084207179
v 0.00402695267 -0.00893954281 0.00809972174
v 0.00532616628 -0.00885057263 0.00748488121
vn 0.275014788 -0.84486711 0.458875179
f 7666//2556 7667//2556 7668//2556
v 0.00532616628 -0.00885057263 0.00748488121
v 0.00402695267 -0.00893954281 0.00809972174
v 0.00524445251 -0.00893954281 0.00737004634
vn 0.275015652 -0.844865739 0.458877206
f 7669//2557 7670//2557 7671//2557
v -0.00504591549 -0.00899999961 -0.00709104445
v -0.00524444925 -0.00893954281 -0.00737004681
v 0.00210275804 -0.00899999961 -0.0121779675
vn -0.100803025 -0.984769762 -0.141658902
f 7672//2558 7673//2558 7674//2558
v 0.00210275804 -0.00899999961 -0.0121779675
v -0.00524444925 -0.00893954281 -0.00737004681
v 0.00190776819 -0.00891529117 -0.0124519933
vn -0.139283374 -0.969710767 -0.200651884
f 7675//2559 7676//2559 7677//2559
v -0.00562560558 -0.00801744964 -0.00790569186
v 0.00152306806 -0.00801744871 -0.0129926139
v 0.00152664084 -0.0081122797 -0.0129875857
vn -0.578560054 -0.0649100393 -0.813052893
f 7678//2560 7679//2560 7680//2560
v 0.00170729519 -0.00869248994 -0.0127337119
v 0.00182812358 -0.00888069533 -0.0125639103
v -0.00524444925 -0.00893954281 -0.00737004681
vn -0.392694443 -0.74214685 -0.543147445
f 7681//2561 7682//2561 7683//2561
v -0.00524444925 -0.00893954281 -0.00737004681
v 0.00182812358 -0.00888069533 -0.0125639103
v 0.0018972524 -0.00891072396 -0.0124667678
vn -0.139277413 -0.96971333 -0.200643495
f 7684//2562 7685//2562 7686//2562
v -0.00524444925 -0.00893954281 -0.00737004681
v 0.0018972524 -0.00891072396 -0.0124667678
v 0.00190776819 -0.00891529117 -0.0124519933
vn -0.139276028 -0.969713986 -0.200641543
f 7687//2563 7688//2563 7689//2563
v 0.00170729519 -0.00869248994 -0.0127337119
v -0.00524444925 -0.00893954281 -0.00737004681
v -0.00545228599 -0.00871325005 -0.00766212447
vn -0.306924373 -0.845605552 -0.436747849
f 7690//2564 7691//2564 7692//2564
v 0.00170729519 -0.00869248994 -0.0127337119
v -0.00545228599 -0.00871325005 -0.00766212447
v 0.0016226907 -0.00856070779 -0.0128526082
vn -0.385981202 -0.742153704 -0.547929227
f 7693//2565 7694//2565 7695//2565
v -0.00562560558 -0.00801744964 -0.00790569186
v 0.00152664084 -0.0081122797 -0.0129875857
v -0.005587094 -0.00835877191 -0.00785157178
vn -0.570225835 -0.191022128 -0.798969984
f 7696//2566 7697//2566 7698//2566
v -0.005587094 -0.00835877191 -0.00785157178
v 0.00152664084 -0.0081122797 -0.0129875857
v 0.00157729478 -0.00834875647 -0.0129164057
vn -0.541168809 -0.346543521 -0.766187906
f 7699//2567 7700//2567 7701//2567
v -0.005587094 -0.00835877191 -0.00785157178
v 0.00157729478 -0.00834875647 -0.0129164057
v -0.00545228599 -0.00871325005 -0.00766212447
vn -0.482178062 -0.548470914 -0.683142722
f 7702//2568 7703//2568 7704//2568
v -0.00545228599 -0.00871325005 -0.00766212447
v 0.00157729478 -0.00834875647 -0.0129164057
v 0.00158110028 -0.00836650655 -0.0129110636
vn -0.549986839 -0.346597314 -0.75985837
f 7705//2569 7706//2569 7707//2569
v -0.00545228599 -0.00871325005 -0.00766212447
v 0.00158110028 -0.00836650655 -0.0129110636
v 0.0016226907 -0.00856070779 -0.0128526082
vn -0.550007284 -0.346516401 -0.759880483
f 7708//2570 7709//2570 7710//2570
v 0.00210275804 -0.00899999961 -0.0121779675
v 0.00190776819 -0.00891529117 -0.0124519933
v 0.00325817242 -0.00899999961 -0.0127213979
vn -0.105532467 -0.96877116 -0.224377677
f 7711//2571 7712//2571 7713//2571
v 0.00325817242 -0.00899999961 -0.0127213979
v 0.00190776819 -0.00891529117 -0.0124519933
v 0.00314219273 -0.00893228315 -0.0130875213
vn -0.0922008306 -0.9839499 -0.152779564
f 7714//2572 7715//2572 7716//2572
v 0.00325817242 -0.00899999961 -0.0127213979
v 0.00314219273 -0.00893228315 -0.0130875213
v 0.00339036924 -0.00899999961 -0.012783573
vn -0.0745387077 -0.98454392 -0.158484399
f 7717//2573 7718//2573 7719//2573
v 0.00339036924 -0.00899999961 -0.012783573
v 0.00314219273 -0.00893228315 -0.0130875213
v 0.00450424571 -0.00891581178 -0.0132591771
vn -0.0141795203 -0.978366673 -0.20639199
f 7720//2574 7721//2574 7722//2574
v 0.00339036924 -0.00899999961 -0.012783573
v 0.00450424571 -0.00891581178 -0.0132591771
v 0.0044979169 -0.00899999961 -0.0129186502
vn -0.029320823 -0.970227838 -0.240412652
f 7723//2575 7724//2575 7725//2575
v 0.00304175168 -0.00871036761 -0.0134144435
v 0.00450657448 -0.00888483506 -0.0133844735
v 0.00314219273 -0.00893228315 -0.0130875213
vn -0.0885781199 -0.836569905 -0.540652096
f 7726//2576 7727//2576 7728//2576
v 0.00314219273 -0.00893228315 -0.0130875213
v 0.00450657448 -0.00888483506 -0.0133844735
v 0.00450458005 -0.00891136471 -0.0132771647
vn -0.0185458008 -0.970525324 -0.240284622
f 7729//2577 7730//2577 7731//2577
v 0.00314219273 -0.00893228315 -0.0130875213
v 0.00450458005 -0.00891136471 -0.0132771647
v 0.00450424571 -0.00891581178 -0.0132591771
vn -0.018545093 -0.970526516 -0.240279675
f 7732//2578 7733//2578 7734//2578
v 0.00451298757 -0.00833525416 -0.013832584
v 0.00451294146 -0.00835235603 -0.0138248894
v 0.00297570927 -0.00837032776 -0.0136295464
vn -0.110427178 -0.407531589 -0.906489849
f 7735//2579 7736//2579 7737//2579
v 0.00297570927 -0.00837032776 -0.0136295464
v 0.00451294146 -0.00835235603 -0.0138248894
v 0.00451221969 -0.00861600414 -0.0137062622
vn -0.110425167 -0.407561272 -0.906476736
f 7738//2580 7739//2580 7740//2580
v 0.00297570927 -0.00837032776 -0.0136295464
v 0.00451221969 -0.00861600414 -0.0137062622
v 0.00304175168 -0.00871036761 -0.0134144435
vn -0.128873646 -0.54789722 -0.826559305
f 7741//2581 7742//2581 7743//2581
v 0.00304175168 -0.00871036761 -0.0134144435
v 0.00451221969 -0.00861600414 -0.0137062622
v 0.00451060105 -0.00869311765 -0.0136139588
vn -0.0779527649 -0.764421701 -0.639986634
f 7744//2582 7745//2582 7746//2582
v 0.00304175168 -0.00871036761 -0.0134144435
v 0.00451060105 -0.00869311765 -0.0136139588
v 0.00450657448 -0.00888483506 -0.0133844735
vn -0.0779526755 -0.764422178 -0.639985979
f 7747//2583 7748//2583 7749//2583
v 0.00451298757 -0.00833525416 -0.013832584
v 0.00297570927 -0.00837032776 -0.0136295464
v 0.00451340666 -0.00818090513 -0.0139020318
vn -0.110424638 -0.407562971 -0.906476021
f 7750//2584 7751//2584 7752//2584
v 0.00451340666 -0.00818090513 -0.0139020318
v 0.00297570927 -0.00837032776 -0.0136295464
v 0.0029553487 -0.00800911244 -0.0136943869
vn -0.149659857 -0.18285732 -0.971681595
f 7753//2585 7754//2585 7755//2585
v 0.00451340666 -0.00818090513 -0.0139020318
v 0.0029553487 -0.00800911244 -0.0136943869
v 0.00451199245 -0.00799999479 -0.0139185591
vn -0.141423285 -0.0911605209 -0.985742986
f 7756//2586 7757//2586 7758//2586
v 0.00152306806 -0.00801744871 -0.0129926139
v 0.0029357872 -0.00800922699 -0.0136915706
v 0.00152664084 -0.0081122797 -0.0129875857
vn -0.442240775 -0.0640982538 -0.894603014
f 7759//2587 7760//2587 7761//2587
v 0.00152664084 -0.0081122797 -0.0129875857
v 0.0029357872 -0.00800922699 -0.0136915706
v 0.0029553487 -0.00800911244 -0.0136943869
vn -0.0209945347 -0.982358277 -0.185826346
f 7762//2588 7763//2588 7764//2588
v 0.00152664084 -0.0081122797 -0.0129875857
v 0.0029553487 -0.00800911244 -0.0136943869
v 0.00157729478 -0.00834875647 -0.0129164057
vn -0.396843493 -0.341461062 -0.852009118
f 7765//2589 7766//2589 7767//2589
v 0.00157729478 -0.00834875647 -0.0129164057
v 0.0029553487 -0.00800911244 -0.0136943869
v 0.00297570927 -0.00837032776 -0.0136295464
vn -0.448916018 -0.182330176 -0.874774337
f 7768//2590 7769//2590 7770//2590
v 0.00157729478 -0.00834875647 -0.0129164057
v 0.00297570927 -0.00837032776 -0.0136295464
v 0.00158110028 -0.00836650655 -0.0129110636
vn -0.430855095 -0.343514919 -0.834482729
f 7771//2591 7772//2591 7773//2591
v 0.00158110028 -0.00836650655 -0.0129110636
v 0.00297570927 -0.00837032776 -0.0136295464
v 0.0016226907 -0.00856070779 -0.0128526082
vn -0.430863976 -0.343461245 -0.834500194
f 7774//2592 7775//2592 7776//2592
v 0.00190776819 -0.00891529117 -0.0124519933
v 0.0018972524 -0.00891072396 -0.0124667678
v 0.00314219273 -0.00893228315 -0.0130875213
vn -0.122682273 -0.969456971 -0.212373003
f 7777//2593 7778//2593 7779//2593
v 0.00314219273 -0.00893228315 -0.0130875213
v 0.0018972524 -0.00891072396 -0.0124667678
v 0.00182812358 -0.00888069533 -0.0125639103
vn -0.122682512 -0.969456792 -0.21237348
f 7780//2594 7781//2594 7782//2594
v 0.00314219273 -0.00893228315 -0.0130875213
v 0.00182812358 -0.00888069533 -0.0125639103
v 0.00304175168 -0.00871036761 -0.0134144435
vn -0.230844826 -0.836531103 -0.496916831
f 7783//2595 7784//2595 7785//2595
v 0.00304175168 -0.00871036761 -0.0134144435
v 0.00182812358 -0.00888069533 -0.0125639103
v 0.00170729519 -0.00869248994 -0.0127337119
vn -0.313889652 -0.739161193 -0.595914483
f 7786//2596 7787//2596 7788//2596
v 0.00304175168 -0.00871036761 -0.0134144435
v 0.00170729519 -0.00869248994 -0.0127337119
v 0.00297570927 -0.00837032776 -0.0136295464
vn -0.386637121 -0.545487344 -0.743609667
f 7789//2597 7790//2597 7791//2597
v 0.00297570927 -0.00837032776 -0.0136295464
v 0.00170729519 -0.00869248994 -0.0127337119
v 0.0016226907 -0.00856070779 -0.0128526082
vn -0.258062959 -0.733250082 -0.629084945
f 7792//2598 7793//2598 7794//2598
v 0.170955002 -0.00899999961 -0.00982499029
v 0.0044979169 -0.00899999961 -0.0129186502
v 0.00450424571 -0.00891581178 -0.0132591771
vn 0.00445902674 -0.970781982 -0.239921838
f 7795//2599 7796//2599 7797//2599
v 0.00451340666 -0.00818090513 -0.0139020318
v 0.00451199245 -0.00799999479 -0.0139185591
v 0.170978084 -0.00799999479 -0.0108247316
vn 0.0185053293 -0.09081956 -0.995695412
f 7798//2600 7799//2600 7800//2600
v 0.00451340666 -0.00818090513 -0.0139020318
v 0.170978084 -0.00799999479 -0.0108247316
v 0.00451298757 -0.00833525416 -0.013832584
vn 0.0173013825 -0.410299152 -0.911786854
f 7801//2601 7802//2601 7803//2601
v 0.00451221969 -0.00861600414 -0.0137062622
v 0.170973912 -0.0083352467 -0.01073932
v 0.00451060105 -0.00869311765 -0.0136139588
vn 0.0127184568 -0.767477572 -0.640949607
f 7804//2602 7805//2602 7806//2602
v 0.00451060105 -0.00869311765 -0.0136139588
v 0.170973912 -0.0083352467 -0.01073932
v 0.170973673 -0.00835227966 -0.0107315024
vn 0.0165882446 -0.417250335 -0.908640206
f 7807//2603 7808//2603 7809//2603
v 0.170978084 -0.00799999479 -0.0108247316
v 0.170975983 -0.00818785373 -0.0108069656
v 0.00451298757 -0.00833525416 -0.013832584
vn 0.0181753766 -0.0943381339 -0.995374262
f 7810//2604 7811//2604 7812//2604
v 0.00451298757 -0.00833525416 -0.013832584
v 0.170975983 -0.00818785373 -0.0108069656
v 0.170973912 -0.0083352467 -0.01073932
vn 0.0168847144 -0.417253733 -0.908633173
f 7813//2605 7814//2605 7815//2605
v 0.00451298757 -0.00833525416 -0.013832584
v 0.170973912 -0.0083352467 -0.01073932
v 0.00451294146 -0.00835235603 -0.0138248894
vn 0.0169437062 -0.410267621 -0.911807775
f 7816//2606 7817//2606 7818//2606
v 0.00451294146 -0.00835235603 -0.0138248894
v 0.170973912 -0.0083352467 -0.01073932
v 0.00451221969 -0.00861600414 -0.0137062622
vn 0.0169434249 -0.410301745 -0.911792397
f 7819//2607 7820//2607 7821//2607
v 0.170973673 -0.00835227966 -0.0107315024
v 0.170969859 -0.0086224461 -0.0106075117
v 0.00451060105 -0.00869311765 -0.0136139588
vn 0.0165882614 -0.417247504 -0.908641458
f 7822//2608 7823//2608 7824//2608
v 0.00451060105 -0.00869311765 -0.0136139588
v 0.170969859 -0.0086224461 -0.0106075117
v 0.170968175 -0.00869403221 -0.0105211409
vn 0.011849001 -0.769987404 -0.637949049
f 7825//2609 7826//2609 7827//2609
v 0.00451060105 -0.00869311765 -0.0136139588
v 0.170968175 -0.00869403221 -0.0105211409
v 0.00450657448 -0.00888483506 -0.0133844735
vn 0.0119050192 -0.767479241 -0.640963256
f 7828//2610 7829//2610 7830//2610
v 0.00450657448 -0.00888483506 -0.0133844735
v 0.170968175 -0.00869403221 -0.0105211409
v 0.17096366 -0.00888466462 -0.0102911377
vn 0.0118560875 -0.769985199 -0.637951612
f 7831//2611 7832//2611 7833//2611
v 0.00450657448 -0.00888483506 -0.0133844735
v 0.17096366 -0.00888466462 -0.0102911377
v 0.00450458005 -0.00891136471 -0.0132771647
vn 0.00445953012 -0.97078228 -0.239920586
f 7834//2612 7835//2612 7836//2612
v 0.00450458005 -0.00891136471 -0.0132771647
v 0.17096366 -0.00888466462 -0.0102911377
v 0.170961663 -0.00891129952 -0.010183488
vn 0.00446272083 -0.970738173 -0.240098849
f 7837//2613 7838//2613 7839//2613
v 0.00450458005 -0.00891136471 -0.0132771647
v 0.170961663 -0.00891129952 -0.010183488
v 0.00450424571 -0.00891581178 -0.0132591771
vn 0.00445931638 -0.970783472 -0.239915654
f 7840//2614 7841//2614 7842//2614
v 0.00450424571 -0.00891581178 -0.0132591771
v 0.170961663 -0.00891129952 -0.010183488
v 0.170961335 -0.00891575031 -0.0101654967
vn 0.00446216576 -0.970745325 -0.240069911
f 7843//2615 7844//2615 7845//2615
v 0.00450424571 -0.00891581178 -0.0132591771
v 0.170961335 -0.00891575031 -0.0101654967
v 0.170955002 -0.00899999961 -0.00982499029
vn 0.00446272269 -0.970737934 -0.240099892
f 7846//2616 7847//2616 7848//2616
v 0.170975983 -0.00818785373 -0.0108069656
v 0.170978084 -0.00799999479 -0.0108247316
v 0.172525793 -0.0080091143 -0.0105453711
vn 0.176293284 -0.0946338475 -0.979778111
f 7849//2617 7850//2617 7851//2617
v 0.172502577 -0.00837032683 -0.0104788337
v 0.170973912 -0.0083352467 -0.01073932
v 0.170975983 -0.00818785373 -0.0108069656
vn 0.143621832 -0.414463222 -0.898661792
f 7852//2618 7853//2618 7854//2618
v 0.170973912 -0.0083352467 -0.01073932
v 0.172502577 -0.00837032683 -0.0104788337
v 0.170973673 -0.00835227966 -0.0107315024
vn 0.143620715 -0.414474547 -0.898656726
f 7855//2619 7856//2619 7857//2619
v 0.170973673 -0.00835227966 -0.0107315024
v 0.172502577 -0.00837032683 -0.0104788337
v 0.172428578 -0.00871036481 -0.0102663347
vn 0.13036114 -0.545676708 -0.827794015
f 7858//2620 7859//2620 7860//2620
v 0.170973673 -0.00835227966 -0.0107315024
v 0.172428578 -0.00871036481 -0.0102663347
v 0.170969859 -0.0086224461 -0.0106075117
vn 0.183876082 -0.412136465 -0.892374992
f 7861//2621 7862//2621 7863//2621
v 0.170961335 -0.00891575031 -0.0101654967
v 0.170961663 -0.00891129952 -0.010183488
v 0.172316059 -0.00893228129 -0.00994337257
vn 0.0274395719 -0.970488906 -0.239579439
f 7864//2622 7865//2622 7866//2622
v 0.172316059 -0.00893228129 -0.00994337257
v 0.170961663 -0.00891129952 -0.010183488
v 0.17096366 -0.00888466462 -0.0102911377
vn 0.0274447929 -0.970481694 -0.239608243
f 7867//2623 7868//2623 7869//2623
v 0.172316059 -0.00893228129 -0.00994337257
v 0.17096366 -0.00888466462 -0.0102911377
v 0.172428578 -0.00871036481 -0.0102663347
vn 0.108629048 -0.836568892 -0.536984324
f 7870//2624 7871//2624 7872//2624
v 0.172428578 -0.00871036481 -0.0102663347
v 0.17096366 -0.00888466462 -0.0102911377
v 0.170968175 -0.00869403221 -0.0105211409
vn 0.101974949 -0.766892135 -0.633622587
f 7873//2625 7874//2625 7875//2625
v 0.172428578 -0.00871036481 -0.0102663347
v 0.170968175 -0.00869403221 -0.0105211409
v 0.170969859 -0.0086224461 -0.0106075117
vn 0.101974167 -0.766895771 -0.633618295
f 7876//2626 7877//2626 7878//2626
v 0.172316059 -0.00893228129 -0.00994337257
v 0.173536107 -0.00890596211 -0.00927552395
v 0.173320979 -0.00899999961 -0.00899581984
vn 0.139779329 -0.966048777 -0.217282012
f 7879//2627 7880//2627 7881//2627
v 0.170955002 -0.00899999961 -0.00982499029
v 0.170961335 -0.00891575031 -0.0101654967
v 0.172192305 -0.00899999961 -0.0095775323
vn 0.0478132926 -0.969824851 -0.2390683
f 7882//2628 7883//2628 7884//2628
v 0.172192305 -0.00899999961 -0.0095775323
v 0.170961335 -0.00891575031 -0.0101654967
v 0.172316059 -0.00893228129 -0.00994337257
vn 0.0169214979 -0.984164596 -0.1764476
f 7885//2629 7886//2629 7887//2629
v 0.172192305 -0.00899999961 -0.0095775323
v 0.172316059 -0.00893228129 -0.00994337257
v 0.172350571 -0.00899999961 -0.00954587758
vn 0.0341453701 -0.984726906 -0.170724869
f 7888//2630 7889//2630 7890//2630
v 0.172350571 -0.00899999961 -0.00954587758
v 0.172316059 -0.00893228129 -0.00994337257
v 0.173320979 -0.00899999961 -0.00899581984
vn 0.0994760543 -0.979441524 -0.175495833
f 7891//2631 7892//2631 7893//2631
v 0.170975983 -0.00818785373 -0.0108069656
v 0.172525793 -0.0080091143 -0.0105453711
v 0.172502577 -0.00837032683 -0.0104788337
vn 0.18463324 -0.189506695 -0.964363933
f 7894//2632 7895//2632 7896//2632
v 0.172502577 -0.00837032683 -0.0104788337
v 0.172525793 -0.0080091143 -0.0105453711
v 0.172529444 -0.00800913572 -0.0105447117
vn 0.173308432 -0.189177558 -0.96652782
f 7897//2633 7898//2633 7899//2633
v 0.172502577 -0.00837032683 -0.0104788337
v 0.172529444 -0.00800913572 -0.0105447117
v 0.172534287 -0.00800916459 -0.0105421012
vn 0.464985639 -0.192209691 -0.864201248
f 7900//2634 7901//2634 7902//2634
v 0.173536107 -0.00890596211 -0.00927552395
v 0.172316059 -0.00893228129 -0.00994337257
v 0.173624381 -0.00886737742 -0.00939029083
vn 0.139779031 -0.966048956 -0.217281476
f 7903//2635 7904//2635 7905//2635
v 0.173624381 -0.00886737742 -0.00939029083
v 0.172316059 -0.00893228129 -0.00994337257
v 0.172428578 -0.00871036481 -0.0102663347
vn 0.247994736 -0.836606264 -0.488455266
f 7906//2636 7907//2636 7908//2636
v 0.173624381 -0.00886737742 -0.00939029083
v 0.172428578 -0.00871036481 -0.0102663347
v 0.173733801 -0.00868935138 -0.00953255687
vn 0.355183452 -0.707010448 -0.611539781
f 7909//2637 7910//2637 7911//2637
v 0.173733801 -0.00868935138 -0.00953255687
v 0.172428578 -0.00871036481 -0.0102663347
v 0.173847303 -0.00850468595 -0.00968012866
vn 0.355184346 -0.7070086 -0.61154145
f 7912//2638 7913//2638 7914//2638
v 0.173847303 -0.00850468595 -0.00968012866
v 0.172428578 -0.00871036481 -0.0102663347
v 0.172502577 -0.00837032683 -0.0104788337
vn 0.386085361 -0.547818422 -0.742181301
f 7915//2639 7916//2639 7917//2639
v 0.173847303 -0.00850468595 -0.00968012866
v 0.172502577 -0.00837032683 -0.0104788337
v 0.173870429 -0.00836930331 -0.00971020386
vn 0.472209126 -0.267276615 -0.839989126
f 7918//2640 7919//2640 7920//2640
v 0.173870429 -0.00836930331 -0.00971020386
v 0.172502577 -0.00837032683 -0.0104788337
v 0.172534287 -0.00800916459 -0.0105421012
vn 0.480866432 -0.192078859 -0.85549587
f 7921//2641 7922//2641 7923//2641
v 0.173870429 -0.00836930331 -0.00971020386
v 0.172534287 -0.00800916459 -0.0105421012
v 0.173930541 -0.00801744871 -0.00978836417
vn 0.456616521 -0.26656118 -0.848791182
f 7924//2642 7925//2642 7926//2642
v 0.173930541 -0.00801744871 -0.00978836417
v 0.18088527 -0.00801745243 -0.00443932461
v 0.173870429 -0.00836930331 -0.00971020386
vn 0.587041557 -0.269844353 -0.763260305
f 7927//2643 7928//2643 7929//2643
v 0.173870429 -0.00836930331 -0.00971020386
v 0.18088527 -0.00801745243 -0.00443932461
v 0.180846334 -0.00835202355 -0.00438870816
vn 0.596053243 -0.187474504 -0.780752122
f 7930//2644 7931//2644 7932//2644
v 0.173870429 -0.00836930331 -0.00971020386
v 0.180846334 -0.00835202355 -0.00438870816
v 0.173847303 -0.00850468595 -0.00968012866
vn 0.58443588 -0.26984942 -0.765255511
f 7933//2645 7934//2645 7935//2645
v 0.173847303 -0.00850468595 -0.00968012866
v 0.180846334 -0.00835202355 -0.00438870816
v 0.180790782 -0.00849275291 -0.00431648176
vn 0.513739169 -0.543484986 -0.663849473
f 7936//2646 7937//2646 7938//2646
v 0.173847303 -0.00850468595 -0.00968012866
v 0.180790782 -0.00849275291 -0.00431648176
v 0.173733801 -0.00868935138 -0.00953255687
vn 0.431275129 -0.709970653 -0.556725681
f 7939//2647 7940//2647 7941//2647
v 0.173733801 -0.00868935138 -0.00953255687
v 0.180790782 -0.00849275291 -0.00431648176
v 0.180705041 -0.00870997645 -0.00420499546
vn 0.508679807 -0.543498397 -0.667723238
f 7942//2648 7943//2648 7944//2648
v 0.173733801 -0.00868935138 -0.00953255687
v 0.180705041 -0.00870997645 -0.00420499546
v 0.173624381 -0.00886737742 -0.00939029083
vn 0.426287115 -0.709969997 -0.560554981
f 7945//2649 7946//2649 7947//2649
v 0.173624381 -0.00886737742 -0.00939029083
v 0.180705041 -0.00870997645 -0.00420499546
v 0.180571914 -0.00884884968 -0.00403191149
vn 0.329155266 -0.843802452 -0.423856348
f 7948//2650 7949//2650 7950//2650
v 0.173624381 -0.00886737742 -0.00939029083
v 0.180571914 -0.00884884968 -0.00403191149
v 0.173536107 -0.00890596211 -0.00927552395
vn 0.158883557 -0.966273069 -0.202663109
f 7951//2651 7952//2651 7953//2651
v 0.173536107 -0.00890596211 -0.00927552395
v 0.180571914 -0.00884884968 -0.00403191149
v 0.180485666 -0.0089388229 -0.00391977374
vn 0.325080395 -0.843798459 -0.426997513
f 7954//2652 7955//2652 7956//2652
v 0.173536107 -0.00890596211 -0.00927552395
v 0.180485666 -0.0089388229 -0.00391977374
v 0.173320979 -0.00899999961 -0.00899581984
vn 0.1543203 -0.966270149 -0.206172764
f 7957//2653 7958//2653 7959//2653
v 0.173320979 -0.00899999961 -0.00899581984
v 0.180485666 -0.0089388229 -0.00391977374
v 0.180275708 -0.00899999961 -0.0036467805
vn 0.106626712 -0.984586895 -0.138633996
f 7960//2654 7961//2654 7962//2654
v 0.180571914 -0.00884884968 -0.00403191149
v 0.180705041 -0.00870997645 -0.00420499546
v 0.181807026 -0.00870997645 -0.00320955669
vn 0.360527456 -0.843044579 -0.399118751
f 7963//2655 7964//2655 7965//2655
v 0.180790782 -0.00849275291 -0.00431648176
v 0.180846334 -0.00835202355 -0.00438870816
v 0.181975484 -0.00835202355 -0.00336874486
vn 0.563196361 -0.542289376 -0.623483777
f 7966//2656 7967//2656 7968//2656
v 0.180275708 -0.00899999961 -0.0036467805
v 0.180485666 -0.0089388229 -0.00391977374
v 0.181254491 -0.00899999961 -0.00268445746
vn 0.123495825 -0.984363258 -0.125609621
f 7969//2657 7970//2657 7971//2657
v 0.181254491 -0.00899999961 -0.00268445746
v 0.180485666 -0.0089388229 -0.00391977374
v 0.181545511 -0.0089388229 -0.00296241022
vn 0.101012655 -0.988580525 -0.111825481
f 7972//2658 7973//2658 7974//2658
v 0.181254491 -0.00899999961 -0.00268445746
v 0.181545511 -0.0089388229 -0.00296241022
v 0.18177782 -0.00899999961 -0.00216993038
vn 0.105419435 -0.988630414 -0.107222624
f 7975//2659 7976//2659 7977//2659
v 0.18177782 -0.00899999961 -0.00216993038
v 0.181545511 -0.0089388229 -0.00296241022
v 0.18315129 -0.0089388229 -0.000610836083
vn 0.192628086 -0.972415864 -0.131536171
f 7978//2660 7979//2660 7980//2660
v 0.18177782 -0.00899999961 -0.00216993038
v 0.18315129 -0.0089388229 -0.000610836083
v 0.182826146 -0.00899999961 -0.000455418107
vn 0.143526256 -0.985747874 -0.0877576247
f 7981//2661 7982//2661 7983//2661
v 0.183946639 -0.0089388229 0.00212336006
v 0.183526099 -0.00899999961 0.00165979448
v 0.18315129 -0.0089388229 -0.000610836083
vn 0.209002748 -0.976023316 -0.0607974343
f 7984//2662 7985//2662 7986//2662
v 0.18315129 -0.0089388229 -0.000610836083
v 0.183526099 -0.00899999961 0.00165979448
v 0.182898745 -0.00899999961 -0.000336686382
vn 0.177474886 -0.982543886 -0.0557687022
f 7987//2663 7988//2663 7989//2663
v 0.18315129 -0.0089388229 -0.000610836083
v 0.182898745 -0.00899999961 -0.000336686382
v 0.182826146 -0.00899999961 -0.000455418107
vn 0.143527195 -0.985747874 -0.0877556726
f 7990//2664 7991//2664 7992//2664
v 0.183382645 -0.00899999961 0.00548075791
v 0.183474079 -0.00899999961 0.00489760283
v 0.183852792 -0.0089388229 0.00496934121
vn 0.154940903 -0.987625003 0.0242944323
f 7993//2665 7994//2665 7995//2665
v 0.183852792 -0.0089388229 0.00496934121
v 0.183474079 -0.00899999961 0.00489760283
v 0.183661103 -0.00899999961 0.0037047381
vn 0.154941186 -0.987624943 0.0242929887
f 7996//2666 7997//2666 7998//2666
v 0.183852792 -0.0089388229 0.00496934121
v 0.183661103 -0.00899999961 0.0037047381
v 0.183946639 -0.0089388229 0.00212336006
vn 0.253555685 -0.96728462 0.00836190674
f 7999//2667 8000//2667 8001//2667
v 0.183946639 -0.0089388229 0.00212336006
v 0.183661103 -0.00899999961 0.0037047381
v 0.183559746 -0.00899999961 0.0021693008
vn 0.154987156 -0.987863481 -0.010231724
f 8002//2668 8003//2668 8004//2668
v 0.183946639 -0.0089388229 0.00212336006
v 0.183559746 -0.00899999961 0.0021693008
v 0.183526099 -0.00899999961 0.00165979448
vn 0.154987022 -0.987863481 -0.0102328816
f 8005//2669 8006//2669 8007//2669
v 0.183382645 -0.00899999961 0.00548075791
v 0.183852792 -0.0089388229 0.00496934121
v 0.182569563 -0.00899999961 0.00749320677
vn 0.225203156 -0.970053971 0.0909879431
f 8008//2670 8009//2670 8010//2670
v 0.182569563 -0.00899999961 0.00749320677
v 0.183852792 -0.0089388229 0.00496934121
v 0.182879031 -0.0089388229 0.00764519721
vn 0.165100679 -0.984445035 0.0600808524
f 8011//2671 8012//2671 8013//2671
v 0.182569563 -0.00899999961 0.00749320677
v 0.182879031 -0.0089388229 0.00764519721
v 0.181312621 -0.00899999961 0.00921128131
vn 0.143123746 -0.984150171 0.104709342
f 8014//2672 8015//2672 8016//2672
v 0.181312621 -0.00899999961 0.00921128131
v 0.182879031 -0.0089388229 0.00764519721
v 0.181121811 -0.0089388229 0.00988587178
vn 0.17627342 -0.974585831 0.138239577
f 8017//2673 8018//2673 8019//2673
v 0.181312621 -0.00899999961 0.00921128131
v 0.181121811 -0.0089388229 0.00988587178
v 0.180855095 -0.00899999961 0.00959448889
vn 0.098360911 -0.988197148 0.117437191
f 8020//2674 8021//2674 8022//2674
v 0.180855095 -0.00899999961 0.00959448889
v 0.181121811 -0.0089388229 0.00988587178
v 0.17972444 -0.00899999961 0.0105414875
vn 0.0983614996 -0.988197148 0.117436647
f 8023//2675 8024//2675 8025//2675
v 0.17972444 -0.00899999961 0.0105414875
v 0.181121811 -0.0089388229 0.00988587178
v 0.178755209 -0.0089388229 0.0114694126
vn 0.141676664 -0.967003405 0.211736009
f 8026//2676 8027//2676 8028//2676
v 0.17972444 -0.00899999961 0.0105414875
v 0.178755209 -0.0089388229 0.0114694126
v 0.178586438 -0.00899999961 0.0111069521
vn 0.0673245192 -0.988488555 0.13549079
f 8029//2677 8030//2677 8031//2677
v 0.178586438 -0.00899999961 0.0111069521
v 0.178755209 -0.0089388229 0.0114694126
v 0.177908435 -0.00899999961 0.0114438469
vn 0.0673245639 -0.988488555 0.135490775
f 8032//2678 8033//2678 8034//2678
v 0.177908435 -0.00899999961 0.0114438469
v 0.178755209 -0.0089388229 0.0114694126
v 0.176013634 -0.0089388229 0.0122389635
vn 0.0634097382 -0.972084284 0.225901321
f 8035//2679 8036//2679 8037//2679
v 0.177908435 -0.00899999961 0.0114438469
v 0.176013634 -0.0089388229 0.0122389635
v 0.176135391 -0.00899999961 0.0118765747
vn 0.0440978967 -0.982551813 0.18068561
f 8038//2680 8039//2680 8040//2680
v 0.173168674 -0.0089388229 0.0121182948
v 0.174038425 -0.00899999961 0.0119050639
v 0.176013634 -0.0089388229 0.0122389635
vn -0.0100766243 -0.97131747 0.237572819
f 8041//2681 8042//2681 8043//2681
v 0.176013634 -0.0089388229 0.0122389635
v 0.174038425 -0.00899999961 0.0119050639
v 0.175973669 -0.00899999961 0.0118787717
vn 0.0022715372 -0.985920131 0.167201579
f 8044//2682 8045//2682 8046//2682
v 0.176013634 -0.0089388229 0.0122389635
v 0.175973669 -0.00899999961 0.0118787717
v 0.176135391 -0.00899999961 0.0118765747
vn 0.0022717556 -0.985920131 0.167201564
f 8047//2683 8048//2683 8049//2683
v 0.170182541 -0.00899999961 0.0105201602
v 0.170693889 -0.00899999961 0.0107765654
v 0.170502111 -0.0089388229 0.0111193582
vn -0.0690479353 -0.988063574 0.137705162
f 8050//2684 8051//2684 8052//2684
v 0.170502111 -0.0089388229 0.0111193582
v 0.170693889 -0.00899999961 0.0107765654
v 0.172008961 -0.00899999961 0.0114359716
vn -0.0690483823 -0.988063574 0.137704924
f 8053//2685 8054//2685 8055//2685
v 0.170502111 -0.0089388229 0.0111193582
v 0.172008961 -0.00899999961 0.0114359716
v 0.173168674 -0.0089388229 0.0121182948
vn -0.089403145 -0.966980875 0.238652617
f 8056//2686 8057//2686 8058//2686
v 0.173168674 -0.0089388229 0.0121182948
v 0.172008961 -0.00899999961 0.0114359716
v 0.173250601 -0.00899999961 0.0117229642
vn -0.0337482803 -0.988707721 0.146007136
f 8059//2687 8060//2687 8061//2687
v 0.173168674 -0.0089388229 0.0121182948
v 0.173250601 -0.00899999961 0.0117229642
v 0.174038425 -0.00899999961 0.0119050639
vn -0.0337483697 -0.988707721 0.146007121
f 8062//2688 8063//2688 8064//2688
v 0.169234529 -0.00870997645 0.0107087381
v 0.169236869 -0.00871242117 0.0107056908
v 0.170502111 -0.0089388229 0.0111193582
vn -0.29730323 -0.843251526 0.447814316
f 8065//2689 8066//2689 8067//2689
v 0.170502111 -0.0089388229 0.0111193582
v 0.169236869 -0.00871242117 0.0107056908
v 0.169453904 -0.0089388229 0.0104235169
vn -0.297316939 -0.84321332 0.447877169
f 8068//2690 8069//2690 8070//2690
v 0.170502111 -0.0089388229 0.0111193582
v 0.169453904 -0.0089388229 0.0104235169
v 0.170182541 -0.00899999961 0.0105201602
vn -0.103086233 -0.982475758 0.155288726
f 8071//2691 8072//2691 8073//2691
v 0.170182541 -0.00899999961 0.0105201602
v 0.169453904 -0.0089388229 0.0104235169
v 0.169455141 -0.00893918425 0.0104219047
vn -0.101546876 -0.984594941 0.14234142
f 8074//2692 8075//2692 8076//2692
v 0.170182541 -0.00899999961 0.0105201602
v 0.169455141 -0.00893918425 0.0104219047
v 0.169663876 -0.00899999961 0.0101505239
vn -0.101568453 -0.984567106 0.142518416
f 8077//2693 8078//2693 8079//2693
v 0.1690543 -0.00801745337 0.0109430673
v 0.169093236 -0.00835202355 0.0108924508
v 0.170178458 -0.00801745337 0.0116893202
vn -0.543306947 -0.18703945 0.818433762
f 8080//2694 8081//2694 8082//2694
v 0.170178458 -0.00801745337 0.0116893202
v 0.169093236 -0.00835202355 0.0108924508
v 0.170209989 -0.00835202355 0.011633792
vn -0.543306649 -0.187040344 0.818433762
f 8083//2695 8084//2695 8085//2695
v 0.170178458 -0.00801745337 0.0116893202
v 0.170209989 -0.00835202355 0.011633792
v 0.172980577 -0.00801745337 0.012739039
vn -0.344738036 -0.185222983 0.920243502
f 8086//2696 8087//2696 8088//2696
v 0.172980577 -0.00801745337 0.012739039
v 0.170209989 -0.00835202355 0.011633792
v 0.173050895 -0.00835202355 0.0126980441
vn -0.34473756 -0.18522568 0.920243144
f 8089//2697 8090//2697 8091//2697
v 0.172980577 -0.00801745337 0.012739039
v 0.173050895 -0.00835202355 0.0126980441
v 0.173038185 -0.00801745337 0.0127606234
vn -0.344736397 -0.185225487 0.920243621
f 8092//2698 8093//2698 8094//2698
v 0.173038185 -0.00801745337 0.0127606234
v 0.173050895 -0.00835202355 0.0126980441
v 0.176081896 -0.00835202355 0.0128266038
vn -0.0416435339 -0.185224414 0.98181349
f 8095//2699 8096//2699 8097//2699
v 0.179002732 -0.00835202355 0.0120067345
v 0.177263409 -0.00801745337 0.0125604561
v 0.176081896 -0.00835202355 0.0128266038
vn 0.265574992 -0.185225636 0.94612968
f 8098//2700 8099//2700 8100//2700
v 0.176081896 -0.00835202355 0.0128266038
v 0.177263409 -0.00801745337 0.0125604561
v 0.176089257 -0.00801745337 0.0128900334
vn 0.265574485 -0.185223326 0.946130276
f 8101//2701 8102//2701 8103//2701
v 0.176081896 -0.00835202355 0.0128266038
v 0.176089257 -0.00801745337 0.0128900334
v 0.173038185 -0.00801745337 0.0127606234
vn -0.0416433252 -0.185222462 0.981813848
f 8104//2702 8105//2702 8106//2702
v 0.183701664 -0.00801745337 0.00727745425
v 0.18345201 -0.00801745337 0.00796347298
v 0.18339619 -0.00835202355 0.00793246459
vn 0.923454106 -0.185213298 0.336048484
f 8107//2703 8108//2703 8109//2703
v 0.18339619 -0.00835202355 0.00793246459
v 0.18345201 -0.00801745337 0.00796347298
v 0.181567505 -0.00801745337 0.0103664733
vn 0.773269713 -0.185214952 0.606423438
f 8110//2704 8111//2704 8112//2704
v 0.18339619 -0.00835202355 0.00793246459
v 0.181567505 -0.00801745337 0.0103664733
v 0.181524083 -0.00835202355 0.0103196511
vn 0.773266554 -0.185229376 0.60642308
f 8113//2705 8114//2705 8115//2705
v 0.181524083 -0.00835202355 0.0103196511
v 0.181567505 -0.00801745337 0.0103664733
v 0.181112126 -0.00801745337 0.0106711686
vn 0.546487331 -0.18522732 0.816726625
f 8116//2706 8117//2706 8118//2706
v 0.181524083 -0.00835202355 0.0103196511
v 0.181112126 -0.00801745337 0.0106711686
v 0.179002732 -0.00835202355 0.0120067345
vn 0.546488643 -0.185225323 0.816726267
f 8119//2707 8120//2707 8121//2707
v 0.179002732 -0.00835202355 0.0120067345
v 0.181112126 -0.00801745337 0.0106711686
v 0.17902945 -0.00801745337 0.0120647335
vn 0.546488583 -0.185222954 0.816726804
f 8122//2708 8123//2708 8124//2708
v 0.179002732 -0.00835202355 0.0120067345
v 0.17902945 -0.00801745337 0.0120647335
v 0.177263409 -0.00801745337 0.0125604561
vn 0.265575677 -0.185222775 0.946130037
f 8125//2709 8126//2709 8127//2709
v 0.183701664 -0.00801745337 0.00727745425
v 0.18339619 -0.00835202355 0.00793246459
v 0.184496313 -0.00801745337 0.00509376358
vn 0.923454165 -0.185206741 0.336051881
f 8128//2710 8129//2710 8130//2710
v 0.184496313 -0.00801745337 0.00509376358
v 0.18339619 -0.00835202355 0.00793246459
v 0.184433624 -0.00835202355 0.00508164149
vn 0.923451006 -0.185229614 0.336047947
f 8131//2711 8132//2711 8133//2711
v 0.184496313 -0.00801745337 0.00509376358
v 0.184433624 -0.00835202355 0.00508164149
v 0.184562802 -0.00801745337 0.00307782227
vn 0.982161343 -0.185229957 0.0323874503
f 8134//2712 8135//2712 8136//2712
v 0.184562802 -0.00801745337 0.00307782227
v 0.184433624 -0.00835202355 0.00508164149
v 0.184533611 -0.00835202355 0.00204956974
vn 0.98216325 -0.185219586 0.0323893018
f 8137//2713 8138//2713 8139//2713
v 0.184562802 -0.00801745337 0.00307782227
v 0.184533611 -0.00835202355 0.00204956974
v 0.184596971 -0.00801745337 0.00204160484
vn 0.982164502 -0.185213283 0.0323872156
f 8140//2714 8141//2714 8142//2714
v 0.184596971 -0.00801745337 0.00204160484
v 0.184533611 -0.00835202355 0.00204956974
v 0.183686256 -0.00835202355 -0.000863407913
vn 0.943586886 -0.185213596 -0.27448076
f 8143//2715 8144//2715 8145//2715
v 0.184596971 -0.00801745337 0.00204160484
v 0.183686256 -0.00835202355 -0.000863407913
v 0.183743998 -0.00801745337 -0.000890670461
vn 0.943585575 -0.185222298 -0.274479359
f 8146//2716 8147//2716 8148//2716
v 0.180846334 -0.00835202355 -0.00438870816
v 0.18088527 -0.00801745243 -0.00443932461
v 0.181975484 -0.00835202355 -0.00336874486
vn 0.658505678 -0.186911255 -0.728995502
f 8149//2717 8150//2717 8151//2717
v 0.181975484 -0.00835202355 -0.00336874486
v 0.18088527 -0.00801745243 -0.00443932461
v 0.182021886 -0.00801745337 -0.00341260456
vn 0.658504009 -0.186916873 -0.728995562
f 8152//2718 8153//2718 8154//2718
v 0.181975484 -0.00835202355 -0.00336874486
v 0.182021886 -0.00801745337 -0.00341260456
v 0.183686256 -0.00835202355 -0.000863407913
vn 0.811539412 -0.185227111 -0.554161251
f 8155//2719 8156//2719 8157//2719
v 0.183686256 -0.00835202355 -0.000863407913
v 0.182021886 -0.00801745337 -0.00341260456
v 0.183607206 -0.00801745337 -0.00109099655
vn 0.81154263 -0.185212508 -0.554161429
f 8158//2720 8159//2720 8160//2720
v 0.183686256 -0.00835202355 -0.000863407913
v 0.183607206 -0.00801745337 -0.00109099655
v 0.183743998 -0.00801745337 -0.000890670461
vn 0.811533391 -0.185221806 -0.55417186
f 8161//2721 8162//2721 8163//2721
v 0.169093236 -0.00835202355 0.0108924508
v 0.169095576 -0.00835795328 0.0108894072
v 0.170209989 -0.00835202355 0.011633792
vn -0.464523941 -0.542733014 0.699755967
f 8164//2722 8165//2722 8166//2722
v 0.170209989 -0.00835202355 0.011633792
v 0.169095576 -0.00835795328 0.0108894072
v 0.17032443 -0.00870997645 0.0114322538
vn -0.464583784 -0.542567909 0.699844241
f 8167//2723 8168//2723 8169//2723
v 0.170209989 -0.00835202355 0.011633792
v 0.17032443 -0.00870997645 0.0114322538
v 0.173050895 -0.00835202355 0.0126980441
vn -0.295555085 -0.538698971 0.78895539
f 8170//2724 8171//2724 8172//2724
v 0.173050895 -0.00835202355 0.0126980441
v 0.17032443 -0.00870997645 0.0114322538
v 0.173097044 -0.00870997645 0.0124709178
vn -0.295554817 -0.538699687 0.788954973
f 8173//2725 8174//2725 8175//2725
v 0.173050895 -0.00835202355 0.0126980441
v 0.173097044 -0.00870997645 0.0124709178
v 0.176081896 -0.00835202355 0.0128266038
vn -0.0357023701 -0.538699806 0.841740966
f 8176//2726 8177//2726 8178//2726
v 0.176081896 -0.00835202355 0.0128266038
v 0.173097044 -0.00870997645 0.0124709178
v 0.176055163 -0.00870997645 0.0125963865
vn -0.0357024595 -0.538699389 0.841741264
f 8179//2727 8180//2727 8181//2727
v 0.176081896 -0.00835202355 0.0128266038
v 0.176055163 -0.00870997645 0.0125963865
v 0.179002732 -0.00835202355 0.0120067345
vn 0.227686659 -0.538697362 0.811149776
f 8182//2728 8183//2728 8184//2728
v 0.179002732 -0.00835202355 0.0120067345
v 0.176055163 -0.00870997645 0.0125963865
v 0.178905755 -0.00870997645 0.0117962305
vn 0.227686614 -0.5387007 0.811147571
f 8185//2729 8186//2729 8187//2729
v 0.179002732 -0.00835202355 0.0120067345
v 0.178905755 -0.00870997645 0.0117962305
v 0.181524083 -0.00835202355 0.0103196511
vn 0.468522161 -0.538701415 0.700205505
f 8188//2730 8189//2730 8190//2730
v 0.181524083 -0.00835202355 0.0103196511
v 0.178905755 -0.00870997645 0.0117962305
v 0.181366488 -0.00870997645 0.0101497108
vn 0.468522489 -0.538699925 0.700206459
f 8191//2731 8192//2731 8193//2731
v 0.181524083 -0.00835202355 0.0103196511
v 0.181366488 -0.00870997645 0.0101497108
v 0.18339619 -0.00835202355 0.00793246459
vn 0.662947476 -0.538699746 0.519906938
f 8194//2732 8195//2732 8196//2732
v 0.18339619 -0.00835202355 0.00793246459
v 0.181366488 -0.00870997645 0.0101497108
v 0.183193579 -0.00870997645 0.00781992357
vn 0.662945449 -0.538704753 0.519904315
f 8197//2733 8198//2733 8199//2733
v 0.18339619 -0.00835202355 0.00793246459
v 0.183193579 -0.00870997645 0.00781992357
v 0.184433624 -0.00835202355 0.00508164149
vn 0.791702092 -0.538705826 0.288103938
f 8200//2734 8201//2734 8202//2734
v 0.184433624 -0.00835202355 0.00508164149
v 0.183193579 -0.00870997645 0.00781992357
v 0.184206069 -0.00870997645 0.00503764581
vn 0.791704714 -0.538700938 0.288105756
f 8203//2735 8204//2735 8205//2735
v 0.184433624 -0.00835202355 0.00508164149
v 0.184206069 -0.00870997645 0.00503764581
v 0.184533611 -0.00835202355 0.00204956974
vn 0.842039227 -0.538701057 0.0277683623
f 8206//2736 8207//2736 8208//2736
v 0.184533611 -0.00835202355 0.00204956974
v 0.184206069 -0.00870997645 0.00503764581
v 0.184303656 -0.00870997645 0.00207847822
vn 0.842037678 -0.538703561 0.0277678929
f 8209//2737 8210//2737 8211//2737
v 0.184533611 -0.00835202355 0.00204956974
v 0.184303656 -0.00870997645 0.00207847822
v 0.183686256 -0.00835202355 -0.000863407913
vn 0.808964133 -0.538703442 -0.23532024
f 8212//2738 8213//2738 8214//2738
v 0.183686256 -0.00835202355 -0.000863407913
v 0.184303656 -0.00870997645 0.00207847822
v 0.183476672 -0.00870997645 -0.00076445844
vn 0.808965743 -0.538701057 -0.235320285
f 8215//2739 8216//2739 8217//2739
v 0.183686256 -0.00835202355 -0.000863407913
v 0.183476672 -0.00870997645 -0.00076445844
v 0.181975484 -0.00835202355 -0.00336874486
vn 0.695759058 -0.538701117 -0.475100428
f 8218//2740 8219//2740 8220//2740
v 0.181975484 -0.00835202355 -0.00336874486
v 0.183476672 -0.00870997645 -0.00076445844
v 0.181807026 -0.00870997645 -0.00320955669
vn 0.695757687 -0.538703382 -0.475099921
f 8221//2741 8222//2741 8223//2741
v 0.181975484 -0.00835202355 -0.00336874486
v 0.181807026 -0.00870997645 -0.00320955669
v 0.180790782 -0.00849275291 -0.00431648176
vn 0.563191473 -0.542304099 -0.623475432
f 8224//2742 8225//2742 8226//2742
v 0.180790782 -0.00849275291 -0.00431648176
v 0.181807026 -0.00870997645 -0.00320955669
v 0.180705041 -0.00870997645 -0.00420499546
vn 0.563190043 -0.542306542 -0.623474658
f 8227//2743 8228//2743 8229//2743
v 0.169095576 -0.00835795328 0.0108894072
v 0.169234529 -0.00870997645 0.0107087381
v 0.17032443 -0.00870997645 0.0114322538
vn -0.464583874 -0.542565823 0.699845791
f 8230//2744 8231//2744 8232//2744
v 0.17032443 -0.00870997645 0.0114322538
v 0.169234529 -0.00870997645 0.0107087381
v 0.170502111 -0.0089388229 0.0111193582
vn -0.297316253 -0.843214691 0.447875053
f 8233//2745 8234//2745 8235//2745
v 0.17032443 -0.00870997645 0.0114322538
v 0.170502111 -0.0089388229 0.0111193582
v 0.173097044 -0.00870997645 0.0124709178
vn -0.189943552 -0.840735376 0.507035971
f 8236//2746 8237//2746 8238//2746
v 0.173097044 -0.00870997645 0.0124709178
v 0.170502111 -0.0089388229 0.0111193582
v 0.173168674 -0.0089388229 0.0121182948
vn -0.189944506 -0.840734184 0.50703758
f 8239//2747 8240//2747 8241//2747
v 0.173097044 -0.00870997645 0.0124709178
v 0.173168674 -0.0089388229 0.0121182948
v 0.176055163 -0.00870997645 0.0125963865
vn -0.0229448825 -0.840734363 0.540961444
f 8242//2748 8243//2748 8244//2748
v 0.176055163 -0.00870997645 0.0125963865
v 0.173168674 -0.0089388229 0.0121182948
v 0.176013634 -0.0089388229 0.0122389635
vn -0.0229448043 -0.840734601 0.540961087
f 8245//2749 8246//2749 8247//2749
v 0.176055163 -0.00870997645 0.0125963865
v 0.176013634 -0.0089388229 0.0122389635
v 0.178905755 -0.00870997645 0.0117962305
vn 0.146326974 -0.840735376 0.521298826
f 8248//2750 8249//2750 8250//2750
v 0.178905755 -0.00870997645 0.0117962305
v 0.176013634 -0.0089388229 0.0122389635
v 0.178755209 -0.0089388229 0.0114694126
vn 0.146327063 -0.840734839 0.521299601
f 8251//2751 8252//2751 8253//2751
v 0.178905755 -0.00870997645 0.0117962305
v 0.178755209 -0.0089388229 0.0114694126
v 0.181366488 -0.00870997645 0.0101497108
vn 0.301104784 -0.840734899 0.450000852
f 8254//2752 8255//2752 8256//2752
v 0.181366488 -0.00870997645 0.0101497108
v 0.178755209 -0.0089388229 0.0114694126
v 0.181121811 -0.0089388229 0.00988587178
vn 0.301105767 -0.840733349 0.450003058
f 8257//2753 8258//2753 8259//2753
v 0.181366488 -0.00870997645 0.0101497108
v 0.181121811 -0.0089388229 0.00988587178
v 0.183193579 -0.00870997645 0.00781992357
vn 0.426058471 -0.840732813 0.334129512
f 8260//2754 8261//2754 8262//2754
v 0.183193579 -0.00870997645 0.00781992357
v 0.181121811 -0.0089388229 0.00988587178
v 0.182879031 -0.0089388229 0.00764519721
vn 0.426058352 -0.840732932 0.334129363
f 8263//2755 8264//2755 8265//2755
v 0.183193579 -0.00870997645 0.00781992357
v 0.182879031 -0.0089388229 0.00764519721
v 0.184206069 -0.00870997645 0.00503764581
vn 0.508807838 -0.840732455 0.185158014
f 8266//2756 8267//2756 8268//2756
v 0.184206069 -0.00870997645 0.00503764581
v 0.182879031 -0.0089388229 0.00764519721
v 0.183852792 -0.0089388229 0.00496934121
vn 0.508804798 -0.840734661 0.185156286
f 8269//2757 8270//2757 8271//2757
v 0.184206069 -0.00870997645 0.00503764581
v 0.183852792 -0.0089388229 0.00496934121
v 0.184303656 -0.00870997645 0.00207847822
vn 0.541153193 -0.840734661 0.0178456195
f 8272//2758 8273//2758 8274//2758
v 0.184303656 -0.00870997645 0.00207847822
v 0.183852792 -0.0089388229 0.00496934121
v 0.183946639 -0.0089388229 0.00212336006
vn 0.54115808 -0.840731502 0.0178466253
f 8275//2759 8276//2759 8277//2759
v 0.184303656 -0.00870997645 0.00207847822
v 0.183946639 -0.0089388229 0.00212336006
v 0.183476672 -0.00870997645 -0.00076445844
vn 0.51990211 -0.84073174 -0.151234493
f 8278//2760 8279//2760 8280//2760
v 0.183476672 -0.00870997645 -0.00076445844
v 0.183946639 -0.0089388229 0.00212336006
v 0.18315129 -0.0089388229 -0.000610836083
vn 0.519894302 -0.840736747 -0.151233613
f 8281//2761 8282//2761 8283//2761
v 0.183476672 -0.00870997645 -0.00076445844
v 0.18315129 -0.0089388229 -0.000610836083
v 0.181807026 -0.00870997645 -0.00320955669
vn 0.447141021 -0.840736389 -0.305331409
f 8284//2762 8285//2762 8286//2762
v 0.181807026 -0.00870997645 -0.00320955669
v 0.18315129 -0.0089388229 -0.000610836083
v 0.181545511 -0.0089388229 -0.00296241022
vn 0.447145164 -0.840733469 -0.305333287
f 8287//2763 8288//2763 8289//2763
v 0.181807026 -0.00870997645 -0.00320955669
v 0.181545511 -0.0089388229 -0.00296241022
v 0.180571914 -0.00884884968 -0.00403191149
vn 0.36052984 -0.843041658 -0.399122834
f 8290//2764 8291//2764 8292//2764
v 0.180571914 -0.00884884968 -0.00403191149
v 0.181545511 -0.0089388229 -0.00296241022
v 0.180485666 -0.0089388229 -0.00391977374
vn 0.360531211 -0.843040526 -0.399123996
f 8293//2765 8294//2765 8295//2765
v 0.164575353 -0.00899999961 0.00623682979
v 0.169663876 -0.00899999961 0.0101505239
v 0.164370313 -0.0089152921 0.00650342042
vn -0.148901701 -0.969715178 0.193599358
f 8296//2766 8297//2766 8298//2766
v 0.164370313 -0.0089152921 0.00650342042
v 0.169663876 -0.00899999961 0.0101505239
v 0.169455141 -0.00893918425 0.0104219047
vn -0.109660342 -0.984579921 0.136297628
f 8299//2767 8300//2767 8301//2767
v 0.164370313 -0.0089152921 0.00650342042
v 0.169455141 -0.00893918425 0.0104219047
v 0.164361238 -0.00891154539 0.00651521236
vn -0.151922837 -0.969716668 0.191230223
f 8302//2768 8303//2768 8304//2768
v 0.169234529 -0.00870997645 0.0107087381
v 0.169095576 -0.00835795328 0.0108894072
v 0.164022818 -0.00834876113 0.00695523247
vn -0.515045047 -0.543488443 0.662833989
f 8305//2769 8306//2769 8307//2769
v 0.164022818 -0.00834876113 0.00695523247
v 0.169095576 -0.00835795328 0.0108894072
v 0.169093236 -0.00835202355 0.0108924508
vn -0.514969528 -0.543679237 0.662736177
f 8308//2770 8309//2770 8310//2770
v 0.164022818 -0.00834876113 0.00695523247
v 0.169093236 -0.00835202355 0.0108924508
v 0.163969547 -0.00811228063 0.00702448189
vn -0.57545054 -0.346539736 0.740788043
f 8311//2771 8312//2771 8313//2771
v 0.163969547 -0.00811228063 0.00702448189
v 0.169093236 -0.00835202355 0.0108924508
v 0.1690543 -0.00801745337 0.0109430673
vn -0.597399652 -0.187476918 0.779721797
f 8314//2772 8315//2772 8316//2772
v 0.163969547 -0.00811228063 0.00702448189
v 0.1690543 -0.00801745337 0.0109430673
v 0.163965791 -0.00801745337 0.00702937366
vn -0.608371973 -0.0649086609 0.790993333
f 8317//2773 8318//2773 8319//2773
v 0.164022818 -0.00834876113 0.00695523247
v 0.164028376 -0.00837347656 0.00694799516
v 0.169234529 -0.00870997645 0.0107087381
vn -0.563899875 -0.346529394 0.749622762
f 8320//2774 8321//2774 8322//2774
v 0.169234529 -0.00870997645 0.0107087381
v 0.164028376 -0.00837347656 0.00694799516
v 0.164070547 -0.00856070779 0.00689316681
vn -0.563901722 -0.346519053 0.74962616
f 8323//2775 8324//2775 8325//2775
v 0.169234529 -0.00870997645 0.0107087381
v 0.164070547 -0.00856070779 0.00689316681
v 0.169236869 -0.00871242117 0.0107056908
vn -0.334472507 -0.843807399 0.419663221
f 8326//2776 8327//2776 8328//2776
v 0.169236869 -0.00871242117 0.0107056908
v 0.164070547 -0.00856070779 0.00689316681
v 0.164159492 -0.00869245455 0.00677752867
vn -0.411945164 -0.742150187 0.528691173
f 8329//2777 8330//2777 8331//2777
v 0.169236869 -0.00871242117 0.0107056908
v 0.164159492 -0.00869245455 0.00677752867
v 0.169453904 -0.0089388229 0.0104235169
vn -0.330461591 -0.843795717 0.422852159
f 8332//2778 8333//2778 8334//2778
v 0.169453904 -0.0089388229 0.0104235169
v 0.164159492 -0.00869245455 0.00677752867
v 0.16416207 -0.00869626738 0.00677418197
vn -0.403238803 -0.742119372 0.535403848
f 8335//2779 8336//2779 8337//2779
v 0.169453904 -0.0089388229 0.0104235169
v 0.16416207 -0.00869626738 0.00677418197
v 0.169455141 -0.00893918425 0.0104219047
vn -0.128737792 -0.984236777 0.121262386
f 8338//2780 8339//2780 8340//2780
v 0.169455141 -0.00893918425 0.0104219047
v 0.16416207 -0.00869626738 0.00677418197
v 0.164286569 -0.00888069533 0.00661230227
vn -0.403090835 -0.742138743 0.535488486
f 8341//2781 8342//2781 8343//2781
v 0.169455141 -0.00893918425 0.0104219047
v 0.164286569 -0.00888069533 0.00661230227
v 0.164361238 -0.00891154539 0.00651521236
vn -0.151942909 -0.969708383 0.191256464
f 8344//2782 8345//2782 8346//2782
v 0.163969547 -0.00811228063 0.00702448189
v 0.163965791 -0.00801745337 0.00702937366
v 0.162569657 -0.00800918695 0.00627492741
vn -0.474726081 -0.0640911758 0.877796948
f 8347//2783 8348//2783 8349//2783
v 0.162781805 -0.00893351249 0.00566981966
v 0.162896156 -0.00899999961 0.00535076763
v 0.164370313 -0.0089152921 0.00650342042
vn -0.0808371902 -0.981156886 0.175489396
f 8350//2784 8351//2784 8352//2784
v 0.164370313 -0.0089152921 0.00650342042
v 0.162896156 -0.00899999961 0.00535076763
v 0.163050905 -0.00899999961 0.00538510969
vn -0.0226473548 -0.99452132 0.102050923
f 8353//2785 8354//2785 8355//2785
v 0.164370313 -0.0089152921 0.00650342042
v 0.163050905 -0.00899999961 0.00538510969
v 0.164575353 -0.00899999961 0.00623682979
vn -0.120331123 -0.969089389 0.21537441
f 8356//2786 8357//2786 8358//2786
v 0.164159492 -0.00869245455 0.00677752867
v 0.164070547 -0.00856070779 0.00689316681
v 0.162669003 -0.0087143667 0.00599177321
vn -0.30699563 -0.736410081 0.602871358
f 8359//2787 8360//2787 8361//2787
v 0.162669003 -0.0087143667 0.00599177321
v 0.164070547 -0.00856070779 0.00689316681
v 0.16259414 -0.00837730058 0.00620528124
vn -0.407604903 -0.551527023 0.727788568
f 8362//2788 8363//2788 8364//2788
v 0.16259414 -0.00837730058 0.00620528124
v 0.164070547 -0.00856070779 0.00689316681
v 0.164028376 -0.00837347656 0.00694799516
vn -0.431454718 -0.34166944 0.83493042
f 8365//2789 8366//2789 8367//2789
v 0.16259414 -0.00837730058 0.00620528124
v 0.164028376 -0.00837347656 0.00694799516
v 0.164022818 -0.00834876113 0.00695523247
vn -0.431453377 -0.341677397 0.834927857
f 8368//2790 8369//2790 8370//2790
v 0.161007807 -0.00800000224 0.00599290151
v 0.16259414 -0.00837730058 0.00620528124
v 0.162569657 -0.00800918695 0.00627492741
vn -0.175418034 -0.194269359 0.96513623
f 8371//2791 8372//2791 8373//2791
v 0.162569657 -0.00800918695 0.00627492741
v 0.16259414 -0.00837730058 0.00620528124
v 0.164022818 -0.00834876113 0.00695523247
vn -0.452835023 -0.194734752 0.870068312
f 8374//2792 8375//2792 8376//2792
v 0.162569657 -0.00800918695 0.00627492741
v 0.164022818 -0.00834876113 0.00695523247
v 0.163969547 -0.00811228063 0.00702448189
vn -0.462840915 -0.343541622 0.817164302
f 8377//2793 8378//2793 8379//2793
v 0.164370313 -0.0089152921 0.00650342042
v 0.164361238 -0.00891154539 0.00651521236
v 0.162781805 -0.00893351249 0.00566981966
vn -0.107112914 -0.968387902 0.225281477
f 8380//2794 8381//2794 8382//2794
v 0.162781805 -0.00893351249 0.00566981966
v 0.164361238 -0.00891154539 0.00651521236
v 0.164286569 -0.00888069533 0.00661230227
vn -0.107125886 -0.968380868 0.225305527
f 8383//2795 8384//2795 8385//2795
v 0.162781805 -0.00893351249 0.00566981966
v 0.164286569 -0.00888069533 0.00661230227
v 0.162669003 -0.0087143667 0.00599177321
vn -0.268677503 -0.837454617 0.475901395
f 8386//2796 8387//2796 8388//2796
v 0.162669003 -0.0087143667 0.00599177321
v 0.164286569 -0.00888069533 0.00661230227
v 0.16416207 -0.00869626738 0.00677418197
vn -0.306995392 -0.736410677 0.602870762
f 8389//2797 8390//2797 8391//2797
v 0.162669003 -0.0087143667 0.00599177321
v 0.16416207 -0.00869626738 0.00677418197
v 0.164159492 -0.00869245455 0.00677752867
vn -0.307002813 -0.736396253 0.602884591
f 8392//2798 8393//2798 8394//2798
v 0.161007807 -0.00800000224 0.00599290151
v 0.161008954 -0.00834611896 0.00593110267
v 0.16259414 -0.00837730058 0.00620528124
vn -0.171157122 -0.173725531 0.969806492
f 8395//2799 8396//2799 8397//2799
v 0.16259414 -0.00837730058 0.00620528124
v 0.161008954 -0.00834611896 0.00593110267
v 0.161009207 -0.00836780854 0.00591722038
vn -0.1542916 -0.533930898 0.831331432
f 8398//2800 8399//2800 8400//2800
v 0.16259414 -0.00837730058 0.00620528124
v 0.161009207 -0.00836780854 0.00591722038
v 0.162669003 -0.0087143667 0.00599177321
vn -0.152219042 -0.552779853 0.81930691
f 8401//2801 8402//2801 8403//2801
v 0.162669003 -0.0087143667 0.00599177321
v 0.161009207 -0.00836780854 0.00591722038
v 0.161013246 -0.00870710798 0.0057000583
vn -0.148936734 -0.534316242 0.832060099
f 8404//2802 8405//2802 8406//2802
v 0.162669003 -0.0087143667 0.00599177321
v 0.161013246 -0.00870710798 0.0057000583
v 0.162781805 -0.00893351249 0.00566981966
vn -0.098152265 -0.838335633 0.536245763
f 8407//2803 8408//2803 8409//2803
v 0.162781805 -0.00893351249 0.00566981966
v 0.161013246 -0.00870710798 0.0057000583
v 0.161019728 -0.00893014949 0.00535169197
vn -0.0982445106 -0.838929713 0.535298944
f 8410//2804 8411//2804 8412//2804
v 0.162781805 -0.00893351249 0.00566981966
v 0.161019728 -0.00893014949 0.00535169197
v 0.162896156 -0.00899999961 0.00535076763
vn -0.0364177078 -0.980846882 0.191345602
f 8413//2805 8414//2805 8415//2805
v 0.162896156 -0.00899999961 0.00535076763
v 0.161019728 -0.00893014949 0.00535169197
v 0.161019951 -0.00893819146 0.00533913076
vn -0.031079486 -0.842035711 0.538525701
f 8416//2806 8417//2806 8418//2806
v 0.162896156 -0.00899999961 0.00535076763
v 0.161019951 -0.00893819146 0.00533913076
v 0.161354214 -0.00899999961 0.00500856945
vn -0.0334832259 -0.987985611 0.15087527
f 8419//2807 8420//2807 8421//2807
v 0.161354214 -0.00899999961 0.00500856945
v 0.161019951 -0.00893819146 0.00533913076
v 0.161026388 -0.00899999961 0.00499307411
vn -0.00830324832 -0.984414279 0.17566897
f 8422//2808 8423//2808 8424//2808
v 0.0138690677 -0.00899999961 0.0022581066
v 0.161026388 -0.00899999961 0.00499307411
v 0.161019951 -0.00893819146 0.00533913076
vn -0.00326664699 -0.984426796 0.175764799
f 8425//2809 8426//2809 8427//2809
v 0.161007807 -0.00800000224 0.00599290151
v 0.0138504859 -0.00800000224 0.003257934
v 0.0138506256 -0.00812239293 0.00325041683
vn -0.0185471606 -0.0613133982 0.997946203
f 8428//2810 8429//2810 8430//2810
v 0.161019951 -0.00893819146 0.00533913076
v 0.0138562843 -0.00868708827 0.00294593908
v 0.0138602639 -0.00888062641 0.0027318357
vn -0.0121681103 -0.741894007 0.670406699
f 8431//2811 8432//2811 8433//2811
v 0.0138602639 -0.00888062641 0.0027318357
v 0.0138624329 -0.00891003571 0.00261512608
v 0.161019951 -0.00893819146 0.00533913076
vn -0.00470704725 -0.969697475 0.24426344
f 8434//2812 8435//2812 8436//2812
v 0.161019951 -0.00893819146 0.00533913076
v 0.0138624329 -0.00891003571 0.00261512608
v 0.0138627477 -0.00891431421 0.00259814854
vn -0.0047074575 -0.969691873 0.244285673
f 8437//2813 8438//2813 8439//2813
v 0.161019951 -0.00893819146 0.00533913076
v 0.0138627477 -0.00891431421 0.00259814854
v 0.0138690677 -0.00899999961 0.0022581066
vn -0.00470701186 -0.969697952 0.244261697
f 8440//2814 8441//2814 8442//2814
v 0.161007807 -0.00800000224 0.00599290151
v 0.0138506256 -0.00812239293 0.00325041683
v 0.161008954 -0.00834611896 0.00593110267
vn -0.0181968454 -0.175798252 0.984257996
f 8443//2815 8444//2815 8445//2815
v 0.161008954 -0.00834611896 0.00593110267
v 0.0138506256 -0.00812239293 0.00325041683
v 0.0138521157 -0.00833639782 0.00317020877
vn -0.017587902 -0.351009101 0.936206877
f 8446//2816 8447//2816 8448//2816
v 0.161008954 -0.00834611896 0.00593110267
v 0.0138521157 -0.00833639782 0.00317020877
v 0.161009207 -0.00836780854 0.00591722038
vn -0.0158339944 -0.539150894 0.842060328
f 8449//2817 8450//2817 8451//2817
v 0.161019951 -0.00893819146 0.00533913076
v 0.161019728 -0.00893014949 0.00535169197
v 0.0138562843 -0.00868708827 0.00294593908
vn -0.0102028912 -0.842222631 0.539033353
f 8452//2818 8453//2818 8454//2818
v 0.0138562843 -0.00868708827 0.00294593908
v 0.161019728 -0.00893014949 0.00535169197
v 0.161013246 -0.00870710798 0.0057000583
vn -0.0102030011 -0.842218041 0.539040506
f 8455//2819 8456//2819 8457//2819
v 0.0138562843 -0.00868708827 0.00294593908
v 0.161013246 -0.00870710798 0.0057000583
v 0.0138536748 -0.00856017508 0.00308633805
vn -0.0126477722 -0.741894066 0.670397818
f 8458//2820 8459//2820 8460//2820
v 0.0138536748 -0.00856017508 0.00308633805
v 0.161013246 -0.00870710798 0.0057000583
v 0.161009207 -0.00836780854 0.00591722038
vn -0.0154945031 -0.539138496 0.842074573
f 8461//2821 8462//2821 8463//2821
v 0.0138536748 -0.00856017508 0.00308633805
v 0.161009207 -0.00836780854 0.00591722038
v 0.0138522405 -0.00835431833 0.00316349231
vn -0.0175513029 -0.351008773 0.936207652
f 8464//2822 8465//2822 8466//2822
v 0.0138522405 -0.00835431833 0.00316349231
v 0.161009207 -0.00836780854 0.00591722038
v 0.0138521157 -0.00833639782 0.00317020877
vn -0.0175513215 -0.35100612 0.936208665
f 8467//2823 8468//2823 8469//2823
v 0.0122581357 -0.00837070402 0.0034137622
v 0.0122792283 -0.00800918881 0.00348172989
v 0.0122709554 -0.00800923631 0.00348580861
vn 0.434952706 -0.190824613 0.880001187
f 8470//2824 8471//2824 8472//2824
v 0.0138536748 -0.00856017508 0.00308633805
v 0.0138522405 -0.00835431833 0.00316349231
v 0.0122581357 -0.00837070402 0.0034137622
vn 0.148981497 -0.346128851 0.926282525
f 8473//2825 8474//2825 8475//2825
v 0.0122581357 -0.00837070402 0.0034137622
v 0.0138522405 -0.00835431833 0.00316349231
v 0.0138521157 -0.00833639782 0.00317020877
vn 0.148981631 -0.346126229 0.926283479
f 8476//2826 8477//2826 8478//2826
v 0.0122581357 -0.00837070402 0.0034137622
v 0.0138521157 -0.00833639782 0.00317020877
v 0.0122792283 -0.00800918881 0.00348172989
vn 0.152276173 -0.191190332 0.969669104
f 8479//2827 8480//2827 8481//2827
v 0.0122792283 -0.00800918881 0.00348172989
v 0.0138521157 -0.00833639782 0.00317020877
v 0.0138506256 -0.00812239293 0.00325041683
vn 0.111935496 -0.348066628 0.930763185
f 8482//2828 8483//2828 8484//2828
v 0.0122792283 -0.00800918881 0.00348172989
v 0.0138506256 -0.00812239293 0.00325041683
v 0.0138504859 -0.00800000224 0.003257934
vn 0.141096368 -0.0605291165 0.988143742
f 8485//2829 8486//2829 8487//2829
v 0.0121365376 -0.00899999961 0.00248026894
v 0.0138690677 -0.00899999961 0.0022581066
v 0.0138627477 -0.00891431421 0.00259814854
vn 0.0313874446 -0.969071805 0.244774759
f 8488//2830 8489//2830 8490//2830
v 0.0121365376 -0.00899999961 0.00248026894
v 0.0138627477 -0.00891431421 0.00259814854
v 0.0119920056 -0.00899999961 0.00254458003
vn 0.0427944399 -0.994444013 0.0961754546
f 8491//2831 8492//2831 8493//2831
v 0.0119920056 -0.00899999961 0.00254458003
v 0.0138627477 -0.00891431421 0.00259814854
v 0.0120903719 -0.00893266033 0.0028712675
vn 0.0394799523 -0.98093003 0.190309197
f 8494//2832 8495//2832 8496//2832
v 0.0119920056 -0.00899999961 0.00254458003
v 0.0120903719 -0.00893266033 0.0028712675
v 0.0105488356 -0.00899999961 0.00318673463
vn 0.0793274269 -0.980777025 0.178279489
f 8497//2833 8498//2833 8499//2833
v 0.0105488356 -0.00899999961 0.00318673463
v 0.0120903719 -0.00893266033 0.0028712675
v 0.0104804551 -0.00890676212 0.00365598034
vn 0.0847527236 -0.974863768 0.206052572
f 8500//2834 8501//2834 8502//2834
v 0.0105488356 -0.00899999961 0.00318673463
v 0.0104804551 -0.00890676212 0.00365598034
v 0.0102763372 -0.00899999961 0.00336913136
vn 0.142456785 -0.966648757 0.212829188
f 8503//2835 8504//2835 8505//2835
v 0.0138562843 -0.00868708827 0.00294593908
v 0.0138536748 -0.00856017508 0.00308633805
v 0.0121915163 -0.00871089939 0.00319844438
vn 0.111776069 -0.736153424 0.667521
f 8506//2836 8507//2836 8508//2836
v 0.0121915163 -0.00871089939 0.00319844438
v 0.0138536748 -0.00856017508 0.00308633805
v 0.0122581357 -0.00837070402 0.0034137622
vn 0.105589092 -0.546496511 0.830778241
f 8509//2837 8510//2837 8511//2837
v 0.0121915163 -0.00871089939 0.00319844438
v 0.0122581357 -0.00837070402 0.0034137622
v 0.0107981833 -0.00836926233 0.00410248572
vn 0.356294662 -0.548528254 0.756419778
f 8512//2838 8513//2838 8514//2838
v 0.0107981833 -0.00836926233 0.00410248572
v 0.0122581357 -0.00837070402 0.0034137622
v 0.0122709554 -0.00800923631 0.00348580861
vn 0.418578118 -0.191778615 0.887701154
f 8515//2839 8516//2839 8517//2839
v 0.0107981833 -0.00836926233 0.00410248572
v 0.0122709554 -0.00800923631 0.00348580861
v 0.0108560268 -0.00801745337 0.00418377807
vn 0.427263767 -0.269657105 0.862977803
f 8518//2840 8519//2840 8520//2840
v 0.0138627477 -0.00891431421 0.00259814854
v 0.0138624329 -0.00891003571 0.00261512608
v 0.0120903719 -0.00893266033 0.0028712675
vn 0.0477662608 -0.968364298 0.244926363
f 8521//2841 8522//2841 8523//2841
v 0.0120903719 -0.00893266033 0.0028712675
v 0.0138624329 -0.00891003571 0.00261512608
v 0.0138602639 -0.00888062641 0.0027318357
vn 0.0477631204 -0.96837008 0.244904131
f 8524//2842 8525//2842 8526//2842
v 0.0120903719 -0.00893266033 0.0028712675
v 0.0138602639 -0.00888062641 0.0027318357
v 0.0121915163 -0.00871089939 0.00319844438
vn 0.0675281659 -0.835453868 0.54539603
f 8527//2843 8528//2843 8529//2843
v 0.0121915163 -0.00871089939 0.00319844438
v 0.0138602639 -0.00888062641 0.0027318357
v 0.0138562843 -0.00868708827 0.00294593908
vn 0.111776076 -0.736153364 0.667521
f 8530//2844 8531//2844 8532//2844
v 0.0107981833 -0.00836926233 0.00410248572
v 0.0107750315 -0.00851004291 0.00406995555
v 0.0121915163 -0.00871089939 0.00319844438
vn 0.476103097 -0.271565735 0.836407721
f 8533//2845 8534//2845 8535//2845
v 0.0121915163 -0.00871089939 0.00319844438
v 0.0107750315 -0.00851004291 0.00406995555
v 0.010668844 -0.00869002752 0.00392072741
vn 0.295164257 -0.706996322 0.642677426
f 8536//2846 8537//2846 8538//2846
v 0.0121915163 -0.00871089939 0.00319844438
v 0.010668844 -0.00869002752 0.00392072741
v 0.0120903719 -0.00893266033 0.0028712675
vn 0.224809229 -0.837453425 0.49812907
f 8539//2847 8540//2847 8541//2847
v 0.0120903719 -0.00893266033 0.0028712675
v 0.010668844 -0.00869002752 0.00392072741
v 0.0105633019 -0.00886891969 0.00377240474
vn 0.335321575 -0.710642636 0.618503392
f 8542//2848 8543//2848 8544//2848
v 0.0120903719 -0.00893266033 0.0028712675
v 0.0105633019 -0.00886891969 0.00377240474
v 0.0104804551 -0.00890676212 0.00365598034
vn 0.102001272 -0.965120614 0.241118133
f 8545//2849 8546//2849 8547//2849
v 0.00504591083 -0.00899999961 0.00709104398
v 0.0102763372 -0.00899999961 0.00336913136
v 0.00524445251 -0.00893954281 0.00737004634
vn 0.100801893 -0.984770119 0.141657487
f 8548//2850 8549//2850 8550//2850
v 0.00524445251 -0.00893954281 0.00737004634
v 0.0102763372 -0.00899999961 0.00336913136
v 0.0104804551 -0.00890676212 0.00365598034
vn 0.1521364 -0.966664672 0.20594646
f 8551//2851 8552//2851 8553//2851
v 0.00524445251 -0.00893954281 0.00737004634
v 0.0104804551 -0.00890676212 0.00365598034
v 0.00532616628 -0.00885057263 0.00748488121
vn 0.312351763 -0.845605612 0.432882816
f 8554//2852 8555//2852 8556//2852
v 0.00532616628 -0.00885057263 0.00748488121
v 0.0104804551 -0.00890676212 0.00365598034
v 0.0105633019 -0.00886891969 0.00377240474
vn 0.145799801 -0.966670156 0.210454911
f 8557//2853 8558//2853 8559//2853
v 0.00532616628 -0.00885057263 0.00748488121
v 0.0105633019 -0.00886891969 0.00377240474
v 0.00545228878 -0.00871325005 0.00766212493
vn 0.30673328 -0.845605016 0.436883092
f 8560//2854 8561//2854 8562//2854
v 0.00545228878 -0.00871325005 0.00766212493
v 0.0105633019 -0.00886891969 0.00377240474
v 0.010668844 -0.00869002752 0.00392072741
vn 0.410601377 -0.713237226 0.56806618
f 8563//2855 8564//2855 8565//2855
v 0.00545228878 -0.00871325005 0.00766212493
v 0.010668844 -0.00869002752 0.00392072741
v 0.00553409755 -0.0084981434 0.00777708692
vn 0.488941193 -0.548473537 0.678316474
f 8566//2856 8567//2856 8568//2856
v 0.00553409755 -0.0084981434 0.00777708692
v 0.010668844 -0.00869002752 0.00392072741
v 0.0107750315 -0.00851004291 0.00406995555
vn 0.403683066 -0.713244736 0.572993875
f 8569//2857 8570//2857 8571//2857
v 0.00553409755 -0.0084981434 0.00777708692
v 0.0107750315 -0.00851004291 0.00406995555
v 0.00558709679 -0.00835877471 0.00785157084
vn 0.482041717 -0.548464596 0.68324399
f 8572//2858 8573//2858 8574//2858
v 0.00558709679 -0.00835877471 0.00785157084
v 0.0107750315 -0.00851004291 0.00406995555
v 0.0107981833 -0.00836926233 0.00410248572
vn 0.561486006 -0.272852212 0.781207502
f 8575//2859 8576//2859 8577//2859
v 0.00558709679 -0.00835877471 0.00785157084
v 0.0107981833 -0.00836926233 0.00410248572
v 0.00562560838 -0.00801745337 0.00790569093
vn 0.573000133 -0.191021666 0.796982825
f 8578//2860 8579//2860 8580//2860
v 0.00562560838 -0.00801745337 0.00790569093
v 0.0107981833 -0.00836926233 0.00410248572
v 0.0108560268 -0.00801745337 0.00418377807
vn 0.557786345 -0.272835284 0.783859253
f 8581//2861 8582//2861 8583//2861
v -0.00632823398 -0.00246509514 -0.00748271775
v -0.00638033636 0.00351745239 -0.00757459132
v -0.0057421634 0.00350000011 -0.00806949101
vn -0.613020837 -0.0174688287 -0.7898736
f 8584//2862 8585//2862 8586//2862
v -0.0057421634 0.00350000011 -0.00806949101
v -0.00562560558 -0.00801744964 -0.00790569186
v -0.00632823398 -0.00246509514 -0.00748271775
vn -0.613202512 -0.0174371731 -0.789733231
f 8587//2863 8588//2863 8589//2863
v -0.00632823398 -0.00246509514 -0.00748271775
v -0.00562560558 -0.00801744964 -0.00790569186
v -0.00679307152 -0.00801745243 -0.00692832004
vn -0.641753197 -0.0228145663 -0.76657182
f 8590//2864 8591//2864 8592//2864
v -0.00632823398 -0.00246509514 -0.00748271775
v -0.00679307152 -0.00801745243 -0.00692832004
v -0.00762741128 -0.00246509514 -0.00613449002
vn -0.720055103 -0.00899885315 -0.693858504
f 8593//2865 8594//2865 8595//2865
v -0.00762741128 -0.00246509514 -0.00613449002
v -0.00679307152 -0.00801745243 -0.00692832004
v -0.00747038284 -0.00801745243 -0.00601514755
vn -0.802677631 -0.0354974493 -0.595355809
f 8596//2866 8597//2866 8598//2866
v -0.00762741128 -0.00246509514 -0.00613449002
v -0.00747038284 -0.00801745243 -0.00601514755
v -0.00771196652 -0.00246509514 -0.00604674779
vn -0.719616532 -0.0352573656 -0.693475962
f 8599//2867 8600//2867 8601//2867
v -0.00771196652 -0.00246509514 -0.00604674779
v -0.00747038284 -0.00801745243 -0.00601514755
v -0.00860155933 -0.00801745243 -0.00449004956
vn -0.802596092 -0.0383090153 -0.595291436
f 8602//2868 8603//2868 8604//2868
v -0.00771196652 -0.00246509514 -0.00604674779
v -0.00860155933 -0.00801745243 -0.00449004956
v -0.00913091749 -0.00246509514 -0.00355864945
vn -0.868666887 0.000283987087 -0.495396614
f 8605//2869 8606//2869 8607//2869
v -0.00913091749 -0.00246509514 -0.00355864945
v -0.00860155933 -0.00801745243 -0.00449004956
v -0.00940554217 -0.00246509514 -0.00235853787
vn -0.973304331 -0.0554325692 -0.222723782
f 8608//2870 8609//2870 8610//2870
v -0.00860155933 -0.00801745243 -0.00449004956
v -0.00932719652 -0.00801745243 -0.00232948456
v -0.00940554217 -0.00246509514 -0.00235853787
vn -0.947856426 -0.0150403036 -0.318342566
f 8611//2871 8612//2871 8613//2871
v -0.00940554217 -0.00246509514 -0.00235853787
v -0.00932719652 -0.00801745243 -0.00232948456
v -0.00956807658 -0.00801745243 -0.00161226233
vn -0.947857559 -0.0150403017 -0.318339169
f 8614//2872 8615//2872 8616//2872
v -0.00940554217 -0.00246509514 -0.00235853787
v -0.00956807658 -0.00801745243 -0.00161226233
v -0.00976985227 -0.00246509514 -0.000766552053
vn -0.974800527 -0.00144725351 -0.223073676
f 8617//2873 8618//2873 8619//2873
v -0.00976985227 -0.00246509514 -0.000766552053
v -0.00956807658 -0.00801745243 -0.00161226233
v -0.00959799532 -0.00801745243 0.00142334483
vn -0.999345183 -0.0348165706 -0.00984953903
f 8620//2874 8621//2874 8622//2874
v -0.00976985227 -0.00246509514 -0.000766552053
v -0.00959799532 -0.00801745243 0.00142334483
v -0.00959312636 -0.00246509514 0.00181451114
vn -0.997656405 -0.00393756945 0.0683098584
f 8623//2875 8624//2875 8625//2875
v -0.00959312636 -0.00246509514 0.00181451114
v -0.00959799532 -0.00801745243 0.00142334483
v -0.0094849132 -0.00801745243 0.00178342138
vn -0.953862309 -0.0202676356 0.299559593
f 8626//2876 8627//2876 8628//2876
v -0.00959312636 -0.00246509514 0.00181451114
v -0.0094849132 -0.00801745243 0.00178342138
v -0.00957419537 -0.00246509514 0.00209102826
vn -0.99746877 -0.0198225174 0.0682867467
f 8629//2877 8630//2877 8631//2877
v -0.00957419537 -0.00246509514 0.00209102826
v -0.0094849132 -0.00801745243 0.00178342138
v -0.00868840143 -0.00801745243 0.00431962498
vn -0.953569829 -0.0319247171 0.299475133
f 8632//2878 8633//2878 8634//2878
v -0.00957419537 -0.00246509514 0.00209102826
v -0.00868840143 -0.00801745243 0.00431962498
v -0.00856065564 -0.00246509514 0.00476998137
vn -0.935275733 -0.00718250126 0.353846937
f 8635//2879 8636//2879 8637//2879
v -0.00479318853 -0.00801745243 0.00837672316
v -0.00490126107 0.00349988905 0.0085558556
v -0.00601395918 0.00349932816 0.00786903221
vn -0.525161028 -0.0181607008 0.850809097
f 8638//2880 8639//2880 8640//2880
v -0.00479318853 -0.00801745243 0.00837672316
v -0.00601395918 0.00349932816 0.00786903221
v -0.00741781341 -0.00246509514 0.00640418986
vn -0.646623135 -0.0349501707 0.762008548
f 8641//2881 8642//2881 8643//2881
v -0.00741781341 -0.00246509514 0.00640418986
v -0.00601395918 0.00349932816 0.00786903221
v -0.00711304881 0.00351295131 0.00683650561
vn -0.684701324 -0.017784277 0.728606761
f 8644//2882 8645//2882 8646//2882
v -0.00741781341 -0.00246509514 0.00640418986
v -0.00711304881 0.00351295131 0.00683650561
v -0.0074761943 0.00351745239 0.00649535563
vn -0.684698284 -0.0177846421 0.728609622
f 8647//2883 8648//2883 8649//2883
v -0.00856065564 -0.00246509514 0.00476998137
v -0.00868840143 -0.00801745243 0.00431962498
v -0.00794324558 -0.00246509514 0.00565284165
vn -0.81917733 -0.0276191924 0.572874963
f 8650//2884 8651//2884 8652//2884
v -0.00794324558 -0.00246509514 0.00565284165
v -0.00868840143 -0.00801745243 0.00431962498
v -0.00780836167 -0.00801745243 0.00555634731
vn -0.814407647 -0.0298560131 0.579524636
f 8653//2885 8654//2885 8655//2885
v -0.00794324558 -0.00246509514 0.00565284165
v -0.00780836167 -0.00801745243 0.00555634731
v -0.00741781341 -0.00246509514 0.00640418986
vn -0.819128811 -0.0298543964 0.572832167
f 8656//2886 8657//2886 8658//2886
v -0.00741781341 -0.00246509514 0.00640418986
v -0.00780836167 -0.00801745243 0.00555634731
v -0.00692832191 -0.00801745243 0.00679306965
vn -0.81437403 -0.0312071238 0.579500735
f 8659//2887 8660//2887 8661//2887
v -0.00741781341 -0.00246509514 0.00640418986
v -0.00692832191 -0.00801745243 0.00679306965
v -0.00479318853 -0.00801745243 0.00837672316
vn -0.595726848 0.00373474183 0.80317843
f 8662//2888 8663//2888 8664//2888
v -0.00490126107 0.00349988905 0.0085558556
v -0.00479318853 -0.00801745243 0.00837672316
v -0.00433890382 0.0035001724 0.00890297908
vn -0.525164127 -0.0181607008 0.85080713
f 8665//2889 8666//2889 8667//2889
v -0.00433890382 0.0035001724 0.00890297908
v -0.00479318853 -0.00801745243 0.00837672316
v -0.00449005188 -0.00801745243 0.00860156212
vn -0.595677733 -0.0132003501 0.80311507
f 8668//2890 8669//2890 8670//2890
v -0.00433890382 0.0035001724 0.00890297908
v -0.00449005188 -0.00801745243 0.00860156212
v -0.00332345301 0.00350006693 0.00927628018
vn -0.344976664 -0.0200306959 0.938397527
f 8671//2891 8672//2891 8673//2891
v -0.000238490582 0.00798824709 0.00997948553
v -0.000472148677 0.00350000011 0.00989273656
v 0.00175451499 0.0079853572 0.00980367139
vn 0.0878148228 -0.0238195211 0.995851994
f 8674//2892 8675//2892 8676//2892
v 0.00175451499 0.0079853572 0.00980367139
v -0.000472148677 0.00350000011 0.00989273656
v 0.0032349173 -0.00801745243 0.00902905688
vn 0.115054838 -0.0374057591 0.992654622
f 8677//2893 8678//2893 8679//2893
v 0.00175451499 0.0079853572 0.00980367139
v 0.0032349173 -0.00801745243 0.00902905688
v 0.00198141625 0.00798502844 0.00978365541
vn 0.0877470672 -0.0400618054 0.99533689
f 8680//2894 8681//2894 8682//2894
v 0.00198141625 0.00798502844 0.00978365541
v 0.0032349173 -0.00801745243 0.00902905688
v 0.00334590813 0.00798378047 0.00934686139
vn 0.30479008 -0.0210257508 0.952187419
f 8683//2895 8684//2895 8685//2895
v -0.00332345301 0.00350006693 0.00927628018
v -0.00449005188 -0.00801745243 0.00860156212
v -0.00246073562 0.00349997752 0.00959343277
vn -0.344976276 -0.0200307444 0.938397646
f 8686//2896 8687//2896 8688//2896
v -0.00246073562 0.00349997752 0.00959343277
v -0.00449005188 -0.00801745243 0.00860156212
v -0.00161226408 -0.00801745243 0.00956807286
vn -0.318271965 -0.0255331993 0.947655559
f 8689//2897 8690//2897 8691//2897
v -0.00246073562 0.00349997752 0.00959343277
v -0.00161226408 -0.00801745243 0.00956807286
v -0.000869458832 0.00349999568 0.00983293634
vn -0.148821086 -0.0131405545 0.988776803
f 8692//2898 8693//2898 8694//2898
v -0.000869458832 0.00349999568 0.00983293634
v -0.00161226408 -0.00801745243 0.00956807286
v -0.000855710241 -0.00801745243 0.00957553089
vn -0.0098542776 -0.0223542992 0.99970156
f 8695//2899 8696//2899 8697//2899
v -0.000869458832 0.00349999568 0.00983293634
v -0.000855710241 -0.00801745243 0.00957553089
v -0.000472148677 0.00350000011 0.00989273656
vn -0.148797691 -0.0222724229 0.988616824
f 8698//2900 8699//2900 8700//2900
v -0.000472148677 0.00350000011 0.00989273656
v -0.000855710241 -0.00801745243 0.00957553089
v 0.00142334623 -0.00801745243 0.00959799532
vn -0.009852699 -0.0272016376 0.999581397
f 8701//2901 8702//2901 8703//2901
v -0.000472148677 0.00350000011 0.00989273656
v 0.00142334623 -0.00801745243 0.00959799532
v 0.0032349173 -0.00801745243 0.00902905688
vn 0.299535781 0.0248888414 0.953760386
f 8704//2902 8705//2902 8706//2902
v 0.00562560838 -0.00801745337 0.00790569093
v 0.00578753371 0.00798254739 0.00813324098
v 0.00431962311 -0.00801745243 0.00868839864
vn 0.513990998 -0.0173987076 0.857619107
f 8707//2903 8708//2903 8709//2903
v 0.00431962311 -0.00801745243 0.00868839864
v 0.00578753371 0.00798254739 0.00813324098
v 0.00406823773 0.00798312016 0.00911563262
vn 0.496052325 -0.0153873218 0.868156254
f 8710//2904 8711//2904 8712//2904
v 0.00431962311 -0.00801745243 0.00868839864
v 0.00406823773 0.00798312016 0.00911563262
v 0.0032349173 -0.00801745243 0.00902905688
vn 0.299562931 -0.0207625125 0.953850627
f 8713//2905 8714//2905 8715//2905
v 0.0032349173 -0.00801745243 0.00902905688
v 0.00406823773 0.00798312016 0.00911563262
v 0.00401211157 0.00798317138 0.00913359877
vn 0.304773003 -0.0210248865 0.952192903
f 8716//2906 8717//2906 8718//2906
v 0.0032349173 -0.00801745243 0.00902905688
v 0.00401211157 0.00798317138 0.00913359877
v 0.00334590813 0.00798378047 0.00934686139
vn 0.3047916 -0.0210257508 0.952186942
f 8719//2907 8720//2907 8721//2907
v 0.00562560838 -0.00801745337 0.00790569093
v 0.0108560268 -0.00801745337 0.00418377807
v 0.0109201204 -0.00583327562 0.00418496225
vn 0.579694569 -0.0174525995 0.814646959
f 8722//2908 8723//2908 8724//2908
v 0.0112691345 0.00606196979 0.00419144379
v 0.0113254664 0.00798254739 0.00419250131
v 0.00987813342 0.00518428301 0.00516246399
vn 0.57969445 -0.0174513068 0.814647019
f 8725//2909 8726//2909 8727//2909
v 0.00987813342 0.00518428301 0.00516246399
v 0.0113254664 0.00798254739 0.00419250131
v 0.00578753371 0.00798254739 0.00813324098
vn 0.579694808 -0.017451575 0.81464678
f 8728//2910 8729//2910 8730//2910
v 0.0109201204 -0.00583327562 0.00418496225
v 0.00971428491 -0.00503818877 0.00506005622
v 0.00562560838 -0.00801745337 0.00790569093
vn 0.579694569 -0.0174526609 0.8146469
f 8731//2911 8732//2911 8733//2911
v 0.00562560838 -0.00801745337 0.00790569093
v 0.00971428491 -0.00503818877 0.00506005622
v 0.00849388633 -0.00423349952 0.00594571885
vn 0.579694569 -0.0174526386 0.8146469
f 8734//2912 8735//2912 8736//2912
v 0.00562560838 -0.00801745337 0.00790569093
v 0.00849388633 -0.00423349952 0.00594571885
v 0.00578753371 0.00798254739 0.00813324098
vn 0.57969445 -0.0174525045 0.814647019
f 8737//2913 8738//2913 8739//2913
v 0.00578753371 0.00798254739 0.00813324098
v 0.00849388633 -0.00423349952 0.00594571885
v 0.00848711748 0.00430658832 0.00613349304
vn 0.57969451 -0.0174524821 0.814646959
f 8740//2914 8741//2914 8742//2914
v 0.00578753371 0.00798254739 0.00813324098
v 0.00848711748 0.00430658832 0.00613349304
v 0.00987813342 0.00518428301 0.00516246399
vn 0.579694271 -0.0174527336 0.814647138
f 8743//2915 8744//2915 8745//2915
v 0.0139312353 0.0071728453 0.0032727099
v 0.0142994924 0.00717469864 0.00326627959
v 0.0143161407 0.00799999945 0.00326658902
vn 0.0174627211 -0.000727156643 0.999847233
f 8746//2916 8747//2916 8748//2916
v 0.0139312353 0.0071728453 0.0032727099
v 0.0143161407 0.00799999945 0.00326658902
v 0.0129784001 0.0069999136 0.00341636874
vn 0.160711899 -0.0674985275 0.984690607
f 8749//2917 8750//2917 8751//2917
v 0.0143161407 0.00799999945 0.00326658902
v 0.0127582382 0.00799088087 0.00349075231
v 0.0129784001 0.0069999136 0.00341636874
vn 0.142536029 -0.0425594598 0.988874197
f 8752//2918 8753//2918 8754//2918
v 0.0129784001 0.0069999136 0.00341636874
v 0.0127582382 0.00799088087 0.00349075231
v 0.0127505576 0.00799083523 0.00349185732
vn 0.142538324 -0.0425589271 0.988873899
f 8755//2919 8756//2919 8757//2919
v 0.0129784001 0.0069999136 0.00341636874
v 0.0127505576 0.00799083523 0.00349185732
v 0.0127282105 0.00687082577 0.00351622351
vn 0.364871472 0.0129735246 0.93096751
f 8758//2920 8759//2920 8760//2920
v 0.0127282105 0.00687082577 0.00351622351
v 0.0127505576 0.00799083523 0.00349185732
v 0.0127386022 0.00799076539 0.00349357771
vn 0.142290488 0.0186910816 0.989648461
f 8761//2921 8762//2921 8763//2921
v 0.0127282105 0.00687082577 0.00351622351
v 0.0127386022 0.00799076539 0.00349357771
v 0.0125330668 0.00677013863 0.00359410932
vn 0.363752067 0.0154577494 0.931367517
f 8764//2922 8765//2922 8766//2922
v 0.0125330668 0.00677013863 0.00359410932
v 0.0127386022 0.00799076539 0.00349357771
v 0.0113254664 0.00798254739 0.00419250131
vn 0.443334073 -0.000826248724 0.896356106
f 8767//2923 8768//2923 8769//2923
v 0.0125330668 0.00677013863 0.00359410932
v 0.0113254664 0.00798254739 0.00419250131
v 0.011666147 0.0063228393 0.00394011522
vn 0.395786405 -0.0581280217 0.916501105
f 8770//2924 8771//2924 8772//2924
v 0.011666147 0.0063228393 0.00394011522
v 0.0113254664 0.00798254739 0.00419250131
v 0.0112691345 0.00606196979 0.00419144379
vn 0.542468369 -0.0163733661 0.839916646
f 8773//2925 8774//2925 8775//2925
v 0.0142994924 0.00717469864 0.00326627959
v 0.160558805 0.00717469864 0.00598455733
v 0.0143161407 0.00799999945 0.00326658902
vn -0.0185821243 3.21140475e-11 0.999827325
f 8776//2926 8777//2926 8778//2926
v 0.0143161407 0.00799999945 0.00326658902
v 0.160558805 0.00717469864 0.00598455733
v 0.160542145 0.00799999945 0.00598424813
vn -0.0185821243 -3.21216491e-11 0.999827325
f 8779//2927 8780//2927 8781//2927
v 0.162097886 0.00799083803 0.0062661143
v 0.162094057 0.00799086038 0.0062640477
v 0.161051035 0.00717117637 0.00601769146
vn -0.4485434 0.319945753 0.834531903
f 8782//2928 8783//2928 8784//2928
v 0.160558805 0.00717469864 0.00598455733
v 0.160926566 0.0071728453 0.00600466691
v 0.160542145 0.00799999945 0.00598424813
vn -0.0546021834 -0.000727143895 0.998507917
f 8785//2929 8786//2929 8787//2929
v 0.160542145 0.00799999945 0.00598424813
v 0.160926566 0.0071728453 0.00600466691
v 0.161051035 0.00717117637 0.00601769146
vn -0.104366057 -0.0239595659 0.994250298
f 8788//2930 8789//2930 8790//2930
v 0.160542145 0.00799999945 0.00598424813
v 0.161051035 0.00717117637 0.00601769146
v 0.162091136 0.00799087808 0.00626351871
vn -0.17740117 -0.0693079904 0.981695056
f 8791//2931 8792//2931 8793//2931
v 0.162091136 0.00799087808 0.00626351871
v 0.161051035 0.00717117637 0.00601769146
v 0.162094057 0.00799086038 0.0062640477
vn -0.177474782 -0.0692126155 0.981688499
f 8794//2932 8795//2932 8796//2932
v 0.161051035 0.00717117637 0.00601769146
v 0.162128016 0.0068838005 0.0062784357
v 0.162097886 0.00799083803 0.0062661143
vn -0.234182283 0.00444674166 0.972182512
f 8797//2933 8798//2933 8799//2933
v 0.162097886 0.00799083803 0.0062661143
v 0.162128016 0.0068838005 0.0062784357
v 0.162250578 0.00685109897 0.00630810624
vn -0.234181628 0.00444676122 0.972182691
f 8800//2934 8801//2934 8802//2934
v 0.162097886 0.00799083803 0.0062661143
v 0.162250578 0.00685109897 0.00630810624
v 0.16349636 0.00798254739 0.0070206481
vn -0.474751025 -0.0311930049 0.879567206
f 8803//2935 8804//2935 8805//2935
v 0.16349636 0.00798254739 0.0070206481
v 0.162250578 0.00685109897 0.00630810624
v 0.162347466 0.00679238327 0.00636120047
vn -0.486957937 -0.0138159301 0.873316169
f 8806//2936 8807//2936 8808//2936
v 0.16349636 0.00798254739 0.0070206481
v 0.162347466 0.00679238327 0.00636120047
v 0.163552687 0.00606196979 0.00702168373
vn -0.486961126 -0.0138119031 0.87331444
f 8809//2937 8810//2937 8811//2937
v 0.1690543 -0.00801745337 0.0109430673
v 0.168884039 0.00798254739 0.0111644436
v 0.166260615 0.00430658832 0.00906576589
vn -0.609564662 -0.0174525045 0.792544186
f 8812//2938 8813//2938 8814//2938
v 0.16349636 0.00798254739 0.0070206481
v 0.163552687 0.00606196979 0.00702168373
v 0.168884039 0.00798254739 0.0111644436
vn -0.60956496 -0.0174515117 0.792544007
f 8815//2939 8816//2939 8817//2939
v 0.168884039 0.00798254739 0.0111644436
v 0.163552687 0.00606196979 0.00702168373
v 0.16489853 0.00518954964 0.00803758763
vn -0.609564483 -0.0174535234 0.792544365
f 8818//2940 8819//2940 8820//2940
v 0.168884039 0.00798254739 0.0111644436
v 0.16489853 0.00518954964 0.00803758763
v 0.166260615 0.00430658832 0.00906576589
vn -0.609565198 -0.0174519066 0.792543828
f 8821//2941 8822//2941 8823//2941
v 0.163901702 -0.00583327515 0.00702817552
v 0.163965791 -0.00801745337 0.00702937366
v 0.165081263 -0.0050333892 0.00795302074
vn -0.609564006 -0.0174525753 0.792544723
f 8824//2942 8825//2942 8826//2942
v 0.165081263 -0.0050333892 0.00795302074
v 0.163965791 -0.00801745337 0.00702937366
v 0.1690543 -0.00801745337 0.0109430673
vn -0.609564722 -0.0174521282 0.792544186
f 8827//2943 8828//2943 8829//2943
v 0.165081263 -0.0050333892 0.00795302074
v 0.1690543 -0.00801745337 0.0109430673
v 0.166260839 -0.00423349952 0.0088778697
vn -0.609565258 -0.0174532495 0.792543709
f 8830//2944 8831//2944 8832//2944
v 0.166260839 -0.00423349952 0.0088778697
v 0.1690543 -0.00801745337 0.0109430673
v 0.166260615 0.00430658832 0.00906576589
vn -0.609564602 -0.017452484 0.792544246
f 8833//2945 8834//2945 8835//2945
v 0.18088527 -0.00801745243 -0.00443932461
v 0.181055531 0.00798254739 -0.00466070091
v 0.182021886 -0.00801745337 -0.00341260456
vn 0.670216501 -0.0173980892 -0.741961658
f 8836//2946 8837//2946 8838//2946
v 0.182021886 -0.00801745337 -0.00341260456
v 0.181055531 0.00798254739 -0.00466070091
v 0.182218403 0.00798254739 -0.00361126359
vn 0.669866979 -0.0174437352 -0.742276192
f 8839//2947 8840//2947 8841//2947
v 0.182021886 -0.00801745337 -0.00341260456
v 0.182218403 0.00798254739 -0.00361126359
v 0.183607206 -0.00801745337 -0.00109099655
vn 0.825709403 -0.0171422809 -0.563835204
f 8842//2948 8843//2948 8844//2948
v 0.183607206 -0.00801745337 -0.00109099655
v 0.182218403 0.00798254739 -0.00361126359
v 0.18385914 0.00798254739 -0.00121819356
vn 0.824639559 -0.0174798109 -0.565388441
f 8845//2949 8846//2949 8847//2949
v 0.183607206 -0.00801745337 -0.00109099655
v 0.18385914 0.00798254739 -0.00121819356
v 0.183743998 -0.00801745337 -0.000890670461
vn 0.825696588 -0.0174841732 -0.563843489
f 8848//2950 8849//2950 8850//2950
v 0.183743998 -0.00801745337 -0.000890670461
v 0.18385914 0.00798254739 -0.00121819356
v 0.183984458 0.00798254739 -0.00103541103
vn 0.82463944 -0.0175081752 -0.565387666
f 8851//2951 8852//2951 8853//2951
v 0.183743998 -0.00801745337 -0.000890670461
v 0.183984458 0.00798254739 -0.00103541103
v 0.184596971 -0.00801745337 0.00204160484
vn 0.960062265 -0.0169551652 -0.279272258
f 8854//2952 8855//2952 8856//2952
v 0.184596971 -0.00801745337 0.00204160484
v 0.183984458 0.00798254739 -0.00103541103
v 0.184868082 0.00798254739 0.00196011062
vn 0.958990455 -0.017691128 -0.28288579
f 8857//2953 8858//2953 8859//2953
v 0.184596971 -0.00801745337 0.00204160484
v 0.184868082 0.00798254739 0.00196011062
v 0.184562802 -0.00801745337 0.00307782227
vn 0.999316275 -0.0167657696 0.0329528004
f 8860//2954 8861//2954 8862//2954
v 0.184562802 -0.00801745337 0.00307782227
v 0.184868082 0.00798254739 0.00196011062
v 0.184837684 0.00798254739 0.00307341036
vn 0.999479949 -0.0171638187 0.0272994451
f 8863//2955 8864//2955 8865//2955
v 0.184562802 -0.00801745337 0.00307782227
v 0.184837684 0.00798254739 0.00307341036
v 0.184496313 -0.00801745337 0.00509376358
vn 0.999309599 -0.0171593335 0.0329529233
f 8866//2956 8867//2956 8868//2956
v 0.184496313 -0.00801745337 0.00509376358
v 0.184837684 0.00798254739 0.00307341036
v 0.184782803 0.00798254739 0.00508207874
vn 0.999467313 -0.0178760272 0.0273037758
f 8869//2957 8870//2957 8871//2957
v 0.184496313 -0.00801745337 0.00509376358
v 0.184782803 0.00798254739 0.00508207874
v 0.183701664 -0.00801745337 0.00727745425
vn 0.939582467 -0.0165739991 0.341921091
f 8872//2958 8873//2958 8874//2958
v 0.183701664 -0.00801745337 0.00727745425
v 0.184782803 0.00798254739 0.00508207874
v 0.183960244 0.00798254739 0.00739662535
vn 0.94211632 -0.0177198946 0.334817588
f 8875//2959 8876//2959 8877//2959
v 0.183701664 -0.00801745337 0.00727745425
v 0.183960244 0.00798254739 0.00739662535
v 0.18345201 -0.00801745337 0.00796347298
vn 0.939564943 -0.0177314952 0.341911286
f 8878//2960 8879//2960 8880//2960
v 0.18345201 -0.00801745337 0.00796347298
v 0.183960244 0.00798254739 0.00739662535
v 0.183736965 0.00798254739 0.0080248937
vn 0.942110419 -0.0180637259 0.33481589
f 8881//2961 8882//2961 8883//2961
v 0.18345201 -0.00801745337 0.00796347298
v 0.183736965 0.00798254739 0.0080248937
v 0.181567505 -0.00801745337 0.0103664733
vn 0.786778748 -0.0163806807 0.617017686
f 8884//2962 8885//2962 8886//2962
v 0.181567505 -0.00801745337 0.0103664733
v 0.183736965 0.00798254739 0.0080248937
v 0.181832924 0.00798254739 0.0105004916
vn 0.792532563 -0.0182528123 0.609556317
f 8887//2963 8888//2963 8889//2963
v 0.181567505 -0.00801745337 0.0103664733
v 0.181832924 0.00798254739 0.0105004916
v 0.181112126 -0.00801745337 0.0106711686
vn 0.556037605 -0.0161845218 0.830999553
f 8890//2964 8891//2964 8892//2964
v 0.181112126 -0.00801745337 0.0106711686
v 0.181832924 0.00798254739 0.0105004916
v 0.181282997 0.00798254739 0.010877531
vn 0.565394104 -0.0166737307 0.824652374
f 8893//2965 8894//2965 8895//2965
v 0.181112126 -0.00801745337 0.0106711686
v 0.181282997 0.00798254739 0.010877531
v 0.17902945 -0.00801745337 0.0120647335
vn 0.556034088 -0.0166555513 0.830992579
f 8896//2966 8897//2966 8898//2966
v 0.17902945 -0.00801745337 0.0120647335
v 0.181282997 0.00798254739 0.010877531
v 0.179257065 0.00798254739 0.0122665446
vn 0.565378845 -0.0184441879 0.824625134
f 8899//2967 8900//2967 8901//2967
v 0.17902945 -0.00801745337 0.0120647335
v 0.179257065 0.00798254739 0.0122665446
v 0.177263409 -0.00801745337 0.0125604561
vn 0.270217419 -0.0159863848 0.962666571
f 8902//2968 8903//2968 8904//2968
v 0.177263409 -0.00801745337 0.0125604561
v 0.179257065 0.00798254739 0.0122665446
v 0.177329749 0.00798254739 0.0128350724
vn 0.282887518 -0.0176326446 0.958990991
f 8905//2969 8906//2969 8907//2969
v 0.177263409 -0.00801745337 0.0125604561
v 0.177329749 0.00798254739 0.0128350724
v 0.176089257 -0.00801745337 0.0128900334
vn 0.270208716 -0.0176427029 0.962640107
f 8908//2970 8909//2970 8910//2970
v 0.176089257 -0.00801745337 0.0128900334
v 0.177329749 0.00798254739 0.0128350724
v 0.173038185 -0.00801745337 0.0127606234
vn -0.0423756279 0.00671733869 0.999079168
f 8911//2971 8912//2971 8913//2971
v 0.177329749 0.00798254739 0.0128350724
v 0.176261544 0.00798254739 0.0131501779
v 0.173038185 -0.00801745337 0.0127606234
vn 0.282022834 -0.0800934955 0.956058681
f 8914//2972 8915//2972 8916//2972
v 0.173038185 -0.00801745337 0.0127606234
v 0.176261544 0.00798254739 0.0131501779
v 0.173139572 0.00798254739 0.0130648958
vn -0.0273016263 -0.0188335795 0.99944979
f 8917//2973 8918//2973 8919//2973
v 0.173038185 -0.00801745337 0.0127606234
v 0.173139572 0.00798254739 0.0130648958
v 0.172980577 -0.00801745337 0.012739039
vn -0.350764155 -0.0155836949 0.936334133
f 8920//2974 8921//2974 8922//2974
v 0.172980577 -0.00801745337 0.012739039
v 0.173139572 0.00798254739 0.0130648958
v 0.172930762 0.00798254739 0.0129906824
vn -0.334839225 -0.0158602297 0.942141771
f 8923//2975 8924//2975 8925//2975
v 0.172980577 -0.00801745337 0.012739039
v 0.172930762 0.00798254739 0.0129906824
v 0.170178458 -0.00801745337 0.0116893202
vn -0.350764334 -0.0158184059 0.93633014
f 8926//2976 8927//2976 8928//2976
v 0.170178458 -0.00801745337 0.0116893202
v 0.172930762 0.00798254739 0.0129906824
v 0.170196757 0.00798254739 0.0120190475
vn -0.334810257 -0.0190315619 0.942093372
f 8929//2977 8930//2977 8931//2977
v 0.170178458 -0.00801745337 0.0116893202
v 0.170196757 0.00798254739 0.0120190475
v 0.1690543 -0.00801745337 0.0109430673
vn -0.552991629 -0.0165342037 0.833022714
f 8932//2978 8933//2978 8934//2978
v 0.1690543 -0.00801745337 0.0109430673
v 0.170196757 0.00798254739 0.0120190475
v 0.168884039 0.00798254739 0.0111644436
vn -0.545503855 -0.0173987094 0.837927699
f 8935//2979 8936//2979 8937//2979
v 0.18088527 -0.00801745243 -0.00443932461
v 0.173930541 -0.00801744871 -0.00978836417
v 0.173964083 -0.00687423395 -0.00978774019
vn 0.609564662 -0.0174536277 -0.792544186
f 8938//2980 8939//2980 8940//2980
v 0.173964083 -0.00687423395 -0.00978774019
v 0.175006226 -0.00629357807 -0.00899898913
v 0.18088527 -0.00801745243 -0.00443932461
vn 0.6095649 -0.0174510684 -0.792544067
f 8941//2981 8942//2981 8943//2981
v 0.18088527 -0.00801745243 -0.00443932461
v 0.175006226 -0.00629357807 -0.00899898913
v 0.175135016 -0.00610772055 -0.00890403427
vn 0.609562278 -0.0174648389 -0.792545795
f 8944//2982 8945//2982 8946//2982
v 0.18088527 -0.00801745243 -0.00443932461
v 0.175135016 -0.00610772055 -0.00890403427
v 0.175489336 -0.00559634948 -0.00864277314
vn 0.609565616 -0.0174493659 -0.79254353
f 8947//2983 8948//2983 8949//2983
v 0.175489336 -0.00559634948 -0.00864277314
v 0.175542936 -0.00551900826 -0.00860325899
v 0.18088527 -0.00801745243 -0.00443932461
vn 0.609564066 -0.0174546801 -0.792544603
f 8950//2984 8951//2984 8952//2984
v 0.18088527 -0.00801745243 -0.00443932461
v 0.175542936 -0.00551900826 -0.00860325899
v 0.175637096 -0.00503475498 -0.00854149926
vn 0.609565496 -0.0174499843 -0.79254359
f 8953//2985 8954//2985 8955//2985
v 0.18088527 -0.00801745243 -0.00443932461
v 0.175637096 -0.00503475498 -0.00854149926
v 0.181055531 0.00798254739 -0.00466070091
vn 0.609564602 -0.0174525063 -0.792544246
f 8956//2986 8957//2986 8958//2986
v 0.175637096 -0.00503475498 -0.00854149926
v 0.175931513 0.00499985041 -0.00853602681
v 0.181055531 0.00798254739 -0.00466070091
vn 0.609564781 -0.0174526479 -0.792544127
f 8959//2987 8960//2987 8961//2987
v 0.181055531 0.00798254739 -0.00466070091
v 0.175931513 0.00499985041 -0.00853602681
v 0.17584382 0.00554766832 -0.00861553196
vn 0.609562695 -0.0174466874 -0.792545855
f 8962//2988 8963//2988 8964//2988
v 0.181055531 0.00798254739 -0.00466070091
v 0.17584382 0.00554766832 -0.00861553196
v 0.175827652 0.00557320565 -0.00862853415
vn 0.609599113 -0.0175748821 -0.79251498
f 8965//2989 8966//2989 8967//2989
v 0.175827652 0.00557320565 -0.00862853415
v 0.175503626 0.00608482817 -0.00888902042
v 0.181055531 0.00798254739 -0.00466070091
vn 0.609564662 -0.0174519178 -0.792544246
f 8968//2990 8969//2990 8970//2990
v 0.181055531 0.00798254739 -0.00466070091
v 0.175503626 0.00608482817 -0.00888902042
v 0.17542395 0.00621061027 -0.00895306095
vn 0.609564424 -0.0174509082 -0.792544425
f 8971//2991 8972//2991 8973//2991
v 0.181055531 0.00798254739 -0.00466070091
v 0.17542395 0.00621061027 -0.00895306095
v 0.174399987 0.00798254646 -0.00977963954
vn 0.609564543 -0.0174515489 -0.792544305
f 8974//2992 8975//2992 8976//2992
v 0.174399987 0.00798254646 -0.00977963954
v 0.17542395 0.00621061027 -0.00895306095
v 0.174465328 0.00680236053 -0.00970339123
vn 0.60956198 -0.0174539611 -0.792546272
f 8977//2993 8978//2993 8979//2993
v 0.174399987 0.00798254646 -0.00977963954
v 0.174465328 0.00680236053 -0.00970339123
v 0.174366444 0.00683932798 -0.0097802626
vn 0.609565437 -0.017453596 -0.79254359
f 8980//2994 8981//2994 8982//2994
v 0.17307356 0.00699476339 -0.0105004096
v 0.172982395 0.00699643604 -0.0105241183
v 0.17301245 0.00799076352 -0.0105296904
vn 0.2514669 -0.0130240498 -0.967778265
f 8983//2995 8984//2995 8985//2995
v 0.171744287 0.00701551745 -0.0107995672
v 0.171414196 0.00701760734 -0.0108166281
v 0.17144303 0.00800000038 -0.0108160926
vn 0.0516111329 -0.000969633576 -0.998666763
f 8986//2996 8987//2996 8988//2996
v 0.17301245 0.00799076352 -0.0105296904
v 0.172982395 0.00699643604 -0.0105241183
v 0.173004344 0.00799081195 -0.010534077
vn 0.475624442 -0.0193039104 -0.879436612
f 8989//2997 8990//2997 8991//2997
v 0.173004344 0.00799081195 -0.010534077
v 0.172982395 0.00699643604 -0.0105241183
v 0.17144303 0.00800000038 -0.0108160926
vn 0.177654907 -0.0137752872 -0.983996451
f 8992//2998 8993//2998 8994//2998
v 0.17144303 0.00800000038 -0.0108160926
v 0.172982395 0.00699643604 -0.0105241183
v 0.17207253 0.0070131314 -0.0107607543
vn 0.252097696 0.106876202 -0.9617818
f 8995//2999 8996//2999 8997//2999
v 0.17144303 0.00800000038 -0.0108160926
v 0.17207253 0.0070131314 -0.0107607543
v 0.171744287 0.00701551745 -0.0107995672
vn 0.117546685 0.0193050038 -0.992879689
f 8998//3000 8999//3000 9000//3000
v 0.17307356 0.00699476339 -0.0105004096
v 0.17301245 0.00799076352 -0.0105296904
v 0.173273697 0.0069707022 -0.0103889313
vn 0.486998945 0.00420079846 -0.873392463
f 9001//3001 9002//3001 9003//3001
v 0.173273697 0.0069707022 -0.0103889313
v 0.17301245 0.00799076352 -0.0105296904
v 0.174399987 0.00798254646 -0.00977963954
vn 0.475535393 0.000395061797 -0.879696488
f 9004//3002 9005//3002 9006//3002
v 0.173273697 0.0069707022 -0.0103889313
v 0.174399987 0.00798254646 -0.00977963954
v 0.174366444 0.00683932798 -0.0097802626
vn 0.485301971 -0.013762922 -0.874238312
f 9007//3003 9008//3003 9009//3003
v 0.171414196 0.00701760734 -0.0108166281
v 0.00407588063 0.0070176078 -0.0139266662
v 0.17144303 0.00800000038 -0.0108160926
vn 0.0185821224 1.44767791e-16 -0.999827325
f 9010//3004 9011//3004 9012//3004
v 0.17144303 0.00800000038 -0.0108160926
v 0.00407588063 0.0070176078 -0.0139266662
v 0.00404705945 0.00800000131 -0.0139272017
vn 0.0185821224 1.44767791e-16 -0.999827325
f 9013//3005 9014//3005 9015//3005
v 0.00407588063 0.0070176078 -0.0139266662
v 0.00374538358 0.00701551931 -0.013921883
v 0.00404705945 0.00800000131 -0.0139272017
vn -0.0144672049 -0.000969633227 -0.999894857
f 9016//3006 9017//3006 9018//3006
v 0.00404705945 0.00800000131 -0.0139272017
v 0.00374538358 0.00701551931 -0.013921883
v 0.00341593404 0.00701313326 -0.0138952928
vn -0.080572255 0.0193050206 -0.996561825
f 9019//3007 9020//3007 9021//3007
v 0.00404705945 0.00800000131 -0.0139272017
v 0.00341593404 0.00701313326 -0.0138952928
v 0.00247633853 0.00799081568 -0.0137033965
vn -0.141155586 0.0583176538 -0.988268256
f 9022//3008 9023//3008 9024//3008
v 0.00247633853 0.00799081568 -0.0137033965
v 0.00341593404 0.00701313326 -0.0138952928
v 0.00250325608 0.00699507911 -0.0136717958
vn -0.236993551 -0.0372157916 -0.970798135
f 9025//3009 9026//3009 9027//3009
v 0.00247633853 0.00799081568 -0.0137033965
v 0.00250325608 0.00699507911 -0.0136717958
v 0.00246807327 0.00799076725 -0.0136993146
vn -0.442239881 -0.0403899662 -0.895986915
f 9028//3010 9029//3010 9030//3010
v 0.00246807327 0.00799076725 -0.0136993146
v 0.00250325608 0.00699507911 -0.0136717958
v 0.00219074078 0.00698889699 -0.0135952663
vn -0.237049311 -0.0352088064 -0.970859408
f 9031//3011 9032//3011 9033//3011
v 0.00246807327 0.00799076725 -0.0136993146
v 0.00219074078 0.00698889699 -0.0135952663
v 0.0010536284 0.00798254646 -0.0130013386
vn -0.442463726 0.0293957461 -0.896304488
f 9034//3012 9035//3012 9036//3012
v 0.0010536284 0.00798254646 -0.0130013386
v 0.00219074078 0.00698889699 -0.0135952663
v 0.00108717254 0.00683932891 -0.0130007155
vn -0.472741932 -0.0143516259 -0.881084025
f 9037//3013 9038//3013 9039//3013
v 0.0010536284 0.00798254646 -0.0130013386
v 0.00108717254 0.00683932891 -0.0130007155
v -0.00387817668 0.00798809435 -0.0094920313
vn -0.579694927 -0.0174535997 -0.814646661
f 9040//3014 9041//3014 9042//3014
v -0.00387817668 0.00798809435 -0.0094920313
v 0.00108717254 0.00683932891 -0.0130007155
v 6.69233123e-05 0.00627371436 -0.0122626014
vn -0.579694271 -0.0174491536 -0.814647198
f 9043//3015 9044//3015 9045//3015
v -0.00387817668 0.00798809435 -0.0094920313
v -0.000438896852 0.0055323136 -0.0118867829
v -0.00402616663 0.00350000011 -0.00929057784
vn -0.579695046 -0.0174515229 -0.814646602
f 9046//3016 9047//3016 9048//3016
v -0.00402616663 0.00350000011 -0.00929057784
v -0.000438896852 0.0055323136 -0.0118867829
v -0.00052367372 0.0050432682 -0.0118159764
vn -0.579692602 -0.0174577888 -0.814648211
f 9049//3017 9050//3017 9051//3017
v -0.00052367372 0.0050432682 -0.0118159764
v -0.000523049268 0.00499985041 -0.0118154939
v -0.00402616663 0.00350000011 -0.00929057784
vn -0.579710484 -0.0173985772 -0.814636767
f 9052//3018 9053//3018 9054//3018
v -0.00402616663 0.00350000011 -0.00929057784
v -0.000523049268 0.00499985041 -0.0118154939
v -0.00022863083 -0.00503475498 -0.0118100215
vn -0.579694629 -0.0174526479 -0.8146469
f 9055//3019 9056//3019 9057//3019
v -0.00402616663 0.00350000011 -0.00929057784
v -0.00022863083 -0.00503475498 -0.0118100215
v -0.0057421634 0.00350000011 -0.00806949101
vn -0.579694808 -0.0174527578 -0.81464678
f 9058//3020 9059//3020 9060//3020
v -0.0057421634 0.00350000011 -0.00806949101
v -0.00022863083 -0.00503475498 -0.0118100215
v -0.00562560558 -0.00801744964 -0.00790569186
vn -0.57969439 -0.0174523871 -0.814647019
f 9061//3021 9062//3021 9063//3021
v -0.00562560558 -0.00801744964 -0.00790569186
v -0.00022863083 -0.00503475498 -0.0118100215
v -0.000105449188 -0.00558343111 -0.0118859252
vn -0.579695761 -0.0174487866 -0.814646184
f 9064//3022 9065//3022 9066//3022
v -0.00562560558 -0.00801744964 -0.00790569186
v -0.000105449188 -0.00558343111 -0.0118859252
v -8.7765322e-05 -0.00560778193 -0.0118979849
vn -0.579679906 -0.0175012816 -0.814656317
f 9067//3023 9068//3023 9069//3023
v -8.7765322e-05 -0.00560778193 -0.0118979849
v 0.00027998889 -0.00611425983 -0.0121488273
v -0.00562560558 -0.00801744964 -0.00790569186
vn -0.579695463 -0.0174491908 -0.814646363
f 9070//3024 9071//3024 9072//3024
v -0.00562560558 -0.00801744964 -0.00790569186
v 0.00027998889 -0.00611425983 -0.0121488273
v 0.000394877599 -0.00627248175 -0.0122271888
vn -0.579692543 -0.0174622666 -0.814648151
f 9073//3025 9074//3025 9075//3025
v -0.00562560558 -0.00801744964 -0.00790569186
v 0.000394877599 -0.00627248175 -0.0122271888
v 0.00152306806 -0.00801744871 -0.0129926139
vn -0.57969445 -0.0174527857 -0.814647019
f 9076//3026 9077//3026 9078//3026
v 0.00152306806 -0.00801744871 -0.0129926139
v 0.000394877599 -0.00627248175 -0.0122271888
v 0.00144438597 -0.0068583847 -0.0129614584
vn -0.579696357 -0.0174546652 -0.814645588
f 9079//3027 9080//3027 9081//3027
v 0.00152306806 -0.00801744871 -0.0129926139
v 0.00144438597 -0.0068583847 -0.0129614584
v 0.0014895238 -0.00687423255 -0.012993237
vn -0.579679132 -0.017453162 -0.814657927
f 9082//3028 9083//3028 9084//3028
v 6.69233123e-05 0.00627371436 -0.0122626014
v -7.07356812e-05 0.00607194426 -0.0121603236
v -0.00387817668 0.00798809435 -0.0094920313
vn -0.579694033 -0.0174482595 -0.814647377
f 9085//3029 9086//3029 9087//3029
v -0.00387817668 0.00798809435 -0.0094920313
v -7.07356812e-05 0.00607194426 -0.0121603236
v -0.00041319069 0.00556998607 -0.0119058779
vn -0.579696715 -0.0174565576 -0.81464529
f 9088//3030 9089//3030 9090//3030
v -0.00387817668 0.00798809435 -0.0094920313
v -0.00041319069 0.00556998607 -0.0119058779
v -0.000438896852 0.0055323136 -0.0118867829
vn -0.579669535 -0.0173969381 -0.814665914
f 9091//3031 9092//3031 9093//3031
v -0.00569644803 0.00801745243 -0.00800524466
v -0.00378917321 0.00801745243 -0.00936244521
v -0.0057421634 0.00350000011 -0.00806949101
vn -0.579695344 0.0174521245 -0.814646363
f 9094//3032 9095//3032 9096//3032
v -0.0057421634 0.00350000011 -0.00806949101
v -0.00378917321 0.00801745243 -0.00936244521
v -0.00402616663 0.00350000011 -0.00929057784
vn -0.579694808 0.0174517818 -0.81464678
f 9097//3033 9098//3033 9099//3033
v -0.0079420926 0.00449120859 0.00584943127
v -0.0074761943 0.00351745239 0.00649535563
v -0.00711304881 0.00351295131 0.00683650561
vn -0.675381362 0.155105576 0.720973134
f 9100//3034 9101//3034 9102//3034
v -0.00802405551 0.00557561731 -0.00569446292
v -0.00791818649 0.00801745243 -0.00561829889
v -0.00790257286 0.00544232083 -0.0058777947
vn -0.814120233 0.0533333756 -0.578242004
f 9103//3035 9104//3035 9105//3035
v -0.00790257286 0.00544232083 -0.0058777947
v -0.00791818649 0.00801745243 -0.00561829889
v -0.00705107581 0.00801745243 -0.00684220763
vn -0.814812541 0.0532317758 -0.577275395
f 9106//3036 9107//3036 9108//3036
v -0.00790257286 0.00544232083 -0.0058777947
v -0.00705107581 0.00801745243 -0.00684220763
v -0.00771060959 0.00523169432 -0.00616748445
vn -0.814324796 0.0527980216 -0.578002989
f 9109//3037 9110//3037 9111//3037
v -0.00771060959 0.00523169432 -0.00616748445
v -0.00705107581 0.00801745243 -0.00684220763
v -0.00569644803 0.00801745243 -0.00800524466
vn -0.651129425 -0.0295298155 -0.758392036
f 9112//3038 9113//3038 9114//3038
v -0.00771060959 0.00523169432 -0.00616748445
v -0.00569644803 0.00801745243 -0.00800524466
v -0.00638033636 0.00351745239 -0.00757459132
vn -0.70217669 0.0386747979 -0.710951567
f 9115//3039 9116//3039 9117//3039
v -0.00638033636 0.00351745239 -0.00757459132
v -0.00569644803 0.00801745243 -0.00800524466
v -0.0057421634 0.00350000011 -0.00806949101
vn -0.612425089 0.017437607 -0.790336311
f 9118//3040 9119//3040 9120//3040
v -0.00933932699 0.00646509463 0.0031374495
v -0.00930188131 0.00646224199 0.00324693415
v -0.00931351632 0.00801744591 0.00292913499
vn -0.944056034 0.059231326 0.3244223
f 9121//3041 9122//3041 9123//3041
v -0.00931351632 0.00801744591 0.00292913499
v -0.00930188131 0.00646224199 0.00324693415
v -0.00890866295 0.00801744312 0.00414357055
vn -0.947107553 0.0574333146 0.315735161
f 9124//3042 9125//3042 9126//3042
v -0.00890866295 0.00801744312 0.00414357055
v -0.00930188131 0.00646224199 0.00324693415
v -0.00926331524 0.00645372644 0.00335582416
vn -0.94063729 0.0437805876 0.336578041
f 9127//3043 9128//3043 9129//3043
v -0.00890866295 0.00801744312 0.00414357055
v -0.00926331524 0.00645372644 0.00335582416
v -0.00877570082 0.00801744219 0.00436096685
vn -0.851047158 -0.0691969842 0.520509899
f 9130//3044 9131//3044 9132//3044
v -0.00877570082 0.00801744219 0.00436096685
v -0.00926331524 0.00645372644 0.00335582416
v -0.00885264575 0.00611379743 0.00433353055
vn -0.917575717 0.0313761085 0.396321088
f 9133//3045 9134//3045 9135//3045
v -0.00877570082 0.00801744219 0.00436096685
v -0.00885264575 0.00611379743 0.00433353055
v -0.00774670206 0.00801743753 0.00604335358
vn -0.852774739 0.0269515142 0.521583021
f 9136//3046 9137//3046 9138//3046
v -0.00774670206 0.00801743753 0.00604335358
v -0.00885264575 0.00611379743 0.00433353055
v -0.00883852318 0.00610210514 0.00436716061
vn -0.894886732 0.138970628 0.42410481
f 9139//3047 9140//3047 9141//3047
v -0.00774670206 0.00801743753 0.00604335358
v -0.00883852318 0.00610210514 0.00436716061
v -0.00703762518 0.00801743567 0.00676577259
vn -0.69896096 -0.201956972 0.686051726
f 9142//3048 9143//3048 9144//3048
v -0.00703762518 0.00801743567 0.00676577259
v -0.00883852318 0.00610210514 0.00436716061
v -0.00840088818 0.00539172953 0.00516012171
vn -0.831740856 0.0976410583 0.54651016
f 9145//3049 9146//3049 9147//3049
v -0.00703762518 0.00801743567 0.00676577259
v -0.00840088818 0.00539172953 0.00516012171
v -0.00827579573 0.00518868212 0.00538677443
vn -0.831738591 0.097637333 0.546514332
f 9148//3050 9149//3050 9150//3050
v -0.00827579573 0.00518868212 0.00538677443
v -0.0079420926 0.00449120859 0.00584943127
v -0.00703762518 0.00801743567 0.00676577259
vn -0.781772017 0.0387940519 0.622356415
f 9151//3051 9152//3051 9153//3051
v -0.00703762518 0.00801743567 0.00676577259
v -0.0079420926 0.00449120859 0.00584943127
v -0.00711304881 0.00351295131 0.00683650561
vn -0.754231632 0.0229332428 0.6562078
f 9154//3052 9155//3052 9156//3052
v -0.00703762518 0.00801743567 0.00676577259
v -0.00711304881 0.00351295131 0.00683650561
v -0.00701286225 0.00801743567 0.00679100305
vn -0.713501394 0.0229432806 0.700278044
f 9157//3053 9158//3053 9159//3053
v -0.00701286225 0.00801743567 0.00679100305
v -0.00711304881 0.00351295131 0.00683650561
v -0.00601395918 0.00349932816 0.00786903221
vn -0.684369206 0.0225833114 0.728785813
f 9160//3054 9161//3054 9162//3054
v -0.000472148677 0.00350000011 0.00989273656
v -0.000234057588 0.00801741891 0.00982235745
v -0.000869458832 0.00349999568 0.00983293634
vn -0.148794904 0.0232439749 0.98859483
f 9163//3055 9164//3055 9165//3055
v -0.000869458832 0.00349999568 0.00983293634
v -0.000234057588 0.00801741891 0.00982235745
v -0.00180833368 0.00801742263 0.00962399784
vn -0.124987468 0.0199032016 0.991958678
f 9166//3056 9167//3056 9168//3056
v -0.000869458832 0.00349999568 0.00983293634
v -0.00180833368 0.00801742263 0.00962399784
v -0.00246073562 0.00349997752 0.00959343277
vn -0.148817942 0.0148021895 0.988753796
f 9169//3057 9170//3057 9171//3057
v -0.00246073562 0.00349997752 0.00959343277
v -0.00180833368 0.00801742263 0.00962399784
v -0.00220980938 0.00801742356 0.00957341213
vn -0.125002503 0.0113402214 0.992091596
f 9172//3058 9173//3058 9174//3058
v -0.00246073562 0.00349997752 0.00959343277
v -0.00220980938 0.00801742356 0.00957341213
v -0.00332345301 0.00350006693 0.00927628018
vn -0.344947726 0.0233190507 0.9383322
f 9175//3059 9176//3059 9177//3059
v -0.00332345301 0.00350006693 0.00927628018
v -0.00220980938 0.00801742356 0.00957341213
v -0.00329310936 0.00801742636 0.00918968767
vn -0.333820999 0.0203072987 0.942417741
f 9178//3060 9179//3060 9180//3060
v -0.00332345301 0.00350006693 0.00927628018
v -0.00329310936 0.00801742636 0.00918968767
v -0.00433890382 0.0035001724 0.00890297908
vn -0.344971061 0.020305058 0.938393652
f 9181//3061 9182//3061 9183//3061
v -0.00433890382 0.0035001724 0.00890297908
v -0.00329310936 0.00801742636 0.00918968767
v -0.00430896692 0.00801742822 0.00882985163
vn -0.33384037 0.0174696017 0.942467749
f 9184//3062 9185//3062 9186//3062
v -0.00433890382 0.0035001724 0.00890297908
v -0.00430896692 0.00801742822 0.00882985163
v -0.00490126107 0.00349988905 0.0085558556
vn -0.525185525 0.0172539372 0.850812852
f 9187//3063 9188//3063 9189//3063
v -0.00490126107 0.00349988905 0.0085558556
v -0.00430896692 0.00801742822 0.00882985163
v -0.00463456335 0.00801742915 0.00862226915
vn -0.537483752 0.0193370394 0.843052387
f 9190//3064 9191//3064 9192//3064
v -0.00490126107 0.00349988905 0.0085558556
v -0.00463456335 0.00801742915 0.00862226915
v -0.00601395918 0.00349932816 0.00786903221
vn -0.525171161 0.0184963197 0.850795567
f 9193//3065 9194//3065 9195//3065
v -0.00601395918 0.00349932816 0.00786903221
v -0.00463456335 0.00801742915 0.00862226915
v -0.00618675677 0.00801743288 0.00763266394
vn -0.537439942 0.0235461313 0.842973232
f 9196//3066 9197//3066 9198//3066
v -0.00601395918 0.00349932816 0.00786903221
v -0.00618675677 0.00801743288 0.00763266394
v -0.00701286225 0.00801743567 0.00679100305
vn -0.713639677 0.00935107656 0.70045054
f 9199//3067 9200//3067 9201//3067
v -0.00933932699 0.00646509463 0.0031374495
v -0.00931351632 0.00801744591 0.00292913499
v -0.00937953312 0.00646509463 0.00295280199
vn -0.97612524 0.0447518155 0.212548196
f 9202//3068 9203//3068 9204//3068
v -0.00937953312 0.00646509463 0.00295280199
v -0.00931351632 0.00801744591 0.00292913499
v -0.00961294584 0.00801744778 0.00203092885
vn -0.947708428 0.0451195166 0.315931976
f 9205//3069 9206//3069 9207//3069
v -0.00937953312 0.00646509463 0.00295280199
v -0.00961294584 0.00801744778 0.00203092885
v -0.00979829486 0.0064650951 0.00102963124
vn -0.976897836 -0.0205654055 0.212714985
f 9208//3070 9209//3070 9210//3070
v -0.00802405551 0.00557561731 -0.00569446292
v -0.00856965501 0.00617425516 -0.00487111462
v -0.00791818649 0.00801745243 -0.00561829889
vn -0.814110696 0.0533333831 -0.578255475
f 9211//3071 9212//3071 9213//3071
v -0.00791818649 0.00801745243 -0.00561829889
v -0.00856965501 0.00617425516 -0.00487111462
v -0.00858306605 0.00618124567 -0.00484316936
vn -0.881451726 0.127167821 -0.454830945
f 9214//3072 9215//3072 9216//3072
v -0.00791818649 0.00801745243 -0.00561829889
v -0.00858306605 0.00618124567 -0.00484316936
v -0.00879327115 0.00801745243 -0.00438313233
vn -0.814893246 0.0513555221 -0.577331424
f 9217//3073 9218//3073 9219//3073
v -0.00961294584 0.00801744778 0.00203092885
v -0.00966366287 0.00801744871 0.00149763806
v -0.00979829486 0.0064650951 0.00102963124
vn -0.993849754 0.0576984845 0.0945171937
f 9220//3074 9221//3074 9222//3074
v -0.00979829486 0.0064650951 0.00102963124
v -0.00966366287 0.00801744871 0.00149763806
v -0.00982344989 0.00801745243 -0.000182572068
vn -0.993849993 0.05769936 0.0945143551
f 9223//3075 9224//3075 9225//3075
v -0.00979829486 0.0064650951 0.00102963124
v -0.00982344989 0.00801745243 -0.000182572068
v -0.00973531604 0.0064650951 -0.00151337311
vn -0.999063015 -0.0355100706 -0.0247422121
f 9226//3076 9227//3076 9228//3076
v -0.00973531604 0.0064650951 -0.00151337311
v -0.00982344989 0.00801745243 -0.000182572068
v -0.00970815588 0.00801745243 -0.00151167263
vn -0.996105731 0.0175226554 -0.0864081606
f 9229//3077 9230//3077 9231//3077
v -0.00973531604 0.0064650951 -0.00151337311
v -0.00970815588 0.00801745243 -0.00151167263
v -0.00973037351 0.0064650951 -0.00153152272
vn -0.964720428 0.017166663 -0.262716264
f 9232//3078 9233//3078 9234//3078
v -0.00973037351 0.0064650951 -0.00153152272
v -0.00970815588 0.00801745243 -0.00151167263
v -0.00970324129 0.00801745243 -0.00152710069
vn -0.952682555 0.0175153911 -0.303461999
f 9235//3079 9236//3079 9237//3079
v -0.00973037351 0.0064650951 -0.00153152272
v -0.00970324129 0.00801745243 -0.00152710069
v -0.00915734749 0.0064650951 -0.00363450637
vn -0.964674175 0.0176093113 -0.262856662
f 9238//3080 9239//3080 9240//3080
v -0.00915734749 0.0064650951 -0.00363450637
v -0.00970324129 0.00801745243 -0.00152710069
v -0.00879327115 0.00801745243 -0.00438313233
vn -0.949990153 0.0768349692 -0.302679777
f 9241//3081 9242//3081 9243//3081
v -0.00915734749 0.0064650951 -0.00363450637
v -0.00879327115 0.00801745243 -0.00438313233
v -0.00912687555 0.00646461453 -0.00371037819
vn -0.927209973 0.0377567932 -0.372633994
f 9244//3082 9245//3082 9246//3082
v -0.00912687555 0.00646461453 -0.00371037819
v -0.00879327115 0.00801745243 -0.00438313233
v -0.00858306605 0.00618124567 -0.00484316936
vn -0.90094316 0.00557020865 -0.43390131
f 9247//3083 9248//3083 9249//3083
v 0.174919635 -0.00899999961 0.00621418422
v 0.175139308 -0.00899999961 0.00624729134
v 0.175973669 -0.00899999961 0.0118787717
vn -1.1903102e-15 -1 -1.66915108e-16
f 9250//3084 9251//3084 9252//3084
v -5.01432951e-05 -0.00899999961 0.00296231289
v 0.000169526043 -0.00899999961 0.00299541978
v 0.00111354992 -0.00899999961 0.00863169041
vn -1.1903102e-15 -1 -1.66915108e-16
f 9253//3085 9254//3085 9255//3085
v 0.175973669 -0.00899999961 0.0118787717
v 0.175139308 -0.00899999961 0.00624729134
v 0.176135391 -0.00899999961 0.0118765747
vn -1.1903102e-15 -1 -1.66915108e-16
f 9256//3086 9257//3086 9258//3086
v 0.176135391 -0.00899999961 0.0118765747
v 0.175139308 -0.00899999961 0.00624729134
v 0.176347882 -0.00899999961 0.00591713656
vn -1.1903102e-15 -1 -1.66915108e-16
f 9259//3087 9260//3087 9261//3087
v 0.176135391 -0.00899999961 0.0118765747
v 0.176347882 -0.00899999961 0.00591713656
v 0.177908435 -0.00899999961 0.0114438469
vn -1.1903102e-15 -1 -1.66915108e-16
f 9262//3088 9263//3088 9264//3088
v 0.18177782 -0.00899999961 -0.00216993038
v 0.00299948221 -0.00899999961 5.57463682e-05
v 0.00276852306 -0.00899999961 -0.00115576165
vn -1.1903102e-15 -1 -1.66915108e-16
f 9265//3089 9266//3089 9267//3089
v -0.00504591549 -0.00899999961 -0.00709104445
v 0.00210275804 -0.00899999961 -0.0121779675
v -0.000169523075 -0.00899999961 -0.00299541978
vn -1.1903102e-15 -1 -1.66915108e-16
f 9268//3090 9269//3090 9270//3090
v 0.00104420562 -0.00899999961 -0.00281249546
v 0.0044979169 -0.00899999961 -0.0129186502
v 0.0015152616 -0.00899999961 -0.00251745502
vn -1.1903102e-15 -1 -1.66915108e-16
f 9271//3091 9272//3091 9273//3091
v 0.0015152616 -0.00899999961 -0.00251745502
v 0.0044979169 -0.00899999961 -0.0129186502
v 0.00207474804 -0.00899999961 -0.00216702744
vn -1.1903102e-15 -1 -1.66915108e-16
f 9274//3092 9275//3092 9276//3092
v 0.176485047 -0.00899999961 0.000734416186
v 0.176013991 -0.00899999961 0.000439375843
v 0.18177782 -0.00899999961 -0.00216993038
vn -1.1903102e-15 -1 -1.66915108e-16
f 9277//3093 9278//3093 9279//3093
v 0.177230075 -0.00899999961 0.00522493897
v 0.180855095 -0.00899999961 0.00959448889
v 0.176412597 -0.00899999961 0.00586635526
vn -1.1903102e-15 -1 -1.66915108e-16
f 9280//3094 9281//3094 9282//3094
v 0.176412597 -0.00899999961 0.00586635526
v 0.180855095 -0.00899999961 0.00959448889
v 0.17972444 -0.00899999961 0.0105414875
vn -1.1903102e-15 -1 -1.66915108e-16
f 9283//3095 9284//3095 9285//3095
v 0.176412597 -0.00899999961 0.00586635526
v 0.17972444 -0.00899999961 0.0105414875
v 0.176347882 -0.00899999961 0.00591713656
vn -1.1903102e-15 -1 -1.66915108e-16
f 9286//3096 9287//3096 9288//3096
v 0.176347882 -0.00899999961 0.00591713656
v 0.17972444 -0.00899999961 0.0105414875
v 0.178586438 -0.00899999961 0.0111069521
vn -1.1903102e-15 -1 -1.66915108e-16
f 9289//3097 9290//3097 9291//3097
v 0.176347882 -0.00899999961 0.00591713656
v 0.178586438 -0.00899999961 0.0111069521
v 0.177908435 -0.00899999961 0.0114438469
vn -1.1903102e-15 -1 -1.66915108e-16
f 9292//3098 9293//3098 9294//3098
v 0.177969262 -0.00899999961 0.00330761774
v 0.183474079 -0.00899999961 0.00489760283
v 0.177823052 -0.00899999961 0.00417939387
vn -1.1903102e-15 -1 -1.66915108e-16
f 9295//3099 9296//3099 9297//3099
v 0.177823052 -0.00899999961 0.00417939387
v 0.183474079 -0.00899999961 0.00489760283
v 0.183382645 -0.00899999961 0.00548075791
vn -1.1903102e-15 -1 -1.66915108e-16
f 9298//3100 9299//3100 9300//3100
v 0.177823052 -0.00899999961 0.00417939387
v 0.183382645 -0.00899999961 0.00548075791
v 0.177487791 -0.00899999961 0.00477053784
vn -1.1903102e-15 -1 -1.66915108e-16
f 9301//3101 9302//3101 9303//3101
v 0.177487791 -0.00899999961 0.00477053784
v 0.183382645 -0.00899999961 0.00548075791
v 0.182569563 -0.00899999961 0.00749320677
vn -1.1903102e-15 -1 -1.66915108e-16
f 9304//3102 9305//3102 9306//3102
v 0.177487791 -0.00899999961 0.00477053784
v 0.182569563 -0.00899999961 0.00749320677
v 0.177230075 -0.00899999961 0.00522493897
vn -1.1903102e-15 -1 -1.66915108e-16
f 9307//3103 9308//3103 9309//3103
v 0.177230075 -0.00899999961 0.00522493897
v 0.182569563 -0.00899999961 0.00749320677
v 0.181312621 -0.00899999961 0.00921128131
vn -1.1903102e-15 -1 -1.66915108e-16
f 9310//3104 9311//3104 9312//3104
v 0.177230075 -0.00899999961 0.00522493897
v 0.181312621 -0.00899999961 0.00921128131
v 0.180855095 -0.00899999961 0.00959448889
vn -1.1903102e-15 -1 -1.66915108e-16
f 9313//3105 9314//3105 9315//3105
v 0.180275708 -0.00899999961 -0.0036467805
v 0.172192305 -0.00899999961 -0.0095775323
v 0.173320979 -0.00899999961 -0.00899581984
vn -1.1903102e-15 -1 -1.66915108e-16
f 9316//3106 9317//3106 9318//3106
v 0.173320979 -0.00899999961 -0.00899581984
v 0.172192305 -0.00899999961 -0.0095775323
v 0.172350571 -0.00899999961 -0.00954587758
vn -1.1903102e-15 -1 -1.66915108e-16
f 9319//3107 9320//3107 9321//3107
v 0.180275708 -0.00899999961 -0.0036467805
v 0.181254491 -0.00899999961 -0.00268445746
v 0.172192305 -0.00899999961 -0.0095775323
vn -1.1903102e-15 -1 -1.66915108e-16
f 9322//3108 9323//3108 9324//3108
v 0.172192305 -0.00899999961 -0.0095775323
v 0.181254491 -0.00899999961 -0.00268445746
v 0.18177782 -0.00899999961 -0.00216993038
vn -1.1903102e-15 -1 -1.66915108e-16
f 9325//3109 9326//3109 9327//3109
v 0.172192305 -0.00899999961 -0.0095775323
v 0.18177782 -0.00899999961 -0.00216993038
v 0.170955002 -0.00899999961 -0.00982499029
vn -1.1903102e-15 -1 -1.66915108e-16
f 9328//3110 9329//3110 9330//3110
v 0.170955002 -0.00899999961 -0.00982499029
v 0.18177782 -0.00899999961 -0.00216993038
v 0.00276852306 -0.00899999961 -0.00115576165
vn -1.1903102e-15 -1 -1.66915108e-16
f 9331//3111 9332//3111 9333//3111
v 0.170955002 -0.00899999961 -0.00982499029
v 0.00276852306 -0.00899999961 -0.00115576165
v 0.0044979169 -0.00899999961 -0.0129186502
vn -1.1903102e-15 -1 -1.66915108e-16
f 9334//3112 9335//3112 9336//3112
v 0.0044979169 -0.00899999961 -0.0129186502
v 0.00276852306 -0.00899999961 -0.00115576165
v 0.0025848113 -0.00899999961 -0.00142354774
vn -1.1903102e-15 -1 -1.66915108e-16
f 9337//3113 9338//3113 9339//3113
v 0.0044979169 -0.00899999961 -0.0129186502
v 0.0025848113 -0.00899999961 -0.00142354774
v 0.00207474804 -0.00899999961 -0.00216702744
vn -1.1903102e-15 -1 -1.66915108e-16
f 9340//3114 9341//3114 9342//3114
v 0.00339036924 -0.00899999961 -0.012783573
v 0.0044979169 -0.00899999961 -0.0129186502
v 0.00325817242 -0.00899999961 -0.0127213979
vn -1.1903102e-15 -1 -1.66915108e-16
f 9343//3115 9344//3115 9345//3115
v 0.00325817242 -0.00899999961 -0.0127213979
v 0.0044979169 -0.00899999961 -0.0129186502
v 0.00104420562 -0.00899999961 -0.00281249546
vn -1.1903102e-15 -1 -1.66915108e-16
f 9346//3116 9347//3116 9348//3116
v 0.00325817242 -0.00899999961 -0.0127213979
v 0.00104420562 -0.00899999961 -0.00281249546
v 0.00210275804 -0.00899999961 -0.0121779675
vn -1.1903102e-15 -1 -1.66915108e-16
f 9349//3117 9350//3117 9351//3117
v 0.00210275804 -0.00899999961 -0.0121779675
v 0.00104420562 -0.00899999961 -0.00281249546
v 5.01462746e-05 -0.00899999961 -0.00296231289
vn -1.1903102e-15 -1 -1.66915108e-16
f 9352//3118 9353//3118 9354//3118
v 0.00210275804 -0.00899999961 -0.0121779675
v 5.01462746e-05 -0.00899999961 -0.00296231289
v -0.000169523075 -0.00899999961 -0.00299541978
vn -1.1903102e-15 -1 -1.66915108e-16
f 9355//3119 9356//3119 9357//3119
v 0.182898745 -0.00899999961 -0.000336686382
v 0.183526099 -0.00899999961 0.00165979448
v 0.177738309 -0.00899999961 0.00209610979
vn -1.1903102e-15 -1 -1.66915108e-16
f 9358//3120 9359//3120 9360//3120
v 0.177738309 -0.00899999961 0.00209610979
v 0.183526099 -0.00899999961 0.00165979448
v 0.183559746 -0.00899999961 0.0021693008
vn -1.1903102e-15 -1 -1.66915108e-16
f 9361//3121 9362//3121 9363//3121
v 0.177738309 -0.00899999961 0.00209610979
v 0.183559746 -0.00899999961 0.0021693008
v 0.177969262 -0.00899999961 0.00330761774
vn -1.1903102e-15 -1 -1.66915108e-16
f 9364//3122 9365//3122 9366//3122
v 0.177969262 -0.00899999961 0.00330761774
v 0.183559746 -0.00899999961 0.0021693008
v 0.183661103 -0.00899999961 0.0037047381
vn -1.1903102e-15 -1 -1.66915108e-16
f 9367//3123 9368//3123 9369//3123
v 0.177969262 -0.00899999961 0.00330761774
v 0.183661103 -0.00899999961 0.0037047381
v 0.183474079 -0.00899999961 0.00489760283
vn -1.1903102e-15 -1 -1.66915108e-16
f 9370//3124 9371//3124 9372//3124
v 0.00111354992 -0.00899999961 0.00863169041
v 0.000169526043 -0.00899999961 0.00299541978
v 0.0012720197 -0.00899999961 0.00859087706
vn -1.1903102e-15 -1 -1.66915108e-16
f 9373//3125 9374//3125 9375//3125
v -0.0010442026 -0.00899999961 0.00281249546
v -0.00400861772 -0.00899999961 0.00767660793
v -0.00151525869 -0.00899999961 0.00251745526
vn -1.1903102e-15 -1 -1.66915108e-16
f 9376//3126 9377//3126 9378//3126
v -0.00151525869 -0.00899999961 0.00251745526
v -0.00400861772 -0.00899999961 0.00767660793
v -0.00459117582 -0.00899999961 0.0073935953
vn -1.1903102e-15 -1 -1.66915108e-16
f 9379//3127 9380//3127 9381//3127
v -0.00151525869 -0.00899999961 0.00251745526
v -0.00459117582 -0.00899999961 0.0073935953
v -0.00207474502 -0.00899999961 0.00216702744
vn -1.1903102e-15 -1 -1.66915108e-16
f 9382//3128 9383//3128 9384//3128
v -0.00207474502 -0.00899999961 0.00216702744
v -0.00459117582 -0.00899999961 0.0073935953
v -0.00627796771 -0.00899999961 0.00602765335
vn -1.1903102e-15 -1 -1.66915108e-16
f 9385//3129 9386//3129 9387//3129
v -0.00207474502 -0.00899999961 0.00216702744
v -0.00627796771 -0.00899999961 0.00602765335
v -0.00258480827 -0.00899999961 0.00142354774
vn -1.1903102e-15 -1 -1.66915108e-16
f 9388//3130 9389//3130 9390//3130
v -0.00258480827 -0.00899999961 0.00142354774
v -0.00627796771 -0.00899999961 0.00602765335
v -0.00755347637 -0.00899999961 0.00432331627
vn -1.1903102e-15 -1 -1.66915108e-16
f 9391//3131 9392//3131 9393//3131
v -0.00258480827 -0.00899999961 0.00142354774
v -0.00755347637 -0.00899999961 0.00432331627
v -0.00276852772 -0.00899999961 0.00115576154
vn -1.1903102e-15 -1 -1.66915108e-16
f 9394//3132 9395//3132 9396//3132
v 0.00111354992 -0.00899999961 0.00863169041
v -0.000979117001 -0.00899999961 0.00864792708
v -5.01432951e-05 -0.00899999961 0.00296231289
vn -1.1903102e-15 -1 -1.66915108e-16
f 9397//3133 9398//3133 9399//3133
v -5.01432951e-05 -0.00899999961 0.00296231289
v -0.000979117001 -0.00899999961 0.00864792708
v -0.00143634155 -0.00899999961 0.0085404925
vn -1.1903102e-15 -1 -1.66915108e-16
f 9400//3134 9401//3134 9402//3134
v -5.01432951e-05 -0.00899999961 0.00296231289
v -0.00143634155 -0.00899999961 0.0085404925
v -0.0010442026 -0.00899999961 0.00281249546
vn -1.1903102e-15 -1 -1.66915108e-16
f 9403//3135 9404//3135 9405//3135
v -0.0010442026 -0.00899999961 0.00281249546
v -0.00143634155 -0.00899999961 0.0085404925
v -0.00297417445 -0.00899999961 0.00817914866
vn -1.1903102e-15 -1 -1.66915108e-16
f 9406//3136 9407//3136 9408//3136
v -0.0010442026 -0.00899999961 0.00281249546
v -0.00297417445 -0.00899999961 0.00817914866
v -0.00400861772 -0.00899999961 0.00767660793
vn -1.1903102e-15 -1 -1.66915108e-16
f 9409//3137 9410//3137 9411//3137
v -0.000169523075 -0.00899999961 -0.00299541978
v -0.0013780999 -0.00899999961 -0.002665265
v -0.00504591549 -0.00899999961 -0.00709104445
vn -1.1903102e-15 -1 -1.66915108e-16
f 9412//3138 9413//3138 9414//3138
v -0.00504591549 -0.00899999961 -0.00709104445
v -0.0013780999 -0.00899999961 -0.002665265
v -0.00144281669 -0.00899999961 -0.00261448394
vn -1.1903102e-15 -1 -1.66915108e-16
f 9415//3139 9416//3139 9417//3139
v -0.00504591549 -0.00899999961 -0.00709104445
v -0.00144281669 -0.00899999961 -0.00261448394
v -0.00555104436 -0.00899999961 -0.00670310762
vn -1.1903102e-15 -1 -1.66915108e-16
f 9418//3140 9419//3140 9420//3140
v -0.00555104436 -0.00899999961 -0.00670310762
v -0.00144281669 -0.00899999961 -0.00261448394
v -0.0022602845 -0.00899999961 -0.00197306764
vn -1.1903102e-15 -1 -1.66915108e-16
f 9421//3141 9422//3141 9423//3141
v -0.00555104436 -0.00899999961 -0.00670310762
v -0.0022602845 -0.00899999961 -0.00197306764
v -0.00605318649 -0.00899999961 -0.00617636228
vn -1.1903102e-15 -1 -1.66915108e-16
f 9424//3142 9425//3142 9426//3142
v -0.00605318649 -0.00899999961 -0.00617636228
v -0.0022602845 -0.00899999961 -0.00197306764
v -0.00696083577 -0.00899999961 -0.00522424141
vn -1.1903102e-15 -1 -1.66915108e-16
f 9427//3143 9428//3143 9429//3143
v 0.182898745 -0.00899999961 -0.000336686382
v 0.177738309 -0.00899999961 0.00209610979
v 0.182826146 -0.00899999961 -0.000455418107
vn -1.1903102e-15 -1 -1.66915108e-16
f 9430//3144 9431//3144 9432//3144
v 0.182826146 -0.00899999961 -0.000455418107
v 0.177738309 -0.00899999961 0.00209610979
v 0.177554592 -0.00899999961 0.00182832358
vn -1.1903102e-15 -1 -1.66915108e-16
f 9433//3145 9434//3145 9435//3145
v 0.182826146 -0.00899999961 -0.000455418107
v 0.177554592 -0.00899999961 0.00182832358
v 0.18177782 -0.00899999961 -0.00216993038
vn -1.1903102e-15 -1 -1.66915108e-16
f 9436//3146 9437//3146 9438//3146
v 0.18177782 -0.00899999961 -0.00216993038
v 0.177554592 -0.00899999961 0.00182832358
v 0.177044526 -0.00899999961 0.00108484388
vn -1.1903102e-15 -1 -1.66915108e-16
f 9439//3147 9440//3147 9441//3147
v 0.18177782 -0.00899999961 -0.00216993038
v 0.177044526 -0.00899999961 0.00108484388
v 0.176485047 -0.00899999961 0.000734416186
vn -1.1903102e-15 -1 -1.66915108e-16
f 9442//3148 9443//3148 9444//3148
v 0.171970308 -0.00899999961 0.00319612492
v 0.172201261 -0.00899999961 0.0044076331
v 0.164575353 -0.00899999961 0.00623682979
vn -1.1903102e-15 -1 -1.66915108e-16
f 9445//3149 9446//3149 9447//3149
v 0.164575353 -0.00899999961 0.00623682979
v 0.172201261 -0.00899999961 0.0044076331
v 0.172384977 -0.00899999961 0.00467541907
vn -1.1903102e-15 -1 -1.66915108e-16
f 9448//3150 9449//3150 9450//3150
v 0.164575353 -0.00899999961 0.00623682979
v 0.172384977 -0.00899999961 0.00467541907
v 0.169663876 -0.00899999961 0.0101505239
vn -1.1903102e-15 -1 -1.66915108e-16
f 9451//3151 9452//3151 9453//3151
v 0.169663876 -0.00899999961 0.0101505239
v 0.172384977 -0.00899999961 0.00467541907
v 0.172895029 -0.00899999961 0.005418899
vn -1.1903102e-15 -1 -1.66915108e-16
f 9454//3152 9455//3152 9456//3152
v 0.169663876 -0.00899999961 0.0101505239
v 0.172895029 -0.00899999961 0.005418899
v 0.170182541 -0.00899999961 0.0105201602
vn -1.1903102e-15 -1 -1.66915108e-16
f 9457//3153 9458//3153 9459//3153
v 0.170182541 -0.00899999961 0.0105201602
v 0.172895029 -0.00899999961 0.005418899
v 0.173454523 -0.00899999961 0.00576932635
vn -1.1903102e-15 -1 -1.66915108e-16
f 9460//3154 9461//3154 9462//3154
v 0.170182541 -0.00899999961 0.0105201602
v 0.173454523 -0.00899999961 0.00576932635
v 0.170693889 -0.00899999961 0.0107765654
vn -1.1903102e-15 -1 -1.66915108e-16
f 9463//3155 9464//3155 9465//3155
v 0.170693889 -0.00899999961 0.0107765654
v 0.173454523 -0.00899999961 0.00576932635
v 0.173925579 -0.00899999961 0.00606436701
vn -1.1903102e-15 -1 -1.66915108e-16
f 9466//3156 9467//3156 9468//3156
v 0.175973669 -0.00899999961 0.0118787717
v 0.174038425 -0.00899999961 0.0119050639
v 0.174919635 -0.00899999961 0.00621418422
vn -1.1903102e-15 -1 -1.66915108e-16
f 9469//3157 9470//3157 9471//3157
v 0.174919635 -0.00899999961 0.00621418422
v 0.174038425 -0.00899999961 0.0119050639
v 0.173250601 -0.00899999961 0.0117229642
vn -1.1903102e-15 -1 -1.66915108e-16
f 9472//3158 9473//3158 9474//3158
v 0.174919635 -0.00899999961 0.00621418422
v 0.173250601 -0.00899999961 0.0117229642
v 0.173925579 -0.00899999961 0.00606436701
vn -1.1903102e-15 -1 -1.66915108e-16
f 9475//3159 9476//3159 9477//3159
v 0.173925579 -0.00899999961 0.00606436701
v 0.173250601 -0.00899999961 0.0117229642
v 0.172008961 -0.00899999961 0.0114359716
vn -1.1903102e-15 -1 -1.66915108e-16
f 9478//3160 9479//3160 9480//3160
v 0.173925579 -0.00899999961 0.00606436701
v 0.172008961 -0.00899999961 0.0114359716
v 0.170693889 -0.00899999961 0.0107765654
vn -1.1903102e-15 -1 -1.66915108e-16
f 9481//3161 9482//3161 9483//3161
v -0.00696083577 -0.00899999961 -0.00522424141
v -0.0022602845 -0.00899999961 -0.00197306764
v -0.00766801136 -0.00899999961 -0.0040001059
vn -1.1903102e-15 -1 -1.66915108e-16
f 9484//3162 9485//3162 9486//3162
v -0.00766801136 -0.00899999961 -0.0040001059
v -0.0022602845 -0.00899999961 -0.00197306764
v -0.00251800218 -0.00899999961 -0.00151866651
vn -1.1903102e-15 -1 -1.66915108e-16
f 9487//3163 9488//3163 9489//3163
v -0.00766801136 -0.00899999961 -0.0040001059
v -0.00251800218 -0.00899999961 -0.00151866651
v -0.00800278131 -0.00899999961 -0.00342061557
vn -1.1903102e-15 -1 -1.66915108e-16
f 9490//3164 9491//3164 9492//3164
v -0.00800278131 -0.00899999961 -0.00342061557
v -0.00251800218 -0.00899999961 -0.00151866651
v -0.00285327155 -0.00899999961 -0.000927522255
vn -1.1903102e-15 -1 -1.66915108e-16
f 9493//3165 9494//3165 9495//3165
v -0.00800278131 -0.00899999961 -0.00342061557
v -0.00285327155 -0.00899999961 -0.000927522255
v -0.0085886335 -0.00899999961 -0.00140694459
vn -1.1903102e-15 -1 -1.66915108e-16
f 9496//3166 9497//3166 9498//3166
v -0.0085886335 -0.00899999961 -0.00140694459
v -0.00285327155 -0.00899999961 -0.000927522255
v -0.00299947918 -0.00899999961 -5.57463136e-05
vn -1.1903102e-15 -1 -1.66915108e-16
f 9499//3167 9500//3167 9501//3167
v -0.0085886335 -0.00899999961 -0.00140694459
v -0.00299947918 -0.00899999961 -5.57463136e-05
v -0.00869320799 -0.00899999961 0.000415150862
vn -1.1903102e-15 -1 -1.66915108e-16
f 9502//3168 9503//3168 9504//3168
v -0.00755347637 -0.00899999961 0.00432331627
v -0.00775104947 -0.00899999961 0.00385670224
v -0.00276852772 -0.00899999961 0.00115576154
vn -1.1903102e-15 -1 -1.66915108e-16
f 9505//3169 9506//3169 9507//3169
v -0.00276852772 -0.00899999961 0.00115576154
v -0.00775104947 -0.00899999961 0.00385670224
v -0.00836122222 -0.00899999961 0.00241562212
vn -1.1903102e-15 -1 -1.66915108e-16
f 9508//3170 9509//3170 9510//3170
v -0.00276852772 -0.00899999961 0.00115576154
v -0.00836122222 -0.00899999961 0.00241562212
v -0.00299947918 -0.00899999961 -5.57463136e-05
vn -1.1903102e-15 -1 -1.66915108e-16
f 9511//3171 9512//3171 9513//3171
v -0.00299947918 -0.00899999961 -5.57463136e-05
v -0.00836122222 -0.00899999961 0.00241562212
v -0.00855180901 -0.00899999961 0.00126718997
vn -1.1903102e-15 -1 -1.66915108e-16
f 9514//3172 9515//3172 9516//3172
v -0.00299947918 -0.00899999961 -5.57463136e-05
v -0.00855180901 -0.00899999961 0.00126718997
v -0.00869320799 -0.00899999961 0.000415150862
vn -1.1903102e-15 -1 -1.66915108e-16
f 9517//3173 9518//3173 9519//3173
v 0.0012720197 -0.00899999961 0.00859087706
v 0.000169526043 -0.00899999961 0.00299541978
v 0.00319441431 -0.00899999961 0.00809574593
vn -1.1903102e-15 -1 -1.66915108e-16
f 9520//3174 9521//3174 9522//3174
v 0.00319441431 -0.00899999961 0.00809574593
v 0.000169526043 -0.00899999961 0.00299541978
v 0.00137810281 -0.00899999961 0.002665265
vn -1.1903102e-15 -1 -1.66915108e-16
f 9523//3175 9524//3175 9525//3175
v 0.00319441431 -0.00899999961 0.00809574593
v 0.00137810281 -0.00899999961 0.002665265
v 0.00384667446 -0.00899999961 0.0077418033
vn -1.1903102e-15 -1 -1.66915108e-16
f 9526//3176 9527//3176 9528//3176
v 0.00384667446 -0.00899999961 0.0077418033
v 0.00137810281 -0.00899999961 0.002665265
v 0.00144281972 -0.00899999961 0.00261448417
vn -1.1903102e-15 -1 -1.66915108e-16
f 9529//3177 9530//3177 9531//3177
v 0.00384667446 -0.00899999961 0.0077418033
v 0.00144281972 -0.00899999961 0.00261448417
v 0.00504591083 -0.00899999961 0.00709104398
vn -1.1903102e-15 -1 -1.66915108e-16
f 9532//3178 9533//3178 9534//3178
v 0.00504591083 -0.00899999961 0.00709104398
v 0.00144281972 -0.00899999961 0.00261448417
v 0.00226028753 -0.00899999961 0.00197306764
vn -1.1903102e-15 -1 -1.66915108e-16
f 9535//3179 9536//3179 9537//3179
v 0.00504591083 -0.00899999961 0.00709104398
v 0.00226028753 -0.00899999961 0.00197306764
v 0.0102763372 -0.00899999961 0.00336913136
vn -1.1903102e-15 -1 -1.66915108e-16
f 9538//3180 9539//3180 9540//3180
v 0.0138690677 -0.00899999961 0.0022581066
v 0.0121365376 -0.00899999961 0.00248026894
v 0.00299948221 -0.00899999961 5.57463682e-05
vn -1.1903102e-15 -1 -1.66915108e-16
f 9541//3181 9542//3181 9543//3181
v 0.172709495 -0.00899999961 0.00127880368
v 0.172451779 -0.00899999961 0.00173320493
v 0.164575353 -0.00899999961 0.00623682979
vn -1.1903102e-15 -1 -1.66915108e-16
f 9544//3182 9545//3182 9546//3182
v 0.164575353 -0.00899999961 0.00623682979
v 0.172451779 -0.00899999961 0.00173320493
v 0.172116503 -0.00899999961 0.00232434901
vn -1.1903102e-15 -1 -1.66915108e-16
f 9547//3183 9548//3183 9549//3183
v 0.164575353 -0.00899999961 0.00623682979
v 0.172116503 -0.00899999961 0.00232434901
v 0.171970308 -0.00899999961 0.00319612492
vn -1.1903102e-15 -1 -1.66915108e-16
f 9550//3184 9551//3184 9552//3184
v 0.00226028753 -0.00899999961 0.00197306764
v 0.00251799775 -0.00899999961 0.00151866639
v 0.0102763372 -0.00899999961 0.00336913136
vn -1.1903102e-15 -1 -1.66915108e-16
f 9553//3185 9554//3185 9555//3185
v 0.0102763372 -0.00899999961 0.00336913136
v 0.00251799775 -0.00899999961 0.00151866639
v 0.00285327458 -0.00899999961 0.000927522313
vn -1.1903102e-15 -1 -1.66915108e-16
f 9556//3186 9557//3186 9558//3186
v 0.0102763372 -0.00899999961 0.00336913136
v 0.00285327458 -0.00899999961 0.000927522313
v 0.0105488356 -0.00899999961 0.00318673463
vn -1.1903102e-15 -1 -1.66915108e-16
f 9559//3187 9560//3187 9561//3187
v 0.0105488356 -0.00899999961 0.00318673463
v 0.00285327458 -0.00899999961 0.000927522313
v 0.00299948221 -0.00899999961 5.57463682e-05
vn -1.1903102e-15 -1 -1.66915108e-16
f 9562//3188 9563//3188 9564//3188
v 0.0105488356 -0.00899999961 0.00318673463
v 0.00299948221 -0.00899999961 5.57463682e-05
v 0.0119920056 -0.00899999961 0.00254458003
vn -1.1903102e-15 -1 -1.66915108e-16
f 9565//3189 9566//3189 9567//3189
v 0.0119920056 -0.00899999961 0.00254458003
v 0.00299948221 -0.00899999961 5.57463682e-05
v 0.0121365376 -0.00899999961 0.00248026894
vn -1.1903102e-15 -1 -1.66915108e-16
f 9568//3190 9569//3190 9570//3190
v 0.172709495 -0.00899999961 0.00127880368
v 0.164575353 -0.00899999961 0.00623682979
v 0.173526958 -0.00899999961 0.000637387275
vn -1.1903102e-15 -1 -1.66915108e-16
f 9571//3191 9572//3191 9573//3191
v 0.173526958 -0.00899999961 0.000637387275
v 0.164575353 -0.00899999961 0.00623682979
v 0.163050905 -0.00899999961 0.00538510969
vn -1.1903102e-15 -1 -1.66915108e-16
f 9574//3192 9575//3192 9576//3192
v 0.173526958 -0.00899999961 0.000637387275
v 0.163050905 -0.00899999961 0.00538510969
v 0.173591688 -0.00899999961 0.000586606271
vn -1.1903102e-15 -1 -1.66915108e-16
f 9577//3193 9578//3193 9579//3193
v 0.163050905 -0.00899999961 0.00538510969
v 0.162896156 -0.00899999961 0.00535076763
v 0.173591688 -0.00899999961 0.000586606271
vn -1.1903102e-15 -1 -1.66915108e-16
f 9580//3194 9581//3194 9582//3194
v 0.173591688 -0.00899999961 0.000586606271
v 0.162896156 -0.00899999961 0.00535076763
v 0.161354214 -0.00899999961 0.00500856945
vn -1.1903102e-15 -1 -1.66915108e-16
f 9583//3195 9584//3195 9585//3195
v 0.173591688 -0.00899999961 0.000586606271
v 0.161354214 -0.00899999961 0.00500856945
v 0.161026388 -0.00899999961 0.00499307411
vn -1.1903102e-15 -1 -1.66915108e-16
f 9586//3196 9587//3196 9588//3196
v 0.176013991 -0.00899999961 0.000439375843
v 0.175019935 -0.00899999961 0.00028955852
v 0.18177782 -0.00899999961 -0.00216993038
vn -1.1903102e-15 -1 -1.66915108e-16
f 9589//3197 9590//3197 9591//3197
v 0.18177782 -0.00899999961 -0.00216993038
v 0.175019935 -0.00899999961 0.00028955852
v 0.174800262 -0.00899999961 0.000256451545
vn -1.1903102e-15 -1 -1.66915108e-16
f 9592//3198 9593//3198 9594//3198
v 0.18177782 -0.00899999961 -0.00216993038
v 0.174800262 -0.00899999961 0.000256451545
v 0.00299948221 -0.00899999961 5.57463682e-05
vn -1.1903102e-15 -1 -1.66915108e-16
f 9595//3199 9596//3199 9597//3199
v 0.00299948221 -0.00899999961 5.57463682e-05
v 0.174800262 -0.00899999961 0.000256451545
v 0.173591688 -0.00899999961 0.000586606271
vn -1.1903102e-15 -1 -1.66915108e-16
f 9598//3200 9599//3200 9600//3200
v 0.00299948221 -0.00899999961 5.57463682e-05
v 0.173591688 -0.00899999961 0.000586606271
v 0.0138690677 -0.00899999961 0.0022581066
vn -1.1903102e-15 -1 -1.66915108e-16
f 9601//3201 9602//3201 9603//3201
v 0.0138690677 -0.00899999961 0.0022581066
v 0.173591688 -0.00899999961 0.000586606271
v 0.161026388 -0.00899999961 0.00499307411
vn -1.1903102e-15 -1 -1.66915108e-16
f 9604//3202 9605//3202 9606//3202
v 0.00334590813 0.00798378047 0.00934686139
v 0.00401211157 0.00798317138 0.00913359877
v 0.00399169279 0.00832917262 0.00908873137
vn 0.3019858 0.140098348 0.942961812
f 9607//3203 9608//3203 9609//3203
v 0.00406823773 0.00798312016 0.00911563262
v 0.00578753371 0.00798254739 0.00813324098
v 0.00575530389 0.00832917262 0.00808795821
vn 0.489957243 0.157566413 0.857388318
f 9610//3204 9611//3204 9612//3204
v 0.00395466294 0.00899999961 0.00806559343
v 0.00359992869 0.00899999961 0.00818964094
v 0.0037496523 0.00893956888 0.00853762776
vn 0.0521223173 0.987454534 0.149053141
f 9613//3205 9614//3205 9615//3205
v -0.000219518988 0.00832704082 0.00991337374
v 0.00174674683 0.00832917262 0.0097717708
v -0.000216045417 0.00838895701 0.00990129169
vn 0.0703575388 0.187243849 0.979790568
f 9616//3206 9617//3206 9618//3206
v -0.000216045417 0.00838895701 0.00990129169
v 0.00174674683 0.00832917262 0.0097717708
v 0.00170588202 0.0087021403 0.00954316463
vn 0.0719319358 0.526948333 0.846847832
f 9619//3207 9620//3207 9621//3207
v -0.000216045417 0.00838895701 0.00990129169
v 0.00170588202 0.0087021403 0.00954316463
v -0.00019057843 0.00877311733 0.00961439684
vn 0.0523957685 0.595309079 0.801786602
f 9622//3208 9623//3208 9624//3208
v -0.00019057843 0.00877311733 0.00961439684
v 0.00170588202 0.0087021403 0.00954316463
v 0.00164082425 0.00893956888 0.0091792522
vn 0.0517125092 0.840595901 0.539188623
f 9625//3209 9626//3209 9627//3209
v -0.000166973419 0.00899413042 0.00897661317
v -0.000172041764 0.00897653401 0.00919078011
v 0.00164082425 0.00893956888 0.0091792522
vn 0.0208404344 0.996384859 0.0823580772
f 9628//3210 9629//3210 9630//3210
v 0.00164082425 0.00893956888 0.0091792522
v -0.000172041764 0.00897653401 0.00919078011
v -0.000177377922 0.00891798735 0.00931270327
vn 0.0211263932 0.900892973 0.433526784
f 9631//3211 9632//3211 9633//3211
v 0.00164082425 0.00893956888 0.0091792522
v -0.000177377922 0.00891798735 0.00931270327
v -0.00019057843 0.00877311733 0.00961439684
vn 0.0211262237 0.900894046 0.433524638
f 9634//3212 9635//3212 9636//3212
v 0.00359992869 0.00899999961 0.00818964094
v 0.00194533064 0.00899999961 0.00876823906
v 0.00164082425 0.00893956888 0.0091792522
vn 0.0679080188 0.978609741 0.194194317
f 9637//3213 9638//3213 9639//3213
v 0.00164082425 0.00893956888 0.0091792522
v 0.00194533064 0.00899999961 0.00876823906
v 0.00157675613 0.00899897609 0.00880459789
vn 0.0124990074 0.98791194 0.154511318
f 9640//3214 9641//3214 9642//3214
v 0.00164082425 0.00893956888 0.0091792522
v 0.00157675613 0.00899897609 0.00880459789
v -0.000166973419 0.00899413042 0.00897661317
vn 0.0124968756 0.98791194 0.154511675
f 9643//3215 9644//3215 9645//3215
v 0.00395466294 0.00899999961 0.00806559343
v 0.0037496523 0.00893956888 0.00853762776
v 0.00520783616 0.00899999961 0.00731859403
vn 0.100948572 0.980371952 0.169352278
f 9646//3216 9647//3216 9648//3216
v 0.00389830838 0.0087021403 0.00887610298
v 0.00562117854 0.00870070886 0.00789946876
v 0.00541011011 0.00893538538 0.00760284625
vn 0.268692583 0.839222908 0.472767621
f 9649//3217 9650//3217 9651//3217
v 0.00389830838 0.0087021403 0.00887610298
v 0.00541011011 0.00893538538 0.00760284625
v 0.0037496523 0.00893956888 0.00853762776
vn 0.267692953 0.840117574 0.471744597
f 9652//3218 9653//3218 9654//3218
v 0.0037496523 0.00893956888 0.00853762776
v 0.00541011011 0.00893538538 0.00760284625
v 0.00540632661 0.00893956888 0.00759753818
vn 0.267570257 0.8402794 0.471525937
f 9655//3219 9656//3219 9657//3219
v 0.0037496523 0.00893956888 0.00853762776
v 0.00540632661 0.00893956888 0.00759753818
v 0.00520783616 0.00899999961 0.00731859403
vn 0.0862262473 0.984619498 0.151952282
f 9658//3220 9659//3220 9660//3220
v 0.00401211157 0.00798317138 0.00913359877
v 0.00406823773 0.00798312016 0.00911563262
v 0.00399169279 0.00832917262 0.00908873137
vn 0.301967144 0.140098035 0.942967832
f 9661//3221 9662//3221 9663//3221
v 0.00399169279 0.00832917262 0.00908873137
v 0.00406823773 0.00798312016 0.00911563262
v 0.00575530389 0.00832917262 0.00808795821
vn 0.485997438 0.174078614 0.856447995
f 9664//3222 9665//3222 9666//3222
v 0.00399169279 0.00832917262 0.00908873137
v 0.00575530389 0.00832917262 0.00808795821
v 0.00389830838 0.0087021403 0.00887610298
vn 0.419567287 0.526572108 0.739381552
f 9667//3223 9668//3223 9669//3223
v 0.00389830838 0.0087021403 0.00887610298
v 0.00575530389 0.00832917262 0.00808795821
v 0.00575396745 0.00833288021 0.00808607694
vn 0.419578791 0.526430964 0.739475548
f 9670//3224 9671//3224 9672//3224
v 0.00389830838 0.0087021403 0.00887610298
v 0.00575396745 0.00833288021 0.00808607694
v 0.00562117854 0.00870070886 0.00789946876
vn 0.419566959 0.526572168 0.739381671
f 9673//3225 9674//3225 9675//3225
v -0.000219518988 0.00832704082 0.00991337374
v -0.000238490582 0.00798824709 0.00997948553
v 0.00174674683 0.00832917262 0.0097717708
vn 0.0703573897 0.187254176 0.979788601
f 9676//3226 9677//3226 9678//3226
v 0.00174674683 0.00832917262 0.0097717708
v -0.000238490582 0.00798824709 0.00997948553
v 0.00175451499 0.0079853572 0.00980367139
vn 0.0876202211 0.0939942673 0.99170953
f 9679//3227 9680//3227 9681//3227
v 0.00174674683 0.00832917262 0.0097717708
v 0.00175451499 0.0079853572 0.00980367139
v 0.00198141625 0.00798502844 0.00978365541
vn 0.0876213014 0.0939942822 0.991709411
f 9682//3228 9683//3228 9684//3228
v 0.00359992869 0.00899999961 0.00818964094
v 0.00164082425 0.00893956888 0.0091792522
v 0.0037496523 0.00893956888 0.00853762776
vn 0.0461299494 0.987362564 0.151615426
f 9685//3229 9686//3229 9687//3229
v 0.0037496523 0.00893956888 0.00853762776
v 0.00164082425 0.00893956888 0.0091792522
v 0.00170588202 0.0087021403 0.00954316463
vn 0.158083022 0.839675426 0.5195719
f 9688//3230 9689//3230 9690//3230
v 0.0037496523 0.00893956888 0.00853762776
v 0.00170588202 0.0087021403 0.00954316463
v 0.00389830838 0.0087021403 0.00887610298
vn 0.158083841 0.839674413 0.519573331
f 9691//3231 9692//3231 9693//3231
v 0.00389830838 0.0087021403 0.00887610298
v 0.00170588202 0.0087021403 0.00954316463
v 0.00174674683 0.00832917262 0.0097717708
vn 0.247580722 0.525889635 0.813722253
f 9694//3232 9695//3232 9696//3232
v 0.00389830838 0.0087021403 0.00887610298
v 0.00174674683 0.00832917262 0.0097717708
v 0.00399169279 0.00832917262 0.00908873137
vn 0.24758029 0.525890708 0.813721657
f 9697//3233 9698//3233 9699//3233
v 0.00399169279 0.00832917262 0.00908873137
v 0.00174674683 0.00832917262 0.0097717708
v 0.00198141625 0.00798502844 0.00978365541
vn 0.283580661 0.225557178 0.93204397
f 9700//3234 9701//3234 9702//3234
v 0.00399169279 0.00832917262 0.00908873137
v 0.00198141625 0.00798502844 0.00978365541
v 0.00334590813 0.00798378047 0.00934686139
vn 0.301984221 0.140101328 0.942961931
f 9703//3235 9704//3235 9705//3235
v 0.00578753371 0.00798254739 0.00813324098
v 0.0113254664 0.00798254739 0.00419250131
v 0.0113213053 0.00812083296 0.00418665726
vn 0.579004407 0.0518106408 0.813676536
f 9706//3236 9707//3236 9708//3236
v 0.00578753371 0.00798254739 0.00813324098
v 0.0113213053 0.00812083296 0.00418665726
v 0.00575530389 0.00832917262 0.00808795821
vn 0.570693254 0.158328027 0.805755198
f 9709//3237 9710//3237 9711//3237
v 0.0111486828 0.00868066214 0.00394407054
v 0.0110205561 0.00888055842 0.00376400677
v 0.00541011011 0.00893538538 0.00760284625
vn 0.383736968 0.741609156 0.550237894
f 9712//3238 9713//3238 9714//3238
v 0.0110205561 0.00888055842 0.00376400677
v 0.0109548988 0.0089090988 0.00367173692
v 0.00541011011 0.00893538538 0.00760284625
vn 0.144395918 0.96967417 0.197184891
f 9715//3239 9716//3239 9717//3239
v 0.00541011011 0.00893538538 0.00760284625
v 0.0109548988 0.0089090988 0.00367173692
v 0.010945145 0.00891333539 0.00365803833
vn 0.144352034 0.969693303 0.197122872
f 9718//3240 9719//3240 9720//3240
v 0.00541011011 0.00893538538 0.00760284625
v 0.010945145 0.00891333539 0.00365803833
v 0.00540632661 0.00893956888 0.00759753818
vn 0.31569463 0.841588497 0.438252956
f 9721//3241 9722//3241 9723//3241
v 0.00540632661 0.00893956888 0.00759753818
v 0.010945145 0.00891333539 0.00365803833
v 0.0107457759 0.00899999961 0.00337785552
vn 0.144691512 0.969672799 0.196974784
f 9724//3242 9725//3242 9726//3242
v 0.00540632661 0.00893956888 0.00759753818
v 0.0107457759 0.00899999961 0.00337785552
v 0.00520783616 0.00899999961 0.00731859403
vn 0.100781649 0.984776258 0.141628966
f 9727//3243 9728//3243 9729//3243
v 0.00541011011 0.00893538538 0.00760284625
v 0.00562117854 0.00870070886 0.00789946876
v 0.0111486828 0.00868066214 0.00394407054
vn 0.317316115 0.840496719 0.439176261
f 9730//3244 9731//3244 9732//3244
v 0.0111486828 0.00868066214 0.00394407054
v 0.00562117854 0.00870070886 0.00789946876
v 0.0112262573 0.00855963957 0.00405308604
vn 0.392150104 0.741623282 0.54425472
f 9733//3245 9734//3245 9735//3245
v 0.00575530389 0.00832917262 0.00808795821
v 0.0113213053 0.00812083296 0.00418665726
v 0.00575396745 0.00833288021 0.00808607694
vn 0.500480771 0.528362751 0.68582201
f 9736//3246 9737//3246 9738//3246
v 0.00575396745 0.00833288021 0.00808607694
v 0.0113213053 0.00812083296 0.00418665726
v 0.0112773618 0.00832371507 0.00412490033
vn 0.546315372 0.349964499 0.760962784
f 9739//3247 9740//3247 9741//3247
v 0.00575396745 0.00833288021 0.00808607694
v 0.0112773618 0.00832371507 0.00412490033
v 0.00562117854 0.00870070886 0.00789946876
vn 0.495301634 0.528564751 0.689416885
f 9742//3248 9743//3248 9744//3248
v 0.00562117854 0.00870070886 0.00789946876
v 0.0112773618 0.00832371507 0.00412490033
v 0.0112735126 0.00834149215 0.00411948934
vn 0.536018491 0.349912554 0.768274307
f 9745//3249 9746//3249 9747//3249
v 0.00562117854 0.00870070886 0.00789946876
v 0.0112735126 0.00834149215 0.00411948934
v 0.0112262573 0.00855963957 0.00405308604
vn 0.536009848 0.349964917 0.768256426
f 9748//3250 9749//3250 9750//3250
v 0.012571305 0.00893122703 0.00288025988
v 0.0124679245 0.00899999961 0.00255274191
v 0.010945145 0.00891333539 0.00365803833
vn 0.0761747062 0.980377614 0.181816295
f 9751//3251 9752//3251 9753//3251
v 0.010945145 0.00891333539 0.00365803833
v 0.0124679245 0.00899999961 0.00255274191
v 0.0123008806 0.00899999961 0.00258334843
vn 0.0191090442 0.99436301 0.104292877
f 9754//3252 9755//3252 9756//3252
v 0.010945145 0.00891333539 0.00365803833
v 0.0123008806 0.00899999961 0.00258334843
v 0.0107457759 0.00899999961 0.00337785552
vn 0.112309277 0.969052911 0.219825163
f 9757//3253 9758//3253 9759//3253
v 0.0126727028 0.00870442949 0.00321026682
v 0.0143250208 0.00868915673 0.00295760599
v 0.012571305 0.00893122703 0.00288025988
vn 0.0910255685 0.833551705 0.544890702
f 9760//3254 9761//3254 9762//3254
v 0.0143385073 0.00899999961 0.00226683146
v 0.0140103782 0.00899999961 0.00227012928
v 0.0143320197 0.00891887862 0.00260829972
vn 0.0023234603 0.972909749 0.23117362
f 9763//3255 9764//3255 9765//3255
v 0.0143320197 0.00891887862 0.00260829972
v 0.0140103782 0.00899999961 0.00227012928
v 0.0124679245 0.00899999961 0.00255274191
vn 0.0366471671 0.97910738 0.200014234
f 9766//3256 9767//3256 9768//3256
v 0.0143320197 0.00891887862 0.00260829972
v 0.0124679245 0.00899999961 0.00255274191
v 0.0143317031 0.00891483668 0.00262531429
vn 0.0354036428 0.972166121 0.231602281
f 9769//3257 9770//3257 9771//3257
v 0.0143317031 0.00891483668 0.00262531429
v 0.0124679245 0.00899999961 0.00255274191
v 0.012571305 0.00893122703 0.00288025988
vn 0.0372350812 0.980277479 0.194086552
f 9772//3258 9773//3258 9774//3258
v 0.0143317031 0.00891483668 0.00262531429
v 0.012571305 0.00893122703 0.00288025988
v 0.0143299727 0.00889319275 0.00271642511
vn 0.0426011533 0.97185868 0.231680512
f 9775//3259 9776//3259 9777//3259
v 0.0143299727 0.00889319275 0.00271642511
v 0.012571305 0.00893122703 0.00288025988
v 0.0143250208 0.00868915673 0.00295760599
vn 0.0765226856 0.760434985 0.644889832
f 9778//3260 9779//3260 9780//3260
v 0.0143161407 0.00799999945 0.00326658902
v 0.0143175423 0.00816002395 0.00325372512
v 0.012738484 0.00835732836 0.00342454761
vn 0.116917565 0.0785610452 0.990029514
f 9781//3261 9782//3261 9783//3261
v 0.0143175423 0.00816002395 0.00325372512
v 0.0143196266 0.00833574962 0.00318009686
v 0.012738484 0.00835732836 0.00342454761
vn 0.146350309 0.38080743 0.912999094
f 9784//3262 9785//3262 9786//3262
v 0.012738484 0.00835732836 0.00342454761
v 0.0143196266 0.00833574962 0.00318009686
v 0.0143198306 0.00835338049 0.00317270961
vn 0.146348581 0.38084206 0.912984908
f 9787//3263 9788//3263 9789//3263
v 0.012738484 0.00835732836 0.00342454761
v 0.0143198306 0.00835338049 0.00317270961
v 0.0126727028 0.00870442949 0.00321026682
vn 0.133802265 0.53881973 0.831727266
f 9790//3264 9791//3264 9792//3264
v 0.0126727028 0.00870442949 0.00321026682
v 0.0143198306 0.00835338049 0.00317270961
v 0.0143226553 0.00859163329 0.003072883
vn 0.102635443 0.383367807 0.91787529
f 9793//3265 9794//3265 9795//3265
v 0.0126727028 0.00870442949 0.00321026682
v 0.0143226553 0.00859163329 0.003072883
v 0.0143250208 0.00868915673 0.00295760599
vn 0.105411857 0.758126318 0.643531561
f 9796//3266 9797//3266 9798//3266
v 0.012738484 0.00835732836 0.00342454761
v 0.0112735126 0.00834149215 0.00411948934
v 0.0112773618 0.00832371507 0.00412490033
vn 0.399230838 0.345009387 0.849460602
f 9799//3267 9800//3267 9801//3267
v 0.0143161407 0.00799999945 0.00326658902
v 0.012738484 0.00835732836 0.00342454761
v 0.0127582382 0.00799088087 0.00349075231
vn 0.138956413 0.183312058 0.973184347
f 9802//3268 9803//3268 9804//3268
v 0.0127582382 0.00799088087 0.00349075231
v 0.012738484 0.00835732836 0.00342454761
v 0.0112773618 0.00832371507 0.00412490033
vn 0.421492994 0.183177769 0.888138235
f 9805//3269 9806//3269 9807//3269
v 0.0127582382 0.00799088087 0.00349075231
v 0.0112773618 0.00832371507 0.00412490033
v 0.0113213053 0.00812083296 0.00418665726
vn 0.434017748 0.347071826 0.831366181
f 9808//3270 9809//3270 9810//3270
v 0.0113254664 0.00798254739 0.00419250131
v 0.0127386022 0.00799076539 0.00349357771
v 0.0113213053 0.00812083296 0.00418665726
vn 0.442510933 0.0511529185 0.895303011
f 9811//3271 9812//3271 9813//3271
v 0.0113213053 0.00812083296 0.00418665726
v 0.0127386022 0.00799076539 0.00349357771
v 0.0127505576 0.00799083523 0.00349185732
vn 0.0447382145 -0.961288512 0.27188772
f 9814//3272 9815//3272 9816//3272
v 0.0113213053 0.00812083296 0.00418665726
v 0.0127505576 0.00799083523 0.00349185732
v 0.0127582382 0.00799088087 0.00349075231
vn 0.0448680334 -0.961210966 0.272140265
f 9817//3273 9818//3273 9819//3273
v 0.0112735126 0.00834149215 0.00411948934
v 0.012738484 0.00835732836 0.00342454761
v 0.0112262573 0.00855963957 0.00405308604
vn 0.399224311 0.345048666 0.849447668
f 9820//3274 9821//3274 9822//3274
v 0.0112262573 0.00855963957 0.00405308604
v 0.012738484 0.00835732836 0.00342454761
v 0.0126727028 0.00870442949 0.00321026682
vn 0.384078175 0.536626577 0.751342714
f 9823//3275 9824//3275 9825//3275
v 0.0112262573 0.00855963957 0.00405308604
v 0.0126727028 0.00870442949 0.00321026682
v 0.0111486828 0.00868066214 0.00394407054
vn 0.284409404 0.735853374 0.614516973
f 9826//3276 9827//3276 9828//3276
v 0.010945145 0.00891333539 0.00365803833
v 0.0109548988 0.0089090988 0.00367173692
v 0.012571305 0.00893122703 0.00288025988
vn 0.0989079401 0.968371868 0.229070187
f 9829//3277 9830//3277 9831//3277
v 0.012571305 0.00893122703 0.00288025988
v 0.0109548988 0.0089090988 0.00367173692
v 0.0110205561 0.00888055842 0.00376400677
vn 0.0989354625 0.968355834 0.229125962
f 9832//3278 9833//3278 9834//3278
v 0.012571305 0.00893122703 0.00288025988
v 0.0110205561 0.00888055842 0.00376400677
v 0.0126727028 0.00870442949 0.00321026682
vn 0.25409466 0.831766188 0.49355939
f 9835//3279 9836//3279 9837//3279
v 0.0126727028 0.00870442949 0.00321026682
v 0.0110205561 0.00888055842 0.00376400677
v 0.0111486828 0.00868066214 0.00394407054
vn 0.284411192 0.735849679 0.614520609
f 9838//3280 9839//3280 9840//3280
v 0.0143175423 0.00816002395 0.00325372512
v 0.0143161407 0.00799999945 0.00326658902
v 0.160542145 0.00799999945 0.00598424813
vn -0.0185221545 0.0802755207 0.996600628
f 9841//3281 9842//3281 9843//3281
v 0.0143175423 0.00816002395 0.00325372512
v 0.160542145 0.00799999945 0.00598424813
v 0.0143196266 0.00833574962 0.00318009686
vn -0.0167959891 0.386560023 0.922111273
f 9844//3282 9845//3282 9846//3282
v 0.0143226553 0.00859163329 0.003072883
v 0.160541907 0.00833604671 0.00589826657
v 0.0143250208 0.00868915673 0.00295760599
vn -0.0111421477 0.763512969 0.645696402
f 9847//3283 9848//3283 9849//3283
v 0.0143250208 0.00868915673 0.00295760599
v 0.160541907 0.00833604671 0.00589826657
v 0.160541967 0.00835369341 0.00589091005
vn -0.0176303666 0.384800553 0.922831357
f 9850//3284 9851//3284 9852//3284
v 0.160542145 0.00799999945 0.00598424813
v 0.160541236 0.0081612533 0.00597114163
v 0.0143196266 0.00833574962 0.00318009686
vn -0.0189252608 0.080889985 0.996543348
f 9853//3285 9854//3285 9855//3285
v 0.0143196266 0.00833574962 0.00318009686
v 0.160541236 0.0081612533 0.00597114163
v 0.160541907 0.00833604671 0.00589826657
vn -0.0171556398 0.384813368 0.922834933
f 9856//3286 9857//3286 9858//3286
v 0.0143196266 0.00833574962 0.00318009686
v 0.160541907 0.00833604671 0.00589826657
v 0.0143198306 0.00835338049 0.00317270961
vn -0.0171420835 0.386558622 0.922105491
f 9859//3287 9860//3287 9861//3287
v 0.0143198306 0.00835338049 0.00317270961
v 0.160541907 0.00833604671 0.00589826657
v 0.0143226553 0.00859163329 0.003072883
vn -0.0171420742 0.386559755 0.922105014
f 9862//3288 9863//3288 9864//3288
v 0.160541967 0.00835369341 0.00589091005
v 0.160542861 0.0085875662 0.00579340383
v 0.0143250208 0.00868915673 0.00295760599
vn -0.0176302511 0.384811312 0.922826886
f 9865//3289 9866//3289 9867//3289
v 0.0143250208 0.00868915673 0.00295760599
v 0.160542861 0.0085875662 0.00579340383
v 0.160544828 0.00868938304 0.00567507464
vn -0.0121198595 0.758058131 0.652074397
f 9868//3290 9869//3290 9870//3290
v 0.0143250208 0.00868915673 0.00295760599
v 0.160544828 0.00868938304 0.00567507464
v 0.0143299727 0.00889319275 0.00271642511
vn -0.0120009966 0.763515294 0.645678222
f 9871//3291 9872//3291 9873//3291
v 0.0143299727 0.00889319275 0.00271642511
v 0.160544828 0.00868938304 0.00567507464
v 0.160548642 0.00888783112 0.00544444332
vn -0.0121380351 0.758057594 0.652074635
f 9874//3292 9875//3292 9876//3292
v 0.0143299727 0.00889319275 0.00271642511
v 0.160548642 0.00888783112 0.00544444332
v 0.0143317031 0.00891483668 0.00262531429
vn -0.0042749662 0.972933531 0.231045485
f 9877//3293 9878//3293 9879//3293
v 0.0143317031 0.00891483668 0.00262531429
v 0.160548642 0.00888783112 0.00544444332
v 0.16055049 0.00891275238 0.00534222322
vn -0.00438588113 0.971552193 0.236784965
f 9880//3294 9881//3294 9882//3294
v 0.0143317031 0.00891483668 0.00262531429
v 0.16055049 0.00891275238 0.00534222322
v 0.0143320197 0.00891887862 0.00260829972
vn -0.00427924329 0.972933173 0.23104699
f 9883//3295 9884//3295 9885//3295
v 0.16055049 0.00891275238 0.00534222322
v 0.160550788 0.0089168977 0.00532522053
v 0.0143320197 0.00891887862 0.00260829972
vn -0.00438664714 0.971551418 0.236788154
f 9886//3296 9887//3296 9888//3296
v 0.0143320197 0.00891887862 0.00260829972
v 0.160550788 0.0089168977 0.00532522053
v 0.160556942 0.00899999961 0.00498434948
vn -0.00438646786 0.971553743 0.236778527
f 9889//3297 9890//3297 9891//3297
v 0.0143320197 0.00891887862 0.00260829972
v 0.160556942 0.00899999961 0.00498434948
v 0.0143385073 0.00899999961 0.00226683146
vn -0.00429419801 0.972931683 0.231053099
f 9892//3298 9893//3298 9894//3298
v 0.162097886 0.00799083803 0.0062661143
v 0.16349636 0.00798254739 0.0070206481
v 0.163536623 0.00835077837 0.00696828775
vn -0.466766417 0.174337924 0.867026746
f 9895//3299 9896//3299 9897//3299
v 0.160541236 0.0081612533 0.00597114163
v 0.160542145 0.00799999945 0.00598424813
v 0.162091136 0.00799087808 0.00626351871
vn -0.17643255 0.0787419379 0.981158137
f 9898//3300 9899//3300 9900//3300
v 0.160541236 0.0081612533 0.00597114163
v 0.162112847 0.00835732836 0.00620071962
v 0.160541907 0.00833604671 0.00589826657
vn -0.179892868 0.379122615 0.907691896
f 9901//3301 9902//3301 9903//3301
v 0.160541907 0.00833604671 0.00589826657
v 0.162112847 0.00835732836 0.00620071962
v 0.160541967 0.00835369341 0.00589091005
vn -0.179892495 0.379128456 0.907689512
f 9904//3302 9905//3302 9906//3302
v 0.160541967 0.00835369341 0.00589091005
v 0.162112847 0.00835732836 0.00620071962
v 0.160542861 0.0085875662 0.00579340383
vn -0.179892942 0.379122615 0.907691896
f 9907//3303 9908//3303 9909//3303
v 0.160542861 0.0085875662 0.00579340383
v 0.162112847 0.00835732836 0.00620071962
v 0.162186548 0.00870442949 0.00598903093
vn -0.137244314 0.536832631 0.832451046
f 9910//3304 9911//3304 9912//3304
v 0.160542861 0.0085875662 0.00579340383
v 0.162186548 0.00870442949 0.00598903093
v 0.160544828 0.00868938304 0.00567507464
vn -0.130327761 0.752616048 0.645433009
f 9913//3305 9914//3305 9915//3305
v 0.160550788 0.0089168977 0.00532522053
v 0.16055049 0.00891275238 0.00534222322
v 0.16230014 0.00893122703 0.0056630196
vn -0.0534452349 0.97037667 0.235611483
f 9916//3306 9917//3306 9918//3306
v 0.16230014 0.00893122703 0.0056630196
v 0.16055049 0.00891275238 0.00534222322
v 0.160548642 0.00888783112 0.00544444332
vn -0.0534452572 0.970376611 0.235611603
f 9919//3307 9920//3307 9921//3307
v 0.16230014 0.00893122703 0.0056630196
v 0.160548642 0.00888783112 0.00544444332
v 0.162186548 0.00870442949 0.00598903093
vn -0.0889657959 0.831906497 0.547737777
f 9922//3308 9923//3308 9924//3308
v 0.162186548 0.00870442949 0.00598903093
v 0.160548642 0.00888783112 0.00544444332
v 0.160544828 0.00868938304 0.00567507464
vn -0.130328506 0.752612412 0.645437062
f 9925//3309 9926//3309 9927//3309
v 0.162279963 0.00899999961 0.00527071534
v 0.160556942 0.00899999961 0.00498434948
v 0.160550788 0.0089168977 0.00532522053
vn -0.0392239355 0.970960021 0.236004591
f 9928//3310 9929//3310 9930//3310
v 0.162279963 0.00899999961 0.00527071534
v 0.160550788 0.0089168977 0.00532522053
v 0.162411854 0.00899999961 0.00533537148
vn -0.0449197292 0.994780004 0.0916241258
f 9931//3311 9932//3311 9933//3311
v 0.162411854 0.00899999961 0.00533537148
v 0.160550788 0.0089168977 0.00532522053
v 0.16230014 0.00893122703 0.0056630196
vn -0.0448284931 0.980652928 0.190552399
f 9934//3312 9935//3312 9936//3312
v 0.162411854 0.00899999961 0.00533537148
v 0.16230014 0.00893122703 0.0056630196
v 0.163840339 0.00899999961 0.00603568368
vn -0.0864476264 0.980526626 0.176335767
f 9937//3313 9938//3313 9939//3313
v 0.163840339 0.00899999961 0.00603568368
v 0.16230014 0.00893122703 0.0056630196
v 0.163883269 0.00892607681 0.00651758071
vn -0.0822290331 0.983966649 0.158265606
f 9940//3314 9941//3314 9942//3314
v 0.163840339 0.00899999961 0.00603568368
v 0.163883269 0.00892607681 0.00651758071
v 0.164105922 0.00899999961 0.00622810517
vn -0.116449445 0.980106115 0.160722017
f 9943//3315 9944//3315 9945//3315
v 0.160541236 0.0081612533 0.00597114163
v 0.162091136 0.00799087808 0.00626351871
v 0.162112847 0.00835732836 0.00620071962
vn -0.1637564 0.176049426 0.970664978
f 9946//3316 9947//3316 9948//3316
v 0.162112847 0.00835732836 0.00620071962
v 0.162091136 0.00799087808 0.00626351871
v 0.162094057 0.00799086038 0.0062640477
vn -0.173684672 0.17633304 0.968886137
f 9949//3317 9950//3317 9951//3317
v 0.162112847 0.00835732836 0.00620071962
v 0.162094057 0.00799086038 0.0062640477
v 0.162097886 0.00799083803 0.0062661143
vn -0.466944724 0.173767269 0.867045283
f 9952//3318 9953//3318 9954//3318
v 0.162097886 0.00799083803 0.0062661143
v 0.163536623 0.00835077837 0.00696828775
v 0.162112847 0.00835732836 0.00620071962
vn -0.466699213 0.173780367 0.867174864
f 9955//3319 9956//3319 9957//3319
v 0.162112847 0.00835732836 0.00620071962
v 0.163536623 0.00835077837 0.00696828775
v 0.163538069 0.00836390909 0.00696642045
vn -0.466652781 0.174311414 0.867093265
f 9958//3320 9959//3320 9960//3320
v 0.162112847 0.00835732836 0.00620071962
v 0.163538069 0.00836390909 0.00696642045
v 0.162186548 0.00870442949 0.00598903093
vn -0.401007146 0.537540674 0.741783857
f 9961//3321 9962//3321 9963//3321
v 0.162186548 0.00870442949 0.00598903093
v 0.163538069 0.00836390909 0.00696642045
v 0.16366905 0.00869750232 0.00679611461
vn -0.401546478 0.536573112 0.742192507
f 9964//3322 9965//3322 9966//3322
v 0.162186548 0.00870442949 0.00598903093
v 0.16366905 0.00869750232 0.00679611461
v 0.16230014 0.00893122703 0.0056630196
vn -0.261795789 0.832639992 0.488030344
f 9967//3323 9968//3323 9969//3323
v 0.16230014 0.00893122703 0.0056630196
v 0.16366905 0.00869750232 0.00679611461
v 0.163868815 0.00892127678 0.00653637806
vn -0.272612929 0.822590649 0.499025881
f 9970//3324 9971//3324 9972//3324
v 0.16230014 0.00893122703 0.0056630196
v 0.163868815 0.00892127678 0.00653637806
v 0.163883269 0.00892607681 0.00651758071
vn -0.0931590348 0.979522109 0.17848748
f 9973//3325 9974//3325 9975//3325
v 0.16349636 0.00798254739 0.0070206481
v 0.168884039 0.00798254739 0.0111644436
v 0.163536623 0.00835077837 0.00696828775
vn -0.600078523 0.176573679 0.780209899
f 9976//3326 9977//3326 9978//3326
v 0.163536623 0.00835077837 0.00696828775
v 0.168884039 0.00798254739 0.0111644436
v 0.168918818 0.00833339524 0.0111192148
vn -0.602460742 0.160531431 0.781838
f 9979//3327 9980//3327 9981//3327
v 0.163536623 0.00835077837 0.00696828775
v 0.168918818 0.00833339524 0.0111192148
v 0.163538069 0.00836390909 0.00696642045
vn -0.60075593 0.176546618 0.779694557
f 9982//3328 9983//3328 9984//3328
v 0.168918818 0.00833339524 0.0111192148
v 0.16892913 0.00836044736 0.0111058215
v 0.163538069 0.00836390909 0.00696642045
vn -0.516318858 0.529755116 0.67288506
f 9985//3329 9986//3329 9987//3329
v 0.163538069 0.00836390909 0.00696642045
v 0.16892913 0.00836044736 0.0111058215
v 0.169057265 0.00869696215 0.0109392228
vn -0.516328812 0.529729068 0.672897995
f 9988//3330 9989//3330 9990//3330
v 0.163538069 0.00836390909 0.00696642045
v 0.169057265 0.00869696215 0.0109392228
v 0.16366905 0.00869750232 0.00679611461
vn -0.512432218 0.541470647 0.66650033
f 9991//3331 9992//3331 9993//3331
v 0.16366905 0.00869750232 0.00679611461
v 0.169057265 0.00869696215 0.0109392228
v 0.169058755 0.00870090909 0.0109372688
vn -0.516908228 0.529897928 0.672319949
f 9994//3332 9995//3332 9996//3332
v 0.16366905 0.00869750232 0.00679611461
v 0.169058755 0.00870090909 0.0109372688
v 0.163868815 0.00892127678 0.00653637806
vn -0.343929201 0.82580471 0.446944356
f 9997//3333 9998//3333 9999//3333
v 0.163868815 0.00892127678 0.00653637806
v 0.169058755 0.00870090909 0.0109372688
v 0.169259235 0.00891435612 0.0106766112
vn -0.330969185 0.838788807 0.432310879
f 10000//3334 10001//3334 10002//3334
v 0.163868815 0.00892127678 0.00653637806
v 0.169259235 0.00891435612 0.0106766112
v 0.163883269 0.00892607681 0.00651758071
vn -0.120060369 0.980120718 0.157952189
f 10003//3335 10004//3335 10005//3335
v 0.163883269 0.00892607681 0.00651758071
v 0.169259235 0.00891435612 0.0106766112
v 0.16928035 0.00893682521 0.0106491726
vn -0.331994087 0.838801563 0.431499541
f 10006//3336 10007//3336 10008//3336
v 0.163883269 0.00892607681 0.00651758071
v 0.16928035 0.00893682521 0.0106491726
v 0.164105922 0.00899999961 0.00622810517
vn -0.121825948 0.980121315 0.156590641
f 10009//3337 10010//3337 10011//3337
v 0.164105922 0.00899999961 0.00622810517
v 0.16928035 0.00893682521 0.0106491726
v 0.169493601 0.00899999961 0.0103718992
vn -0.108353183 0.984079659 0.140878648
f 10012//3338 10013//3338 10014//3338
v 0.169058755 0.00870090909 0.0109372688
v 0.169057265 0.00869696215 0.0109392228
v 0.170224041 0.00833339524 0.011968933
vn -0.463053524 0.528707385 0.711371839
f 10015//3339 10016//3339 10017//3339
v 0.170224041 0.00833339524 0.011968933
v 0.169057265 0.00869696215 0.0109392228
v 0.16892913 0.00836044736 0.0111058215
vn -0.463148117 0.528553426 0.711424708
f 10018//3340 10019//3340 10020//3340
v 0.170224041 0.00833339524 0.011968933
v 0.16892913 0.00836044736 0.0111058215
v 0.168918818 0.00833339524 0.0111192148
vn -0.463139087 0.52857852 0.711411953
f 10021//3341 10022//3341 10023//3341
v 0.169493601 0.00899999961 0.0103718992
v 0.16928035 0.00893682521 0.0106491726
v 0.170704797 0.00899999961 0.0110904127
vn -0.0913160518 0.983853042 0.153930455
f 10024//3342 10025//3342 10026//3342
v 0.170704797 0.00899999961 0.0110904127
v 0.16928035 0.00893682521 0.0106491726
v 0.17050758 0.00893682521 0.0114481244
vn -0.0836083964 0.988188267 0.128427312
f 10027//3343 10028//3343 10029//3343
v 0.170704797 0.00899999961 0.0110904127
v 0.17050758 0.00893682521 0.0114481244
v 0.171346903 0.00899999961 0.0114713321
vn -0.0780198351 0.988238871 0.131517231
f 10030//3344 10031//3344 10032//3344
v 0.171346903 0.00899999961 0.0114713321
v 0.17050758 0.00893682521 0.0114481244
v 0.173258767 0.00893682521 0.0124258669
vn -0.0792973787 0.971558511 0.223127693
f 10033//3345 10034//3345 10035//3345
v 0.171346903 0.00899999961 0.0114713321
v 0.173258767 0.00893682521 0.0124258669
v 0.173382297 0.00899999961 0.012092988
vn -0.0512551256 0.984484851 0.167816713
f 10036//3346 10037//3346 10038//3346
v 0.173382297 0.00899999961 0.012092988
v 0.173258767 0.00893682521 0.0124258669
v 0.175208285 0.00899999961 0.0122312251
vn -0.0137413908 0.983292758 0.181511804
f 10039//3347 10040//3347 10041//3347
v 0.175208285 0.00899999961 0.0122312251
v 0.173258767 0.00893682521 0.0124258669
v 0.176177427 0.00893682521 0.0125055946
vn -0.0067456509 0.969006419 0.246943504
f 10042//3348 10043//3348 10044//3348
v 0.175208285 0.00899999961 0.0122312251
v 0.176177427 0.00893682521 0.0125055946
v 0.176126003 0.00899999961 0.0121114887
vn 0.0203092676 0.987601817 0.15566048
f 10045//3349 10046//3349 10047//3349
v 0.176126003 0.00899999961 0.0121114887
v 0.176177427 0.00893682521 0.0125055946
v 0.17704317 0.00899999961 0.0119918222
vn 0.0203094333 0.987601817 0.15566045
f 10048//3350 10049//3350 10050//3350
v 0.17704317 0.00899999961 0.0119918222
v 0.176177427 0.00893682521 0.0125055946
v 0.178977877 0.00893682521 0.0116795041
vn 0.0698871091 0.969012856 0.23691754
f 10051//3351 10052//3351 10053//3351
v 0.17704317 0.00899999961 0.0119918222
v 0.178977877 0.00893682521 0.0116795041
v 0.178772569 0.00899999961 0.0113897007
vn 0.059863735 0.983286977 0.171939045
f 10054//3352 10055//3352 10056//3352
v 0.178772569 0.00899999961 0.0113897007
v 0.178977877 0.00893682521 0.0116795041
v 0.180524528 0.00899999961 0.0103108706
vn 0.0920135006 0.984482527 0.149424359
f 10057//3353 10058//3353 10059//3353
v 0.180524528 0.00899999961 0.0103108706
v 0.178977877 0.00893682521 0.0116795041
v 0.181385994 0.00893682521 0.0100284573
vn 0.136379838 0.970480978 0.198915198
f 10060//3354 10061//3354 10062//3354
v 0.180524528 0.00899999961 0.0103108706
v 0.181385994 0.00893682521 0.0100284573
v 0.181107372 0.00899999961 0.00973582081
vn 0.108508334 0.987993121 0.109979905
f 10063//3355 10064//3355 10065//3355
v 0.181107372 0.00899999961 0.00973582081
v 0.181385994 0.00893682521 0.0100284573
v 0.181952938 0.00899999961 0.00890156254
vn 0.108508565 0.987993121 0.109979689
f 10066//3356 10067//3356 10068//3356
v 0.181952938 0.00899999961 0.00890156254
v 0.181385994 0.00893682521 0.0100284573
v 0.183166042 0.00893682521 0.00771407178
vn 0.203670308 0.966426313 0.156647876
f 10069//3357 10070//3357 10071//3357
v 0.181952938 0.00899999961 0.00890156254
v 0.183166042 0.00893682521 0.00771407178
v 0.182841122 0.00899999961 0.00753531186
vn 0.141166955 0.985723138 0.0917702913
f 10072//3358 10073//3358 10074//3358
v 0.184143782 0.00893682521 0.00496289507
v 0.183750272 0.00899999961 0.0048923213
v 0.18367669 0.00899999961 0.0054595829
vn 0.154965684 0.987715244 0.0201042797
f 10075//3359 10076//3359 10077//3359
v 0.184143782 0.00893682521 0.00496289507
v 0.18367669 0.00899999961 0.0054595829
v 0.183166042 0.00893682521 0.00771407178
vn 0.211843595 0.974399388 0.0752871409
f 10078//3360 10079//3360 10080//3360
v 0.183166042 0.00893682521 0.00771407178
v 0.18367669 0.00899999961 0.0054595829
v 0.182967409 0.00899999961 0.00734104915
vn 0.182637021 0.980766714 0.0688502342
f 10081//3361 10082//3361 10083//3361
v 0.183166042 0.00893682521 0.00771407178
v 0.182967409 0.00899999961 0.00734104915
v 0.182841122 0.00899999961 0.00753531186
vn 0.141165942 0.985723138 0.0917721316
f 10084//3362 10085//3362 10086//3362
v 0.183750272 0.00899999961 0.0048923213
v 0.184143782 0.00893682521 0.00496289507
v 0.18395187 0.00899999961 0.0033383877
vn 0.154965773 0.987715244 0.0201037582
f 10087//3363 10088//3363 10089//3363
v 0.18395187 0.00899999961 0.0033383877
v 0.184143782 0.00893682521 0.00496289507
v 0.184223518 0.00893682521 0.00204423093
vn 0.258283317 0.966043472 0.00705557689
f 10090//3364 10091//3364 10092//3364
v 0.18395187 0.00899999961 0.0033383877
v 0.184223518 0.00893682521 0.00204423093
v 0.183816001 0.00899999961 0.00209613121
vn 0.151116312 0.98837781 -0.0165287945
f 10093//3365 10094//3365 10095//3365
v 0.183816001 0.00899999961 0.00209613121
v 0.184223518 0.00893682521 0.00204423093
v 0.183720782 0.00899999961 0.00122560689
vn 0.151116416 0.98837781 -0.0165279992
f 10096//3366 10097//3366 10098//3366
v 0.183720782 0.00899999961 0.00122560689
v 0.184223518 0.00893682521 0.00204423093
v 0.183397412 0.00893682521 -0.000756220717
vn 0.234483212 0.969656229 -0.0691693947
f 10099//3367 10100//3367 10101//3367
v 0.183720782 0.00899999961 0.00122560689
v 0.183397412 0.00893682521 -0.000756220717
v 0.183087438 0.00899999961 -0.000593808596
vn 0.169561908 0.983750343 -0.05902569
f 10102//3368 10103//3368 10104//3368
v 0.183087438 0.00899999961 -0.000593808596
v 0.183397412 0.00893682521 -0.000756220717
v 0.182000354 0.00899999961 -0.00233881501
vn 0.151191533 0.984007001 -0.0941876322
f 10105//3369 10106//3369 10107//3369
v 0.182000354 0.00899999961 -0.00233881501
v 0.183397412 0.00893682521 -0.000756220717
v 0.181746379 0.00893682521 -0.00316433236
vn 0.19663465 0.971163929 -0.134816155
f 10108//3370 10109//3370 10110//3370
v 0.182000354 0.00899999961 -0.00233881501
v 0.181746379 0.00893682521 -0.00316433236
v 0.181449756 0.00899999961 -0.00288053183
vn 0.106721744 0.988354623 -0.108469456
f 10111//3371 10112//3371 10113//3371
v 0.181449756 0.00899999961 -0.00288053183
v 0.181746379 0.00893682521 -0.00316433236
v 0.18065922 0.00893682521 -0.00414542994
vn 0.102170721 0.988303423 -0.11321453
f 10114//3372 10115//3372 10116//3372
v 0.181449756 0.00899999961 -0.00288053183
v 0.18065922 0.00893682521 -0.00414542994
v 0.180445969 0.00899999961 -0.00386815681
vn 0.125544772 0.983847916 -0.127600268
f 10117//3373 10118//3373 10119//3373
v 0.181055531 0.00798254739 -0.00466070091
v 0.181020737 0.00833339524 -0.00461547077
v 0.182218403 0.00798254739 -0.00361126359
vn 0.661332071 0.160052061 -0.732818723
f 10120//3374 10121//3374 10122//3374
v 0.182218403 0.00798254739 -0.00361126359
v 0.181020737 0.00833339524 -0.00461547077
v 0.182176962 0.00833339524 -0.00357203255
vn 0.661332071 0.160052106 -0.732818663
f 10123//3375 10124//3375 10125//3375
v 0.182218403 0.00798254739 -0.00361126359
v 0.182176962 0.00833339524 -0.00357203255
v 0.18385914 0.00798254739 -0.00121819356
vn 0.814325154 0.158609718 -0.558316708
f 10126//3376 10127//3376 10128//3376
v 0.18385914 0.00798254739 -0.00121819356
v 0.182176962 0.00833339524 -0.00357203255
v 0.18393293 0.00833339524 -0.00101090386
vn 0.814325511 0.158603683 -0.5583179
f 10129//3377 10130//3377 10131//3377
v 0.18385914 0.00798254739 -0.00121819356
v 0.18393293 0.00833339524 -0.00101090386
v 0.183984458 0.00798254739 -0.00103541103
vn 0.814326406 0.158602878 -0.558316827
f 10132//3378 10133//3378 10134//3378
v 0.183984458 0.00798254739 -0.00103541103
v 0.18393293 0.00833339524 -0.00101090386
v 0.184811518 0.00833339524 0.00196749461
vn 0.946999848 0.158603013 -0.279350013
f 10135//3379 10136//3379 10137//3379
v 0.184726715 0.00833339524 0.0050716172
v 0.184837684 0.00798254739 0.00307341036
v 0.184811518 0.00833339524 0.00196749461
vn 0.986974657 0.158600733 0.0269606374
f 10138//3380 10139//3380 10140//3380
v 0.184811518 0.00833339524 0.00196749461
v 0.184837684 0.00798254739 0.00307341036
v 0.184868082 0.00798254739 0.00196011062
vn 0.986976087 0.158592269 0.026957918
f 10141//3381 10142//3381 10143//3381
v 0.184811518 0.00833339524 0.00196749461
v 0.184868082 0.00798254739 0.00196011062
v 0.183984458 0.00798254739 -0.00103541103
vn 0.947001755 0.158592612 -0.279349327
f 10144//3382 10145//3382 10146//3382
v 0.181282997 0.00798254739 0.010877531
v 0.181832924 0.00798254739 0.0105004916
v 0.18179369 0.00833339524 0.0104590571
vn 0.558315337 0.158601046 0.814327717
f 10147//3383 10148//3383 10149//3383
v 0.18179369 0.00833339524 0.0104590571
v 0.181832924 0.00798254739 0.0105004916
v 0.183736965 0.00798254739 0.0080248937
vn 0.782631636 0.158601463 0.601941288
f 10150//3384 10151//3384 10152//3384
v 0.18179369 0.00833339524 0.0104590571
v 0.183736965 0.00798254739 0.0080248937
v 0.183686838 0.00833339524 0.00799760967
vn 0.78263092 0.158613667 0.601938963
f 10153//3385 10154//3385 10155//3385
v 0.183686838 0.00833339524 0.00799760967
v 0.183736965 0.00798254739 0.0080248937
v 0.183960244 0.00798254739 0.00739662535
vn 0.930335402 0.158616006 0.330631167
f 10156//3386 10157//3386 10158//3386
v 0.183686838 0.00833339524 0.00799760967
v 0.183960244 0.00798254739 0.00739662535
v 0.184726715 0.00833339524 0.0050716172
vn 0.930335283 0.158611208 0.330633909
f 10159//3387 10160//3387 10161//3387
v 0.184726715 0.00833339524 0.0050716172
v 0.183960244 0.00798254739 0.00739662535
v 0.184782803 0.00798254739 0.00508207874
vn 0.930339336 0.158590883 0.33063218
f 10162//3388 10163//3388 10164//3388
v 0.184726715 0.00833339524 0.0050716172
v 0.184782803 0.00798254739 0.00508207874
v 0.184837684 0.00798254739 0.00307341036
vn 0.986976266 0.158590391 0.026962541
f 10165//3389 10166//3389 10167//3389
v 0.181282997 0.00798254739 0.010877531
v 0.18179369 0.00833339524 0.0104590571
v 0.179257065 0.00798254739 0.0122665446
vn 0.558318138 0.15859592 0.814326823
f 10168//3390 10169//3390 10170//3390
v 0.179257065 0.00798254739 0.0122665446
v 0.18179369 0.00833339524 0.0104590571
v 0.179232553 0.00833339524 0.0122150155
vn 0.55831778 0.158597812 0.814326704
f 10171//3391 10172//3391 10173//3391
v 0.179257065 0.00798254739 0.0122665446
v 0.179232553 0.00833339524 0.0122150155
v 0.177329749 0.00798254739 0.0128350724
vn 0.27935046 0.158599049 0.947000325
f 10174//3392 10175//3392 10176//3392
v 0.177329749 0.00798254739 0.0128350724
v 0.179232553 0.00833339524 0.0122150155
v 0.176254153 0.00833339524 0.0130935973
vn 0.27935046 0.158599019 0.947000325
f 10177//3393 10178//3393 10179//3393
v 0.177329749 0.00798254739 0.0128350724
v 0.176254153 0.00833339524 0.0130935973
v 0.176261544 0.00798254739 0.0131501779
vn 0.279350698 0.158599868 0.947000146
f 10180//3394 10181//3394 10182//3394
v 0.176261544 0.00798254739 0.0131501779
v 0.176254153 0.00833339524 0.0130935973
v 0.173150048 0.00833339524 0.0130088031
vn -0.0269609541 0.158599854 0.986974776
f 10183//3395 10184//3395 10185//3395
v 0.176261544 0.00798254739 0.0131501779
v 0.173150048 0.00833339524 0.0130088031
v 0.173139572 0.00798254739 0.0130648958
vn -0.026960846 0.158600748 0.986974657
f 10186//3396 10187//3396 10188//3396
v 0.168918818 0.00833339524 0.0111192148
v 0.168884039 0.00798254739 0.0111644436
v 0.170224041 0.00833339524 0.011968933
vn -0.538552523 0.160048515 0.827251852
f 10189//3397 10190//3397 10191//3397
v 0.170224041 0.00833339524 0.011968933
v 0.168884039 0.00798254739 0.0111644436
v 0.170196757 0.00798254739 0.0120190475
vn -0.538552999 0.160053 0.827250719
f 10192//3398 10193//3398 10194//3398
v 0.170224041 0.00833339524 0.011968933
v 0.170196757 0.00798254739 0.0120190475
v 0.173150048 0.00833339524 0.0130088031
vn -0.330632746 0.158605948 0.930336595
f 10195//3399 10196//3399 10197//3399
v 0.173150048 0.00833339524 0.0130088031
v 0.170196757 0.00798254739 0.0120190475
v 0.172930762 0.00798254739 0.0129906824
vn -0.330632418 0.158600211 0.930337667
f 10198//3400 10199//3400 10200//3400
v 0.173150048 0.00833339524 0.0130088031
v 0.172930762 0.00798254739 0.0129906824
v 0.173139572 0.00798254739 0.0130648958
vn -0.330642372 0.158606663 0.930333018
f 10201//3401 10202//3401 10203//3401
v 0.181020737 0.00833339524 -0.00461547077
v 0.1808808 0.00870090909 -0.00443352573
v 0.182176962 0.00833339524 -0.00357203255
vn 0.568735838 0.528555393 -0.630213261
f 10204//3402 10205//3402 10206//3402
v 0.182176962 0.00833339524 -0.00357203255
v 0.1808808 0.00870090909 -0.00443352573
v 0.182010293 0.00870090909 -0.00341421831
vn 0.568735063 0.528559744 -0.63021028
f 10207//3403 10208//3403 10209//3403
v 0.182176962 0.00833339524 -0.00357203255
v 0.182010293 0.00870090909 -0.00341421831
v 0.18393293 0.00833339524 -0.00101090386
vn 0.701948941 0.52502054 -0.481270254
f 10210//3404 10211//3404 10212//3404
v 0.18393293 0.00833339524 -0.00101090386
v 0.182010293 0.00870090909 -0.00341421831
v 0.18372564 0.00870090909 -0.00091232016
vn 0.701950312 0.525017381 -0.481271833
f 10213//3405 10214//3405 10215//3405
v 0.18393293 0.00833339524 -0.00101090386
v 0.18372564 0.00870090909 -0.00091232016
v 0.184811518 0.00833339524 0.00196749461
vn 0.816316009 0.5250175 -0.240800351
f 10216//3406 10217//3406 10218//3406
v 0.184811518 0.00833339524 0.00196749461
v 0.18372564 0.00870090909 -0.00091232016
v 0.184583902 0.00870090909 0.00199719798
vn 0.816312313 0.525024354 -0.240798071
f 10219//3407 10220//3407 10221//3407
v 0.184811518 0.00833339524 0.00196749461
v 0.184583902 0.00870090909 0.00199719798
v 0.184726715 0.00833339524 0.0050716172
vn 0.850769758 0.525024474 0.0232400037
f 10222//3408 10223//3408 10224//3408
v 0.184726715 0.00833339524 0.0050716172
v 0.184583902 0.00870090909 0.00199719798
v 0.184501067 0.00870090909 0.00502953213
vn 0.850768864 0.525025904 0.0232402142
f 10225//3409 10226//3409 10227//3409
v 0.184726715 0.00833339524 0.0050716172
v 0.184501067 0.00870090909 0.00502953213
v 0.183686838 0.00833339524 0.00799760967
vn 0.801947594 0.525025427 0.285005927
f 10228//3410 10229//3410 10230//3410
v 0.183686838 0.00833339524 0.00799760967
v 0.184501067 0.00870090909 0.00502953213
v 0.183485255 0.00870090909 0.00788785703
vn 0.801959336 0.52500695 0.285006881
f 10231//3411 10232//3411 10233//3411
v 0.183686838 0.00833339524 0.00799760967
v 0.183485255 0.00870090909 0.00788785703
v 0.18179369 0.00833339524 0.0104590571
vn 0.674635053 0.525008798 0.51887691
f 10234//3412 10235//3412 10236//3412
v 0.18179369 0.00833339524 0.0104590571
v 0.183485255 0.00870090909 0.00788785703
v 0.181635872 0.00870090909 0.0102923792
vn 0.674632728 0.525012791 0.518875957
f 10237//3413 10238//3413 10239//3413
v 0.18179369 0.00833339524 0.0104590571
v 0.181635872 0.00870090909 0.0102923792
v 0.179232553 0.00833339524 0.0122150155
vn 0.481271893 0.525014341 0.701952517
f 10240//3414 10241//3414 10242//3414
v 0.179232553 0.00833339524 0.0122150155
v 0.181635872 0.00870090909 0.0102923792
v 0.179133981 0.00870090909 0.0120077264
vn 0.481271088 0.52501601 0.701951802
f 10243//3415 10244//3415 10245//3415
v 0.179232553 0.00833339524 0.0122150155
v 0.179133981 0.00870090909 0.0120077264
v 0.176254153 0.00833339524 0.0130935973
vn 0.240800574 0.52501756 0.816315889
f 10246//3416 10247//3416 10248//3416
v 0.176254153 0.00833339524 0.0130935973
v 0.179133981 0.00870090909 0.0120077264
v 0.176224455 0.00870090909 0.0128659913
vn 0.24080123 0.525015593 0.816316962
f 10249//3417 10250//3417 10251//3417
v 0.176254153 0.00833339524 0.0130935973
v 0.176224455 0.00870090909 0.0128659913
v 0.173150048 0.00833339524 0.0130088031
vn -0.0232403781 0.525018275 0.850773573
f 10252//3418 10253//3418 10254//3418
v 0.173150048 0.00833339524 0.0130088031
v 0.176224455 0.00870090909 0.0128659913
v 0.173192114 0.00870090909 0.0127831576
vn -0.0232403353 0.525018036 0.850773752
f 10255//3419 10256//3419 10257//3419
v 0.173150048 0.00833339524 0.0130088031
v 0.173192114 0.00870090909 0.0127831576
v 0.170224041 0.00833339524 0.011968933
vn -0.285006821 0.525015056 0.801954031
f 10258//3420 10259//3420 10260//3420
v 0.170224041 0.00833339524 0.011968933
v 0.173192114 0.00870090909 0.0127831576
v 0.170333803 0.00870090909 0.0117673362
vn -0.285006791 0.525015473 0.801953793
f 10261//3421 10262//3421 10263//3421
v 0.170224041 0.00833339524 0.011968933
v 0.170333803 0.00870090909 0.0117673362
v 0.169058755 0.00870090909 0.0109372688
vn -0.463148206 0.528554082 0.711424172
f 10264//3422 10265//3422 10266//3422
v 0.169058755 0.00870090909 0.0109372688
v 0.170333803 0.00870090909 0.0117673362
v 0.169259235 0.00891435612 0.0106766112
vn -0.297693223 0.838020444 0.457275122
f 10267//3423 10268//3423 10269//3423
v 0.1808808 0.00870090909 -0.00443352573
v 0.18065922 0.00893682521 -0.00414542994
v 0.182010293 0.00870090909 -0.00341421831
vn 0.36556384 0.838018417 -0.405078053
f 10270//3424 10271//3424 10272//3424
v 0.182010293 0.00870090909 -0.00341421831
v 0.18065922 0.00893682521 -0.00414542994
v 0.181746379 0.00893682521 -0.00316433236
vn 0.365563989 0.838018179 -0.405078411
f 10273//3425 10274//3425 10275//3425
v 0.182010293 0.00870090909 -0.00341421831
v 0.181746379 0.00893682521 -0.00316433236
v 0.18372564 0.00870090909 -0.00091232016
vn 0.452967942 0.835685253 -0.310564309
f 10276//3426 10277//3426 10278//3426
v 0.18372564 0.00870090909 -0.00091232016
v 0.181746379 0.00893682521 -0.00316433236
v 0.183397412 0.00893682521 -0.000756220717
vn 0.452962518 0.835690141 -0.310559034
f 10279//3427 10280//3427 10281//3427
v 0.18372564 0.00870090909 -0.00091232016
v 0.183397412 0.00893682521 -0.000756220717
v 0.184583902 0.00870090909 0.00199719798
vn 0.526760757 0.835690439 -0.155385345
f 10282//3428 10283//3428 10284//3428
v 0.184583902 0.00870090909 0.00199719798
v 0.183397412 0.00893682521 -0.000756220717
v 0.184223518 0.00893682521 0.00204423093
vn 0.52677083 0.835683167 -0.155390322
f 10285//3429 10286//3429 10287//3429
v 0.184583902 0.00870090909 0.00199719798
v 0.184223518 0.00893682521 0.00204423093
v 0.184501067 0.00870090909 0.00502953213
vn 0.549007297 0.835682988 0.0149970772
f 10288//3430 10289//3430 10290//3430
v 0.184501067 0.00870090909 0.00502953213
v 0.184223518 0.00893682521 0.00204423093
v 0.184143782 0.00893682521 0.00496289507
vn 0.549005747 0.835684001 0.0149972998
f 10291//3431 10292//3431 10293//3431
v 0.184501067 0.00870090909 0.00502953213
v 0.184143782 0.00893682521 0.00496289507
v 0.183485255 0.00870090909 0.00788785703
vn 0.517501235 0.83568424 0.183913827
f 10294//3432 10295//3432 10296//3432
v 0.183485255 0.00870090909 0.00788785703
v 0.184143782 0.00893682521 0.00496289507
v 0.183166042 0.00893682521 0.00771407178
vn 0.517495453 0.835688055 0.183912829
f 10297//3433 10298//3433 10299//3433
v 0.183485255 0.00870090909 0.00788785703
v 0.183166042 0.00893682521 0.00771407178
v 0.181635872 0.00870090909 0.0102923792
vn 0.435335189 0.835687995 0.334826589
f 10300//3434 10301//3434 10302//3434
v 0.181635872 0.00870090909 0.0102923792
v 0.183166042 0.00893682521 0.00771407178
v 0.181385994 0.00893682521 0.0100284573
vn 0.435333163 0.835689485 0.334825486
f 10303//3435 10304//3435 10305//3435
v 0.181635872 0.00870090909 0.0102923792
v 0.181385994 0.00893682521 0.0100284573
v 0.179133981 0.00870090909 0.0120077264
vn 0.310560375 0.835688949 0.452963889
f 10306//3436 10307//3436 10308//3436
v 0.179133981 0.00870090909 0.0120077264
v 0.181385994 0.00893682521 0.0100284573
v 0.178977877 0.00893682521 0.0116795041
vn 0.31055969 0.835689545 0.452963173
f 10309//3437 10310//3437 10311//3437
v 0.179133981 0.00870090909 0.0120077264
v 0.178977877 0.00893682521 0.0116795041
v 0.176224455 0.00870090909 0.0128659913
vn 0.155387253 0.835688472 0.52676326
f 10312//3438 10313//3438 10314//3438
v 0.176224455 0.00870090909 0.0128659913
v 0.178977877 0.00893682521 0.0116795041
v 0.176177427 0.00893682521 0.0125055946
vn 0.155387223 0.835688531 0.526763201
f 10315//3439 10316//3439 10317//3439
v 0.176224455 0.00870090909 0.0128659913
v 0.176177427 0.00893682521 0.0125055946
v 0.173192114 0.00870090909 0.0127831576
vn -0.0149968807 0.835687578 0.549000382
f 10318//3440 10319//3440 10320//3440
v 0.173192114 0.00870090909 0.0127831576
v 0.176177427 0.00893682521 0.0125055946
v 0.173258767 0.00893682521 0.0124258669
vn -0.0149968211 0.83568728 0.5490008
f 10321//3441 10322//3441 10323//3441
v 0.173192114 0.00870090909 0.0127831576
v 0.173258767 0.00893682521 0.0124258669
v 0.170333803 0.00870090909 0.0117673362
vn -0.183912784 0.835688412 0.517494857
f 10324//3442 10325//3442 10326//3442
v 0.170333803 0.00870090909 0.0117673362
v 0.173258767 0.00893682521 0.0124258669
v 0.17050758 0.00893682521 0.0114481244
vn -0.183912978 0.835687637 0.517496049
f 10327//3443 10328//3443 10329//3443
v 0.170333803 0.00870090909 0.0117673362
v 0.17050758 0.00893682521 0.0114481244
v 0.169259235 0.00891435612 0.0106766112
vn -0.297693461 0.838020205 0.457275301
f 10330//3444 10331//3444 10332//3444
v 0.169259235 0.00891435612 0.0106766112
v 0.17050758 0.00893682521 0.0114481244
v 0.16928035 0.00893682521 0.0106491726
vn -0.297684729 0.838031173 0.457260877
f 10333//3445 10334//3445 10335//3445
v 0.180445969 0.00899999961 -0.00386815681
v 0.18065922 0.00893682521 -0.00414542994
v 0.173790425 0.00899999961 -0.00898709521
vn 0.108351871 0.984080076 -0.140876904
f 10336//3446 10337//3446 10338//3446
v 0.173790425 0.00899999961 -0.00898709521
v 0.18065922 0.00893682521 -0.00414542994
v 0.174000069 0.00891333539 -0.0092596747
vn 0.146701247 0.969675183 -0.195470557
f 10339//3447 10340//3447 10341//3447
v 0.181055531 0.00798254739 -0.00466070091
v 0.174399987 0.00798254646 -0.00977963954
v 0.174395606 0.00812083296 -0.00977395196
vn 0.60883826 0.0518210754 -0.791599989
f 10342//3448 10343//3448 10344//3448
v 0.1742118 0.00868408103 -0.0095349513
v 0.174079359 0.00888055842 -0.00936276838
v 0.18065922 0.00893682521 -0.00414542994
vn 0.412881136 0.741620481 -0.528704345
f 10345//3449 10346//3449 10347//3449
v 0.18065922 0.00893682521 -0.00414542994
v 0.174079359 0.00888055842 -0.00936276838
v 0.174009517 0.00890943035 -0.00927195698
vn 0.146692857 0.96967864 -0.195459723
f 10348//3450 10349//3450 10350//3450
v 0.18065922 0.00893682521 -0.00414542994
v 0.174009517 0.00890943035 -0.00927195698
v 0.174000069 0.00891333539 -0.0092596747
vn 0.146703258 0.969674349 -0.195473179
f 10351//3451 10352//3451 10353//3451
v 0.1742118 0.00868408103 -0.0095349513
v 0.18065922 0.00893682521 -0.00414542994
v 0.174214095 0.00868066214 -0.00953794736
vn 0.413127303 0.741284549 -0.528983057
f 10354//3452 10355//3452 10356//3452
v 0.174214095 0.00868066214 -0.00953794736
v 0.18065922 0.00893682521 -0.00414542994
v 0.1808808 0.00870090909 -0.00443352573
vn 0.329387069 0.838783264 -0.433528334
f 10357//3453 10358//3453 10359//3453
v 0.174214095 0.00868066214 -0.00953794736
v 0.1808808 0.00870090909 -0.00443352573
v 0.174295664 0.00855963957 -0.00964400452
vn 0.406385571 0.741624236 -0.533708036
f 10360//3454 10361//3454 10362//3454
v 0.181055531 0.00798254739 -0.00466070091
v 0.174395606 0.00812083296 -0.00977395196
v 0.181020737 0.00833339524 -0.00461547077
vn 0.603176534 0.160533294 -0.781285584
f 10363//3455 10364//3455 10365//3455
v 0.181020737 0.00833339524 -0.00461547077
v 0.174395606 0.00812083296 -0.00977395196
v 0.174349397 0.00832371507 -0.00971387047
vn 0.568489373 0.349966854 -0.744542122
f 10366//3456 10367//3456 10368//3456
v 0.181020737 0.00833339524 -0.00461547077
v 0.174349397 0.00832371507 -0.00971387047
v 0.1808808 0.00870090909 -0.00443352573
vn 0.51452893 0.529729009 -0.674275279
f 10369//3457 10370//3457 10371//3457
v 0.1808808 0.00870090909 -0.00443352573
v 0.174349397 0.00832371507 -0.00971387047
v 0.174343884 0.00834794436 -0.00970669556
vn 0.576628506 0.349984676 -0.738248169
f 10372//3458 10373//3458 10374//3458
v 0.1808808 0.00870090909 -0.00443352573
v 0.174343884 0.00834794436 -0.00970669556
v 0.174295664 0.00855963957 -0.00964400452
vn 0.576634347 0.349962831 -0.738253951
f 10375//3459 10376//3459 10377//3459
v 0.173790425 0.00899999961 -0.00898709521
v 0.174000069 0.00891333539 -0.0092596747
v 0.17266272 0.00899999961 -0.00956960581
vn 0.113861293 0.968734622 -0.22042881
f 10378//3460 10379//3460 10380//3460
v 0.17266272 0.00899999961 -0.00956960581
v 0.174000069 0.00891333539 -0.0092596747
v 0.172793746 0.00893171877 -0.00993332919
vn 0.0983531699 0.983892381 -0.149272904
f 10381//3461 10382//3461 10383//3461
v 0.17266272 0.00899999961 -0.00956960581
v 0.172793746 0.00893171877 -0.00993332919
v 0.172526166 0.00899999961 -0.0096401386
vn 0.0804881081 0.984500349 -0.155822709
f 10384//3462 10385//3462 10386//3462
v 0.174295664 0.00855963957 -0.00964400452
v 0.174343884 0.00834794436 -0.00970669556
v 0.172981665 0.00836367998 -0.0104695437
vn 0.461311758 0.34690097 -0.816609561
f 10387//3463 10388//3463 10389//3463
v 0.172981665 0.00836367998 -0.0104695437
v 0.174343884 0.00834794436 -0.00970669556
v 0.174349397 0.00832371507 -0.00971387047
vn 0.461310357 0.346909106 -0.816606879
f 10390//3464 10391//3464 10392//3464
v 0.172981665 0.00836367998 -0.0104695437
v 0.174349397 0.00832371507 -0.00971387047
v 0.174395606 0.00812083296 -0.00977395196
vn 0.461311966 0.346898764 -0.816610396
f 10393//3465 10394//3465 10395//3465
v 0.174000069 0.00891333539 -0.0092596747
v 0.174009517 0.00890943035 -0.00927195698
v 0.172793746 0.00893171877 -0.00993332919
vn 0.130742833 0.969422579 -0.207668379
f 10396//3466 10397//3466 10398//3466
v 0.172793746 0.00893171877 -0.00993332919
v 0.174009517 0.00890943035 -0.00927195698
v 0.174079359 0.00888055842 -0.00936276838
vn 0.13073507 0.969426751 -0.20765397
f 10399//3467 10400//3467 10401//3467
v 0.172793746 0.00893171877 -0.00993332919
v 0.174079359 0.00888055842 -0.00936276838
v 0.172907323 0.00870744698 -0.0102575049
vn 0.250629306 0.83499831 -0.489859939
f 10402//3468 10403//3468 10404//3468
v 0.172907323 0.00870744698 -0.0102575049
v 0.174079359 0.00888055842 -0.00936276838
v 0.1742118 0.00868408103 -0.0095349513
vn 0.336684972 0.738677621 -0.583950818
f 10405//3469 10406//3469 10407//3469
v 0.172907323 0.00870744698 -0.0102575049
v 0.1742118 0.00868408103 -0.0095349513
v 0.172981665 0.00836367998 -0.0104695437
vn 0.414913416 0.54096663 -0.731575012
f 10408//3470 10409//3470 10410//3470
v 0.172981665 0.00836367998 -0.0104695437
v 0.1742118 0.00868408103 -0.0095349513
v 0.174214095 0.00868066214 -0.00953794736
vn 0.280629903 0.732331991 -0.620432675
f 10411//3471 10412//3471 10413//3471
v 0.172981665 0.00836367998 -0.0104695437
v 0.174214095 0.00868066214 -0.00953794736
v 0.174295664 0.00855963957 -0.00964400452
vn 0.28042987 0.732565463 -0.620247483
f 10414//3472 10415//3472 10416//3472
v 0.17144303 0.00800000038 -0.0108160926
v 0.171441883 0.00834611803 -0.0107542947
v 0.173004344 0.00799081195 -0.010534077
vn 0.176040918 0.173588827 -0.968956411
f 10417//3473 10418//3473 10419//3473
v 0.173004344 0.00799081195 -0.010534077
v 0.171441883 0.00834611803 -0.0107542947
v 0.172981665 0.00836367998 -0.0104695437
vn 0.176965222 0.178286865 -0.96793443
f 10420//3474 10421//3474 10422//3474
v 0.173004344 0.00799081195 -0.010534077
v 0.172981665 0.00836367998 -0.0104695437
v 0.17301245 0.00799076352 -0.0105296904
vn 0.469006538 0.178241745 -0.865021825
f 10423//3475 10424//3475 10425//3475
v 0.17301245 0.00799076352 -0.0105296904
v 0.172981665 0.00836367998 -0.0104695437
v 0.174395606 0.00812083296 -0.00977395196
vn 0.458838016 0.178277791 -0.870450854
f 10426//3476 10427//3476 10428//3476
v 0.17301245 0.00799076352 -0.0105296904
v 0.174395606 0.00812083296 -0.00977395196
v 0.174399987 0.00798254646 -0.00977963954
vn 0.47514531 0.0511614233 -0.878418744
f 10429//3477 10430//3477 10431//3477
v 0.171424448 0.00899999961 -0.00981626566
v 0.172526166 0.00899999961 -0.0096401386
v 0.171430871 0.00893819146 -0.0101623219
vn 0.0280163586 0.984125137 -0.175250828
f 10432//3478 10433//3478 10434//3478
v 0.171430871 0.00893819146 -0.0101623219
v 0.172526166 0.00899999961 -0.0096401386
v 0.172793746 0.00893171877 -0.00993332919
vn 0.0372940414 0.98024261 -0.194251463
f 10435//3479 10436//3479 10437//3479
v 0.171430871 0.00893819146 -0.0101623219
v 0.172793746 0.00893171877 -0.00993332919
v 0.171431124 0.00892960187 -0.0101757385
vn 0.093973875 0.839244485 -0.535572231
f 10438//3480 10439//3480 10440//3480
v 0.171431124 0.00892960187 -0.0101757385
v 0.172793746 0.00893171877 -0.00993332919
v 0.172907323 0.00870744698 -0.0102575049
vn 0.0953968614 0.833954513 -0.543524861
f 10441//3481 10442//3481 10443//3481
v 0.171431124 0.00892960187 -0.0101757385
v 0.172907323 0.00870744698 -0.0102575049
v 0.171437576 0.00870710704 -0.0105232485
vn 0.0966131166 0.83904916 -0.535408616
f 10444//3482 10445//3482 10446//3482
v 0.171437576 0.00870710704 -0.0105232485
v 0.172907323 0.00870744698 -0.0102575049
v 0.172981665 0.00836367998 -0.0104695437
vn 0.14937003 0.542285621 -0.826810062
f 10447//3483 10448//3483 10449//3483
v 0.171437576 0.00870710704 -0.0105232485
v 0.172981665 0.00836367998 -0.0104695437
v 0.171441615 0.00836752076 -0.0107405959
vn 0.147803992 0.534400463 -0.832207978
f 10450//3484 10451//3484 10452//3484
v 0.171441615 0.00836752076 -0.0107405959
v 0.172981665 0.00836367998 -0.0104695437
v 0.171441883 0.00834611803 -0.0107542947
vn 0.147804499 0.534395635 -0.832211018
f 10453//3485 10454//3485 10455//3485
v 0.00402847724 0.00899999961 -0.0129273748
v 0.171424448 0.00899999961 -0.00981626566
v 0.171430871 0.00893819146 -0.0101623219
vn 0.0032666449 0.984426796 -0.17576468
f 10456//3486 10457//3486 10458//3486
v 0.171441883 0.00834611803 -0.0107542947
v 0.17144303 0.00800000038 -0.0108160926
v 0.00404705945 0.00800000131 -0.0139272017
vn 0.0182927325 0.17579715 -0.984256446
f 10459//3487 10460//3487 10461//3487
v 0.171431124 0.00892960187 -0.0101757385
v 0.171437576 0.00870710704 -0.0105232485
v 0.00404127175 0.00868656021 -0.0136157908
vn 0.0098552173 0.84221673 -0.539049029
f 10462//3488 10463//3488 10464//3488
v 0.00403728196 0.00888062641 -0.0134011032
v 0.00403513107 0.00890978426 -0.0132853901
v 0.171430871 0.00893819146 -0.0101623219
vn 0.00439269235 0.969697893 -0.244267583
f 10465//3489 10466//3489 10467//3489
v 0.171430871 0.00893819146 -0.0101623219
v 0.00403513107 0.00890978426 -0.0132853901
v 0.0040347972 0.00891431421 -0.0132674165
vn 0.00439337688 0.969688714 -0.24430421
f 10468//3490 10469//3490 10470//3490
v 0.171430871 0.00893819146 -0.0101623219
v 0.0040347972 0.00891431421 -0.0132674165
v 0.00402847724 0.00899999961 -0.0129273748
vn 0.00439269841 0.969697893 -0.244267702
f 10471//3491 10472//3491 10473//3491
v 0.171431124 0.00892960187 -0.0101757385
v 0.00404127175 0.00868656021 -0.0136157908
v 0.171430871 0.00893819146 -0.0101623219
vn 0.00985505711 0.842221498 -0.539041579
f 10474//3492 10475//3492 10476//3492
v 0.171430871 0.00893819146 -0.0101623219
v 0.00404127175 0.00868656021 -0.0136157908
v 0.00403728196 0.00888062641 -0.0134011032
vn 0.0127158975 0.741894245 -0.670396328
f 10477//3493 10478//3493 10479//3493
v 0.00404705945 0.00800000131 -0.0139272017
v 0.00404691976 0.00812239293 -0.013919685
v 0.171441883 0.00834611803 -0.0107542947
vn 0.0187888425 0.061314825 -0.997941613
f 10480//3494 10481//3494 10482//3494
v 0.171441883 0.00834611803 -0.0107542947
v 0.00404691976 0.00812239293 -0.013919685
v 0.00404542917 0.00833639782 -0.0138394767
vn 0.0172343925 0.351009995 -0.936213076
f 10483//3495 10484//3495 10485//3495
v 0.171441883 0.00834611803 -0.0107542947
v 0.00404542917 0.00833639782 -0.0138394767
v 0.171441615 0.00836752076 -0.0107405959
vn 0.0154884923 0.539135873 -0.842076361
f 10486//3496 10487//3496 10488//3496
v 0.171441615 0.00836752076 -0.0107405959
v 0.00404542917 0.00833639782 -0.0138394767
v 0.0040453067 0.00835399795 -0.0138328802
vn 0.0172661841 0.351003975 -0.936214745
f 10489//3497 10490//3497 10491//3497
v 0.171441615 0.00836752076 -0.0107405959
v 0.0040453067 0.00835399795 -0.0138328802
v 0.171437576 0.00870710704 -0.0105232485
vn 0.0155119179 0.539140642 -0.842072845
f 10492//3498 10493//3498 10494//3498
v 0.171437576 0.00870710704 -0.0105232485
v 0.0040453067 0.00835399795 -0.0138328802
v 0.00404387014 0.00856017508 -0.0137556056
vn 0.0177698992 0.351008922 -0.93620348
f 10495//3499 10496//3499 10497//3499
v 0.171437576 0.00870710704 -0.0105232485
v 0.00404387014 0.00856017508 -0.0137556056
v 0.00404127175 0.00868656021 -0.0136157908
vn 0.0122942338 0.741894305 -0.670404136
f 10498//3500 10499//3500 10500//3500
v 0.00402847724 0.00899999961 -0.0129273748
v 0.0040347972 0.00891431421 -0.0132674165
v 0.00277536339 0.00899999961 -0.0127248615
vn -0.0395692103 0.968753994 -0.244846895
f 10501//3501 10502//3501 10503//3501
v 0.00277536339 0.00899999961 -0.0127248615
v 0.0040347972 0.00891431421 -0.0132674165
v 0.00266381679 0.00893084612 -0.01309737
vn -0.010402265 0.98370254 -0.179502413
f 10504//3502 10505//3502 10506//3502
v 0.00277536339 0.00899999961 -0.0127248615
v 0.00266381679 0.00893084612 -0.01309737
v 0.0026235301 0.00899999961 -0.0127003239
vn -0.0281671993 0.984291077 -0.174292013
f 10507//3503 10508//3503 10509//3503
v 0.0010536284 0.00798254646 -0.0130013386
v 0.00108596694 0.00832974911 -0.012955891
v 0.00246807327 0.00799076725 -0.0136993146
vn -0.437785655 0.156660616 -0.885325432
f 10510//3504 10511//3504 10512//3504
v 0.00246807327 0.00799076725 -0.0136993146
v 0.00108596694 0.00832974911 -0.012955891
v 0.00249584182 0.00835697167 -0.0136405397
vn -0.432833582 0.174760371 -0.884372056
f 10513//3505 10514//3505 10515//3505
v 0.00246807327 0.00799076725 -0.0136993146
v 0.00249584182 0.00835697167 -0.0136405397
v 0.00247633853 0.00799081568 -0.0137033965
vn -0.436801255 0.174748182 -0.882421553
f 10516//3506 10517//3506 10518//3506
v 0.00247633853 0.00799081568 -0.0137033965
v 0.00249584182 0.00835697167 -0.0136405397
v 0.00404691976 0.00812239293 -0.013919685
vn -0.148692995 0.174998745 -0.97327584
f 10519//3507 10520//3507 10521//3507
v 0.00247633853 0.00799081568 -0.0137033965
v 0.00404691976 0.00812239293 -0.013919685
v 0.00404705945 0.00800000131 -0.0139272017
vn -0.1411497 0.0605299994 -0.988136053
f 10522//3508 10523//3508 10524//3508
v 0.00404387014 0.00856017508 -0.0137556056
v 0.0040453067 0.00835399795 -0.0138328802
v 0.00249584182 0.00835697167 -0.0136405397
vn -0.114833593 0.347932667 -0.930460155
f 10525//3509 10526//3509 10527//3509
v 0.00249584182 0.00835697167 -0.0136405397
v 0.0040453067 0.00835399795 -0.0138328802
v 0.00404542917 0.00833639782 -0.0138394767
vn -0.114833832 0.347927719 -0.930462003
f 10528//3510 10529//3510 10530//3510
v 0.00249584182 0.00835697167 -0.0136405397
v 0.00404542917 0.00833639782 -0.0138394767
v 0.00404691976 0.00812239293 -0.013919685
vn -0.114833467 0.347933739 -0.930459797
f 10531//3511 10532//3511 10533//3511
v 0.0040347972 0.00891431421 -0.0132674165
v 0.00403513107 0.00890978426 -0.0132853901
v 0.00266381679 0.00893084612 -0.01309737
vn -0.0186569262 0.969427705 -0.24466683
f 10534//3512 10535//3512 10536//3512
v 0.00266381679 0.00893084612 -0.01309737
v 0.00403513107 0.00890978426 -0.0132853901
v 0.00403728196 0.00888062641 -0.0134011032
vn -0.0186517518 0.969437063 -0.244630143
f 10537//3513 10538//3513 10539//3513
v 0.00266381679 0.00893084612 -0.01309737
v 0.00403728196 0.00888062641 -0.0134011032
v 0.00256196898 0.00870390143 -0.0134267835
vn -0.0902744979 0.832948685 -0.545936823
f 10540//3514 10541//3514 10542//3514
v 0.00256196898 0.00870390143 -0.0134267835
v 0.00403728196 0.00888062641 -0.0134011032
v 0.00404127175 0.00868656021 -0.0136157908
vn -0.0768635273 0.738931 -0.669382572
f 10543//3515 10544//3515 10545//3515
v 0.00256196898 0.00870390143 -0.0134267835
v 0.00404127175 0.00868656021 -0.0136157908
v 0.00249584182 0.00835697167 -0.0136405397
vn -0.10083212 0.535748661 -0.838335395
f 10546//3516 10547//3516 10548//3516
v 0.00249584182 0.00835697167 -0.0136405397
v 0.00404127175 0.00868656021 -0.0136157908
v 0.00404387014 0.00856017508 -0.0137556056
vn -0.145587802 0.732585192 -0.664923429
f 10549//3517 10550//3517 10551//3517
v 0.00163331826 0.00899999961 -0.0121866921
v 0.0026235301 0.00899999961 -0.0127003239
v 0.00143599731 0.00894030184 -0.0124639915
vn -0.0803132877 0.984670758 -0.154832974
f 10552//3518 10553//3518 10554//3518
v 0.00143599731 0.00894030184 -0.0124639915
v 0.0026235301 0.00899999961 -0.0127003239
v 0.00266381679 0.00893084612 -0.01309737
vn -0.0849587992 0.980114222 -0.179326952
f 10555//3519 10556//3519 10557//3519
v 0.00143599731 0.00894030184 -0.0124639915
v 0.00266381679 0.00893084612 -0.01309737
v 0.00142234447 0.0089252321 -0.0124831833
vn -0.244016647 0.839453876 -0.485564679
f 10558//3520 10559//3520 10560//3520
v 0.00142234447 0.0089252321 -0.0124831833
v 0.00266381679 0.00893084612 -0.01309737
v 0.00256196898 0.00870390143 -0.0134267835
vn -0.249154791 0.831796527 -0.496020555
f 10561//3521 10562//3521 10563//3521
v 0.00142234447 0.0089252321 -0.0124831833
v 0.00256196898 0.00870390143 -0.0134267835
v 0.00122105831 0.00870312098 -0.0127660511
vn -0.240764633 0.839199245 -0.487623811
f 10564//3522 10565//3522 10566//3522
v 0.00122105831 0.00870312098 -0.0127660511
v 0.00256196898 0.00870390143 -0.0134267835
v 0.00249584182 0.00835697167 -0.0136405397
vn -0.373061955 0.537196279 -0.756468713
f 10567//3523 10568//3523 10569//3523
v 0.00122105831 0.00870312098 -0.0127660511
v 0.00249584182 0.00835697167 -0.0136405397
v 0.00109272078 0.00834841561 -0.0129463999
vn -0.3800219 0.524781644 -0.761700451
f 10570//3524 10571//3524 10572//3524
v 0.00109272078 0.00834841561 -0.0129463999
v 0.00249584182 0.00835697167 -0.0136405397
v 0.00108596694 0.00832974911 -0.012955891
vn -0.380016506 0.524801672 -0.761689365
f 10573//3525 10574//3525 10575//3525
v -0.00327280606 0.00899421424 -0.00868709572
v 0.00163331826 0.00899999961 -0.0121866921
v -0.00346698216 0.00891535357 -0.00896800775
vn -0.13144806 0.974347949 -0.182667807
f 10576//3526 10577//3526 10578//3526
v -0.00346698216 0.00891535357 -0.00896800775
v 0.00163331826 0.00899999961 -0.0121866921
v 0.00143599731 0.00894030184 -0.0124639915
vn -0.103627175 0.984953463 -0.138304144
f 10579//3527 10580//3527 10581//3527
v -0.00346698216 0.00891535357 -0.00896800775
v 0.00143599731 0.00894030184 -0.0124639915
v -0.00354071823 0.00888540782 -0.00907468051
vn -0.13396062 0.974331558 -0.180921406
f 10582//3528 10583//3528 10584//3528
v -0.00354071823 0.00888540782 -0.00907468051
v 0.00143599731 0.00894030184 -0.0124639915
v 0.00142234447 0.0089252321 -0.0124831833
vn -0.309695035 0.842329979 -0.441100031
f 10585//3529 10586//3529 10587//3529
v -0.00354071823 0.00888540782 -0.00907468051
v 0.00142234447 0.0089252321 -0.0124831833
v -0.00367689226 0.00868229941 -0.00925799087
vn -0.380397201 0.747058928 -0.545161426
f 10588//3530 10589//3530 10590//3530
v -0.00367689226 0.00868229941 -0.00925799087
v 0.00142234447 0.0089252321 -0.0124831833
v 0.00122105831 0.00870312098 -0.0127660511
vn -0.316172034 0.842351317 -0.436439514
f 10591//3531 10592//3531 10593//3531
v -0.00367689226 0.00868229941 -0.00925799087
v 0.00122105831 0.00870312098 -0.0127660511
v -0.0037574654 0.00856212247 -0.00936645456
vn -0.389097452 0.747176766 -0.53882283
f 10594//3532 10595//3532 10596//3532
v -0.0037574654 0.00856212247 -0.00936645456
v 0.00122105831 0.00870312098 -0.0127660511
v 0.00109272078 0.00834841561 -0.0129463999
vn -0.488584995 0.529409826 -0.693548799
f 10597//3533 10598//3533 10599//3533
v -0.0037574654 0.00856212247 -0.00936645456
v 0.00109272078 0.00834841561 -0.0129463999
v -0.00381741254 0.00831963029 -0.00943278428
vn -0.547750354 0.344019413 -0.762640297
f 10600//3534 10601//3534 10602//3534
v -0.00381741254 0.00831963029 -0.00943278428
v 0.00109272078 0.00834841561 -0.0129463999
v 0.00108596694 0.00832974911 -0.012955891
vn -0.495740473 0.529426217 -0.688439727
f 10603//3535 10604//3535 10605//3535
v -0.00381741254 0.00831963029 -0.00943278428
v 0.00108596694 0.00832974911 -0.012955891
v -0.00387040107 0.0081052985 -0.00949141104
vn -0.548350692 0.344052434 -0.762193799
f 10606//3536 10607//3536 10608//3536
v -0.00387040107 0.0081052985 -0.00949141104
v 0.00108596694 0.00832974911 -0.012955891
v 0.0010536284 0.00798254646 -0.0130013386
vn -0.570472181 0.158616722 -0.805854976
f 10609//3537 10610//3537 10611//3537
v -0.00387040107 0.0081052985 -0.00949141104
v 0.0010536284 0.00798254646 -0.0130013386
v -0.00387817668 0.00798809435 -0.0094920313
vn -0.579208791 0.0427298211 -0.814058602
f 10612//3538 10613//3538 10614//3538
v -0.00372471404 0.00835475326 -0.00929831807
v -0.00378917321 0.00801745243 -0.00936244521
v -0.00569644803 0.00801745243 -0.00800524466
vn -0.560341656 0.256791472 -0.787448645
f 10615//3539 10616//3539 10617//3539
v -0.00569644803 0.00801745243 -0.00800524466
v -0.00565943262 0.0083520012 -0.00795322284
v -0.00372471404 0.00835475326 -0.00929831807
vn -0.560897827 0.187451094 -0.806384325
f 10618//3540 10619//3540 10620//3540
v -0.00372471404 0.00835475326 -0.00929831807
v -0.00565943262 0.0083520012 -0.00795322284
v -0.00565654971 0.0083596725 -0.00794917531
vn -0.479641765 0.543621898 -0.688780844
f 10621//3541 10622//3541 10623//3541
v -0.00372471404 0.00835475326 -0.00929831807
v -0.00565654971 0.0083596725 -0.00794917531
v -0.00370034971 0.00848225504 -0.00927407667
vn -0.552988648 0.256391883 -0.792758942
f 10624//3542 10625//3542 10626//3542
v -0.00370034971 0.00848225504 -0.00927407667
v -0.00565654971 0.0083596725 -0.00794917531
v -0.00552506046 0.00870996714 -0.00776438741
vn -0.493812203 0.543456554 -0.678825796
f 10627//3543 10628//3543 10629//3543
v -0.00370034971 0.00848225504 -0.00927407667
v -0.00552506046 0.00870996714 -0.00776438741
v -0.0035824778 0.00870293751 -0.00911961682
vn -0.428020775 0.660432518 -0.616949856
f 10630//3544 10631//3544 10632//3544
v -0.0035824778 0.00870293751 -0.00911961682
v -0.00552506046 0.00870996714 -0.00776438741
v -0.00552059431 0.00871486682 -0.00775811123
vn -0.3050372 0.843757868 -0.441616327
f 10633//3545 10634//3545 10635//3545
v -0.0035824778 0.00870293751 -0.00911961682
v -0.00552059431 0.00871486682 -0.00775811123
v -0.00353012909 0.00880094431 -0.00905102026
vn -0.42889142 0.660457611 -0.616317987
f 10636//3546 10637//3546 10638//3546
v -0.00353012909 0.00880094431 -0.00905102026
v -0.00552059431 0.00871486682 -0.00775811123
v -0.0053164321 0.00893882196 -0.00747120567
vn -0.317537695 0.843775153 -0.432681501
f 10639//3547 10640//3547 10641//3547
v -0.00353012909 0.00880094431 -0.00905102026
v -0.0053164321 0.00893882196 -0.00747120567
v -0.00337391556 0.00891827233 -0.00883009192
vn -0.221540183 0.917413652 -0.330563426
f 10642//3548 10643//3548 10644//3548
v -0.00337391556 0.00891827233 -0.00883009192
v -0.0053164321 0.00893882196 -0.00747120567
v -0.00531118875 0.00894042943 -0.00746383425
vn -0.0933324397 0.984527409 -0.1483064
f 10645//3549 10646//3549 10647//3549
v -0.00337391556 0.00891827233 -0.00883009192
v -0.00531118875 0.00894042943 -0.00746383425
v -0.00327280606 0.00899421424 -0.00868709572
vn -0.222276345 0.917419314 -0.330053031
f 10648//3550 10649//3550 10650//3550
v -0.00327280606 0.00899421424 -0.00868709572
v -0.00531118875 0.00894042943 -0.00746383425
v -0.00511675095 0.00899999961 -0.00719059445
vn -0.108469352 0.984550357 -0.137458965
f 10651//3551 10652//3551 10653//3551
v -0.00327280606 0.00899421424 -0.00868709572
v -0.00511675095 0.00899999961 -0.00719059445
v -0.00318883685 0.00899999961 -0.00856248289
vn -0.0223133303 0.999259174 -0.0313569009
f 10654//3552 10655//3552 10656//3552
v -0.00020871959 0.00846113358 0.00971040316
v -0.000192860345 0.00869139563 0.00950662792
v -0.00175790326 0.00870996714 0.00936598983
vn -0.059117768 0.663843393 0.74553138
f 10657//3553 10658//3553 10659//3553
v -0.00552059431 0.00871486682 -0.00775811123
v -0.00552506046 0.00870996714 -0.00776438741
v -0.00683892472 0.00870996714 -0.00663634343
vn -0.350637943 0.842771888 -0.408397585
f 10660//3554 10661//3554 10662//3554
v -0.00565654971 0.0083596725 -0.00794917531
v -0.00565943262 0.0083520012 -0.00795322284
v -0.00700525381 0.0083520012 -0.00679774396
vn -0.547402442 0.542076886 -0.637576044
f 10663//3555 10664//3555 10665//3555
v -0.00966366287 0.00801744871 0.00149763806
v -0.0096465582 0.0083520012 0.00149225106
v -0.00982344989 0.00801745243 -0.000182572068
vn -0.994143367 0.0523517132 0.0945422426
f 10666//3556 10667//3556 10668//3556
v -0.00982344989 0.00801745243 -0.000182572068
v -0.0096465582 0.0083520012 0.00149225106
v -0.00964507181 0.0083520012 -0.00150184927
vn -0.883122146 0.469142884 -0.000438353687
f 10669//3557 10670//3557 10671//3557
v -0.00982344989 0.00801745243 -0.000182572068
v -0.00964507181 0.0083520012 -0.00150184927
v -0.00970815588 0.00801745243 -0.00151167263
vn -0.97867775 0.187035993 -0.0848963559
f 10672//3558 10673//3558 10674//3558
v -0.00970815588 0.00801745243 -0.00151167263
v -0.00964507181 0.0083520012 -0.00150184927
v -0.00970324129 0.00801745243 -0.00152710069
vn -0.936325014 0.185314551 -0.298251539
f 10675//3559 10676//3559 10677//3559
v -0.00970324129 0.00801745243 -0.00152710069
v -0.00964507181 0.0083520012 -0.00150184927
v -0.00873612985 0.0083520012 -0.00435464876
vn -0.936303198 0.185315862 -0.29831925
f 10678//3560 10679//3560 10680//3560
v -0.00970324129 0.00801745243 -0.00152710069
v -0.00873612985 0.0083520012 -0.00435464876
v -0.00879327115 0.00801745243 -0.00438313233
vn -0.936302781 0.185318515 -0.298318803
f 10681//3561 10682//3561 10683//3561
v -0.00879327115 0.00801745243 -0.00438313233
v -0.00873612985 0.0083520012 -0.00435464876
v -0.00791818649 0.00801745243 -0.00561829889
vn -0.801836073 0.185319215 -0.568080723
f 10684//3562 10685//3562 10686//3562
v -0.00791818649 0.00801745243 -0.00561829889
v -0.00873612985 0.0083520012 -0.00435464876
v -0.00700525381 0.0083520012 -0.00679774396
vn -0.801834404 0.185325116 -0.5680812
f 10687//3563 10688//3563 10689//3563
v -0.00791818649 0.00801745243 -0.00561829889
v -0.00700525381 0.0083520012 -0.00679774396
v -0.00705107581 0.00801745243 -0.00684220763
vn -0.801834345 0.18532683 -0.568080664
f 10690//3564 10691//3564 10692//3564
v -0.00705107581 0.00801745243 -0.00684220763
v -0.00700525381 0.0083520012 -0.00679774396
v -0.00565943262 0.0083520012 -0.00795322284
vn -0.639958322 0.186719105 -0.745378673
f 10693//3565 10694//3565 10695//3565
v -0.00705107581 0.00801745243 -0.00684220763
v -0.00565943262 0.0083520012 -0.00795322284
v -0.00569644803 0.00801745243 -0.00800524466
vn -0.639958143 0.186712489 -0.745380461
f 10696//3566 10697//3566 10698//3566
v -0.0053164321 0.00893882196 -0.00747120567
v -0.00658068759 0.00893882196 -0.00638575619
v -0.00531118875 0.00894042943 -0.00746383425
vn -0.114431538 0.984449804 -0.133281767
f 10699//3567 10700//3567 10701//3567
v -0.00531118875 0.00894042943 -0.00746383425
v -0.00658068759 0.00893882196 -0.00638575619
v -0.00630280329 0.00899999961 -0.00611212477
vn -0.101377286 0.987836599 -0.117904603
f 10702//3568 10703//3568 10704//3568
v -0.00531118875 0.00894042943 -0.00746383425
v -0.00630280329 0.00899999961 -0.00611212477
v -0.00511675095 0.00899999961 -0.00719059445
vn -0.118478455 0.984370589 -0.130297273
f 10705//3569 10706//3569 10707//3569
v -0.00820666179 0.00893882196 -0.0040907287
v -0.00787718035 0.00899999961 -0.00392897194
v -0.00780118397 0.00899999961 -0.00412799651
vn -0.154220283 0.986280024 -0.0588884838
f 10708//3570 10709//3570 10710//3570
v -0.00820666179 0.00893882196 -0.0040907287
v -0.00780118397 0.00899999961 -0.00412799651
v -0.00658068759 0.00893882196 -0.00638575619
vn -0.158319876 0.980996251 -0.112166017
f 10711//3571 10712//3571 10713//3571
v -0.00658068759 0.00893882196 -0.00638575619
v -0.00780118397 0.00899999961 -0.00412799651
v -0.00667474465 0.00899999961 -0.00577391917
vn -0.18370083 0.974909306 -0.12572147
f 10714//3572 10715//3572 10716//3572
v -0.00658068759 0.00893882196 -0.00638575619
v -0.00667474465 0.00899999961 -0.00577391917
v -0.00630280329 0.00899999961 -0.00611212477
vn -0.104414821 0.987882376 -0.114830092
f 10717//3573 10718//3573 10719//3573
v -0.00787718035 0.00899999961 -0.00392897194
v -0.00820666179 0.00893882196 -0.0040907287
v -0.00856631715 0.00899999961 -0.00212413608
vn -0.154221475 0.986279964 -0.05888604
f 10720//3574 10721//3574 10722//3574
v -0.00856631715 0.00899999961 -0.00212413608
v -0.00820666179 0.00893882196 -0.0040907287
v -0.00906051788 0.00893882196 -0.00141082739
vn -0.222833872 0.972267628 -0.0709981397
f 10723//3575 10724//3575 10725//3575
v -0.00856631715 0.00899999961 -0.00212413608
v -0.00906051788 0.00893882196 -0.00141082739
v -0.00866268482 0.00899999961 -0.00135067094
vn -0.149217635 0.98862958 -0.0185914095
f 10726//3576 10727//3576 10728//3576
v -0.00866268482 0.00899999961 -0.00135067094
v -0.00906051788 0.00893882196 -0.00141082739
v -0.00882517826 0.00899999961 -4.65016492e-05
vn -0.149217591 0.98862958 -0.0185917579
f 10729//3577 10730//3577 10731//3577
v -0.00882517826 0.00899999961 -4.65016492e-05
v -0.00906051788 0.00893882196 -0.00141082739
v -0.00906191766 0.00893882196 0.00140181091
vn -0.250914514 0.968009233 -0.000124886094
f 10732//3578 10733//3578 10734//3578
v -0.00882517826 0.00899999961 -4.65016492e-05
v -0.00906191766 0.00893882196 0.00140181091
v -0.00867388956 0.00899999961 0.00134397391
vn -0.153291345 0.988040268 0.0166786164
f 10735//3579 10736//3579 10737//3579
v -0.00658703968 0.00893882196 0.00637920527
v -0.00676716259 0.00899999961 0.00566571066
v -0.00821072794 0.00893882196 0.00408256054
vn -0.18380101 0.974336565 0.129944116
f 10738//3580 10739//3580 10740//3580
v -0.00821072794 0.00893882196 0.00408256054
v -0.00676716259 0.00899999961 0.00566571066
v -0.0079376027 0.00899999961 0.00385888643
vn -0.144176021 0.98513478 0.093395561
f 10741//3581 10742//3581 10743//3581
v -0.00821072794 0.00893882196 0.00408256054
v -0.0079376027 0.00899999961 0.00385888643
v -0.00906191766 0.00893882196 0.00140181091
vn -0.174753129 0.983047545 0.0554875098
f 10744//3582 10745//3582 10746//3582
v -0.00906191766 0.00893882196 0.00140181091
v -0.0079376027 0.00899999961 0.00385888643
v -0.00860836543 0.00899999961 0.00194619759
vn -0.22614485 0.970859885 0.0793069229
f 10747//3583 10748//3583 10749//3583
v -0.00906191766 0.00893882196 0.00140181091
v -0.00860836543 0.00899999961 0.00194619759
v -0.00867388956 0.00899999961 0.00134397391
vn -0.15329133 0.988040268 0.0166787356
f 10750//3584 10751//3584 10752//3584
v -0.00434361817 0.00893882196 0.00807566568
v -0.00530381594 0.00899999961 0.00705374964
v -0.00658703968 0.00893882196 0.00637920527
vn -0.151380077 0.967992365 0.200187027
f 10753//3585 10754//3585 10755//3585
v -0.00658703968 0.00893882196 0.00637920527
v -0.00530381594 0.00899999961 0.00705374964
v -0.00630549807 0.00899999961 0.00610361667
vn -0.105670452 0.988141179 0.111403644
f 10756//3586 10757//3586 10758//3586
v -0.00658703968 0.00893882196 0.00637920527
v -0.00630549807 0.00899999961 0.00610361667
v -0.00676716259 0.00899999961 0.00566571066
vn -0.105670504 0.988141179 0.111403592
f 10759//3587 10760//3587 10761//3587
v -0.00152219459 0.00899999961 0.00869365782
v -0.00162479025 0.00899999961 0.00866309833
v -0.00169152173 0.00893882196 0.00901233125
vn -0.0486478135 0.985373139 0.163319156
f 10762//3588 10763//3588 10764//3588
v -0.00169152173 0.00893882196 0.00901233125
v -0.00162479025 0.00899999961 0.00866309833
v -0.00348110986 0.00899999961 0.00811017118
vn -0.0486466102 0.985373199 0.163319394
f 10765//3589 10766//3589 10767//3589
v -0.00169152173 0.00893882196 0.00901233125
v -0.00348110986 0.00899999961 0.00811017118
v -0.00434361817 0.00893882196 0.00807566568
vn -0.0777786374 0.972343445 0.220224157
f 10768//3590 10769//3590 10770//3590
v -0.00434361817 0.00893882196 0.00807566568
v -0.00348110986 0.00899999961 0.00811017118
v -0.00415117713 0.00899999961 0.00772180595
vn -0.0753244236 0.988653779 0.129961297
f 10771//3591 10772//3591 10773//3591
v -0.00434361817 0.00893882196 0.00807566568
v -0.00415117713 0.00899999961 0.00772180595
v -0.00530381594 0.00899999961 0.00705374964
vn -0.0753241926 0.988653779 0.129961416
f 10774//3592 10775//3592 10776//3592
v -0.000164050725 0.00899999961 0.00882376544
v -0.00152219459 0.00899999961 0.00869365782
v -0.000166973419 0.00899413042 0.00897661317
vn -0.00366908638 0.999259531 0.0383003689
f 10777//3593 10778//3593 10779//3593
v -0.000166973419 0.00899413042 0.00897661317
v -0.00152219459 0.00899999961 0.00869365782
v -0.00169152173 0.00893882196 0.00901233125
vn -0.0316844471 0.984556556 0.172175884
f 10780//3594 10781//3594 10782//3594
v -0.000166973419 0.00899413042 0.00897661317
v -0.00169152173 0.00893882196 0.00901233125
v -0.000174431232 0.00891799759 0.00915936753
vn -0.0245048031 0.923180938 0.383583695
f 10783//3595 10784//3595 10785//3595
v -0.000174431232 0.00891799759 0.00915936753
v -0.00169152173 0.00893882196 0.00901233125
v -0.00018392218 0.00882117916 0.00939177349
vn -0.0245051645 0.923179448 0.383587211
f 10786//3596 10787//3596 10788//3596
v -0.000234057588 0.00801741891 0.00982235745
v -0.000215238688 0.00834698789 0.00973920245
v -0.00180833368 0.00801742263 0.00962399784
vn -0.121063277 0.24934113 0.960818768
f 10789//3597 10790//3597 10791//3597
v -0.00180833368 0.00801742263 0.00962399784
v -0.000215238688 0.00834698789 0.00973920245
v -0.0018006555 0.0083520012 0.00959377643
vn -0.090671882 0.0916521624 0.991654396
f 10792//3598 10793//3598 10794//3598
v -0.00180833368 0.00801742263 0.00962399784
v -0.0018006555 0.0083520012 0.00959377643
v -0.00220980938 0.00801742356 0.00957341213
vn -0.124479115 0.0920924246 0.987939239
f 10795//3599 10796//3599 10797//3599
v -0.00220980938 0.00801742356 0.00957341213
v -0.0018006555 0.0083520012 0.00959377643
v -0.00329310936 0.00801742636 0.00918968767
vn -0.315051734 0.331138819 0.889432132
f 10798//3600 10799//3600 10800//3600
v -0.00329310936 0.00801742636 0.00918968767
v -0.0018006555 0.0083520012 0.00959377643
v -0.00462384894 0.0083520012 0.00859668013
vn -0.314647406 0.327565789 0.890897095
f 10801//3601 10802//3601 10803//3601
v -0.00329310936 0.00801742636 0.00918968767
v -0.00462384894 0.0083520012 0.00859668013
v -0.00430896692 0.00801742822 0.00882985163
vn -0.315859109 0.324180454 0.891706228
f 10804//3602 10805//3602 10806//3602
v -0.00703762518 0.00801743567 0.00676577259
v -0.00701286225 0.00801743567 0.00679100305
v -0.00701201567 0.0083520012 0.00679076975
vn -0.71368736 0.00229426217 0.700460613
f 10807//3603 10808//3603 10809//3603
v -0.00701201567 0.0083520012 0.00679076975
v -0.00701286225 0.00801743567 0.00679100305
v -0.00618675677 0.00801743288 0.00763266394
vn -0.713669062 0.00229422888 0.700479269
f 10810//3604 10811//3604 10812//3604
v -0.00701201567 0.0083520012 0.00679076975
v -0.00618675677 0.00801743288 0.00763266394
v -0.00462384894 0.0083520012 0.00859668013
vn -0.535274386 0.460891783 0.707855999
f 10813//3605 10814//3605 10815//3605
v -0.00462384894 0.0083520012 0.00859668013
v -0.00618675677 0.00801743288 0.00763266394
v -0.00463456335 0.00801742915 0.00862226915
vn -0.535803318 0.0814353302 0.840406477
f 10816//3606 10817//3606 10818//3606
v -0.00462384894 0.0083520012 0.00859668013
v -0.00463456335 0.00801742915 0.00862226915
v -0.00430896692 0.00801742822 0.00882985163
vn -0.535798609 0.0814354122 0.840409517
f 10819//3607 10820//3607 10821//3607
v -0.00874045771 0.0083520012 0.00434595393
v -0.00877570082 0.00801744219 0.00436096685
v -0.00701201567 0.0083520012 0.00679076975
vn -0.811477721 0.11122711 0.573700607
f 10822//3608 10823//3608 10824//3608
v -0.00701201567 0.0083520012 0.00679076975
v -0.00877570082 0.00801744219 0.00436096685
v -0.00774670206 0.00801743753 0.00604335358
vn -0.696349025 0.5776667 0.425909847
f 10825//3609 10826//3609 10827//3609
v -0.00701201567 0.0083520012 0.00679076975
v -0.00774670206 0.00801743753 0.00604335358
v -0.00703762518 0.00801743567 0.00676577259
vn -0.713664293 0.00229073968 0.700484097
f 10828//3610 10829//3610 10830//3610
v -0.00966366287 0.00801744871 0.00149763806
v -0.00961294584 0.00801744778 0.00203092885
v -0.0096465582 0.0083520012 0.00149225106
vn -0.994143128 0.0523517467 0.0945450813
f 10831//3611 10832//3611 10833//3611
v -0.0096465582 0.0083520012 0.00149225106
v -0.00961294584 0.00801744778 0.00203092885
v -0.00931351632 0.00801744591 0.00292913499
vn -0.876556873 0.382438779 0.292213321
f 10834//3612 10835//3612 10836//3612
v -0.0096465582 0.0083520012 0.00149225106
v -0.00931351632 0.00801744591 0.00292913499
v -0.00874045771 0.0083520012 0.00434595393
vn -0.899328351 0.331162214 0.285552382
f 10837//3613 10838//3613 10839//3613
v -0.00874045771 0.0083520012 0.00434595393
v -0.00931351632 0.00801744591 0.00292913499
v -0.00890866295 0.00801744312 0.00414357055
vn -0.912187517 0.274664283 0.304094464
f 10840//3614 10841//3614 10842//3614
v -0.00874045771 0.0083520012 0.00434595393
v -0.00890866295 0.00801744312 0.00414357055
v -0.00877570082 0.00801744219 0.00436096685
vn -0.847670138 0.112560168 0.518445253
f 10843//3615 10844//3615 10845//3615
v -0.000215238688 0.00834698789 0.00973920245
v -0.00020871959 0.00846113358 0.00971040316
v -0.0018006555 0.0083520012 0.00959377643
vn -0.0877017975 0.248402134 0.964678586
f 10846//3616 10847//3616 10848//3616
v -0.0018006555 0.0083520012 0.00959377643
v -0.00020871959 0.00846113358 0.00971040316
v -0.00175790326 0.00870996714 0.00936598983
vn -0.0983121768 0.542589426 0.834225059
f 10849//3617 10850//3617 10851//3617
v -0.0018006555 0.0083520012 0.00959377643
v -0.00175790326 0.00870996714 0.00936598983
v -0.00462384894 0.0083520012 0.00859668013
vn -0.280520916 0.538926482 0.794270933
f 10852//3618 10853//3618 10854//3618
v -0.00462384894 0.0083520012 0.00859668013
v -0.00175790326 0.00870996714 0.00936598983
v -0.00451406743 0.00870996714 0.00839256682
vn -0.280520976 0.538925469 0.794271529
f 10855//3619 10856//3619 10857//3619
v -0.00462384894 0.0083520012 0.00859668013
v -0.00451406743 0.00870996714 0.00839256682
v -0.00701201567 0.0083520012 0.00679076975
vn -0.508070946 0.53892386 0.671881676
f 10858//3620 10859//3620 10860//3620
v -0.00701201567 0.0083520012 0.00679076975
v -0.00451406743 0.00870996714 0.00839256682
v -0.006845525 0.00870996714 0.006629535
vn -0.508069277 0.538930535 0.671877623
f 10861//3621 10862//3621 10863//3621
v -0.00701201567 0.0083520012 0.00679076975
v -0.006845525 0.00870996714 0.006629535
v -0.00874045771 0.0083520012 0.00434595393
vn -0.687815845 0.538931429 0.486273825
f 10864//3622 10865//3622 10866//3622
v -0.00874045771 0.0083520012 0.00434595393
v -0.006845525 0.00870996714 0.006629535
v -0.0085329283 0.00870996714 0.00424276665
vn -0.687815547 0.538932145 0.486273468
f 10867//3623 10868//3623 10869//3623
v -0.00874045771 0.0083520012 0.00434595393
v -0.0085329283 0.00870996714 0.00424276665
v -0.0096465582 0.0083520012 0.00149225106
vn -0.802849889 0.538932681 0.254918784
f 10870//3624 10871//3624 10872//3624
v -0.0096465582 0.0083520012 0.00149225106
v -0.0085329283 0.00870996714 0.00424276665
v -0.00941751432 0.00870996714 0.00145682029
vn -0.802850068 0.538932323 0.254918933
f 10873//3625 10874//3625 10875//3625
v -0.0096465582 0.0083520012 0.00149225106
v -0.00941751432 0.00870996714 0.00145682029
v -0.00964507181 0.0083520012 -0.00150184927
vn -0.842348754 0.538932681 -0.000418115058
f 10876//3626 10877//3626 10878//3626
v -0.00964507181 0.0083520012 -0.00150184927
v -0.00941751432 0.00870996714 0.00145682029
v -0.00941606052 0.00870996714 -0.00146619044
vn -0.842345238 0.538938165 -0.000419045653
f 10879//3627 10880//3627 10881//3627
v -0.00964507181 0.0083520012 -0.00150184927
v -0.00941606052 0.00870996714 -0.00146619044
v -0.00873612985 0.0083520012 -0.00435464876
vn -0.802592576 0.538937688 -0.255717188
f 10882//3628 10883//3628 10884//3628
v -0.00873612985 0.0083520012 -0.00435464876
v -0.00941606052 0.00870996714 -0.00146619044
v -0.00852870662 0.00870996714 -0.00425125565
vn -0.80259943 0.538927376 -0.255717516
f 10885//3629 10886//3629 10887//3629
v -0.00873612985 0.0083520012 -0.00435464876
v -0.00852870662 0.00870996714 -0.00425125565
v -0.00700525381 0.0083520012 -0.00679774396
vn -0.687333465 0.538927436 -0.486959904
f 10888//3630 10889//3630 10890//3630
v -0.00700525381 0.0083520012 -0.00679774396
v -0.00852870662 0.00870996714 -0.00425125565
v -0.00683892472 0.00870996714 -0.00663634343
vn -0.687331557 0.538930476 -0.486959219
f 10891//3631 10892//3631 10893//3631
v -0.00700525381 0.0083520012 -0.00679774396
v -0.00683892472 0.00870996714 -0.00663634343
v -0.00565654971 0.0083596725 -0.00794917531
vn -0.547477007 0.541897416 -0.637664616
f 10894//3632 10895//3632 10896//3632
v -0.00565654971 0.0083596725 -0.00794917531
v -0.00683892472 0.00870996714 -0.00663634343
v -0.00552506046 0.00870996714 -0.00776438741
vn -0.547481656 0.541890085 -0.637666821
f 10897//3633 10898//3633 10899//3633
v -0.000192860345 0.00869139563 0.00950662792
v -0.00018392218 0.00882117916 0.00939177349
v -0.00175790326 0.00870996714 0.00936598983
vn -0.0591177605 0.663843453 0.745531321
f 10900//3634 10901//3634 10902//3634
v -0.00175790326 0.00870996714 0.00936598983
v -0.00018392218 0.00882117916 0.00939177349
v -0.00169152173 0.00893882196 0.00901233125
vn -0.0683213696 0.843390524 0.532939613
f 10903//3635 10904//3635 10905//3635
v -0.00175790326 0.00870996714 0.00936598983
v -0.00169152173 0.00893882196 0.00901233125
v -0.00451406743 0.00870996714 0.00839256682
vn -0.180233195 0.840889096 0.51031512
f 10906//3636 10907//3636 10908//3636
v -0.00451406743 0.00870996714 0.00839256682
v -0.00169152173 0.00893882196 0.00901233125
v -0.00434361817 0.00893882196 0.00807566568
vn -0.180233553 0.840887725 0.510317266
f 10909//3637 10910//3637 10911//3637
v -0.00451406743 0.00870996714 0.00839256682
v -0.00434361817 0.00893882196 0.00807566568
v -0.006845525 0.00870996714 0.006629535
vn -0.326434433 0.840887547 0.431681275
f 10912//3638 10913//3638 10914//3638
v -0.006845525 0.00870996714 0.006629535
v -0.00434361817 0.00893882196 0.00807566568
v -0.00658703968 0.00893882196 0.00637920527
vn -0.326434404 0.840887547 0.431681216
f 10915//3639 10916//3639 10917//3639
v -0.006845525 0.00870996714 0.006629535
v -0.00658703968 0.00893882196 0.00637920527
v -0.0085329283 0.00870996714 0.00424276665
vn -0.441921979 0.840887487 0.312431037
f 10918//3640 10919//3640 10920//3640
v -0.0085329283 0.00870996714 0.00424276665
v -0.00658703968 0.00893882196 0.00637920527
v -0.00821072794 0.00893882196 0.00408256054
vn -0.441922396 0.840887129 0.312431455
f 10921//3641 10922//3641 10923//3641
v -0.0085329283 0.00870996714 0.00424276665
v -0.00821072794 0.00893882196 0.00408256054
v -0.00941751432 0.00870996714 0.00145682029
vn -0.515832603 0.84088701 0.163785845
f 10924//3642 10925//3642 10926//3642
v -0.00941751432 0.00870996714 0.00145682029
v -0.00821072794 0.00893882196 0.00408256054
v -0.00906191766 0.00893882196 0.00140181091
vn -0.515837491 0.840883493 0.163788423
f 10927//3643 10928//3643 10929//3643
v -0.00941751432 0.00870996714 0.00145682029
v -0.00906191766 0.00893882196 0.00140181091
v -0.00941606052 0.00870996714 -0.00146619044
vn -0.541216433 0.840883255 -0.000269241631
f 10930//3644 10931//3644 10932//3644
v -0.00941606052 0.00870996714 -0.00146619044
v -0.00906191766 0.00893882196 0.00140181091
v -0.00906051788 0.00893882196 -0.00141082739
vn -0.541215658 0.840883791 -0.000269375858
f 10933//3645 10934//3645 10935//3645
v -0.00941606052 0.00870996714 -0.00146619044
v -0.00906051788 0.00893882196 -0.00141082739
v -0.00852870662 0.00870996714 -0.00425125565
vn -0.515673995 0.84088403 -0.164299741
f 10936//3646 10937//3646 10938//3646
v -0.00852870662 0.00870996714 -0.00425125565
v -0.00906051788 0.00893882196 -0.00141082739
v -0.00820666179 0.00893882196 -0.0040907287
vn -0.515665412 0.840889513 -0.164298579
f 10939//3647 10940//3647 10941//3647
v -0.00852870662 0.00870996714 -0.00425125565
v -0.00820666179 0.00893882196 -0.0040907287
v -0.00683892472 0.00870996714 -0.00663634343
vn -0.44160828 0.840889215 -0.312869698
f 10942//3648 10943//3648 10944//3648
v -0.00683892472 0.00870996714 -0.00663634343
v -0.00820666179 0.00893882196 -0.0040907287
v -0.00658068759 0.00893882196 -0.00638575619
vn -0.441609681 0.840888262 -0.312870353
f 10945//3649 10946//3649 10947//3649
v -0.00683892472 0.00870996714 -0.00663634343
v -0.00658068759 0.00893882196 -0.00638575619
v -0.00552059431 0.00871486682 -0.00775811123
vn -0.350619316 0.842790306 -0.408375621
f 10948//3650 10949//3650 10950//3650
v -0.00552059431 0.00871486682 -0.00775811123
v -0.00658068759 0.00893882196 -0.00638575619
v -0.0053164321 0.00893882196 -0.00747120567
vn -0.350617349 0.842791736 -0.408374339
f 10951//3651 10952//3651 10953//3651
v -0.00299947918 0.00899999961 -5.57463136e-05
v -0.00262550008 0.00899999961 0.00145146321
v -0.00276852772 -0.00899999961 0.00115576154
vn 0.970561922 -0.00375585631 -0.24082236
f 10954//3652 10955//3652 10956//3652
v -0.00154802029 0.00899999961 0.00256975438
v -0.00207474502 -0.00899999961 0.00216702744
v -0.00262550008 0.00899999961 0.00145146321
vn 0.720113814 -0.00554868113 -0.693833768
f 10957//3653 10958//3653 10959//3653
v -0.00262550008 0.00899999961 0.00145146321
v -0.00207474502 -0.00899999961 0.00216702744
v -0.00258480827 -0.00899999961 0.00142354774
vn 0.82459712 0.00274147489 -0.565713823
f 10960//3654 10961//3654 10962//3654
v -0.00262550008 0.00899999961 0.00145146321
v -0.00258480827 -0.00899999961 0.00142354774
v -0.00276852772 -0.00899999961 0.00115576154
vn 0.824590087 0.00274147489 -0.565724015
f 10963//3655 10964//3655 10965//3655
v 0.000169526043 -0.00899999961 0.00299541978
v -5.01432951e-05 -0.00899999961 0.00296231289
v -5.57448766e-05 0.00899999961 0.00299948198
vn 0.149029285 0.00208826922 -0.988830566
f 10966//3656 10967//3656 10968//3656
v -5.57448766e-05 0.00899999961 0.00299948198
v -5.01432951e-05 -0.00899999961 0.00296231289
v -0.0010442026 -0.00899999961 0.00281249546
vn 0.1490293 0.00208826922 -0.988830566
f 10969//3657 10970//3657 10971//3657
v -5.57448766e-05 0.00899999961 0.00299948198
v -0.0010442026 -0.00899999961 0.00281249546
v -0.00154802029 0.00899999961 0.00256975438
vn 0.276719123 -0.00521349628 -0.960936725
f 10972//3658 10973//3658 10974//3658
v -0.00154802029 0.00899999961 0.00256975438
v -0.0010442026 -0.00899999961 0.00281249546
v -0.00151525869 -0.00899999961 0.00251745526
vn 0.530811071 0.00342849432 -0.847483277
f 10975//3659 10976//3659 10977//3659
v -0.00154802029 0.00899999961 0.00256975438
v -0.00151525869 -0.00899999961 0.00251745526
v -0.00207474502 -0.00899999961 0.00216702744
vn 0.530811131 0.00342849432 -0.847483218
f 10978//3660 10979//3660 10980//3660
v 0.0025697567 0.00899999961 0.00154801889
v 0.00226028753 -0.00899999961 0.00197306764
v 0.0014514603 0.00899999961 0.00262550055
vn -0.693834424 -0.00507579604 -0.720116675
f 10981//3661 10982//3661 10983//3661
v 0.0014514603 0.00899999961 0.00262550055
v 0.00226028753 -0.00899999961 0.00197306764
v 0.00144281972 -0.00899999961 0.00261448417
vn -0.617297769 0.000777827052 -0.786729217
f 10984//3662 10985//3662 10986//3662
v 0.0014514603 0.00899999961 0.00262550055
v 0.00144281972 -0.00899999961 0.00261448417
v -5.57448766e-05 0.00899999961 0.00299948198
vn -0.24082613 0.000709622807 -0.970568001
f 10987//3663 10988//3663 10989//3663
v -5.57448766e-05 0.00899999961 0.00299948198
v 0.00144281972 -0.00899999961 0.00261448417
v 0.00137810281 -0.00899999961 0.002665265
vn -0.616941988 -0.0345457047 -0.786250114
f 10990//3664 10991//3664 10992//3664
v -5.57448766e-05 0.00899999961 0.00299948198
v 0.00137810281 -0.00899999961 0.002665265
v 0.000169526043 -0.00899999961 0.00299541978
vn -0.263519436 -0.00308025721 -0.964649141
f 10993//3665 10994//3665 10995//3665
v 0.00299948221 0.00899999961 5.57463682e-05
v 0.00285327458 -0.00899999961 0.000927522313
v 0.0025697567 0.00899999961 0.00154801889
vn -0.960934997 -0.00559665961 -0.276717633
f 10996//3666 10997//3666 10998//3666
v 0.0025697567 0.00899999961 0.00154801889
v 0.00285327458 -0.00899999961 0.000927522313
v 0.00251799775 -0.00899999961 0.00151866639
vn -0.869830966 0.0033056878 -0.493338764
f 10999//3667 11000//3667 11001//3667
v 0.0025697567 0.00899999961 0.00154801889
v 0.00251799775 -0.00899999961 0.00151866639
v 0.00226028753 -0.00899999961 0.00197306764
vn -0.869839966 0.0033056878 -0.493322939
f 11002//3668 11003//3668 11004//3668
v 0.00262550311 0.00899999961 -0.00145146321
v 0.00276852306 -0.00899999961 -0.00115576165
v 0.00299948221 0.00899999961 5.57463682e-05
vn -0.970561922 -0.00375545654 0.24082236
f 11005//3669 11006//3669 11007//3669
v 0.00299948221 0.00899999961 5.57463682e-05
v 0.00276852306 -0.00899999961 -0.00115576165
v 0.00299948221 -0.00899999961 5.57463682e-05
vn -0.982309401 1.12110888e-15 0.187265113
f 11008//3670 11009//3670 11010//3670
v 0.00299948221 0.00899999961 5.57463682e-05
v 0.00299948221 -0.00899999961 5.57463682e-05
v 0.00285327458 -0.00899999961 0.000927522313
vn -0.986226201 1.21360742e-15 -0.165402234
f 11011//3671 11012//3671 11013//3671
v 0.00154801586 0.00899999961 -0.00256975438
v 0.00207474804 -0.00899999961 -0.00216702744
v 0.00262550311 0.00899999961 -0.00145146321
vn -0.72011143 -0.00554885017 0.693836212
f 11014//3672 11015//3672 11016//3672
v 0.00262550311 0.00899999961 -0.00145146321
v 0.00207474804 -0.00899999961 -0.00216702744
v 0.0025848113 -0.00899999961 -0.00142354774
vn -0.82459712 0.00274147489 0.565713823
f 11017//3673 11018//3673 11019//3673
v 0.00262550311 0.00899999961 -0.00145146321
v 0.0025848113 -0.00899999961 -0.00142354774
v 0.00276852306 -0.00899999961 -0.00115576165
vn -0.824600637 0.00274147489 0.565708578
f 11020//3674 11021//3674 11022//3674
v -0.000169523075 -0.00899999961 -0.00299541978
v 5.01462746e-05 -0.00899999961 -0.00296231289
v 5.57478561e-05 0.00899999961 -0.00299948198
vn -0.149029285 0.00208826922 0.988830566
f 11023//3675 11024//3675 11025//3675
v 5.57478561e-05 0.00899999961 -0.00299948198
v 5.01462746e-05 -0.00899999961 -0.00296231289
v 0.00104420562 -0.00899999961 -0.00281249546
vn -0.1490293 0.00208826922 0.988830566
f 11026//3676 11027//3676 11028//3676
v 5.57478561e-05 0.00899999961 -0.00299948198
v 0.00104420562 -0.00899999961 -0.00281249546
v 0.00154801586 0.00899999961 -0.00256975438
vn -0.276720315 -0.00521356566 0.960936368
f 11029//3677 11030//3677 11031//3677
v 0.00154801586 0.00899999961 -0.00256975438
v 0.00104420562 -0.00899999961 -0.00281249546
v 0.0015152616 -0.00899999961 -0.00251745502
vn -0.530811071 0.00342828128 0.847483277
f 11032//3678 11033//3678 11034//3678
v 0.00154801586 0.00899999961 -0.00256975438
v 0.0015152616 -0.00899999961 -0.00251745502
v 0.00207474804 -0.00899999961 -0.00216702744
vn -0.530811131 0.00342828128 0.847483218
f 11035//3679 11036//3679 11037//3679
v -0.00256975391 0.00899999961 -0.00154801877
v -0.0022602845 -0.00899999961 -0.00197306764
v -0.00145146484 0.00899999961 -0.00262550078
vn 0.693836868 -0.00507569872 0.720114291
f 11038//3680 11039//3680 11040//3680
v -0.00145146484 0.00899999961 -0.00262550078
v -0.0022602845 -0.00899999961 -0.00197306764
v -0.00144281669 -0.00899999961 -0.00261448394
vn 0.617297769 0.000778088579 0.786729217
f 11041//3681 11042//3681 11043//3681
v -0.00145146484 0.00899999961 -0.00262550078
v -0.00144281669 -0.00899999961 -0.00261448394
v 5.57478561e-05 0.00899999961 -0.00299948198
vn 0.240824923 0.00070972956 0.970568299
f 11044//3682 11045//3682 11046//3682
v 5.57478561e-05 0.00899999961 -0.00299948198
v -0.00144281669 -0.00899999961 -0.00261448394
v -0.0013780999 -0.00899999961 -0.002665265
vn 0.616941988 -0.0345457047 0.786250114
f 11047//3683 11048//3683 11049//3683
v 5.57478561e-05 0.00899999961 -0.00299948198
v -0.0013780999 -0.00899999961 -0.002665265
v -0.000169523075 -0.00899999961 -0.00299541978
vn 0.263519436 -0.00308025721 0.964649141
f 11050//3684 11051//3684 11052//3684
v -0.00276852772 -0.00899999961 0.00115576154
v -0.00299947918 -0.00899999961 -5.57463136e-05
v -0.00299947918 0.00899999961 -5.57463136e-05
vn 0.982310534 -1.1427672e-15 -0.187259316
f 11053//3685 11054//3685 11055//3685
v -0.00299947918 0.00899999961 -5.57463136e-05
v -0.00299947918 -0.00899999961 -5.57463136e-05
v -0.00285327155 -0.00899999961 -0.000927522255
vn 0.986226201 -1.19672108e-15 0.165402234
f 11056//3686 11057//3686 11058//3686
v -0.00299947918 0.00899999961 -5.57463136e-05
v -0.00285327155 -0.00899999961 -0.000927522255
v -0.00256975391 0.00899999961 -0.00154801877
vn 0.960934997 -0.00559665961 0.276717633
f 11059//3687 11060//3687 11061//3687
v -0.00256975391 0.00899999961 -0.00154801877
v -0.00285327155 -0.00899999961 -0.000927522255
v -0.00251800218 -0.00899999961 -0.00151866651
vn 0.869835734 0.00330532412 0.493330389
f 11062//3688 11063//3688 11064//3688
v -0.00256975391 0.00899999961 -0.00154801877
v -0.00251800218 -0.00899999961 -0.00151866651
v -0.0022602845 -0.00899999961 -0.00197306764
vn 0.869833767 0.00330532412 0.493333846
f 11065//3689 11066//3689 11067//3689
v 0.177823052 -0.00899999961 0.00417939387
v 0.177539542 0.00899999961 0.00479989033
v 0.177969262 0.00899999961 0.00330761774
vn -0.960934997 -0.00559665961 -0.276717633
f 11068//3690 11069//3690 11070//3690
v 0.177823052 -0.00899999961 0.00417939387
v 0.177487791 -0.00899999961 0.00477053784
v 0.177539542 0.00899999961 0.00479989033
vn -0.869835734 0.00330532412 -0.493330389
f 11071//3691 11072//3691 11073//3691
v 0.177539542 0.00899999961 0.00479989033
v 0.177487791 -0.00899999961 0.00477053784
v 0.177230075 -0.00899999961 0.00522493897
vn -0.869833767 0.00330532412 -0.493333846
f 11074//3692 11075//3692 11076//3692
v 0.177539542 0.00899999961 0.00479989033
v 0.177230075 -0.00899999961 0.00522493897
v 0.176421255 0.00899999961 0.00587737234
vn -0.693836868 -0.00507569872 -0.720114291
f 11077//3693 11078//3693 11079//3693
v 0.176421255 0.00899999961 0.00587737234
v 0.177230075 -0.00899999961 0.00522493897
v 0.176412597 -0.00899999961 0.00586635526
vn -0.617297769 0.000778088579 -0.786729217
f 11080//3694 11081//3694 11082//3694
v 0.176421255 0.00899999961 0.00587737234
v 0.176412597 -0.00899999961 0.00586635526
v 0.174914032 0.00899999961 0.0062513533
vn -0.240824923 0.00070972956 -0.970568299
f 11083//3695 11084//3695 11085//3695
v 0.174914032 0.00899999961 0.0062513533
v 0.176412597 -0.00899999961 0.00586635526
v 0.176347882 -0.00899999961 0.00591713656
vn -0.616941988 -0.0345457047 -0.786250114
f 11086//3696 11087//3696 11088//3696
v 0.174914032 0.00899999961 0.0062513533
v 0.176347882 -0.00899999961 0.00591713656
v 0.175139308 -0.00899999961 0.00624729134
vn -0.263519436 -0.00308025721 -0.964649141
f 11089//3697 11090//3697 11091//3697
v 0.175139308 -0.00899999961 0.00624729134
v 0.174919635 -0.00899999961 0.00621418422
v 0.174914032 0.00899999961 0.0062513533
vn 0.149029285 0.00208826922 -0.988830566
f 11092//3698 11093//3698 11094//3698
v 0.174914032 0.00899999961 0.0062513533
v 0.174919635 -0.00899999961 0.00621418422
v 0.173925579 -0.00899999961 0.00606436701
vn 0.1490293 0.00208826922 -0.988830566
f 11095//3699 11096//3699 11097//3699
v 0.174914032 0.00899999961 0.0062513533
v 0.173925579 -0.00899999961 0.00606436701
v 0.17342177 0.00899999961 0.0058216257
vn 0.276720315 -0.00521356566 -0.960936368
f 11098//3700 11099//3700 11100//3700
v 0.173925579 -0.00899999961 0.00606436701
v 0.173454523 -0.00899999961 0.00576932635
v 0.17342177 0.00899999961 0.0058216257
vn 0.530811071 0.00342828128 -0.847483277
f 11101//3701 11102//3701 11103//3701
v 0.17342177 0.00899999961 0.0058216257
v 0.173454523 -0.00899999961 0.00576932635
v 0.172895029 -0.00899999961 0.005418899
vn 0.530811131 0.00342828128 -0.847483218
f 11104//3702 11105//3702 11106//3702
v 0.17342177 0.00899999961 0.0058216257
v 0.172895029 -0.00899999961 0.005418899
v 0.172344282 0.00899999961 0.00470333453
vn 0.72011143 -0.00554885017 -0.693836212
f 11107//3703 11108//3703 11109//3703
v 0.172895029 -0.00899999961 0.005418899
v 0.172384977 -0.00899999961 0.00467541907
v 0.172344282 0.00899999961 0.00470333453
vn 0.82459712 0.00274147489 -0.565713823
f 11110//3704 11111//3704 11112//3704
v 0.172344282 0.00899999961 0.00470333453
v 0.172384977 -0.00899999961 0.00467541907
v 0.172201261 -0.00899999961 0.0044076331
vn 0.824600637 0.00274147489 -0.565708578
f 11113//3705 11114//3705 11115//3705
v 0.172344282 0.00899999961 0.00470333453
v 0.172201261 -0.00899999961 0.0044076331
v 0.171970308 0.00899999961 0.00319612492
vn 0.970561922 -0.00375545654 -0.24082236
f 11116//3706 11117//3706 11118//3706
v 0.172201261 -0.00899999961 0.0044076331
v 0.171970308 -0.00899999961 0.00319612492
v 0.171970308 0.00899999961 0.00319612492
vn 0.982309401 -1.12130274e-15 -0.187265113
f 11119//3707 11120//3707 11121//3707
v 0.171970308 0.00899999961 0.00319612492
v 0.171970308 -0.00899999961 0.00319612492
v 0.172116503 -0.00899999961 0.00232434901
vn 0.986226201 -1.21360742e-15 0.165402234
f 11122//3708 11123//3708 11124//3708
v 0.171970308 0.00899999961 0.00319612492
v 0.172116503 -0.00899999961 0.00232434901
v 0.172400028 0.00899999961 0.00170385255
vn 0.960934997 -0.00559665961 0.276717633
f 11125//3709 11126//3709 11127//3709
v 0.172116503 -0.00899999961 0.00232434901
v 0.172451779 -0.00899999961 0.00173320493
v 0.172400028 0.00899999961 0.00170385255
vn 0.869830966 0.0033056878 0.493338764
f 11128//3710 11129//3710 11130//3710
v 0.172400028 0.00899999961 0.00170385255
v 0.172451779 -0.00899999961 0.00173320493
v 0.172709495 -0.00899999961 0.00127880368
vn 0.869839966 0.0033056878 0.493322939
f 11131//3711 11132//3711 11133//3711
v 0.172400028 0.00899999961 0.00170385255
v 0.172709495 -0.00899999961 0.00127880368
v 0.17351833 0.00899999961 0.000626370718
vn 0.693834424 -0.00507579604 0.720116675
f 11134//3712 11135//3712 11136//3712
v 0.17351833 0.00899999961 0.000626370718
v 0.172709495 -0.00899999961 0.00127880368
v 0.173526958 -0.00899999961 0.000637387275
vn 0.617297769 0.000777827052 0.786729217
f 11137//3713 11138//3713 11139//3713
v 0.17351833 0.00899999961 0.000626370718
v 0.173526958 -0.00899999961 0.000637387275
v 0.175025523 0.00899999961 0.00025238932
vn 0.24082613 0.000709622807 0.970568001
f 11140//3714 11141//3714 11142//3714
v 0.175025523 0.00899999961 0.00025238932
v 0.173526958 -0.00899999961 0.000637387275
v 0.173591688 -0.00899999961 0.000586606271
vn 0.616941988 -0.0345457047 0.786250114
f 11143//3715 11144//3715 11145//3715
v 0.175025523 0.00899999961 0.00025238932
v 0.173591688 -0.00899999961 0.000586606271
v 0.174800262 -0.00899999961 0.000256451545
vn 0.263519436 -0.00308025721 0.964649141
f 11146//3716 11147//3716 11148//3716
v 0.174800262 -0.00899999961 0.000256451545
v 0.175019935 -0.00899999961 0.00028955852
v 0.175025523 0.00899999961 0.00025238932
vn -0.149029285 0.00208826922 0.988830566
f 11149//3717 11150//3717 11151//3717
v 0.175025523 0.00899999961 0.00025238932
v 0.175019935 -0.00899999961 0.00028955852
v 0.176013991 -0.00899999961 0.000439375843
vn -0.1490293 0.00208826922 0.988830566
f 11152//3718 11153//3718 11154//3718
v 0.175025523 0.00899999961 0.00025238932
v 0.176013991 -0.00899999961 0.000439375843
v 0.176517799 0.00899999961 0.000682117068
vn -0.276719123 -0.00521349628 0.960936725
f 11155//3719 11156//3719 11157//3719
v 0.176013991 -0.00899999961 0.000439375843
v 0.176485047 -0.00899999961 0.000734416186
v 0.176517799 0.00899999961 0.000682117068
vn -0.530811071 0.00342849432 0.847483277
f 11158//3720 11159//3720 11160//3720
v 0.176517799 0.00899999961 0.000682117068
v 0.176485047 -0.00899999961 0.000734416186
v 0.177044526 -0.00899999961 0.00108484388
vn -0.530811131 0.00342849432 0.847483218
f 11161//3721 11162//3721 11163//3721
v 0.176517799 0.00899999961 0.000682117068
v 0.177044526 -0.00899999961 0.00108484388
v 0.177595288 0.00899999961 0.00180040812
vn -0.720113814 -0.00554868113 0.693833768
f 11164//3722 11165//3722 11166//3722
v 0.177044526 -0.00899999961 0.00108484388
v 0.177554592 -0.00899999961 0.00182832358
v 0.177595288 0.00899999961 0.00180040812
vn -0.82459712 0.00274147489 0.565713823
f 11167//3723 11168//3723 11169//3723
v 0.177595288 0.00899999961 0.00180040812
v 0.177554592 -0.00899999961 0.00182832358
v 0.177738309 -0.00899999961 0.00209610979
vn -0.824590087 0.00274147489 0.565724015
f 11170//3724 11171//3724 11172//3724
v 0.177595288 0.00899999961 0.00180040812
v 0.177738309 -0.00899999961 0.00209610979
v 0.177969262 0.00899999961 0.00330761774
vn -0.970561922 -0.00375585631 0.24082236
f 11173//3725 11174//3725 11175//3725
v 0.177969262 0.00899999961 0.00330761774
v 0.177738309 -0.00899999961 0.00209610979
v 0.177969262 -0.00899999961 0.00330761774
vn -0.982310534 1.13632022e-15 0.187259316
f 11176//3726 11177//3726 11178//3726
v 0.177969262 0.00899999961 0.00330761774
v 0.177969262 -0.00899999961 0.00330761774
v 0.177823052 -0.00899999961 0.00417939387
vn -0.986226201 1.20272379e-15 -0.165402234
f 11179//3727 11180//3727 11181//3727
v 0.00262550311 0.00899999961 -0.00145146321
v 0.00299948221 0.00899999961 5.57463682e-05
v 0.171970308 0.00899999961 0.00319612492
vn 1.1903102e-15 1 1.66915108e-16
f 11182//3728 11183//3728 11184//3728
v -0.00667474465 0.00899999961 -0.00577391917
v -0.00780118397 0.00899999961 -0.00412799651
v -0.00256975391 0.00899999961 -0.00154801877
vn 1.1903102e-15 1 1.66915108e-16
f 11185//3729 11186//3729 11187//3729
v 0.17266272 0.00899999961 -0.00956960581
v 0.172526166 0.00899999961 -0.0096401386
v 0.171424448 0.00899999961 -0.00981626566
vn 1.1903102e-15 1 1.66915108e-16
f 11188//3730 11189//3730 11190//3730
v -0.00318883685 0.00899999961 -0.00856248289
v 5.57478561e-05 0.00899999961 -0.00299948198
v 0.00154801586 0.00899999961 -0.00256975438
vn 1.1903102e-15 1 1.66915108e-16
f 11191//3731 11192//3731 11193//3731
v 0.0123008806 0.00899999961 0.00258334843
v -0.000164050725 0.00899999961 0.00882376544
v 0.0107457759 0.00899999961 0.00337785552
vn 1.1903102e-15 1 1.66915108e-16
f 11194//3732 11195//3732 11196//3732
v 0.0107457759 0.00899999961 0.00337785552
v -0.000164050725 0.00899999961 0.00882376544
v -0.000166973419 0.00899413042 0.00897661317
vn 0.0193343684 0.999062538 0.0387326665
f 11197//3733 11198//3733 11199//3733
v 0.0107457759 0.00899999961 0.00337785552
v -0.000166973419 0.00899413042 0.00897661317
v 0.00157675613 0.00899897609 0.00880459789
vn -0.00331233349 0.999979913 -0.00540791266
f 11200//3734 11201//3734 11202//3734
v 0.00163331826 0.00899999961 -0.0121866921
v -0.00327280606 0.00899421424 -0.00868709572
v -0.00318883685 0.00899999961 -0.00856248289
vn -0.0231455304 0.999257684 -0.0307960585
f 11203//3735 11204//3735 11205//3735
v 0.17351833 0.00899999961 0.000626370718
v 0.175025523 0.00899999961 0.00025238932
v 0.173790425 0.00899999961 -0.00898709521
vn 1.1903102e-15 1 1.66915108e-16
f 11206//3736 11207//3736 11208//3736
v 0.00157675613 0.00899897609 0.00880459789
v 0.00194533064 0.00899999961 0.00876823906
v 0.0107457759 0.00899999961 0.00337785552
vn -0.00331002474 0.999979913 -0.00540401181
f 11209//3737 11210//3737 11211//3737
v 0.0107457759 0.00899999961 0.00337785552
v 0.00194533064 0.00899999961 0.00876823906
v 0.00359992869 0.00899999961 0.00818964094
vn 1.1903102e-15 1 1.66915108e-16
f 11212//3738 11213//3738 11214//3738
v 0.0107457759 0.00899999961 0.00337785552
v 0.00359992869 0.00899999961 0.00818964094
v 0.00520783616 0.00899999961 0.00731859403
vn 1.1903102e-15 1 1.66915108e-16
f 11215//3739 11216//3739 11217//3739
v 0.00520783616 0.00899999961 0.00731859403
v 0.00359992869 0.00899999961 0.00818964094
v 0.00395466294 0.00899999961 0.00806559343
vn 1.1903102e-15 1 1.66915108e-16
f 11218//3740 11219//3740 11220//3740
v 5.57478561e-05 0.00899999961 -0.00299948198
v -0.00318883685 0.00899999961 -0.00856248289
v -0.00145146484 0.00899999961 -0.00262550078
vn 1.1903102e-15 1 1.66915108e-16
f 11221//3741 11222//3741 11223//3741
v -0.00145146484 0.00899999961 -0.00262550078
v -0.00318883685 0.00899999961 -0.00856248289
v -0.00511675095 0.00899999961 -0.00719059445
vn 1.1903102e-15 1 1.66915108e-16
f 11224//3742 11225//3742 11226//3742
v -0.00145146484 0.00899999961 -0.00262550078
v -0.00511675095 0.00899999961 -0.00719059445
v -0.00256975391 0.00899999961 -0.00154801877
vn 1.1903102e-15 1 1.66915108e-16
f 11227//3743 11228//3743 11229//3743
v -0.00256975391 0.00899999961 -0.00154801877
v -0.00511675095 0.00899999961 -0.00719059445
v -0.00630280329 0.00899999961 -0.00611212477
vn 1.1903102e-15 1 1.66915108e-16
f 11230//3744 11231//3744 11232//3744
v -0.00256975391 0.00899999961 -0.00154801877
v -0.00630280329 0.00899999961 -0.00611212477
v -0.00667474465 0.00899999961 -0.00577391917
vn 1.1903102e-15 1 1.66915108e-16
f 11233//3745 11234//3745 11235//3745
v 0.180524528 0.00899999961 0.0103108706
v 0.181107372 0.00899999961 0.00973582081
v 0.176421255 0.00899999961 0.00587737234
vn 1.1903102e-15 1 1.66915108e-16
f 11236//3746 11237//3746 11238//3746
v 0.176421255 0.00899999961 0.00587737234
v 0.181107372 0.00899999961 0.00973582081
v 0.181952938 0.00899999961 0.00890156254
vn 1.1903102e-15 1 1.66915108e-16
f 11239//3747 11240//3747 11241//3747
v 0.176421255 0.00899999961 0.00587737234
v 0.181952938 0.00899999961 0.00890156254
v 0.177539542 0.00899999961 0.00479989033
vn 1.1903102e-15 1 1.66915108e-16
f 11242//3748 11243//3748 11244//3748
v 0.177539542 0.00899999961 0.00479989033
v 0.181952938 0.00899999961 0.00890156254
v 0.182841122 0.00899999961 0.00753531186
vn 1.1903102e-15 1 1.66915108e-16
f 11245//3749 11246//3749 11247//3749
v 0.177539542 0.00899999961 0.00479989033
v 0.182841122 0.00899999961 0.00753531186
v 0.182967409 0.00899999961 0.00734104915
vn 1.1903102e-15 1 1.66915108e-16
f 11248//3750 11249//3750 11250//3750
v -0.00152219459 0.00899999961 0.00869365782
v -0.000164050725 0.00899999961 0.00882376544
v -5.57448766e-05 0.00899999961 0.00299948198
vn 1.1903102e-15 1 1.66915108e-16
f 11251//3751 11252//3751 11253//3751
v -0.00780118397 0.00899999961 -0.00412799651
v -0.00787718035 0.00899999961 -0.00392897194
v -0.00256975391 0.00899999961 -0.00154801877
vn 1.1903102e-15 1 1.66915108e-16
f 11254//3752 11255//3752 11256//3752
v -0.00256975391 0.00899999961 -0.00154801877
v -0.00787718035 0.00899999961 -0.00392897194
v -0.00856631715 0.00899999961 -0.00212413608
vn 1.1903102e-15 1 1.66915108e-16
f 11257//3753 11258//3753 11259//3753
v -0.00256975391 0.00899999961 -0.00154801877
v -0.00856631715 0.00899999961 -0.00212413608
v -0.00299947918 0.00899999961 -5.57463136e-05
vn 1.1903102e-15 1 1.66915108e-16
f 11260//3754 11261//3754 11262//3754
v 0.172400028 0.00899999961 0.00170385255
v -0.00318883685 0.00899999961 -0.00856248289
v 0.171970308 0.00899999961 0.00319612492
vn 1.1903102e-15 1 1.66915108e-16
f 11263//3755 11264//3755 11265//3755
v 0.171970308 0.00899999961 0.00319612492
v -0.00318883685 0.00899999961 -0.00856248289
v 0.00154801586 0.00899999961 -0.00256975438
vn 1.1903102e-15 1 1.66915108e-16
f 11266//3756 11267//3756 11268//3756
v 0.171970308 0.00899999961 0.00319612492
v 0.00154801586 0.00899999961 -0.00256975438
v 0.00262550311 0.00899999961 -0.00145146321
vn 1.1903102e-15 1 1.66915108e-16
f 11269//3757 11270//3757 11271//3757
v 0.173790425 0.00899999961 -0.00898709521
v 0.175025523 0.00899999961 0.00025238932
v 0.180445969 0.00899999961 -0.00386815681
vn 1.1903102e-15 1 1.66915108e-16
f 11272//3758 11273//3758 11274//3758
v 0.180445969 0.00899999961 -0.00386815681
v 0.175025523 0.00899999961 0.00025238932
v 0.176517799 0.00899999961 0.000682117068
vn 1.1903102e-15 1 1.66915108e-16
f 11275//3759 11276//3759 11277//3759
v 0.180445969 0.00899999961 -0.00386815681
v 0.176517799 0.00899999961 0.000682117068
v 0.181449756 0.00899999961 -0.00288053183
vn 1.1903102e-15 1 1.66915108e-16
f 11278//3760 11279//3760 11280//3760
v 0.181449756 0.00899999961 -0.00288053183
v 0.176517799 0.00899999961 0.000682117068
v 0.177595288 0.00899999961 0.00180040812
vn 1.1903102e-15 1 1.66915108e-16
f 11281//3761 11282//3761 11283//3761
v 0.181449756 0.00899999961 -0.00288053183
v 0.177595288 0.00899999961 0.00180040812
v 0.182000354 0.00899999961 -0.00233881501
vn 1.1903102e-15 1 1.66915108e-16
f 11284//3762 11285//3762 11286//3762
v 0.18395187 0.00899999961 0.0033383877
v 0.177969262 0.00899999961 0.00330761774
v 0.183750272 0.00899999961 0.0048923213
vn 1.1903102e-15 1 1.66915108e-16
f 11287//3763 11288//3763 11289//3763
v 0.183750272 0.00899999961 0.0048923213
v 0.177969262 0.00899999961 0.00330761774
v 0.177539542 0.00899999961 0.00479989033
vn 1.1903102e-15 1 1.66915108e-16
f 11290//3764 11291//3764 11292//3764
v 0.183750272 0.00899999961 0.0048923213
v 0.177539542 0.00899999961 0.00479989033
v 0.18367669 0.00899999961 0.0054595829
vn 1.1903102e-15 1 1.66915108e-16
f 11293//3765 11294//3765 11295//3765
v 0.18367669 0.00899999961 0.0054595829
v 0.177539542 0.00899999961 0.00479989033
v 0.182967409 0.00899999961 0.00734104915
vn 1.1903102e-15 1 1.66915108e-16
f 11296//3766 11297//3766 11298//3766
v 0.0026235301 0.00899999961 -0.0127003239
v 0.00163331826 0.00899999961 -0.0121866921
v 0.00277536339 0.00899999961 -0.0127248615
vn 1.1903102e-15 1 1.66915108e-16
f 11299//3767 11300//3767 11301//3767
v 0.00277536339 0.00899999961 -0.0127248615
v 0.00163331826 0.00899999961 -0.0121866921
v -0.00318883685 0.00899999961 -0.00856248289
vn 1.1903102e-15 1 1.66915108e-16
f 11302//3768 11303//3768 11304//3768
v 0.00277536339 0.00899999961 -0.0127248615
v -0.00318883685 0.00899999961 -0.00856248289
v 0.00402847724 0.00899999961 -0.0129273748
vn 1.1903102e-15 1 1.66915108e-16
f 11305//3769 11306//3769 11307//3769
v 0.00402847724 0.00899999961 -0.0129273748
v -0.00318883685 0.00899999961 -0.00856248289
v 0.172400028 0.00899999961 0.00170385255
vn 1.1903102e-15 1 1.66915108e-16
f 11308//3770 11309//3770 11310//3770
v 0.00402847724 0.00899999961 -0.0129273748
v 0.172400028 0.00899999961 0.00170385255
v 0.171424448 0.00899999961 -0.00981626566
vn 1.1903102e-15 1 1.66915108e-16
f 11311//3771 11312//3771 11313//3771
v 0.171424448 0.00899999961 -0.00981626566
v 0.172400028 0.00899999961 0.00170385255
v 0.17351833 0.00899999961 0.000626370718
vn 1.1903102e-15 1 1.66915108e-16
f 11314//3772 11315//3772 11316//3772
v 0.171424448 0.00899999961 -0.00981626566
v 0.17351833 0.00899999961 0.000626370718
v 0.17266272 0.00899999961 -0.00956960581
vn 1.1903102e-15 1 1.66915108e-16
f 11317//3773 11318//3773 11319//3773
v 0.17266272 0.00899999961 -0.00956960581
v 0.17351833 0.00899999961 0.000626370718
v 0.173790425 0.00899999961 -0.00898709521
vn 1.1903102e-15 1 1.66915108e-16
f 11320//3774 11321//3774 11322//3774
v 0.18395187 0.00899999961 0.0033383877
v 0.183816001 0.00899999961 0.00209613121
v 0.177969262 0.00899999961 0.00330761774
vn 1.1903102e-15 1 1.66915108e-16
f 11323//3775 11324//3775 11325//3775
v 0.177969262 0.00899999961 0.00330761774
v 0.183816001 0.00899999961 0.00209613121
v 0.183720782 0.00899999961 0.00122560689
vn 1.1903102e-15 1 1.66915108e-16
f 11326//3776 11327//3776 11328//3776
v 0.177969262 0.00899999961 0.00330761774
v 0.183720782 0.00899999961 0.00122560689
v 0.177595288 0.00899999961 0.00180040812
vn 1.1903102e-15 1 1.66915108e-16
f 11329//3777 11330//3777 11331//3777
v 0.177595288 0.00899999961 0.00180040812
v 0.183720782 0.00899999961 0.00122560689
v 0.183087438 0.00899999961 -0.000593808596
vn 1.1903102e-15 1 1.66915108e-16
f 11332//3778 11333//3778 11334//3778
v 0.177595288 0.00899999961 0.00180040812
v 0.183087438 0.00899999961 -0.000593808596
v 0.182000354 0.00899999961 -0.00233881501
vn 1.1903102e-15 1 1.66915108e-16
f 11335//3779 11336//3779 11337//3779
v 0.175208285 0.00899999961 0.0122312251
v 0.176126003 0.00899999961 0.0121114887
v 0.174914032 0.00899999961 0.0062513533
vn 1.1903102e-15 1 1.66915108e-16
f 11338//3780 11339//3780 11340//3780
v 0.174914032 0.00899999961 0.0062513533
v 0.176126003 0.00899999961 0.0121114887
v 0.17704317 0.00899999961 0.0119918222
vn 1.1903102e-15 1 1.66915108e-16
f 11341//3781 11342//3781 11343//3781
v 0.174914032 0.00899999961 0.0062513533
v 0.17704317 0.00899999961 0.0119918222
v 0.176421255 0.00899999961 0.00587737234
vn 1.1903102e-15 1 1.66915108e-16
f 11344//3782 11345//3782 11346//3782
v 0.176421255 0.00899999961 0.00587737234
v 0.17704317 0.00899999961 0.0119918222
v 0.178772569 0.00899999961 0.0113897007
vn 1.1903102e-15 1 1.66915108e-16
f 11347//3783 11348//3783 11349//3783
v 0.176421255 0.00899999961 0.00587737234
v 0.178772569 0.00899999961 0.0113897007
v 0.180524528 0.00899999961 0.0103108706
vn 1.1903102e-15 1 1.66915108e-16
f 11350//3784 11351//3784 11352//3784
v 0.169493601 0.00899999961 0.0103718992
v 0.170704797 0.00899999961 0.0110904127
v 0.17342177 0.00899999961 0.0058216257
vn 1.1903102e-15 1 1.66915108e-16
f 11353//3785 11354//3785 11355//3785
v 0.17342177 0.00899999961 0.0058216257
v 0.170704797 0.00899999961 0.0110904127
v 0.171346903 0.00899999961 0.0114713321
vn 1.1903102e-15 1 1.66915108e-16
f 11356//3786 11357//3786 11358//3786
v 0.17342177 0.00899999961 0.0058216257
v 0.171346903 0.00899999961 0.0114713321
v 0.174914032 0.00899999961 0.0062513533
vn 1.1903102e-15 1 1.66915108e-16
f 11359//3787 11360//3787 11361//3787
v 0.174914032 0.00899999961 0.0062513533
v 0.171346903 0.00899999961 0.0114713321
v 0.173382297 0.00899999961 0.012092988
vn 1.1903102e-15 1 1.66915108e-16
f 11362//3788 11363//3788 11364//3788
v 0.174914032 0.00899999961 0.0062513533
v 0.173382297 0.00899999961 0.012092988
v 0.175208285 0.00899999961 0.0122312251
vn 1.1903102e-15 1 1.66915108e-16
f 11365//3789 11366//3789 11367//3789
v 0.0124679245 0.00899999961 0.00255274191
v 0.0140103782 0.00899999961 0.00227012928
v 0.00299948221 0.00899999961 5.57463682e-05
vn 1.1903102e-15 1 1.66915108e-16
f 11368//3790 11369//3790 11370//3790
v -0.00860836543 0.00899999961 0.00194619759
v -0.0079376027 0.00899999961 0.00385888643
v -0.00262550008 0.00899999961 0.00145146321
vn 1.1903102e-15 1 1.66915108e-16
f 11371//3791 11372//3791 11373//3791
v -0.00262550008 0.00899999961 0.00145146321
v -0.0079376027 0.00899999961 0.00385888643
v -0.00676716259 0.00899999961 0.00566571066
vn 1.1903102e-15 1 1.66915108e-16
f 11374//3792 11375//3792 11376//3792
v -0.00676716259 0.00899999961 0.00566571066
v -0.00630549807 0.00899999961 0.00610361667
v -0.00262550008 0.00899999961 0.00145146321
vn 1.1903102e-15 1 1.66915108e-16
f 11377//3793 11378//3793 11379//3793
v -0.00262550008 0.00899999961 0.00145146321
v -0.00630549807 0.00899999961 0.00610361667
v -0.00530381594 0.00899999961 0.00705374964
vn 1.1903102e-15 1 1.66915108e-16
f 11380//3794 11381//3794 11382//3794
v -0.00262550008 0.00899999961 0.00145146321
v -0.00530381594 0.00899999961 0.00705374964
v -0.00154802029 0.00899999961 0.00256975438
vn 1.1903102e-15 1 1.66915108e-16
f 11383//3795 11384//3795 11385//3795
v -0.00856631715 0.00899999961 -0.00212413608
v -0.00866268482 0.00899999961 -0.00135067094
v -0.00299947918 0.00899999961 -5.57463136e-05
vn 1.1903102e-15 1 1.66915108e-16
f 11386//3796 11387//3796 11388//3796
v -0.00299947918 0.00899999961 -5.57463136e-05
v -0.00866268482 0.00899999961 -0.00135067094
v -0.00882517826 0.00899999961 -4.65016492e-05
vn 1.1903102e-15 1 1.66915108e-16
f 11389//3797 11390//3797 11391//3797
v -0.00299947918 0.00899999961 -5.57463136e-05
v -0.00882517826 0.00899999961 -4.65016492e-05
v -0.00262550008 0.00899999961 0.00145146321
vn 1.1903102e-15 1 1.66915108e-16
f 11392//3798 11393//3798 11394//3798
v -0.00262550008 0.00899999961 0.00145146321
v -0.00882517826 0.00899999961 -4.65016492e-05
v -0.00867388956 0.00899999961 0.00134397391
vn 1.1903102e-15 1 1.66915108e-16
f 11395//3799 11396//3799 11397//3799
v -0.00262550008 0.00899999961 0.00145146321
v -0.00867388956 0.00899999961 0.00134397391
v -0.00860836543 0.00899999961 0.00194619759
vn 1.1903102e-15 1 1.66915108e-16
f 11398//3800 11399//3800 11400//3800
v 0.169493601 0.00899999961 0.0103718992
v 0.17342177 0.00899999961 0.0058216257
v 0.164105922 0.00899999961 0.00622810517
vn 1.1903102e-15 1 1.66915108e-16
f 11401//3801 11402//3801 11403//3801
v 0.164105922 0.00899999961 0.00622810517
v 0.17342177 0.00899999961 0.0058216257
v 0.172344282 0.00899999961 0.00470333453
vn 1.1903102e-15 1 1.66915108e-16
f 11404//3802 11405//3802 11406//3802
v 0.164105922 0.00899999961 0.00622810517
v 0.172344282 0.00899999961 0.00470333453
v 0.163840339 0.00899999961 0.00603568368
vn 1.1903102e-15 1 1.66915108e-16
f 11407//3803 11408//3803 11409//3803
v 0.163840339 0.00899999961 0.00603568368
v 0.172344282 0.00899999961 0.00470333453
v 0.171970308 0.00899999961 0.00319612492
vn 1.1903102e-15 1 1.66915108e-16
f 11410//3804 11411//3804 11412//3804
v 0.163840339 0.00899999961 0.00603568368
v 0.171970308 0.00899999961 0.00319612492
v 0.162411854 0.00899999961 0.00533537148
vn 1.1903102e-15 1 1.66915108e-16
f 11413//3805 11414//3805 11415//3805
v -0.00530381594 0.00899999961 0.00705374964
v -0.00415117713 0.00899999961 0.00772180595
v -0.00154802029 0.00899999961 0.00256975438
vn 1.1903102e-15 1 1.66915108e-16
f 11416//3806 11417//3806 11418//3806
v -0.00154802029 0.00899999961 0.00256975438
v -0.00415117713 0.00899999961 0.00772180595
v -0.00348110986 0.00899999961 0.00811017118
vn 1.1903102e-15 1 1.66915108e-16
f 11419//3807 11420//3807 11421//3807
v -0.00154802029 0.00899999961 0.00256975438
v -0.00348110986 0.00899999961 0.00811017118
v -5.57448766e-05 0.00899999961 0.00299948198
vn 1.1903102e-15 1 1.66915108e-16
f 11422//3808 11423//3808 11424//3808
v -5.57448766e-05 0.00899999961 0.00299948198
v -0.00348110986 0.00899999961 0.00811017118
v -0.00162479025 0.00899999961 0.00866309833
vn 1.1903102e-15 1 1.66915108e-16
f 11425//3809 11426//3809 11427//3809
v -5.57448766e-05 0.00899999961 0.00299948198
v -0.00162479025 0.00899999961 0.00866309833
v -0.00152219459 0.00899999961 0.00869365782
vn 1.1903102e-15 1 1.66915108e-16
f 11428//3810 11429//3810 11430//3810
v 0.0124679245 0.00899999961 0.00255274191
v 0.00299948221 0.00899999961 5.57463682e-05
v 0.0123008806 0.00899999961 0.00258334843
vn 1.1903102e-15 1 1.66915108e-16
f 11431//3811 11432//3811 11433//3811
v 0.0123008806 0.00899999961 0.00258334843
v 0.00299948221 0.00899999961 5.57463682e-05
v 0.0025697567 0.00899999961 0.00154801889
vn 1.1903102e-15 1 1.66915108e-16
f 11434//3812 11435//3812 11436//3812
v 0.0123008806 0.00899999961 0.00258334843
v 0.0025697567 0.00899999961 0.00154801889
v -0.000164050725 0.00899999961 0.00882376544
vn 1.1903102e-15 1 1.66915108e-16
f 11437//3813 11438//3813 11439//3813
v -0.000164050725 0.00899999961 0.00882376544
v 0.0025697567 0.00899999961 0.00154801889
v 0.0014514603 0.00899999961 0.00262550055
vn 1.1903102e-15 1 1.66915108e-16
f 11440//3814 11441//3814 11442//3814
v -0.000164050725 0.00899999961 0.00882376544
v 0.0014514603 0.00899999961 0.00262550055
v -5.57448766e-05 0.00899999961 0.00299948198
vn 1.1903102e-15 1 1.66915108e-16
f 11443//3815 11444//3815 11445//3815
v 0.0140103782 0.00899999961 0.00227012928
v 0.0143385073 0.00899999961 0.00226683146
v 0.00299948221 0.00899999961 5.57463682e-05
vn 1.1903102e-15 1 1.66915108e-16
f 11446//3816 11447//3816 11448//3816
v 0.00299948221 0.00899999961 5.57463682e-05
v 0.0143385073 0.00899999961 0.00226683146
v 0.160556942 0.00899999961 0.00498434948
vn 1.1903102e-15 1 1.66915108e-16
f 11449//3817 11450//3817 11451//3817
v 0.00299948221 0.00899999961 5.57463682e-05
v 0.160556942 0.00899999961 0.00498434948
v 0.171970308 0.00899999961 0.00319612492
vn 1.1903102e-15 1 1.66915108e-16
f 11452//3818 11453//3818 11454//3818
v 0.171970308 0.00899999961 0.00319612492
v 0.160556942 0.00899999961 0.00498434948
v 0.162279963 0.00899999961 0.00527071534
vn 1.1903102e-15 1 1.66915108e-16
f 11455//3819 11456//3819 11457//3819
v 0.171970308 0.00899999961 0.00319612492
v 0.162279963 0.00899999961 0.00527071534
v 0.162411854 0.00899999961 0.00533537148
vn 1.1903102e-15 1 1.66915108e-16
f 11458//3820 11459//3820 11460//3820
