# Generated from link5.STL
o link5
v 1.03122829e-06 -0.00400000019 -0.0850000009
v -0.00185786153 -0.00354182418 -0.0850000232
v 1.03122829e-06 -1.65154124e-15 -0.0850000009
vn 1.21320882e-05 2.49250115e-17 -1
f 1//1 2//1 3//1
v 0.0039718668 -0.000482146716 -0.0849999487
v 0.00329296663 -0.00227225898 -0.0849999562
v 1.03122829e-06 -1.65154124e-15 -0.0850000009
vn 1.21320882e-05 2.49250115e-17 -1
f 4//2 5//2 6//2
v 1.03122829e-06 -1.65154124e-15 -0.0850000009
v 0.00329296663 -0.00227225898 -0.0849999562
v 0.00185992394 -0.00354182418 -0.0849999785
vn 1.21320882e-05 2.49250115e-17 -1
f 7//3 8//3 9//3
v 1.03122829e-06 -1.65154124e-15 -0.0850000009
v 0.00185992394 -0.00354182418 -0.0849999785
v 1.03122829e-06 -0.00400000019 -0.0850000009
vn 1.21320882e-05 2.49250115e-17 -1
f 10//4 11//4 12//4
v 0.000958293851 0.00388376717 -0.084999986
v 0.00265352195 0.00299404305 -0.0849999636
v 1.03122829e-06 -1.65154124e-15 -0.0850000009
vn 1.21320882e-05 2.49250115e-17 -1
f 13//5 14//5 15//5
v 1.03122829e-06 -1.65154124e-15 -0.0850000009
v 0.00265352195 0.00299404305 -0.0849999636
v 0.00374109624 0.00141841953 -0.0849999562
vn 1.21320882e-05 2.49250115e-17 -1
f 16//6 17//6 18//6
v 1.03122829e-06 -1.65154124e-15 -0.0850000009
v 0.00374109624 0.00141841953 -0.0849999562
v 0.0039718668 -0.000482146716 -0.0849999487
vn 1.21320882e-05 2.49250115e-17 -1
f 19//7 20//7 21//7
v -0.00373903383 0.00141841953 -0.0850000456
v -0.00265145954 0.00299404305 -0.0850000307
v 1.03122829e-06 -1.65154124e-15 -0.0850000009
vn 1.21320882e-05 2.49250115e-17 -1
f 22//8 23//8 24//8
v 1.03122829e-06 -1.65154124e-15 -0.0850000009
v -0.00265145954 0.00299404305 -0.0850000307
v -0.000956231437 0.00388376717 -0.0850000083
vn 1.21320882e-05 2.49250115e-17 -1
f 25//9 26//9 27//9
v 1.03122829e-06 -1.65154124e-15 -0.0850000009
v -0.000956231437 0.00388376717 -0.0850000083
v 0.000958293851 0.00388376717 -0.084999986
vn 1.21320882e-05 2.49250115e-17 -1
f 28//10 29//10 30//10
v -0.00185786153 -0.00354182418 -0.0850000232
v -0.00329090422 -0.00227225898 -0.0850000381
v 1.03122829e-06 -1.65154124e-15 -0.0850000009
vn 1.21320882e-05 2.49250115e-17 -1
f 31//11 32//11 33//11
v 1.03122829e-06 -1.65154124e-15 -0.0850000009
v -0.00329090422 -0.00227225898 -0.0850000381
v -0.00396980392 -0.000482146716 -0.0850000456
vn 1.21320882e-05 2.49250115e-17 -1
f 34//12 35//12 36//12
v 1.03122829e-06 -1.65154124e-15 -0.0850000009
v -0.00396980392 -0.000482146716 -0.0850000456
v -0.00373903383 0.00141841953 -0.0850000456
vn 1.21320882e-05 2.49250115e-17 -1
f 37//13 38//13 39//13
v 1.03122829e-06 -0.00400000019 -0.0850000009
v -0.00185804348 -0.00354182418 -0.0700000226
v -0.00185786153 -0.00354182418 -0.0850000232
vn -0.239315718 -0.970941782 -2.90339949e-06
f 40//14 41//14 42//14
v -0.00185786153 -0.00354182418 -0.0850000232
v -0.00185804348 -0.00354182418 -0.0700000226
v -0.00329108629 -0.00227225898 -0.0700000376
vn -0.663122714 -0.748510718 -8.04506362e-06
f 43//15 44//15 45//15
v -0.00185786153 -0.00354182418 -0.0850000232
v -0.00329108629 -0.00227225898 -0.0700000376
v -0.00329090422 -0.00227225898 -0.0850000381
vn -0.663122714 -0.748510718 -8.04506362e-06
f 46//16 47//16 48//16
v -0.00329090422 -0.00227225898 -0.0850000381
v -0.00329108629 -0.00227225898 -0.0700000376
v -0.00396998599 -0.000482146716 -0.070000045
vn -0.935016274 -0.35460484 -1.13437e-05
f 49//17 50//17 51//17
v -0.00329090422 -0.00227225898 -0.0850000381
v -0.00396998599 -0.000482146716 -0.070000045
v -0.00396980392 -0.000482146716 -0.0850000456
vn -0.935016274 -0.35460484 -1.13437e-05
f 52//18 53//18 54//18
v -0.00396980392 -0.000482146716 -0.0850000456
v -0.00396998599 -0.000482146716 -0.070000045
v -0.0037392159 0.00141841953 -0.070000045
vn -0.992708862 0.120536581 -1.20436316e-05
f 55//19 56//19 57//19
v -0.00396980392 -0.000482146716 -0.0850000456
v -0.0037392159 0.00141841953 -0.070000045
v -0.00373903383 0.00141841953 -0.0850000456
vn -0.992708862 0.120536581 -1.20436316e-05
f 58//20 59//20 60//20
v -0.00373903383 0.00141841953 -0.0850000456
v -0.0037392159 0.00141841953 -0.070000045
v -0.00265164161 0.00299404305 -0.0700000301
vn -0.822983921 0.56806469 -9.98451287e-06
f 61//21 62//21 63//21
v -0.00373903383 0.00141841953 -0.0850000456
v -0.00265164161 0.00299404305 -0.0700000301
v -0.00265145954 0.00299404305 -0.0850000307
vn -0.822983921 0.56806469 -9.98451287e-06
f 64//22 65//22 66//22
v -0.00265145954 0.00299404305 -0.0850000307
v -0.00265164161 0.00299404305 -0.0700000301
v -0.000956413394 0.00388376717 -0.0700000152
vn -0.46472308 0.885456085 -5.63806134e-06
f 67//23 68//23 69//23
v -0.00265145954 0.00299404305 -0.0850000307
v -0.000956413394 0.00388376717 -0.0700000152
v -0.000956231437 0.00388376717 -0.0850000083
vn -0.46472308 0.885456085 -5.63806134e-06
f 70//24 71//24 72//24
v -0.000956231437 0.00388376717 -0.0850000083
v -0.000956413394 0.00388376717 -0.0700000152
v 0.000958111894 0.00388376717 -0.0699999854
vn 5.06886877e-15 1 2.49865075e-17
f 73//25 74//25 75//25
v -0.000956231437 0.00388376717 -0.0850000083
v 0.000958111894 0.00388376717 -0.0699999854
v 0.000958293851 0.00388376717 -0.084999986
vn 5.06886877e-15 1 2.49865075e-17
f 76//26 77//26 78//26
v 0.000958293851 0.00388376717 -0.084999986
v 0.000958111894 0.00388376717 -0.0699999854
v 0.00265333988 0.00299404305 -0.0699999705
vn 0.46472308 0.885456085 5.63806134e-06
f 79//27 80//27 81//27
v 0.000958293851 0.00388376717 -0.084999986
v 0.00265333988 0.00299404305 -0.0699999705
v 0.00265352195 0.00299404305 -0.0849999636
vn 0.46472308 0.885456085 5.63806134e-06
f 82//28 83//28 84//28
v 0.00265352195 0.00299404305 -0.0849999636
v 0.00265333988 0.00299404305 -0.0699999705
v 0.00374091417 0.00141841953 -0.0699999556
vn 0.822983921 0.56806469 9.98451287e-06
f 85//29 86//29 87//29
v 0.00265352195 0.00299404305 -0.0849999636
v 0.00374091417 0.00141841953 -0.0699999556
v 0.00374109624 0.00141841953 -0.0849999562
vn 0.822983921 0.56806469 9.98451287e-06
f 88//30 89//30 90//30
v 0.00374109624 0.00141841953 -0.0849999562
v 0.00374091417 0.00141841953 -0.0699999556
v 0.00397168472 -0.000482146716 -0.0699999481
vn 0.992708862 0.120536581 1.20436316e-05
f 91//31 92//31 93//31
v 0.00374109624 0.00141841953 -0.0849999562
v 0.00397168472 -0.000482146716 -0.0699999481
v 0.0039718668 -0.000482146716 -0.0849999487
vn 0.992708862 0.120536581 1.20436316e-05
f 94//32 95//32 96//32
v 0.0039718668 -0.000482146716 -0.0849999487
v 0.00397168472 -0.000482146716 -0.0699999481
v 0.00329278456 -0.00227225898 -0.069999963
vn 0.935016274 -0.35460484 1.13437e-05
f 97//33 98//33 99//33
v 0.0039718668 -0.000482146716 -0.0849999487
v 0.00329278456 -0.00227225898 -0.069999963
v 0.00329296663 -0.00227225898 -0.0849999562
vn 0.935016274 -0.35460484 1.13437e-05
f 100//34 101//34 102//34
v 0.00329296663 -0.00227225898 -0.0849999562
v 0.00329278456 -0.00227225898 -0.069999963
v 0.00185974198 -0.00354182418 -0.0699999779
vn 0.663122714 -0.748510718 8.04506362e-06
f 103//35 104//35 105//35
v 0.00329296663 -0.00227225898 -0.0849999562
v 0.00185974198 -0.00354182418 -0.0699999779
v 0.00185992394 -0.00354182418 -0.0849999785
vn 0.663122714 -0.748510718 8.04506362e-06
f 106//36 107//36 108//36
v 0.00185992394 -0.00354182418 -0.0849999785
v 0.00185974198 -0.00354182418 -0.0699999779
v 8.49246987e-07 -0.00400000019 -0.0700000003
vn 0.239315718 -0.970941782 2.90339949e-06
f 109//37 110//37 111//37
v 0.00185992394 -0.00354182418 -0.0849999785
v 8.49246987e-07 -0.00400000019 -0.0700000003
v 1.03122829e-06 -0.00400000019 -0.0850000009
vn 0.239315718 -0.970941782 2.90339949e-06
f 112//38 113//38 114//38
v 1.03122829e-06 -0.00400000019 -0.0850000009
v 8.49246987e-07 -0.00400000019 -0.0700000003
v -0.00185804348 -0.00354182418 -0.0700000226
vn -0.239315718 -0.970941782 -2.90339949e-06
f 115//39 116//39 117//39
v -0.00941697601 0.0195554867 -0.00152856938
v -0.00941697229 0.0197716393 -0.00185206614
v -0.0103765586 0.019626027 -0.00191239023
vn -0.159046486 0.820888102 0.548495173
f 118//40 119//40 120//40
v -0.0103765773 0.0180877354 -0.000374098658
v -0.0103664137 0.0172691364 -0.000198316993
v -0.0101786042 0.0172158964 -0.000106449057
vn -0.387756735 0.188918322 0.902194321
f 121//41 122//41 123//41
v -0.0118025811 0.0176762547 -0.00132858008
v -0.0117783835 0.0176693946 -0.00127512927
v -0.011235334 0.017913131 -0.000795640575
vn -0.633966982 0.676977634 0.373881161
f 124//42 125//42 126//42
v -0.011235334 0.017913131 -0.000795640575
v -0.0117783835 0.0176693946 -0.00127512927
v -0.0112205977 0.0175112765 -0.000695348135
vn -0.691497445 0.150949687 0.706431508
f 127//43 128//43 129//43
v -0.011235334 0.017913131 -0.000795640575
v -0.0112205977 0.0175112765 -0.000695348135
v -0.0103765773 0.0180877354 -0.000374098658
vn -0.464102685 0.198430911 0.863269269
f 130//44 131//44 132//44
v -0.0103765773 0.0180877354 -0.000374098658
v -0.0112205977 0.0175112765 -0.000695348135
v -0.0110766115 0.0174704585 -0.000545686577
vn -0.573017299 0.461600333 0.677182615
f 133//45 134//45 135//45
v -0.0103765773 0.0180877354 -0.000374098658
v -0.0110766115 0.0174704585 -0.000545686577
v -0.0103664137 0.0172691364 -0.000198316993
vn -0.387729883 0.188921019 0.902205288
f 136//46 137//46 138//46
v -0.0118025811 0.0176762547 -0.00132858008
v -0.0112353275 0.0186872482 -0.00131288974
v -0.0118893301 0.0177008472 -0.00152019516
vn -0.795552373 0.439906716 0.416627586
f 139//47 140//47 141//47
v -0.0118893301 0.0177008472 -0.00152019516
v -0.0112353275 0.0186872482 -0.00131288974
v -0.0119030252 0.0181873385 -0.00181280938
vn -0.714381099 0.345796496 0.608345628
f 142//48 143//48 144//48
v -0.0118893301 0.0177008472 -0.00152019516
v -0.0119030252 0.0181873385 -0.00181280938
v -0.0122011583 0.0177892447 -0.00221018237
vn -0.875151873 0.231059715 0.425112456
f 145//49 146//49 147//49
v -0.0119030187 0.018551331 -0.00235755858
v -0.0122557506 0.0178047214 -0.00263267546
v -0.0122011583 0.0177892447 -0.00221018237
vn -0.914164841 0.383192629 0.132159412
f 148//50 149//50 150//50
v -0.00941697229 0.0197716393 -0.00185206614
v -0.00941695832 0.0199999996 -0.00300011132
v -0.0103765456 0.0198423918 -0.00300012296
vn -0.159041435 0.968302131 0.192605287
f 151//51 152//51 153//51
v -0.00941698905 0.0184715427 -0.000444629113
v -0.0103765773 0.0180877354 -0.000374098658
v -0.00941699184 0.0181480497 -0.000228472869
vn -0.15905197 0.54850781 0.820878625
f 154//52 155//52 156//52
v -0.00941699184 0.0181480497 -0.000228472869
v -0.0103765773 0.0180877354 -0.000374098658
v -0.0101786042 0.0172158964 -0.000106449057
vn -0.160752699 0.256119281 0.953184903
f 157//53 158//53 159//53
v -0.00941699184 0.0181480497 -0.000228472869
v -0.0101786042 0.0172158964 -0.000106449057
v -0.00941699464 0.0170000009 -1.12579229e-07
vn -0.0813646987 0.194443002 0.97753346
f 160//54 161//54 162//54
v -0.00941697229 0.0197716393 -0.00185206614
v -0.0103765456 0.0198423918 -0.00300012296
v -0.0103765586 0.019626027 -0.00191239023
vn -0.159042895 0.968301654 0.192606479
f 163//55 164//55 165//55
v -0.0103765586 0.019626027 -0.00191239023
v -0.0103765456 0.0198423918 -0.00300012296
v -0.0106553873 0.0196942426 -0.00300012622
vn -0.462117821 0.869779408 0.173005387
f 166//56 167//56 168//56
v -0.0103765586 0.019626027 -0.00191239023
v -0.0106553873 0.0196942426 -0.00300012622
v -0.0112353181 0.0192044955 -0.00208700495
vn -0.462118536 0.869778991 0.173005551
f 169//57 170//57 171//57
v -0.0118025811 0.0176762547 -0.00132858008
v -0.011235334 0.017913131 -0.000795640575
v -0.0112353275 0.0186872482 -0.00131288974
vn -0.711720943 0.390271425 0.584073246
f 172//58 173//58 174//58
v -0.0112353275 0.0186872482 -0.00131288974
v -0.011235334 0.017913131 -0.000795640575
v -0.0103765773 0.0180877354 -0.000374098658
vn -0.462125331 0.492690742 0.737357438
f 175//59 176//59 177//59
v -0.0112353275 0.0186872482 -0.00131288974
v -0.0103765773 0.0180877354 -0.000374098658
v -0.0103765698 0.0190098751 -0.000990254222
vn -0.462124795 0.492691368 0.737357378
f 178//60 179//60 180//60
v -0.0103765698 0.0190098751 -0.000990254222
v -0.0103765773 0.0180877354 -0.000374098658
v -0.00941698905 0.0184715427 -0.000444629113
vn -0.159048438 0.548500061 0.820884466
f 181//61 182//61 183//61
v -0.0103765698 0.0190098751 -0.000990254222
v -0.00941698905 0.0184715427 -0.000444629113
v -0.00941698439 0.0191213209 -0.000878796796
vn -0.159049451 0.548498869 0.820885062
f 184//62 185//62 186//62
v -0.0123032322 0.0178181827 -0.00300014624
v -0.0122557506 0.0178047214 -0.00263267546
v -0.0119030112 0.0186791494 -0.00300014135
vn -0.898943365 0.41787371 0.131462485
f 187//63 188//63 189//63
v -0.0119030112 0.0186791494 -0.00300014135
v -0.0122557506 0.0178047214 -0.00263267546
v -0.0119030187 0.018551331 -0.00235755858
vn -0.91232878 0.401592791 0.0798711926
f 190//64 191//64 192//64
v -0.0119030112 0.0186791494 -0.00300014135
v -0.0119030187 0.018551331 -0.00235755858
v -0.011670229 0.018925624 -0.00300013856
vn -0.720326364 0.680308819 0.135313913
f 193//65 194//65 195//65
v -0.011670229 0.018925624 -0.00300013856
v -0.0119030187 0.018551331 -0.00235755858
v -0.0112353181 0.0192044955 -0.00208700495
vn -0.720326781 0.680308461 0.13531357
f 196//66 197//66 198//66
v -0.011670229 0.018925624 -0.00300013856
v -0.0112353181 0.0192044955 -0.00208700495
v -0.011235307 0.0193861276 -0.00300013321
vn -0.720326006 0.680309415 0.13531293
f 199//67 200//67 201//67
v -0.011235307 0.0193861276 -0.00300013321
v -0.0112353181 0.0192044955 -0.00208700495
v -0.0106553873 0.0196942426 -0.00300012622
vn -0.462120831 0.869778156 0.173003659
f 202//68 203//68 204//68
v -0.0122011583 0.0177892447 -0.00221018237
v -0.0119030252 0.0181873385 -0.00181280938
v -0.0119030187 0.018551331 -0.00235755858
vn -0.879787207 0.395257831 0.264094144
f 205//69 206//69 207//69
v -0.0119030187 0.018551331 -0.00235755858
v -0.0119030252 0.0181873385 -0.00181280938
v -0.0112353275 0.0186872482 -0.00131288974
vn -0.720330417 0.576735854 0.385356754
f 208//70 209//70 210//70
v -0.0119030187 0.018551331 -0.00235755858
v -0.0112353275 0.0186872482 -0.00131288974
v -0.0112353181 0.0192044955 -0.00208700495
vn -0.720328987 0.576738477 0.385355532
f 211//71 212//71 213//71
v -0.0112353181 0.0192044955 -0.00208700495
v -0.0112353275 0.0186872482 -0.00131288974
v -0.0103765698 0.0190098751 -0.000990254222
vn -0.462122172 0.737363398 0.492684782
f 214//72 215//72 216//72
v -0.0112353181 0.0192044955 -0.00208700495
v -0.0103765698 0.0190098751 -0.000990254222
v -0.0103765586 0.019626027 -0.00191239023
vn -0.462122381 0.73736316 0.492684931
f 217//73 218//73 219//73
v -0.0103765586 0.019626027 -0.00191239023
v -0.0103765698 0.0190098751 -0.000990254222
v -0.00941698439 0.0191213209 -0.000878796796
vn -0.159046158 0.820886731 0.54849726
f 220//74 221//74 222//74
v -0.0103765586 0.019626027 -0.00191239023
v -0.00941698439 0.0191213209 -0.000878796796
v -0.00941697601 0.0195554867 -0.00152856938
vn -0.159047961 0.820885658 0.548498392
f 223//75 224//75 225//75
v -0.0178181455 0.0123032685 -0.00300021307
v -0.0167963784 0.0126694441 -0.00300020073
v -0.0178174302 0.0123032685 -0.0620002151
vn -0.337364703 0.941374004 -4.09293852e-06
f 226//76 227//76 228//76
v -0.0178174302 0.0123032685 -0.0620002151
v -0.0167963784 0.0126694441 -0.00300020073
v -0.0154913981 0.0133914575 -0.00300018489
vn -0.484115213 0.874999285 0.00294750906
f 229//77 230//77 231//77
v -0.0178174302 0.0123032685 -0.0620002151
v -0.0154913981 0.0133914575 -0.00300018489
v -0.0153791746 0.0134689268 -0.0620001853
vn -0.43131575 0.902200997 0.000364225241
f 232//78 233//78 234//78
v -0.0126694078 0.0167964157 -0.00300015067
v -0.0123032322 0.0178181827 -0.00300014624
v -0.012302516 0.0178181827 -0.062000148
vn -0.941374004 0.337364703 -1.14208324e-05
f 235//79 236//79 237//79
v -0.0154913981 0.0133914575 -0.00300018489
v -0.0153872343 0.0134777874 -0.00300018373
v -0.0153791746 0.0134689268 -0.0620001853
vn -0.638117552 0.769938946 -0.000202794661
f 238//80 239//80 240//80
v -0.0153791746 0.0134689268 -0.0620001853
v -0.0153872343 0.0134777874 -0.00300018373
v -0.014343109 0.0143431453 -0.00300017092
vn -0.638116479 0.76993984 -0.000202794647
f 241//81 242//81 243//81
v -0.0153791746 0.0134689268 -0.0620001853
v -0.014343109 0.0143431453 -0.00300017092
v -0.0134681743 0.0153799271 -0.0620001629
vn -0.707105458 0.707105458 0.00193971593
f 244//82 245//82 246//82
v -0.0134681743 0.0153799271 -0.0620001629
v -0.014343109 0.0143431453 -0.00300017092
v -0.0134777511 0.0153872706 -0.00300016045
vn -0.76993984 0.638116479 -0.000204393946
f 247//83 248//83 249//83
v -0.0134681743 0.0153799271 -0.0620001629
v -0.0134777511 0.0153872706 -0.00300016045
v -0.012302516 0.0178181827 -0.062000148
vn -0.902200997 0.43131575 -0.000200121896
f 250//84 251//84 252//84
v -0.012302516 0.0178181827 -0.062000148
v -0.0134777511 0.0153872706 -0.00300016045
v -0.0133914212 0.0154914344 -0.00300015952
vn -0.769892812 0.638079226 0.0109544061
f 253//85 254//85 255//85
v -0.012302516 0.0178181827 -0.062000148
v -0.0133914212 0.0154914344 -0.00300015952
v -0.0126694078 0.0167964157 -0.00300015067
vn -0.874999344 0.484115154 0.00294276676
f 256//86 257//86 258//86
v -0.0184707996 0.00941699464 -0.000446400431
v -0.0181284286 0.00941699464 -0.000220531932
v -0.0180691425 0.0103765819 -0.00036657005
vn -0.543671429 0.159007818 0.824098229
f 259//87 260//87 261//87
v -0.0177883524 0.0121981315 -0.00220232271
v -0.0181817077 0.0119030476 -0.00180729758
v -0.0177008286 0.0118893487 -0.00152026559
vn -0.22916165 0.875363588 0.425703615
f 262//88 263//88 264//88
v -0.0177883524 0.0121981315 -0.00220232271
v -0.0177891571 0.0122009721 -0.0022085961
v -0.018549785 0.0119030476 -0.00235398836
vn -0.399455726 0.814798653 0.420164585
f 265//89 266//89 267//89
v -0.018549785 0.0119030476 -0.00235398836
v -0.0177891571 0.0122009721 -0.0022085961
v -0.0178045984 0.0122554656 -0.00263029174
vn -0.383305967 0.914116859 0.132162631
f 268//90 269//90 270//90
v -0.018549785 0.0119030476 -0.00235398836
v -0.0178045984 0.0122554656 -0.00263029174
v -0.0178181455 0.0123032685 -0.00300021307
vn -0.383305252 0.914116859 0.132164598
f 271//91 272//91 273//91
v -0.0176740848 0.011795002 -0.00131187262
v -0.0178975165 0.0112353433 -0.000789321377
v -0.0176693797 0.0117783993 -0.00127520075
vn -0.690868318 0.621187866 0.369900763
f 274//92 275//92 276//92
v -0.0176693797 0.0117783993 -0.00127520075
v -0.0178975165 0.0112353433 -0.000789321377
v -0.0175112672 0.011220606 -0.000695424445
vn -0.145250484 0.692906618 0.706245482
f 277//93 278//93 279//93
v -0.0175112672 0.011220606 -0.000695424445
v -0.0178975165 0.0112353433 -0.000789321377
v -0.0174704511 0.011076618 -0.000545764167
vn -0.145252347 0.692899525 0.706252098
f 280//94 281//94 282//94
v -0.0174704511 0.011076618 -0.000545764167
v -0.0178975165 0.0112353433 -0.000789321377
v -0.0180691425 0.0103765819 -0.00036657005
vn -0.29958564 0.468903601 0.830889821
f 283//95 284//95 285//95
v -0.0174704511 0.011076618 -0.000545764167
v -0.0180691425 0.0103765819 -0.00036657005
v -0.0172691345 0.0103664165 -0.000198400739
vn -0.184770778 0.389041513 0.902500093
f 286//96 287//96 288//96
v -0.0172691345 0.0103664165 -0.000198400739
v -0.0180691425 0.0103765819 -0.00036657005
v -0.0172158945 0.0101786051 -0.000106534433
vn -0.184768125 0.389068365 0.902489066
f 289//97 290//97 291//97
v -0.0172158945 0.0101786051 -0.000106534433
v -0.0180691425 0.0103765819 -0.00036657005
v -0.0181284286 0.00941699464 -0.000220531932
vn -0.253394276 0.160828039 0.953900278
f 292//98 293//98 294//98
v -0.0172158945 0.0101786051 -0.000106534433
v -0.0181284286 0.00941699464 -0.000220531932
v -0.0170000009 0.00941699464 -2.04576935e-07
vn -0.190981105 0.0824206471 0.978127301
f 295//99 296//99 297//99
v -0.0178181455 0.0123032685 -0.00300021307
v -0.0186791122 0.0119030476 -0.00300022354
v -0.018549785 0.0119030476 -0.00235398836
vn -0.420041591 0.903603196 0.0840613693
f 298//100 299//100 300//100
v -0.018549785 0.0119030476 -0.00235398836
v -0.0186791122 0.0119030476 -0.00300022354
v -0.0189255867 0.0116702653 -0.00300022657
vn -0.680233479 0.720243216 0.136132613
f 301//101 302//101 303//101
v -0.018549785 0.0119030476 -0.00235398836
v -0.0189255867 0.0116702653 -0.00300022657
v -0.0192023106 0.0112353433 -0.00208190852
vn -0.680233359 0.720243335 0.136132509
f 304//102 305//102 306//102
v -0.0198423546 0.0103765819 -0.00300023775
v -0.019623436 0.0103765819 -0.00190631847
v -0.0196942054 0.0106554236 -0.00300023588
vn -0.869620919 0.462030381 0.174032569
f 307//103 308//103 309//103
v -0.0196942054 0.0106554236 -0.00300023588
v -0.019623436 0.0103765819 -0.00190631847
v -0.0192023106 0.0112353433 -0.00208190852
vn -0.869619489 0.462032914 0.174033105
f 310//104 311//104 312//104
v -0.0196942054 0.0106554236 -0.00300023588
v -0.0192023106 0.0112353433 -0.00208190852
v -0.0193860903 0.0112353433 -0.00300023216
vn -0.86961937 0.462033242 0.174032852
f 313//105 314//105 315//105
v -0.0193860903 0.0112353433 -0.00300023216
v -0.0192023106 0.0112353433 -0.00208190852
v -0.0189255867 0.0116702653 -0.00300022657
vn -0.680234075 0.720242798 0.136132047
f 316//106 317//106 318//106
v -0.0198423546 0.0103765819 -0.00300023775
v -0.0199999623 0.00941699464 -0.00300023961
v -0.019623436 0.0103765819 -0.00190631847
vn -0.968082666 0.159002662 0.193737179
f 319//107 320//107 321//107
v -0.019623436 0.0103765819 -0.00190631847
v -0.0199999623 0.00941699464 -0.00300023961
v -0.019768903 0.00941699464 -0.00184566504
vn -0.968082666 0.15900135 0.193738312
f 322//108 323//108 324//108
v -0.019623436 0.0103765819 -0.00190631847
v -0.019768903 0.00941699464 -0.00184566504
v -0.0195555873 0.00941699464 -0.00152883399
vn -0.818957567 0.159001037 0.551386595
f 325//109 326//109 327//109
v -0.0177883524 0.0121981315 -0.00220232271
v -0.018549785 0.0119030476 -0.00235398836
v -0.0181817077 0.0119030476 -0.00180729758
vn -0.393884063 0.880072296 0.265194446
f 328//110 329//110 330//110
v -0.0181817077 0.0119030476 -0.00180729758
v -0.018549785 0.0119030476 -0.00235398836
v -0.0192023106 0.0112353433 -0.00208190852
vn -0.575448394 0.720243573 0.387438178
f 331//111 332//111 333//111
v -0.0181817077 0.0119030476 -0.00180729758
v -0.0192023106 0.0112353433 -0.00208190852
v -0.0186792631 0.0112353433 -0.00130504509
vn -0.575448275 0.720242798 0.387439758
f 334//112 335//112 336//112
v -0.0186792631 0.0112353433 -0.00130504509
v -0.0192023106 0.0112353433 -0.00208190852
v -0.019623436 0.0103765819 -0.00190631847
vn -0.735660434 0.462032169 0.495307952
f 337//113 338//113 339//113
v -0.0186792631 0.0112353433 -0.00130504509
v -0.019623436 0.0103765819 -0.00190631847
v -0.0190003701 0.0103765819 -0.000980904093
vn -0.735660493 0.462032288 0.495307833
f 340//114 341//114 342//114
v -0.0190003701 0.0103765819 -0.000980904093
v -0.019623436 0.0103765819 -0.00190631847
v -0.0195555873 0.00941699464 -0.00152883399
vn -0.81895566 0.15900214 0.551389098
f 343//115 344//115 345//115
v -0.0190003701 0.0103765819 -0.000980904093
v -0.0195555873 0.00941699464 -0.00152883399
v -0.0191112887 0.00941699464 -0.000868938107
vn -0.818955064 0.159001127 0.551390231
f 346//116 347//116 348//116
v -0.0177008286 0.0118893487 -0.00152026559
v -0.0181817077 0.0119030476 -0.00180729758
v -0.0176740848 0.011795002 -0.00131187262
vn -0.229167745 0.875357151 0.42571348
f 349//117 350//117 351//117
v -0.0176740848 0.011795002 -0.00131187262
v -0.0181817077 0.0119030476 -0.00180729758
v -0.0186792631 0.0112353433 -0.00130504509
vn -0.398251534 0.722180068 0.565554321
f 352//118 353//118 354//118
v -0.0176740848 0.011795002 -0.00131187262
v -0.0186792631 0.0112353433 -0.00130504509
v -0.0178975165 0.0112353433 -0.000789321377
vn -0.389536083 0.706830621 0.590467751
f 355//119 356//119 357//119
v -0.0178975165 0.0112353433 -0.000789321377
v -0.0186792631 0.0112353433 -0.00130504509
v -0.0190003701 0.0103765819 -0.000980904093
vn -0.488370806 0.462032557 0.740283668
f 358//120 359//120 360//120
v -0.0178975165 0.0112353433 -0.000789321377
v -0.0190003701 0.0103765819 -0.000980904093
v -0.0180691425 0.0103765819 -0.00036657005
vn -0.488369316 0.462030083 0.740286171
f 361//121 362//121 363//121
v -0.0180691425 0.0103765819 -0.00036657005
v -0.0190003701 0.0103765819 -0.000980904093
v -0.0191112887 0.00941699464 -0.000868938107
vn -0.543664396 0.159000546 0.824104249
f 364//122 365//122 366//122
v -0.0180691425 0.0103765819 -0.00036657005
v -0.0191112887 0.00941699464 -0.000868938107
v -0.0184707996 0.00941699464 -0.000446400431
vn -0.543667912 0.159006119 0.824100912
f 367//123 368//123 369//123
v -0.0180877317 -0.0103765819 -0.000374192226
v -0.0172691345 -0.0103664165 -0.000198400739
v -0.0172158945 -0.0101786051 -0.000106534433
vn -0.188929275 -0.387745798 0.902196705
f 370//124 371//124 372//124
v -0.017676238 -0.011802597 -0.00132865133
v -0.0176693797 -0.0117783993 -0.00127520075
v -0.0179131217 -0.0112353433 -0.0007957216
vn -0.676982224 -0.633962452 0.373880655
f 373//125 374//125 375//125
v -0.0179131217 -0.0112353433 -0.0007957216
v -0.0176693797 -0.0117783993 -0.00127520075
v -0.0175112672 -0.011220606 -0.000695424445
vn -0.150958255 -0.691488862 0.706438065
f 376//126 377//126 378//126
v -0.0179131217 -0.0112353433 -0.0007957216
v -0.0175112672 -0.011220606 -0.000695424445
v -0.0180877317 -0.0103765819 -0.000374192226
vn -0.198441371 -0.464092225 0.863272488
f 379//127 380//127 381//127
v -0.0180877317 -0.0103765819 -0.000374192226
v -0.0175112672 -0.011220606 -0.000695424445
v -0.0174704511 -0.011076618 -0.000545764167
vn -0.461608559 -0.573009074 0.677183986
f 382//128 383//128 384//128
v -0.0180877317 -0.0103765819 -0.000374192226
v -0.0174704511 -0.011076618 -0.000545764167
v -0.0172691345 -0.0103664165 -0.000198400739
vn -0.188931957 -0.387718946 0.902207673
f 385//129 386//129 387//129
v -0.017676238 -0.011802597 -0.00132865133
v -0.0186872315 -0.0112353433 -0.00131298008
v -0.0177008286 -0.0118893487 -0.00152026559
vn -0.439911753 -0.795547307 0.416631907
f 388//130 389//130 390//130
v -0.0177008286 -0.0118893487 -0.00152026559
v -0.0186872315 -0.0112353433 -0.00131298008
v -0.0181873161 -0.0119030476 -0.00181288563
vn -0.345803857 -0.714373767 0.608350098
f 391//131 392//131 393//131
v -0.0177008286 -0.0118893487 -0.00152026559
v -0.0181873161 -0.0119030476 -0.00181288563
v -0.0177892186 -0.0122011853 -0.00221025012
vn -0.231064871 -0.875146687 0.425120294
f 394//132 395//132 396//132
v -0.0185513031 -0.0119030476 -0.00235763914
v -0.0178046897 -0.0122557823 -0.00263274298
v -0.0177892186 -0.0122011853 -0.00221025012
vn -0.383194208 -0.914163232 0.132165849
f 397//133 398//133 399//133
v -0.0197716169 -0.00941699464 -0.00185219175
v -0.0199999623 -0.00941699464 -0.00300023961
v -0.0198423546 -0.0103765819 -0.00300023775
vn -0.968304455 -0.159039095 0.192595467
f 400//134 401//134 402//134
v -0.019009864 -0.0103765819 -0.000990358996
v -0.0191213097 -0.00941699464 -0.00087891455
v -0.0195554681 -0.00941699464 -0.00152869243
vn -0.820892513 -0.159039557 0.548490524
f 403//135 404//135 405//135
v -0.0184715372 -0.00941699464 -0.00044473898
v -0.0180877317 -0.0103765819 -0.000374192226
v -0.0181480478 -0.00941699464 -0.000228578807
vn -0.548517764 -0.159042001 0.820873857
f 406//136 407//136 408//136
v -0.0181480478 -0.00941699464 -0.000228578807
v -0.0180877317 -0.0103765819 -0.000374192226
v -0.0172158945 -0.0101786051 -0.000106534433
vn -0.256130844 -0.160741135 0.95318377
f 409//137 410//137 411//137
v -0.0181480478 -0.00941699464 -0.000228578807
v -0.0172158945 -0.0101786051 -0.000106534433
v -0.0170000009 -0.00941699464 -2.04576935e-07
vn -0.194454864 -0.0813528374 0.977532089
f 412//138 413//138 414//138
v -0.0197716169 -0.00941699464 -0.00185219175
v -0.0198423546 -0.0103765819 -0.00300023775
v -0.0196260046 -0.0103765819 -0.00191250246
vn -0.968303978 -0.15904057 0.192596659
f 415//139 416//139 417//139
v -0.0196260046 -0.0103765819 -0.00191250246
v -0.0198423546 -0.0103765819 -0.00300023775
v -0.0196942054 -0.0106554236 -0.00300023588
vn -0.869781554 -0.462115705 0.17300044
f 418//140 419//140 420//140
v -0.0196260046 -0.0103765819 -0.00191250246
v -0.0196942054 -0.0106554236 -0.00300023588
v -0.0192044694 -0.0112353433 -0.00208710181
vn -0.869781137 -0.46211645 0.173000604
f 421//141 422//141 423//141
v -0.017676238 -0.011802597 -0.00132865133
v -0.0179131217 -0.0112353433 -0.0007957216
v -0.0186872315 -0.0112353433 -0.00131298008
vn -0.390278518 -0.71171385 0.58407712
f 424//142 425//142 426//142
v -0.0186872315 -0.0112353433 -0.00131298008
v -0.0179131217 -0.0112353433 -0.0007957216
v -0.0180877317 -0.0103765819 -0.000374192226
vn -0.492699713 -0.46211639 0.73735708
f 427//143 428//143 429//143
v -0.0186872315 -0.0112353433 -0.00131298008
v -0.0180877317 -0.0103765819 -0.000374192226
v -0.019009864 -0.0103765819 -0.000990358996
vn -0.492700309 -0.462115854 0.737356961
f 430//144 431//144 432//144
v -0.019009864 -0.0103765819 -0.000990358996
v -0.0180877317 -0.0103765819 -0.000374192226
v -0.0184715372 -0.00941699464 -0.00044473898
vn -0.548510015 -0.159038484 0.820879698
f 433//145 434//145 435//145
v -0.019009864 -0.0103765819 -0.000990358996
v -0.0184715372 -0.00941699464 -0.00044473898
v -0.0191213097 -0.00941699464 -0.00087891455
vn -0.548508823 -0.159039497 0.820880294
f 436//146 437//146 438//146
v -0.0178181455 -0.0123032685 -0.00300021307
v -0.0178046897 -0.0122557823 -0.00263274298
v -0.0186791122 -0.0119030476 -0.00300022354
vn -0.41787529 -0.898941755 0.131468311
f 439//147 440//147 441//147
v -0.0186791122 -0.0119030476 -0.00300022354
v -0.0178046897 -0.0122557823 -0.00263274298
v -0.0185513031 -0.0119030476 -0.00235763914
vn -0.401593775 -0.912327826 0.079877384
f 442//148 443//148 444//148
v -0.0186791122 -0.0119030476 -0.00300022354
v -0.0185513031 -0.0119030476 -0.00235763914
v -0.0189255867 -0.0116702653 -0.00300022657
vn -0.680310428 -0.720324755 0.135314405
f 445//149 446//149 447//149
v -0.0189255867 -0.0116702653 -0.00300022657
v -0.0185513031 -0.0119030476 -0.00235763914
v -0.0192044694 -0.0112353433 -0.00208710181
vn -0.68031013 -0.720325112 0.135314062
f 448//150 449//150 450//150
v -0.0189255867 -0.0116702653 -0.00300022657
v -0.0192044694 -0.0112353433 -0.00208710181
v -0.0193860903 -0.0112353433 -0.00300023216
vn -0.680311024 -0.720324337 0.135313407
f 451//151 452//151 453//151
v -0.0193860903 -0.0112353433 -0.00300023216
v -0.0192044694 -0.0112353433 -0.00208710181
v -0.0196942054 -0.0106554236 -0.00300023588
vn -0.869780302 -0.462118715 0.172998711
f 454//152 455//152 456//152
v -0.0177892186 -0.0122011853 -0.00221025012
v -0.0181873161 -0.0119030476 -0.00181288563
v -0.0185513031 -0.0119030476 -0.00235763914
vn -0.395261019 -0.879783988 0.264100045
f 457//153 458//153 459//153
v -0.0185513031 -0.0119030476 -0.00235763914
v -0.0181873161 -0.0119030476 -0.00181288563
v -0.0186872315 -0.0112353433 -0.00131298008
vn -0.576740563 -0.720325708 0.385358512
f 460//154 461//154 462//154
v -0.0185513031 -0.0119030476 -0.00235763914
v -0.0186872315 -0.0112353433 -0.00131298008
v -0.0192044694 -0.0112353433 -0.00208710181
vn -0.576743126 -0.720324337 0.385357261
f 463//155 464//155 465//155
v -0.0192044694 -0.0112353433 -0.00208710181
v -0.0186872315 -0.0112353433 -0.00131298008
v -0.019009864 -0.0103765819 -0.000990358996
vn -0.737369359 -0.462116182 0.492681444
f 466//156 467//156 468//156
v -0.0192044694 -0.0112353433 -0.00208710181
v -0.019009864 -0.0103765819 -0.000990358996
v -0.0196260046 -0.0103765819 -0.00191250246
vn -0.73736918 -0.46211642 0.492681593
f 469//157 470//157 471//157
v -0.0196260046 -0.0103765819 -0.00191250246
v -0.019009864 -0.0103765819 -0.000990358996
v -0.0195554681 -0.00941699464 -0.00152869243
vn -0.820893228 -0.159040749 0.548489153
f 472//158 473//158 474//158
v -0.0196260046 -0.0103765819 -0.00191250246
v -0.0195554681 -0.00941699464 -0.00152869243
v -0.0197716169 -0.00941699464 -0.00185219175
vn -0.820894778 -0.159039825 0.548487127
f 475//159 476//159 477//159
v -0.0123032322 -0.0178181827 -0.00300014624
v -0.0126694078 -0.0167964157 -0.00300015067
v -0.012302516 -0.0178181827 -0.062000148
vn -0.941374004 -0.337364703 -1.14208324e-05
f 478//160 479//160 480//160
v -0.012302516 -0.0178181827 -0.062000148
v -0.0126694078 -0.0167964157 -0.00300015067
v -0.0133914212 -0.0154914344 -0.00300015952
vn -0.874999344 -0.484115154 0.00294276676
f 481//161 482//161 483//161
v -0.012302516 -0.0178181827 -0.062000148
v -0.0133914212 -0.0154914344 -0.00300015952
v -0.0134681743 -0.0153799271 -0.0620001629
vn -0.902200997 -0.43131572 0.000358512421
f 484//162 485//162 486//162
v -0.0167963784 -0.0126694441 -0.00300020073
v -0.0178181455 -0.0123032685 -0.00300021307
v -0.0178174302 -0.0123032685 -0.0620002151
vn -0.337364703 -0.941374004 -4.09293852e-06
f 487//163 488//163 489//163
v -0.0133914212 -0.0154914344 -0.00300015952
v -0.0134777511 -0.0153872706 -0.00300016045
v -0.0134681743 -0.0153799271 -0.0620001629
vn -0.769938946 -0.638117552 -0.000204393931
f 490//164 491//164 492//164
v -0.0134681743 -0.0153799271 -0.0620001629
v -0.0134777511 -0.0153872706 -0.00300016045
v -0.014343109 -0.0143431453 -0.00300017092
vn -0.76993984 -0.638116479 -0.000204393946
f 493//165 494//165 495//165
v -0.0134681743 -0.0153799271 -0.0620001629
v -0.014343109 -0.0143431453 -0.00300017092
v -0.0153791746 -0.0134689268 -0.0620001853
vn -0.707105458 -0.707105458 0.00193971593
f 496//166 497//166 498//166
v -0.0153791746 -0.0134689268 -0.0620001853
v -0.014343109 -0.0143431453 -0.00300017092
v -0.0153872343 -0.0134777874 -0.00300018373
vn -0.638116479 -0.76993984 -0.000202794647
f 499//167 500//167 501//167
v -0.0153791746 -0.0134689268 -0.0620001853
v -0.0153872343 -0.0134777874 -0.00300018373
v -0.0178174302 -0.0123032685 -0.0620002151
vn -0.43131575 -0.902200997 -0.000194409076
f 502//168 503//168 504//168
v -0.0178174302 -0.0123032685 -0.0620002151
v -0.0153872343 -0.0134777874 -0.00300018373
v -0.0154913981 -0.0133914575 -0.00300018489
vn -0.638079345 -0.769892633 0.0109560052
f 505//169 506//169 507//169
v -0.0178174302 -0.0123032685 -0.0620002151
v -0.0154913981 -0.0133914575 -0.00300018489
v -0.0167963784 -0.0126694441 -0.00300020073
vn -0.484115213 -0.874999285 0.00294750906
f 508//170 509//170 510//170
v -0.0119030187 -0.018551331 -0.00235755858
v -0.0122557506 -0.0178047214 -0.00263267546
v -0.0123032322 -0.0178181827 -0.00300014624
vn -0.914164782 -0.383192837 0.132158831
f 511//171 512//171 513//171
v -0.0118893301 -0.0177008472 -0.00152019516
v -0.0122011583 -0.0177892447 -0.00221018237
v -0.0119030252 -0.0181873385 -0.00181280938
vn -0.875151873 -0.231059715 0.425112456
f 514//172 515//172 516//172
v -0.0119030252 -0.0181873385 -0.00181280938
v -0.0122011583 -0.0177892447 -0.00221018237
v -0.0122557506 -0.0178047214 -0.00263267546
vn -0.851100564 -0.509003818 0.128619373
f 517//173 518//173 519//173
v -0.0118025811 -0.0176762547 -0.00132858008
v -0.011235334 -0.017913131 -0.000795640575
v -0.0117783835 -0.0176693946 -0.00127512927
vn -0.633966982 -0.676977634 0.373881161
f 520//174 521//174 522//174
v -0.0117783835 -0.0176693946 -0.00127512927
v -0.011235334 -0.017913131 -0.000795640575
v -0.0112205977 -0.0175112765 -0.000695348135
vn -0.691497445 -0.150949687 0.706431508
f 523//175 524//175 525//175
v -0.0112205977 -0.0175112765 -0.000695348135
v -0.011235334 -0.017913131 -0.000795640575
v -0.0110766115 -0.0174704585 -0.000545686577
vn -0.691490293 -0.150951609 0.706438124
f 526//176 527//176 528//176
v -0.0110766115 -0.0174704585 -0.000545686577
v -0.011235334 -0.017913131 -0.000795640575
v -0.0103765773 -0.0180877354 -0.000374098658
vn -0.468828499 -0.30082947 0.830482662
f 529//177 530//177 531//177
v -0.0110766115 -0.0174704585 -0.000545686577
v -0.0103765773 -0.0180877354 -0.000374098658
v -0.0103664137 -0.0172691364 -0.000198316993
vn -0.387729883 -0.188921019 0.902205288
f 532//178 533//178 534//178
v -0.0103664137 -0.0172691364 -0.000198316993
v -0.0103765773 -0.0180877354 -0.000374098658
v -0.0101786042 -0.0172158964 -0.000106449057
vn -0.387756735 -0.188918322 0.902194321
f 535//179 536//179 537//179
v -0.0101786042 -0.0172158964 -0.000106449057
v -0.0103765773 -0.0180877354 -0.000374098658
v -0.00941699184 -0.0181480497 -0.000228472869
vn -0.160752699 -0.256119281 0.953184903
f 538//180 539//180 540//180
v -0.0101786042 -0.0172158964 -0.000106449057
v -0.00941699184 -0.0181480497 -0.000228472869
v -0.00941699464 -0.0170000009 -1.12579229e-07
vn -0.0813646987 -0.194443002 0.97753346
f 541//181 542//181 543//181
v -0.0123032322 -0.0178181827 -0.00300014624
v -0.0119030112 -0.0186791494 -0.00300014135
v -0.0119030187 -0.018551331 -0.00235755858
vn -0.903643191 -0.420058697 0.0835444108
f 544//182 545//182 546//182
v -0.0119030187 -0.018551331 -0.00235755858
v -0.0119030112 -0.0186791494 -0.00300014135
v -0.011670229 -0.018925624 -0.00300013856
vn -0.720326364 -0.680308819 0.135313913
f 547//183 548//183 549//183
v -0.0119030187 -0.018551331 -0.00235755858
v -0.011670229 -0.018925624 -0.00300013856
v -0.0112353181 -0.0192044955 -0.00208700495
vn -0.720326781 -0.680308461 0.13531357
f 550//184 551//184 552//184
v -0.0122557506 -0.0178047214 -0.00263267546
v -0.0119030187 -0.018551331 -0.00235755858
v -0.0119030252 -0.0181873385 -0.00181280938
vn -0.909887493 -0.344943762 0.23047474
f 553//185 554//185 555//185
v -0.0119030252 -0.0181873385 -0.00181280938
v -0.0119030187 -0.018551331 -0.00235755858
v -0.0112353181 -0.0192044955 -0.00208700495
vn -0.720328748 -0.576737285 0.385357708
f 556//186 557//186 558//186
v -0.0119030252 -0.0181873385 -0.00181280938
v -0.0112353181 -0.0192044955 -0.00208700495
v -0.0112353275 -0.0186872482 -0.00131288974
vn -0.720330179 -0.576737463 0.385354847
f 559//187 560//187 561//187
v -0.0112353275 -0.0186872482 -0.00131288974
v -0.0112353181 -0.0192044955 -0.00208700495
v -0.0103765586 -0.019626027 -0.00191239023
vn -0.462122411 -0.737363279 0.492684722
f 562//188 563//188 564//188
v -0.0112353275 -0.0186872482 -0.00131288974
v -0.0103765586 -0.019626027 -0.00191239023
v -0.0103765698 -0.0190098751 -0.000990254222
vn -0.462122202 -0.737363279 0.49268499
f 565//189 566//189 567//189
v -0.011670229 -0.018925624 -0.00300013856
v -0.011235307 -0.0193861276 -0.00300013321
v -0.0112353181 -0.0192044955 -0.00208700495
vn -0.720326006 -0.680309415 0.13531293
f 568//190 569//190 570//190
v -0.0112353181 -0.0192044955 -0.00208700495
v -0.011235307 -0.0193861276 -0.00300013321
v -0.0106553873 -0.0196942426 -0.00300012622
vn -0.462120831 -0.869778156 0.173003659
f 571//191 572//191 573//191
v -0.0112353181 -0.0192044955 -0.00208700495
v -0.0106553873 -0.0196942426 -0.00300012622
v -0.0103765586 -0.019626027 -0.00191239023
vn -0.462118536 -0.869778991 0.173005551
f 574//192 575//192 576//192
v -0.0103765586 -0.019626027 -0.00191239023
v -0.0106553873 -0.0196942426 -0.00300012622
v -0.0103765456 -0.0198423918 -0.00300012296
vn -0.462117821 -0.869779408 0.173005387
f 577//193 578//193 579//193
v -0.0103765586 -0.019626027 -0.00191239023
v -0.0103765456 -0.0198423918 -0.00300012296
v -0.00941695832 -0.0199999996 -0.00300011132
vn -0.15904139 -0.968301892 0.192606539
f 580//194 581//194 582//194
v -0.00941695832 -0.0199999996 -0.00300011132
v -0.00941697229 -0.0197716393 -0.00185206614
v -0.0103765586 -0.019626027 -0.00191239023
vn -0.159042865 -0.968301892 0.192605242
f 583//195 584//195 585//195
v -0.0103765586 -0.019626027 -0.00191239023
v -0.00941697229 -0.0197716393 -0.00185206614
v -0.00941697601 -0.0195554867 -0.00152856938
vn -0.159046486 -0.820888102 0.548495173
f 586//196 587//196 588//196
v -0.0103765586 -0.019626027 -0.00191239023
v -0.00941697601 -0.0195554867 -0.00152856938
v -0.0103765698 -0.0190098751 -0.000990254222
vn -0.159047395 -0.820886552 0.5484972
f 589//197 590//197 591//197
v -0.0103765698 -0.0190098751 -0.000990254222
v -0.00941697601 -0.0195554867 -0.00152856938
v -0.00941698439 -0.0191213209 -0.000878796796
vn -0.159046218 -0.820885897 0.548498571
f 592//198 593//198 594//198
v -0.0103765698 -0.0190098751 -0.000990254222
v -0.00941698439 -0.0191213209 -0.000878796796
v -0.00941698905 -0.0184715427 -0.000444629113
vn -0.159049451 -0.548498869 0.820885062
f 595//199 596//199 597//199
v -0.0118893301 -0.0177008472 -0.00152019516
v -0.0119030252 -0.0181873385 -0.00181280938
v -0.0118025811 -0.0176762547 -0.00132858008
vn -0.874751627 -0.231441319 0.425728172
f 598//200 599//200 600//200
v -0.0118025811 -0.0176762547 -0.00132858008
v -0.0119030252 -0.0181873385 -0.00181280938
v -0.0112353275 -0.0186872482 -0.00131288974
vn -0.721643806 -0.396092325 0.567750931
f 601//201 602//201 603//201
v -0.0118025811 -0.0176762547 -0.00132858008
v -0.0112353275 -0.0186872482 -0.00131288974
v -0.011235334 -0.017913131 -0.000795640575
vn -0.711720943 -0.390271425 0.584073246
f 604//202 605//202 606//202
v -0.011235334 -0.017913131 -0.000795640575
v -0.0112353275 -0.0186872482 -0.00131288974
v -0.0103765698 -0.0190098751 -0.000990254222
vn -0.462124765 -0.492690921 0.737357676
f 607//203 608//203 609//203
v -0.011235334 -0.017913131 -0.000795640575
v -0.0103765698 -0.0190098751 -0.000990254222
v -0.0103765773 -0.0180877354 -0.000374098658
vn -0.462125301 -0.492691249 0.73735714
f 610//204 611//204 612//204
v -0.0103765773 -0.0180877354 -0.000374098658
v -0.0103765698 -0.0190098751 -0.000990254222
v -0.00941698905 -0.0184715427 -0.000444629113
vn -0.159048438 -0.548500061 0.820884466
f 613//205 614//205 615//205
v -0.0103765773 -0.0180877354 -0.000374098658
v -0.00941698905 -0.0184715427 -0.000444629113
v -0.00941699184 -0.0181480497 -0.000228472869
vn -0.15905197 -0.54850781 0.820878625
f 616//206 617//206 618//206
v 0.00941701327 -0.0195554867 -0.00152834086
v 0.00941701699 -0.0197716393 -0.00185183762
v 0.0103766052 -0.019626027 -0.00191213842
vn 0.159033179 -0.820888102 0.548499048
f 619//207 620//207 621//207
v 0.0103765866 -0.0180877354 -0.00037384688
v 0.0103664193 -0.0172691364 -0.000198065463
v 0.010178606 -0.0172158964 -0.000106202082
vn 0.38773486 -0.188918322 0.902203739
f 622//208 623//208 624//208
v 0.0118026128 -0.0176762547 -0.0013282937
v 0.0117784152 -0.0176693946 -0.00127484347
v 0.0112353526 -0.017913131 -0.000795367989
vn 0.633957922 -0.676977634 0.373896539
f 625//209 626//209 627//209
v 0.0112353526 -0.017913131 -0.000795367989
v 0.0117784152 -0.0176693946 -0.00127484347
v 0.0112206144 -0.0175112765 -0.000695075898
vn 0.691480339 -0.150949687 0.706448257
f 628//210 629//210 630//210
v 0.0112353526 -0.017913131 -0.000795367989
v 0.0112206144 -0.0175112765 -0.000695075898
v 0.0103765866 -0.0180877354 -0.00037384688
vn 0.464081734 -0.198430911 0.863280535
f 631//211 632//211 633//211
v 0.0103765866 -0.0180877354 -0.00037384688
v 0.0112206144 -0.0175112765 -0.000695075898
v 0.0110766245 -0.0174704585 -0.000545417832
vn 0.573000848 -0.461600333 0.677196562
f 634//212 635//212 636//212
v 0.0103765866 -0.0180877354 -0.00037384688
v 0.0110766245 -0.0174704585 -0.000545417832
v 0.0103664193 -0.0172691364 -0.000198065463
vn 0.387708008 -0.188921019 0.902214706
f 637//213 638//213 639//213
v 0.0118026128 -0.0176762547 -0.0013282937
v 0.0112353591 -0.0186872482 -0.0013126171
v 0.0118893674 -0.0177008472 -0.00151990668
vn 0.79554224 -0.439906716 0.416646898
f 640//214 641//214 642//214
v 0.0118893674 -0.0177008472 -0.00151990668
v 0.0112353591 -0.0186872482 -0.0013126171
v 0.0119030699 -0.0181873385 -0.00181252055
vn 0.714366376 -0.345796496 0.608362973
f 643//215 644//215 645//215
v 0.0118893674 -0.0177008472 -0.00151990668
v 0.0119030699 -0.0181873385 -0.00181252055
v 0.0122012123 -0.0177892447 -0.00220988621
vn 0.875141561 -0.231059715 0.425133705
f 646//216 647//216 648//216
v 0.0119030764 -0.018551331 -0.00235726987
v 0.0122558139 -0.0178047214 -0.00263237813
v 0.0122012123 -0.0177892447 -0.00220988621
vn 0.914161623 -0.383192629 0.1321816
f 649//217 650//217 651//217
v 0.00941701699 -0.0197716393 -0.00185183762
v 0.00941703096 -0.0199999996 -0.00299988268
v 0.0103766182 -0.0198423918 -0.00299987104
vn 0.159036756 -0.968302131 0.192609146
f 652//218 653//218 654//218
v 0.00941700023 -0.0184715427 -0.000444400619
v 0.0103765866 -0.0180877354 -0.00037384688
v 0.00941699743 -0.0181480497 -0.000228244375
vn 0.159032047 -0.54850781 0.82088244
f 655//219 656//219 657//219
v 0.00941699743 -0.0181480497 -0.000228244375
v 0.0103765866 -0.0180877354 -0.00037384688
v 0.010178606 -0.0172158964 -0.000106202082
vn 0.160729572 -0.256119281 0.953188837
f 658//220 659//220 660//220
v 0.00941699743 -0.0181480497 -0.000228244375
v 0.010178606 -0.0172158964 -0.000106202082
v 0.00941699464 -0.0170000009 1.15916393e-07
vn 0.0813409761 -0.194443002 0.977535427
f 661//221 662//221 663//221
v 0.00941701699 -0.0197716393 -0.00185183762
v 0.0103766182 -0.0198423918 -0.00299987104
v 0.0103766052 -0.019626027 -0.00191213842
vn 0.159038231 -0.968301654 0.192610338
f 664//222 665//222 666//222
v 0.0103766052 -0.019626027 -0.00191213842
v 0.0103766182 -0.0198423918 -0.00299987104
v 0.0106554599 -0.0196942426 -0.00299986778
vn 0.462113619 -0.869779408 0.173016608
f 667//223 668//223 669//223
v 0.0103766052 -0.019626027 -0.00191213842
v 0.0106554599 -0.0196942426 -0.00299986778
v 0.0112353684 -0.0192044955 -0.0020867323
vn 0.462114334 -0.869778991 0.173016772
f 670//224 671//224 672//224
v 0.0118026128 -0.0176762547 -0.0013282937
v 0.0112353526 -0.017913131 -0.000795367989
v 0.0112353591 -0.0186872482 -0.0013126171
vn 0.711706758 -0.390271425 0.584090471
f 673//225 674//225 675//225
v 0.0112353591 -0.0186872482 -0.0013126171
v 0.0112353526 -0.017913131 -0.000795367989
v 0.0103765866 -0.0180877354 -0.00037384688
vn 0.46210745 -0.492690742 0.737368643
f 676//226 677//226 678//226
v 0.0112353591 -0.0186872482 -0.0013126171
v 0.0103765866 -0.0180877354 -0.00037384688
v 0.010376594 -0.0190098751 -0.000990002416
vn 0.462106913 -0.492691368 0.737368584
f 679//227 680//227 681//227
v 0.010376594 -0.0190098751 -0.000990002416
v 0.0103765866 -0.0180877354 -0.00037384688
v 0.00941700023 -0.0184715427 -0.000444400619
vn 0.15902853 -0.548500061 0.820888281
f 682//228 683//228 684//228
v 0.010376594 -0.0190098751 -0.000990002416
v 0.00941700023 -0.0184715427 -0.000444400619
v 0.00941700488 -0.0191213209 -0.000878568331
vn 0.159029543 -0.548498869 0.820888877
f 685//229 686//229 687//229
v 0.0123033049 -0.0178181827 -0.00299984775
v 0.0122558139 -0.0178047214 -0.00263237813
v 0.0119030839 -0.0186791494 -0.00299985264
vn 0.898940206 -0.41787371 0.131484285
f 688//230 689//230 690//230
v 0.0119030839 -0.0186791494 -0.00299985264
v 0.0122558139 -0.0178047214 -0.00263237813
v 0.0119030764 -0.018551331 -0.00235726987
vn 0.912326872 -0.401592791 0.0798933282
f 691//231 692//231 693//231
v 0.0119030839 -0.0186791494 -0.00299985264
v 0.0119030764 -0.018551331 -0.00235726987
v 0.0116703017 -0.018925624 -0.00299985544
vn 0.720323086 -0.680308819 0.135331392
f 694//232 695//232 696//232
v 0.0116703017 -0.018925624 -0.00299985544
v 0.0119030764 -0.018551331 -0.00235726987
v 0.0112353684 -0.0192044955 -0.0020867323
vn 0.720323443 -0.680308461 0.13533105
f 697//233 698//233 699//233
v 0.0116703017 -0.018925624 -0.00299985544
v 0.0112353684 -0.0192044955 -0.0020867323
v 0.0112353796 -0.0193861276 -0.00299986056
vn 0.720322728 -0.680309415 0.135330409
f 700//234 701//234 702//234
v 0.0112353796 -0.0193861276 -0.00299986056
v 0.0112353684 -0.0192044955 -0.0020867323
v 0.0106554599 -0.0196942426 -0.00299986778
vn 0.462116629 -0.869778156 0.173014879
f 703//235 704//235 705//235
v 0.0122012123 -0.0177892447 -0.00220988621
v 0.0119030699 -0.0181873385 -0.00181252055
v 0.0119030764 -0.018551331 -0.00235726987
vn 0.879780769 -0.395257831 0.264115512
f 706//236 707//236 708//236
v 0.0119030764 -0.018551331 -0.00235726987
v 0.0119030699 -0.0181873385 -0.00181252055
v 0.0112353591 -0.0186872482 -0.0013126171
vn 0.720321059 -0.576735854 0.385374248
f 709//237 710//237 711//237
v 0.0119030764 -0.018551331 -0.00235726987
v 0.0112353591 -0.0186872482 -0.0013126171
v 0.0112353684 -0.0192044955 -0.0020867323
vn 0.720319629 -0.576738477 0.385372996
f 712//238 713//238 714//238
v 0.0112353684 -0.0192044955 -0.0020867323
v 0.0112353591 -0.0186872482 -0.0013126171
v 0.010376594 -0.0190098751 -0.000990002416
vn 0.462110221 -0.737363398 0.492696017
f 715//239 716//239 717//239
v 0.0112353684 -0.0192044955 -0.0020867323
v 0.010376594 -0.0190098751 -0.000990002416
v 0.0103766052 -0.019626027 -0.00191213842
vn 0.46211043 -0.73736316 0.492696136
f 718//240 719//240 720//240
v 0.0103766052 -0.019626027 -0.00191213842
v 0.010376594 -0.0190098751 -0.000990002416
v 0.00941700488 -0.0191213209 -0.000878568331
vn 0.159032851 -0.820886731 0.548501134
f 721//241 722//241 723//241
v 0.0103766052 -0.019626027 -0.00191213842
v 0.00941700488 -0.0191213209 -0.000878568331
v 0.00941701327 -0.0195554867 -0.00152834086
vn 0.159034654 -0.820885658 0.548502266
f 724//242 725//242 726//242
v -0.0178181455 0.0123032685 -0.00300021307
v -0.0178174302 0.0123032685 -0.0620002151
v -0.0186791122 0.0119030476 -0.00300022354
vn -0.42153272 0.906813204 -5.11407234e-06
f 727//243 728//243 729//243
v -0.0186791122 0.0119030476 -0.00300022354
v -0.0178174302 0.0123032685 -0.0620002151
v -0.0189496242 0.0116964746 -0.06200023
vn -0.472379327 0.881394863 -0.000920140941
f 730//244 731//244 732//244
v -0.0186791122 0.0119030476 -0.00300022354
v -0.0189496242 0.0116964746 -0.06200023
v -0.0189255867 0.0116702653 -0.00300022657
vn -0.686624527 0.727011979 0.000602691201
f 733//245 734//245 735//245
v -0.0189255867 0.0116702653 -0.00300022657
v -0.0189496242 0.0116964746 -0.06200023
v -0.0193860903 0.0112353433 -0.00300023216
vn -0.686625063 0.727011442 0.000602691201
f 736//246 737//246 738//246
v -0.0193860903 0.0112353433 -0.00300023216
v -0.0189496242 0.0116964746 -0.06200023
v -0.0197242368 0.010671759 -0.0620002411
vn -0.797723293 0.603022516 -0.00118825596
f 739//247 740//247 741//247
v -0.0193860903 0.0112353433 -0.00300023216
v -0.0197242368 0.010671759 -0.0620002411
v -0.0196942054 0.0106554236 -0.00300023588
vn -0.883094907 0.469193995 0.00057939993
f 742//248 743//248 744//248
v -0.0196942054 0.0106554236 -0.00300023588
v -0.0197242368 0.010671759 -0.0620002411
v -0.0198423546 0.0103765819 -0.00300023775
vn -0.883096457 0.469191074 0.00057939993
f 745//249 746//249 747//249
v -0.0198423546 0.0103765819 -0.00300023775
v -0.0197242368 0.010671759 -0.0620002411
v -0.019999247 0.00941699464 -0.0620002411
vn -0.976813316 0.214090928 -0.000884488225
f 748//250 749//250 750//250
v -0.0198423546 0.0103765819 -0.00300023775
v -0.019999247 0.00941699464 -0.0620002411
v -0.0199999623 0.00941699464 -0.00300023961
vn -0.986778617 0.162073776 -1.1971686e-05
f 751//251 752//251 753//251
v -0.0178181455 -0.0123032685 -0.00300021307
v -0.0186791122 -0.0119030476 -0.00300022354
v -0.0178174302 -0.0123032685 -0.0620002151
vn -0.42153272 -0.906813204 -5.11407234e-06
f 754//252 755//252 756//252
v -0.0178174302 -0.0123032685 -0.0620002151
v -0.0186791122 -0.0119030476 -0.00300022354
v -0.0189496242 -0.0116964746 -0.06200023
vn -0.472379327 -0.881394863 -0.000920140941
f 757//253 758//253 759//253
v -0.0186791122 -0.0119030476 -0.00300022354
v -0.0189255867 -0.0116702653 -0.00300022657
v -0.0189496242 -0.0116964746 -0.06200023
vn -0.686624527 -0.727011979 0.000602691201
f 760//254 761//254 762//254
v -0.0189496242 -0.0116964746 -0.06200023
v -0.0189255867 -0.0116702653 -0.00300022657
v -0.0193860903 -0.0112353433 -0.00300023216
vn -0.686625063 -0.727011442 0.000602691201
f 763//255 764//255 765//255
v -0.0189496242 -0.0116964746 -0.06200023
v -0.0193860903 -0.0112353433 -0.00300023216
v -0.0197242368 -0.010671759 -0.0620002411
vn -0.797723293 -0.603022516 -0.00118825596
f 766//256 767//256 768//256
v -0.0199999623 -0.00941699464 -0.00300023961
v -0.019999247 -0.00941699464 -0.0620002411
v -0.0198423546 -0.0103765819 -0.00300023775
vn -0.986778617 -0.162073776 -1.1971686e-05
f 769//257 770//257 771//257
v -0.0198423546 -0.0103765819 -0.00300023775
v -0.019999247 -0.00941699464 -0.0620002411
v -0.0197242368 -0.010671759 -0.0620002411
vn -0.976813316 -0.214090928 -0.000884488225
f 772//258 773//258 774//258
v -0.0198423546 -0.0103765819 -0.00300023775
v -0.0197242368 -0.010671759 -0.0620002411
v -0.0196942054 -0.0106554236 -0.00300023588
vn -0.883096457 -0.469191074 0.00057939993
f 775//259 776//259 777//259
v -0.0196942054 -0.0106554236 -0.00300023588
v -0.0197242368 -0.010671759 -0.0620002411
v -0.0193860903 -0.0112353433 -0.00300023216
vn -0.883094907 -0.469193995 0.00057939993
f 778//260 779//260 780//260
v -0.0123032322 -0.0178181827 -0.00300014624
v -0.012302516 -0.0178181827 -0.062000148
v -0.0119030112 -0.0186791494 -0.00300014135
vn -0.906813204 -0.42153272 -1.1001538e-05
f 781//261 782//261 783//261
v -0.0119030112 -0.0186791494 -0.00300014135
v -0.012302516 -0.0178181827 -0.062000148
v -0.0116957221 -0.0189503767 -0.0620001405
vn -0.881394863 -0.472379357 -0.000925103144
f 784//262 785//262 786//262
v -0.0119030112 -0.0186791494 -0.00300014135
v -0.0116957221 -0.0189503767 -0.0620001405
v -0.011670229 -0.018925624 -0.00300013856
vn -0.727011979 -0.686624527 0.000602201209
f 787//263 788//263 789//263
v -0.011670229 -0.018925624 -0.00300013856
v -0.0116957221 -0.0189503767 -0.0620001405
v -0.011235307 -0.0193861276 -0.00300013321
vn -0.727011502 -0.686625063 0.000602201268
f 790//264 791//264 792//264
v -0.011235307 -0.0193861276 -0.00300013321
v -0.0116957221 -0.0189503767 -0.0620001405
v -0.0106710065 -0.0197249893 -0.0620001294
vn -0.603022516 -0.797723293 -0.0011858939
f 793//265 794//265 795//265
v -0.011235307 -0.0193861276 -0.00300013321
v -0.0106710065 -0.0197249893 -0.0620001294
v -0.0106553873 -0.0196942426 -0.00300012622
vn -0.469193995 -0.883094907 0.000584421388
f 796//266 797//266 798//266
v -0.0106553873 -0.0196942426 -0.00300012622
v -0.0106710065 -0.0197249893 -0.0620001294
v -0.0103765456 -0.0198423918 -0.00300012296
vn -0.469191104 -0.883096457 0.000584421447
f 799//267 800//267 801//267
v -0.0103765456 -0.0198423918 -0.00300012296
v -0.0106710065 -0.0197249893 -0.0620001294
v -0.00941624213 -0.0199999996 -0.0620001145
vn -0.214090914 -0.976813316 -0.000875234779
f 802//268 803//268 804//268
v -0.0103765456 -0.0198423918 -0.00300012296
v -0.00941624213 -0.0199999996 -0.0620001145
v -0.00941695832 -0.0199999996 -0.00300011132
vn -0.162073776 -0.986778617 -1.96629344e-06
f 805//269 806//269 807//269
v -0.0162627026 -0.017963456 -0.0620001964
v -0.0106710065 -0.0197249893 -0.0620001294
v -0.0154127032 -0.0177356992 -0.0620001853
vn -1.21320882e-05 -2.49250115e-17 1
f 808//270 809//270 810//270
v -0.0154127032 -0.0177356992 -0.0620001853
v -0.0106710065 -0.0197249893 -0.0620001294
v -0.0116957221 -0.0189503767 -0.0620001405
vn -1.21320882e-05 -2.49250115e-17 1
f 811//271 812//271 813//271
v -0.00941624213 -0.0199999996 -0.0620001145
v -0.0106710065 -0.0197249893 -0.0620001294
v -0.0169992484 -0.0199999996 -0.0620002076
vn -1.21320882e-05 -2.49250115e-17 1
f 814//272 815//272 816//272
v -0.0169992484 -0.0199999996 -0.0620002076
v -0.0106710065 -0.0197249893 -0.0620001294
v -0.0162627026 -0.017963456 -0.0620001964
vn -1.21320882e-05 -2.49250115e-17 1
f 817//273 818//273 819//273
v -0.0169992484 -0.0199999996 -0.0620002076
v -0.0162627026 -0.017963456 -0.0620001964
v -0.0184992477 -0.0195980761 -0.0620002262
vn -1.21320882e-05 -2.49250115e-17 1
f 820//274 821//274 822//274
v -0.0184992477 -0.0195980761 -0.0620002262
v -0.0162627026 -0.017963456 -0.0620001964
v -0.017112704 -0.0177356992 -0.0620002076
vn -1.21320882e-05 -2.49250115e-17 1
f 823//275 824//275 825//275
v -0.0184992477 -0.0195980761 -0.0620002262
v -0.017112704 -0.0177356992 -0.0620002076
v -0.0195973236 -0.0185000002 -0.0620002374
vn -1.21320882e-05 -2.49250115e-17 1
f 826//276 827//276 828//276
v -0.0195973236 -0.0185000002 -0.0620002374
v -0.017112704 -0.0177356992 -0.0620002076
v -0.0177349467 -0.0171134565 -0.0620002151
vn -1.21320882e-05 -2.49250115e-17 1
f 829//277 830//277 831//277
v -0.0195973236 -0.0185000002 -0.0620002374
v -0.0177349467 -0.0171134565 -0.0620002151
v -0.019999247 -0.0170000009 -0.0620002411
vn -1.21320882e-05 -2.49250115e-17 1
f 832//278 833//278 834//278
v -0.019999247 -0.0170000009 -0.0620002411
v -0.0177349467 -0.0171134565 -0.0620002151
v -0.0179627035 -0.0162634552 -0.0620002188
vn -1.21320882e-05 -2.49250115e-17 1
f 835//279 836//279 837//279
v -0.019999247 -0.0170000009 -0.0620002411
v -0.0179627035 -0.0162634552 -0.0620002188
v -0.0177349467 -0.0154134557 -0.0620002151
vn -1.21320882e-05 -2.49250115e-17 1
f 838//280 839//280 840//280
v -0.019999247 -0.00941699464 -0.0620002411
v -0.019999247 -0.0170000009 -0.0620002411
v -0.0197242368 -0.010671759 -0.0620002411
vn -1.21320882e-05 -2.49250115e-17 1
f 841//281 842//281 843//281
v -0.0197242368 -0.010671759 -0.0620002411
v -0.019999247 -0.0170000009 -0.0620002411
v -0.0177349467 -0.0154134557 -0.0620002151
vn -1.21320882e-05 -2.49250115e-17 1
f 844//282 845//282 846//282
v -0.0197242368 -0.010671759 -0.0620002411
v -0.0177349467 -0.0154134557 -0.0620002151
v -0.0189496242 -0.0116964746 -0.06200023
vn -1.21320882e-05 -2.49250115e-17 1
f 847//283 848//283 849//283
v -0.0189496242 -0.0116964746 -0.06200023
v -0.0177349467 -0.0154134557 -0.0620002151
v -0.017112704 -0.014791213 -0.0620002076
vn -1.21320882e-05 -2.49250115e-17 1
f 850//284 851//284 852//284
v -0.0189496242 -0.0116964746 -0.06200023
v -0.017112704 -0.014791213 -0.0620002076
v -0.0178174302 -0.0123032685 -0.0620002151
vn -1.21320882e-05 -2.49250115e-17 1
f 853//285 854//285 855//285
v -0.0178174302 -0.0123032685 -0.0620002151
v -0.017112704 -0.014791213 -0.0620002076
v -0.0162627026 -0.0145634562 -0.0620001964
vn -1.21320882e-05 -2.49250115e-17 1
f 856//286 857//286 858//286
v -0.0178174302 -0.0123032685 -0.0620002151
v -0.0162627026 -0.0145634562 -0.0620001964
v -0.0153791746 -0.0134689268 -0.0620001853
vn -1.21320882e-05 -2.49250115e-17 1
f 859//287 860//287 861//287
v -0.0153791746 -0.0134689268 -0.0620001853
v -0.0162627026 -0.0145634562 -0.0620001964
v -0.0154127032 -0.014791213 -0.0620001853
vn -1.21320882e-05 -2.49250115e-17 1
f 862//288 863//288 864//288
v -0.0153791746 -0.0134689268 -0.0620001853
v -0.0154127032 -0.014791213 -0.0620001853
v -0.0134681743 -0.0153799271 -0.0620001629
vn -1.21320882e-05 -2.49250115e-17 1
f 865//289 866//289 867//289
v -0.0134681743 -0.0153799271 -0.0620001629
v -0.0154127032 -0.014791213 -0.0620001853
v -0.0147904605 -0.0154134557 -0.0620001778
vn -1.21320882e-05 -2.49250115e-17 1
f 868//290 869//290 870//290
v -0.0134681743 -0.0153799271 -0.0620001629
v -0.0147904605 -0.0154134557 -0.0620001778
v -0.012302516 -0.0178181827 -0.062000148
vn -1.21320882e-05 -2.49250115e-17 1
f 871//291 872//291 873//291
v -0.012302516 -0.0178181827 -0.062000148
v -0.0147904605 -0.0154134557 -0.0620001778
v -0.0145627037 -0.0162634552 -0.0620001778
vn -1.21320882e-05 -2.49250115e-17 1
f 874//292 875//292 876//292
v -0.012302516 -0.0178181827 -0.062000148
v -0.0145627037 -0.0162634552 -0.0620001778
v -0.0116957221 -0.0189503767 -0.0620001405
vn -1.21320882e-05 -2.49250115e-17 1
f 877//293 878//293 879//293
v -0.0116957221 -0.0189503767 -0.0620001405
v -0.0145627037 -0.0162634552 -0.0620001778
v -0.0147904605 -0.0171134565 -0.0620001778
vn -1.21320882e-05 -2.49250115e-17 1
f 880//294 881//294 882//294
v -0.0116957221 -0.0189503767 -0.0620001405
v -0.0147904605 -0.0171134565 -0.0620001778
v -0.0154127032 -0.0177356992 -0.0620001853
vn -1.21320882e-05 -2.49250115e-17 1
f 883//295 884//295 885//295
v 8.49246987e-07 -0.00400000019 -0.0700000003
v 0.00185974198 -0.00354182418 -0.0699999779
v 0.00373119744 -0.0145287476 -0.0699999556
vn 1.21320882e-05 2.49250115e-17 -1
f 886//296 887//296 888//296
v 0.00329278456 -0.00227225898 -0.069999963
v 0.0102690561 -0.0109345298 -0.0699998736
v 0.00185974198 -0.00354182418 -0.0699999779
vn 1.21320882e-05 2.49250115e-17 -1
f 889//297 890//297 891//297
v 0.00185974198 -0.00354182418 -0.0699999779
v 0.0102690561 -0.0109345298 -0.0699998736
v 0.00722715445 -0.0131446002 -0.0699999109
vn 1.21320882e-05 2.49250115e-17 -1
f 892//298 893//298 894//298
v 0.00185974198 -0.00354182418 -0.0699999779
v 0.00722715445 -0.0131446002 -0.0699999109
v 0.00373119744 -0.0145287476 -0.0699999556
vn 1.21320882e-05 2.49250115e-17 -1
f 895//299 896//299 897//299
v 0.00397168472 -0.000482146716 -0.0699999481
v 0.0142666968 -0.00463525485 -0.0699998289
v 0.00329278456 -0.00227225898 -0.069999963
vn 1.21320882e-05 2.49250115e-17 -1
f 898//300 899//300 900//300
v 0.00329278456 -0.00227225898 -0.069999963
v 0.0142666968 -0.00463525485 -0.0699998289
v 0.0126657682 -0.00803740229 -0.0699998438
vn 1.21320882e-05 2.49250115e-17 -1
f 901//301 902//301 903//301
v 0.00329278456 -0.00227225898 -0.069999963
v 0.0126657682 -0.00803740229 -0.0699998438
v 0.0102690561 -0.0109345298 -0.0699998736
vn 1.21320882e-05 2.49250115e-17 -1
f 904//302 905//302 906//302
v 0.00265333988 0.00299404305 -0.0699999705
v 0.000958111894 0.00388376717 -0.0699999854
v 0.00552271772 0.0139466468 -0.0699999332
vn 1.21320882e-05 2.49250115e-17 -1
f 907//303 908//303 909//303
v 0.00374091417 0.00141841953 -0.0699999556
v 0.0147351585 0.00281071966 -0.0699998215
v 0.00397168472 -0.000482146716 -0.0699999481
vn 1.21320882e-05 2.49250115e-17 -1
f 910//304 911//304 912//304
v 0.00397168472 -0.000482146716 -0.0699999481
v 0.0147351585 0.00281071966 -0.0699998215
v 0.0149712507 -0.000941857812 -0.0699998215
vn 1.21320882e-05 2.49250115e-17 -1
f 913//305 914//305 915//305
v 0.00397168472 -0.000482146716 -0.0699999481
v 0.0149712507 -0.000941857812 -0.0699998215
v 0.0142666968 -0.00463525485 -0.0699998289
vn 1.21320882e-05 2.49250115e-17 -1
f 916//306 917//306 918//306
v 0.00552271772 0.0139466468 -0.0699999332
v 0.00881762803 0.0121352552 -0.069999896
v 0.00265333988 0.00299404305 -0.0699999705
vn 1.21320882e-05 2.49250115e-17 -1
f 919//307 920//307 921//307
v 0.00265333988 0.00299404305 -0.0699999705
v 0.00881762803 0.0121352552 -0.069999896
v 0.0115585476 0.00956135988 -0.0699998587
vn 1.21320882e-05 2.49250115e-17 -1
f 922//308 923//308 924//308
v 0.00265333988 0.00299404305 -0.0699999705
v 0.0115585476 0.00956135988 -0.0699998587
v 0.00374091417 0.00141841953 -0.0699999556
vn 1.21320882e-05 2.49250115e-17 -1
f 925//309 926//309 927//309
v 0.00374091417 0.00141841953 -0.0699999556
v 0.0115585476 0.00956135988 -0.0699998587
v 0.0135732554 0.00638668938 -0.0699998364
vn 1.21320882e-05 2.49250115e-17 -1
f 928//310 929//310 930//310
v 0.00374091417 0.00141841953 -0.0699999556
v 0.0135732554 0.00638668938 -0.0699998364
v 0.0147351585 0.00281071966 -0.0699998215
vn 1.21320882e-05 2.49250115e-17 -1
f 931//311 932//311 933//311
v -0.00265164161 0.00299404305 -0.0700000301
v -0.00552101899 0.0139466468 -0.0700000674
v -0.000956413394 0.00388376717 -0.0700000152
vn 1.21320882e-05 2.49250115e-17 -1
f 934//312 935//312 936//312
v -0.000956413394 0.00388376717 -0.0700000152
v -0.00552101899 0.0139466468 -0.0700000674
v -0.00187914923 0.0148817208 -0.0700000226
vn 1.21320882e-05 2.49250115e-17 -1
f 937//313 938//313 939//313
v -0.000956413394 0.00388376717 -0.0700000152
v -0.00187914923 0.0148817208 -0.0700000226
v 0.000958111894 0.00388376717 -0.0699999854
vn 1.21320882e-05 2.49250115e-17 -1
f 940//314 941//314 942//314
v 0.000958111894 0.00388376717 -0.0699999854
v -0.00187914923 0.0148817208 -0.0700000226
v 0.00188084773 0.0148817208 -0.0699999779
vn 1.21320882e-05 2.49250115e-17 -1
f 943//315 944//315 945//315
v 0.000958111894 0.00388376717 -0.0699999854
v 0.00188084773 0.0148817208 -0.0699999779
v 0.00552271772 0.0139466468 -0.0699999332
vn 1.21320882e-05 2.49250115e-17 -1
f 946//316 947//316 948//316
v -0.0037392159 0.00141841953 -0.070000045
v -0.0115568489 0.00956135988 -0.0700001419
v -0.00265164161 0.00299404305 -0.0700000301
vn 1.21320882e-05 2.49250115e-17 -1
f 949//317 950//317 951//317
v -0.00265164161 0.00299404305 -0.0700000301
v -0.0115568489 0.00956135988 -0.0700001419
v -0.00881592929 0.0121352552 -0.0700001046
vn 1.21320882e-05 2.49250115e-17 -1
f 952//318 953//318 954//318
v -0.00265164161 0.00299404305 -0.0700000301
v -0.00881592929 0.0121352552 -0.0700001046
v -0.00552101899 0.0139466468 -0.0700000674
vn 1.21320882e-05 2.49250115e-17 -1
f 955//319 956//319 957//319
v -0.00396998599 -0.000482146716 -0.070000045
v -0.0147334598 0.00281071966 -0.0700001791
v -0.0037392159 0.00141841953 -0.070000045
vn 1.21320882e-05 2.49250115e-17 -1
f 958//320 959//320 960//320
v -0.0037392159 0.00141841953 -0.070000045
v -0.0147334598 0.00281071966 -0.0700001791
v -0.0135715567 0.00638668938 -0.0700001642
vn 1.21320882e-05 2.49250115e-17 -1
f 961//321 962//321 963//321
v -0.0037392159 0.00141841953 -0.070000045
v -0.0135715567 0.00638668938 -0.0700001642
v -0.0115568489 0.00956135988 -0.0700001419
vn 1.21320882e-05 2.49250115e-17 -1
f 964//322 965//322 966//322
v -0.00329108629 -0.00227225898 -0.0700000376
v -0.014264998 -0.00463525485 -0.0700001717
v -0.00396998599 -0.000482146716 -0.070000045
vn 1.21320882e-05 2.49250115e-17 -1
f 967//323 968//323 969//323
v -0.00396998599 -0.000482146716 -0.070000045
v -0.014264998 -0.00463525485 -0.0700001717
v -0.0149695519 -0.000941857812 -0.0700001791
vn 1.21320882e-05 2.49250115e-17 -1
f 970//324 971//324 972//324
v -0.00396998599 -0.000482146716 -0.070000045
v -0.0149695519 -0.000941857812 -0.0700001791
v -0.0147334598 0.00281071966 -0.0700001791
vn 1.21320882e-05 2.49250115e-17 -1
f 973//325 974//325 975//325
v -0.00185804348 -0.00354182418 -0.0700000226
v -0.0102673573 -0.0109345298 -0.070000127
v -0.00329108629 -0.00227225898 -0.0700000376
vn 1.21320882e-05 2.49250115e-17 -1
f 976//326 977//326 978//326
v -0.00329108629 -0.00227225898 -0.0700000376
v -0.0102673573 -0.0109345298 -0.070000127
v -0.0126640694 -0.00803740229 -0.0700001568
vn 1.21320882e-05 2.49250115e-17 -1
f 979//327 980//327 981//327
v -0.00329108629 -0.00227225898 -0.0700000376
v -0.0126640694 -0.00803740229 -0.0700001568
v -0.014264998 -0.00463525485 -0.0700001717
vn 1.21320882e-05 2.49250115e-17 -1
f 982//328 983//328 984//328
v 0.00373119744 -0.0145287476 -0.0699999556
v 8.49246987e-07 -0.0149999997 -0.0700000003
v 8.49246987e-07 -0.00400000019 -0.0700000003
vn 1.21320882e-05 2.49250115e-17 -1
f 985//329 986//329 987//329
v 8.49246987e-07 -0.00400000019 -0.0700000003
v 8.49246987e-07 -0.0149999997 -0.0700000003
v -0.00372949918 -0.0145287476 -0.070000045
vn 1.21320882e-05 2.49250115e-17 -1
f 988//330 989//330 990//330
v 8.49246987e-07 -0.00400000019 -0.0700000003
v -0.00372949918 -0.0145287476 -0.070000045
v -0.00185804348 -0.00354182418 -0.0700000226
vn 1.21320882e-05 2.49250115e-17 -1
f 991//331 992//331 993//331
v -0.00185804348 -0.00354182418 -0.0700000226
v -0.00372949918 -0.0145287476 -0.070000045
v -0.00722545572 -0.0131446002 -0.0700000897
vn 1.21320882e-05 2.49250115e-17 -1
f 994//332 995//332 996//332
v -0.00185804348 -0.00354182418 -0.0700000226
v -0.00722545572 -0.0131446002 -0.0700000897
v -0.0102673573 -0.0109345298 -0.070000127
vn 1.21320882e-05 2.49250115e-17 -1
f 997//333 998//333 999//333
v -0.00941624213 0.0199999996 -0.0620001145
v -0.0169992484 0.0199999996 -0.0620002076
v -0.0106710065 0.0197249893 -0.0620001294
vn -1.21320882e-05 -2.49250115e-17 1
f 1000//334 1001//334 1002//334
v -0.0106710065 0.0197249893 -0.0620001294
v -0.0169992484 0.0199999996 -0.0620002076
v -0.0154127032 0.0177356992 -0.0620001853
vn -1.21320882e-05 -2.49250115e-17 1
f 1003//335 1004//335 1005//335
v -0.0106710065 0.0197249893 -0.0620001294
v -0.0154127032 0.0177356992 -0.0620001853
v -0.0116957221 0.0189503767 -0.0620001405
vn -1.21320882e-05 -2.49250115e-17 1
f 1006//336 1007//336 1008//336
v -0.0116957221 0.0189503767 -0.0620001405
v -0.0154127032 0.0177356992 -0.0620001853
v -0.0147904605 0.0171134565 -0.0620001778
vn -1.21320882e-05 -2.49250115e-17 1
f 1009//337 1010//337 1011//337
v -0.0116957221 0.0189503767 -0.0620001405
v -0.0147904605 0.0171134565 -0.0620001778
v -0.012302516 0.0178181827 -0.062000148
vn -1.21320882e-05 -2.49250115e-17 1
f 1012//338 1013//338 1014//338
v -0.012302516 0.0178181827 -0.062000148
v -0.0147904605 0.0171134565 -0.0620001778
v -0.0145627037 0.0162634552 -0.0620001778
vn -1.21320882e-05 -2.49250115e-17 1
f 1015//339 1016//339 1017//339
v -0.012302516 0.0178181827 -0.062000148
v -0.0145627037 0.0162634552 -0.0620001778
v -0.0134681743 0.0153799271 -0.0620001629
vn -1.21320882e-05 -2.49250115e-17 1
f 1018//340 1019//340 1020//340
v -0.0134681743 0.0153799271 -0.0620001629
v -0.0145627037 0.0162634552 -0.0620001778
v -0.0147904605 0.0154134557 -0.0620001778
vn -1.21320882e-05 -2.49250115e-17 1
f 1021//341 1022//341 1023//341
v -0.0134681743 0.0153799271 -0.0620001629
v -0.0147904605 0.0154134557 -0.0620001778
v -0.0153791746 0.0134689268 -0.0620001853
vn -1.21320882e-05 -2.49250115e-17 1
f 1024//342 1025//342 1026//342
v -0.0153791746 0.0134689268 -0.0620001853
v -0.0147904605 0.0154134557 -0.0620001778
v -0.0154127032 0.014791213 -0.0620001853
vn -1.21320882e-05 -2.49250115e-17 1
f 1027//343 1028//343 1029//343
v -0.0153791746 0.0134689268 -0.0620001853
v -0.0154127032 0.014791213 -0.0620001853
v -0.0178174302 0.0123032685 -0.0620002151
vn -1.21320882e-05 -2.49250115e-17 1
f 1030//344 1031//344 1032//344
v -0.0178174302 0.0123032685 -0.0620002151
v -0.0154127032 0.014791213 -0.0620001853
v -0.0162627026 0.0145634562 -0.0620001964
vn -1.21320882e-05 -2.49250115e-17 1
f 1033//345 1034//345 1035//345
v -0.0178174302 0.0123032685 -0.0620002151
v -0.0162627026 0.0145634562 -0.0620001964
v -0.0189496242 0.0116964746 -0.06200023
vn -1.21320882e-05 -2.49250115e-17 1
f 1036//346 1037//346 1038//346
v -0.0179627035 0.0162634552 -0.0620002188
v -0.0197242368 0.010671759 -0.0620002411
v -0.0177349467 0.0154134557 -0.0620002151
vn -1.21320882e-05 -2.49250115e-17 1
f 1039//347 1040//347 1041//347
v -0.0177349467 0.0154134557 -0.0620002151
v -0.0197242368 0.010671759 -0.0620002411
v -0.0189496242 0.0116964746 -0.06200023
vn -1.21320882e-05 -2.49250115e-17 1
f 1042//348 1043//348 1044//348
v -0.0177349467 0.0154134557 -0.0620002151
v -0.0189496242 0.0116964746 -0.06200023
v -0.017112704 0.014791213 -0.0620002076
vn -1.21320882e-05 -2.49250115e-17 1
f 1045//349 1046//349 1047//349
v -0.017112704 0.014791213 -0.0620002076
v -0.0189496242 0.0116964746 -0.06200023
v -0.0162627026 0.0145634562 -0.0620001964
vn -1.21320882e-05 -2.49250115e-17 1
f 1048//350 1049//350 1050//350
v -0.019999247 0.00941699464 -0.0620002411
v -0.0197242368 0.010671759 -0.0620002411
v -0.019999247 0.0170000009 -0.0620002411
vn -1.21320882e-05 -2.49250115e-17 1
f 1051//351 1052//351 1053//351
v -0.019999247 0.0170000009 -0.0620002411
v -0.0197242368 0.010671759 -0.0620002411
v -0.0179627035 0.0162634552 -0.0620002188
vn -1.21320882e-05 -2.49250115e-17 1
f 1054//352 1055//352 1056//352
v -0.019999247 0.0170000009 -0.0620002411
v -0.0179627035 0.0162634552 -0.0620002188
v -0.0195973236 0.0185000002 -0.0620002374
vn -1.21320882e-05 -2.49250115e-17 1
f 1057//353 1058//353 1059//353
v -0.0195973236 0.0185000002 -0.0620002374
v -0.0179627035 0.0162634552 -0.0620002188
v -0.0177349467 0.0171134565 -0.0620002151
vn -1.21320882e-05 -2.49250115e-17 1
f 1060//354 1061//354 1062//354
v -0.0195973236 0.0185000002 -0.0620002374
v -0.0177349467 0.0171134565 -0.0620002151
v -0.0184992477 0.0195980761 -0.0620002262
vn -1.21320882e-05 -2.49250115e-17 1
f 1063//355 1064//355 1065//355
v -0.0184992477 0.0195980761 -0.0620002262
v -0.0177349467 0.0171134565 -0.0620002151
v -0.017112704 0.0177356992 -0.0620002076
vn -1.21320882e-05 -2.49250115e-17 1
f 1066//356 1067//356 1068//356
v -0.0184992477 0.0195980761 -0.0620002262
v -0.017112704 0.0177356992 -0.0620002076
v -0.0169992484 0.0199999996 -0.0620002076
vn -1.21320882e-05 -2.49250115e-17 1
f 1069//357 1070//357 1071//357
v -0.0169992484 0.0199999996 -0.0620002076
v -0.017112704 0.0177356992 -0.0620002076
v -0.0162627026 0.017963456 -0.0620001964
vn -1.21320882e-05 -2.49250115e-17 1
f 1072//358 1073//358 1074//358
v -0.0169992484 0.0199999996 -0.0620002076
v -0.0162627026 0.017963456 -0.0620001964
v -0.0154127032 0.0177356992 -0.0620001853
vn -1.21320882e-05 -2.49250115e-17 1
f 1075//359 1076//359 1077//359
v -0.0123032322 0.0178181827 -0.00300014624
v -0.0119030112 0.0186791494 -0.00300014135
v -0.012302516 0.0178181827 -0.062000148
vn -0.906813204 0.42153272 -1.1001538e-05
f 1078//360 1079//360 1080//360
v -0.012302516 0.0178181827 -0.062000148
v -0.0119030112 0.0186791494 -0.00300014135
v -0.0116957221 0.0189503767 -0.0620001405
vn -0.881394863 0.472379357 -0.000925103144
f 1081//361 1082//361 1083//361
v -0.0119030112 0.0186791494 -0.00300014135
v -0.011670229 0.018925624 -0.00300013856
v -0.0116957221 0.0189503767 -0.0620001405
vn -0.727011979 0.686624527 0.000602201209
f 1084//362 1085//362 1086//362
v -0.0116957221 0.0189503767 -0.0620001405
v -0.011670229 0.018925624 -0.00300013856
v -0.011235307 0.0193861276 -0.00300013321
vn -0.727011502 0.686625063 0.000602201268
f 1087//363 1088//363 1089//363
v -0.0116957221 0.0189503767 -0.0620001405
v -0.011235307 0.0193861276 -0.00300013321
v -0.0106710065 0.0197249893 -0.0620001294
vn -0.603022516 0.797723293 -0.0011858939
f 1090//364 1091//364 1092//364
v -0.00941695832 0.0199999996 -0.00300011132
v -0.00941624213 0.0199999996 -0.0620001145
v -0.0103765456 0.0198423918 -0.00300012296
vn -0.162073776 0.986778617 -1.96629344e-06
f 1093//365 1094//365 1095//365
v -0.0103765456 0.0198423918 -0.00300012296
v -0.00941624213 0.0199999996 -0.0620001145
v -0.0106710065 0.0197249893 -0.0620001294
vn -0.214090914 0.976813316 -0.000875234779
f 1096//366 1097//366 1098//366
v -0.0103765456 0.0198423918 -0.00300012296
v -0.0106710065 0.0197249893 -0.0620001294
v -0.0106553873 0.0196942426 -0.00300012622
vn -0.469191104 0.883096457 0.000584421447
f 1099//367 1100//367 1101//367
v -0.0106553873 0.0196942426 -0.00300012622
v -0.0106710065 0.0197249893 -0.0620001294
v -0.011235307 0.0193861276 -0.00300013321
vn -0.469193995 0.883094907 0.000584421388
f 1102//368 1103//368 1104//368
v 0.00941700023 0.0184708051 -0.000446062098
v 0.00941699743 0.0181284305 -0.000220197748
v 0.0103765866 0.0180691462 -0.000366224936
vn 0.158997819 0.543661416 0.824106753
f 1105//369 1106//369 1107//369
v 0.0121981585 0.0177883785 -0.00220195879
v 0.0119030699 0.0181817301 -0.00180693262
v 0.0118893674 0.0177008472 -0.00151990668
vn 0.875358403 0.229156494 0.425716996
f 1108//370 1109//370 1110//370
v 0.0121981585 0.0177883785 -0.00220195879
v 0.0122009991 0.0177891832 -0.00220823218
v 0.0119030764 0.018549813 -0.00235361909
vn 0.814793527 0.39945063 0.420179307
f 1111//371 1112//371 1113//371
v 0.0119030764 0.018549813 -0.00235361909
v 0.0122009991 0.0177891832 -0.00220823218
v 0.0122554973 0.0178046301 -0.00262992689
vn 0.91411525 0.383304358 0.132178381
f 1114//372 1115//372 1116//372
v 0.0119030764 0.018549813 -0.00235361909
v 0.0122554973 0.0178046301 -0.00262992689
v 0.0123033049 0.0178181827 -0.00299984775
vn 0.91411525 0.383303642 0.132180333
f 1117//373 1118//373 1119//373
v 0.0117950179 0.0176741015 -0.00131151499
v 0.0112353526 0.0178975258 -0.00078896794
v 0.0117784152 0.0176693946 -0.00127484347
vn 0.621183395 0.690863848 0.369916677
f 1120//374 1121//374 1122//374
v 0.0117784152 0.0176693946 -0.00127484347
v 0.0112353526 0.0178975258 -0.00078896794
v 0.0112206144 0.0175112765 -0.000695075898
vn 0.692898095 0.145241916 0.706255674
f 1123//375 1124//375 1125//375
v 0.0112206144 0.0175112765 -0.000695075898
v 0.0112353526 0.0178975258 -0.00078896794
v 0.0110766245 0.0174704585 -0.000545417832
vn 0.692890942 0.145243779 0.706262231
f 1126//376 1127//376 1128//376
v 0.0110766245 0.0174704585 -0.000545417832
v 0.0112353526 0.0178975258 -0.00078896794
v 0.0103765866 0.0180691462 -0.000366224936
vn 0.468893528 0.299575537 0.830899119
f 1129//377 1130//377 1131//377
v 0.0110766245 0.0174704585 -0.000545417832
v 0.0103765866 0.0180691462 -0.000366224936
v 0.0103664193 0.0172691364 -0.000198065463
vn 0.389030576 0.18475984 0.902507067
f 1132//378 1133//378 1134//378
v 0.0103664193 0.0172691364 -0.000198065463
v 0.0103765866 0.0180691462 -0.000366224936
v 0.010178606 0.0172158964 -0.000106202082
vn 0.389057428 0.184757173 0.90249604
f 1135//379 1136//379 1137//379
v 0.010178606 0.0172158964 -0.000106202082
v 0.0103765866 0.0180691462 -0.000366224936
v 0.00941699743 0.0181284305 -0.000220197748
vn 0.160816461 0.253382713 0.953905284
f 1138//380 1139//380 1140//380
v 0.010178606 0.0172158964 -0.000106202082
v 0.00941699743 0.0181284305 -0.000220197748
v 0.00941699464 0.0170000009 1.15916393e-07
vn 0.0824087784 0.190969229 0.978130639
f 1141//381 1142//381 1143//381
v 0.0123033049 0.0178181827 -0.00299984775
v 0.0119030839 0.0186791494 -0.00299985264
v 0.0119030764 0.018549813 -0.00235361909
vn 0.903602183 0.420040578 0.0840774328
f 1144//382 1145//382 1146//382
v 0.0119030764 0.018549813 -0.00235361909
v 0.0119030839 0.0186791494 -0.00299985264
v 0.0116703017 0.018925624 -0.00299985544
vn 0.720241606 0.68023181 0.136149615
f 1147//383 1148//383 1149//383
v 0.0119030764 0.018549813 -0.00235361909
v 0.0116703017 0.018925624 -0.00299985544
v 0.0112353684 0.0192023367 -0.00208153925
vn 0.720241725 0.68023175 0.136149496
f 1150//384 1151//384 1152//384
v 0.0103766182 0.0198423918 -0.00299987104
v 0.0103766052 0.0196234584 -0.00190595444
v 0.0106554599 0.0196942426 -0.00299986778
vn 0.462028265 0.869618833 0.174048722
f 1153//385 1154//385 1155//385
v 0.0106554599 0.0196942426 -0.00299986778
v 0.0103766052 0.0196234584 -0.00190595444
v 0.0112353684 0.0192023367 -0.00208153925
vn 0.462030798 0.869617403 0.174049273
f 1156//386 1157//386 1158//386
v 0.0106554599 0.0196942426 -0.00299986778
v 0.0112353684 0.0192023367 -0.00208153925
v 0.0112353796 0.0193861276 -0.00299986056
vn 0.462031126 0.869617283 0.174049005
f 1159//387 1160//387 1161//387
v 0.0112353796 0.0193861276 -0.00299986056
v 0.0112353684 0.0192023367 -0.00208153925
v 0.0116703017 0.018925624 -0.00299985544
vn 0.720241129 0.680232406 0.136149034
f 1162//388 1163//388 1164//388
v 0.0103766182 0.0198423918 -0.00299987104
v 0.00941703096 0.0199999996 -0.00299988268
v 0.0103766052 0.0196234584 -0.00190595444
vn 0.159000307 0.968080342 0.193750858
f 1165//389 1166//389 1167//389
v 0.0103766052 0.0196234584 -0.00190595444
v 0.00941703096 0.0199999996 -0.00299988268
v 0.00941701699 0.0197689254 -0.00184531091
vn 0.158999011 0.968080282 0.193751991
f 1168//390 1169//390 1170//390
v 0.0103766052 0.0196234584 -0.00190595444
v 0.00941701699 0.0197689254 -0.00184531091
v 0.00941701327 0.0195556059 -0.00152848242
vn 0.158994347 0.818950891 0.551398456
f 1171//391 1172//391 1173//391
v 0.0121981585 0.0177883785 -0.00220195879
v 0.0119030764 0.018549813 -0.00235361909
v 0.0119030699 0.0181817301 -0.00180693262
vn 0.880069077 0.393880844 0.265209913
f 1174//392 1175//392 1176//392
v 0.0119030699 0.0181817301 -0.00180693262
v 0.0119030764 0.018549813 -0.00235361909
v 0.0112353684 0.0192023367 -0.00208153925
vn 0.720238864 0.575443685 0.387453884
f 1177//393 1178//393 1179//393
v 0.0119030699 0.0181817301 -0.00180693262
v 0.0112353684 0.0192023367 -0.00208153925
v 0.0112353591 0.018679278 -0.00130468223
vn 0.72023809 0.575443566 0.387455493
f 1180//394 1181//394 1182//394
v 0.0112353591 0.018679278 -0.00130468223
v 0.0112353684 0.0192023367 -0.00208153925
v 0.0103766052 0.0196234584 -0.00190595444
vn 0.462026149 0.735654473 0.495322496
f 1183//395 1184//395 1185//395
v 0.0112353591 0.018679278 -0.00130468223
v 0.0103766052 0.0196234584 -0.00190595444
v 0.010376594 0.0190003812 -0.000980547629
vn 0.462026268 0.735654473 0.495322347
f 1186//396 1187//396 1188//396
v 0.010376594 0.0190003812 -0.000980547629
v 0.0103766052 0.0196234584 -0.00190595444
v 0.00941701327 0.0195556059 -0.00152848242
vn 0.15899545 0.818948984 0.551400959
f 1189//397 1190//397 1191//397
v 0.010376594 0.0190003812 -0.000980547629
v 0.00941701327 0.0195556059 -0.00152848242
v 0.00941700488 0.0191112999 -0.000868592004
vn 0.158994436 0.818948388 0.551402152
f 1192//398 1193//398 1194//398
v 0.0118893674 0.0177008472 -0.00151990668
v 0.0119030699 0.0181817301 -0.00180693262
v 0.0117950179 0.0176741015 -0.00131151499
vn 0.875352025 0.229162574 0.425726891
f 1195//399 1196//399 1197//399
v 0.0117950179 0.0176741015 -0.00131151499
v 0.0119030699 0.0181817301 -0.00180693262
v 0.0112353591 0.018679278 -0.00130468223
vn 0.722173214 0.398244679 0.565567911
f 1198//400 1199//400 1200//400
v 0.0117950179 0.0176741015 -0.00131151499
v 0.0112353591 0.018679278 -0.00130468223
v 0.0112353526 0.0178975258 -0.00078896794
vn 0.706823409 0.38952893 0.590481043
f 1201//401 1202//401 1203//401
v 0.0112353526 0.0178975258 -0.00078896794
v 0.0112353591 0.018679278 -0.00130468223
v 0.010376594 0.0190003812 -0.000980547629
vn 0.462023556 0.488361806 0.740295172
f 1204//402 1205//402 1206//402
v 0.0112353526 0.0178975258 -0.00078896794
v 0.010376594 0.0190003812 -0.000980547629
v 0.0103765866 0.0180691462 -0.000366224936
vn 0.462021112 0.488360345 0.740297675
f 1207//403 1208//403 1209//403
v 0.0103765866 0.0180691462 -0.000366224936
v 0.010376594 0.0190003812 -0.000980547629
v 0.00941700488 0.0191112999 -0.000868592004
vn 0.158990547 0.543654382 0.824112773
f 1210//404 1211//404 1212//404
v 0.0103765866 0.0180691462 -0.000366224936
v 0.00941700488 0.0191112999 -0.000868592004
v 0.00941700023 0.0184708051 -0.000446062098
vn 0.15899612 0.543657899 0.824109435
f 1213//405 1214//405 1215//405
v -0.00941695832 -0.0199999996 -0.00300011132
v 0.00941703096 -0.0199999996 -0.00299988268
v -0.00941697229 -0.0197716393 -0.00185206614
vn -2.36685241e-06 -0.98078531 0.195090264
f 1216//406 1217//406 1218//406
v -0.00941697229 -0.0197716393 -0.00185206614
v 0.00941703096 -0.0199999996 -0.00299988268
v 0.00941701699 -0.0197716393 -0.00185183762
vn -2.36685241e-06 -0.98078531 0.195090264
f 1219//407 1220//407 1221//407
v -0.00941697229 -0.0197716393 -0.00185206614
v 0.00941701699 -0.0197716393 -0.00185183762
v -0.00941697601 -0.0195554867 -0.00152856938
vn -6.74020339e-06 -0.831470907 0.555568278
f 1222//408 1223//408 1224//408
v -0.00941697601 -0.0195554867 -0.00152856938
v 0.00941701699 -0.0197716393 -0.00185183762
v 0.00941701327 -0.0195554867 -0.00152834086
vn -6.74020339e-06 -0.831470907 0.555568278
f 1225//409 1226//409 1227//409
v -0.00941697601 -0.0195554867 -0.00152856938
v 0.00941701327 -0.0195554867 -0.00152834086
v -0.00941698439 -0.0191213209 -0.000878796796
vn -6.74024477e-06 -0.831468642 0.555571675
f 1228//410 1229//410 1230//410
v -0.00941698439 -0.0191213209 -0.000878796796
v 0.00941701327 -0.0195554867 -0.00152834086
v 0.00941700488 -0.0191213209 -0.000878568331
vn -6.74024477e-06 -0.831468642 0.555571675
f 1231//411 1232//411 1233//411
v -0.00941698439 -0.0191213209 -0.000878796796
v 0.00941700488 -0.0191213209 -0.000878568331
v -0.00941698905 -0.0184715427 -0.000444629113
vn -1.0087464e-05 -0.555570066 0.831469715
f 1234//412 1235//412 1236//412
v -0.00941698905 -0.0184715427 -0.000444629113
v 0.00941700488 -0.0191213209 -0.000878568331
v 0.00941700023 -0.0184715427 -0.000444400619
vn -1.0087464e-05 -0.555570066 0.831469715
f 1237//413 1238//413 1239//413
v -0.00941698905 -0.0184715427 -0.000444629113
v 0.00941700023 -0.0184715427 -0.000444400619
v -0.00941699184 -0.0181480497 -0.000228472869
vn -1.00873895e-05 -0.555579305 0.831463516
f 1240//414 1241//414 1242//414
v -0.00941699184 -0.0181480497 -0.000228472869
v 0.00941700023 -0.0184715427 -0.000444400619
v 0.00941699743 -0.0181480497 -0.000228244375
vn -1.00873895e-05 -0.555579305 0.831463516
f 1243//415 1244//415 1245//415
v -0.00941699184 -0.0181480497 -0.000228472869
v 0.00941699743 -0.0181480497 -0.000228244375
v -0.00941699464 -0.0170000009 -1.12579229e-07
vn -1.18989756e-05 -0.195089653 0.980785429
f 1246//416 1247//416 1248//416
v -0.00941699464 -0.0170000009 -1.12579229e-07
v 0.00941699743 -0.0181480497 -0.000228244375
v 0.00941699464 -0.0170000009 1.15916393e-07
vn -1.18989756e-05 -0.195089653 0.980785429
f 1249//417 1250//417 1251//417
v 0.0176741183 -0.011795002 -0.00131144375
v 0.0176694095 -0.0117783993 -0.00127477199
v 0.0165779665 -0.0121695455 -0.00127478526
vn 0.305377364 -0.852130592 0.424991906
f 1252//418 1253//418 1254//418
v 0.0175112858 -0.011220606 -0.00069499953
v 0.017470466 -0.011076618 -0.000545340241
v 0.016285859 -0.0115011511 -0.000545354618
vn 0.238817498 -0.66641438 0.706298828
f 1255//419 1256//419 1257//419
v 0.0172691382 -0.0103664165 -0.000197981717
v 0.0172158983 -0.0101786051 -0.000106116706
v 0.0159120765 -0.0106458617 -0.000106132524
vn 0.143910885 -0.401596099 0.904439151
f 1258//420 1259//420 1260//420
v 0.0103664193 -0.0172691364 -0.000198065463
v 0.0110766245 -0.0174704585 -0.000545417832
v 0.0115011577 -0.0162858516 -0.000545412651
vn 0.401561558 -0.143913433 0.904454112
f 1261//421 1262//421 1263//421
v 0.0118893674 -0.0177008472 -0.00151990668
v 0.0122012123 -0.0177892447 -0.00220988621
v 0.0125720408 -0.0167538375 -0.00220822776
vn 0.852246761 -0.305909753 0.424375594
f 1264//422 1265//422 1266//422
v 0.0167964529 -0.0126694441 -0.00299979327
v 0.01781822 -0.0123032685 -0.0029997807
v 0.0178046618 -0.0122554656 -0.00262985961
vn 0.33437407 -0.933033466 0.13282524
f 1267//423 1268//423 1269//423
v 0.0167538635 -0.0125720138 -0.002208177
v 0.0154315382 -0.0133036235 -0.00220819307
v 0.0167964529 -0.0126694441 -0.00299979327
vn 0.479843736 -0.867282152 0.132558003
f 1270//424 1271//424 1272//424
v 0.0167964529 -0.0126694441 -0.00299979327
v 0.0154315382 -0.0133036235 -0.00220819307
v 0.0154914707 -0.0133914575 -0.0029998091
vn 0.479843825 -0.867282093 0.132558197
f 1273//425 1274//425 1275//425
v 0.0154914707 -0.0133914575 -0.0029998091
v 0.0154315382 -0.0133036235 -0.00220819307
v 0.0153873069 -0.0134777874 -0.00299981027
vn 0.632485211 -0.76314503 0.132560015
f 1276//426 1277//426 1278//426
v 0.0153873069 -0.0134777874 -0.00299981027
v 0.0154315382 -0.0133036235 -0.00220819307
v 0.0142679876 -0.0142679606 -0.00220820704
vn 0.632484436 -0.763145626 0.132560194
f 1279//427 1280//427 1281//427
v 0.0153873069 -0.0134777874 -0.00299981027
v 0.0142679876 -0.0142679606 -0.00220820704
v 0.0143431816 -0.0143431453 -0.00299982284
vn 0.632484198 -0.763145983 0.132559463
f 1282//428 1283//428 1284//428
v 0.0143431816 -0.0143431453 -0.00299982284
v 0.0142679876 -0.0142679606 -0.00220820704
v 0.0134778237 -0.0153872706 -0.00299983355
vn 0.763144374 -0.632485807 0.132561043
f 1285//429 1286//429 1287//429
v 0.0134778237 -0.0153872706 -0.00299983355
v 0.0142679876 -0.0142679606 -0.00220820704
v 0.0133036505 -0.0154315112 -0.00220821891
vn 0.763144016 -0.632486045 0.132561788
f 1288//430 1289//430 1290//430
v 0.0134778237 -0.0153872706 -0.00299983355
v 0.0133036505 -0.0154315112 -0.00220821891
v 0.0133914938 -0.0154914344 -0.00299983448
vn 0.76314342 -0.63248682 0.132561609
f 1291//431 1292//431 1293//431
v 0.0133914938 -0.0154914344 -0.00299983448
v 0.0133036505 -0.0154315112 -0.00220821891
v 0.0125720408 -0.0167538375 -0.00220822776
vn 0.867280543 -0.479845345 0.132562891
f 1294//432 1295//432 1296//432
v 0.0133914938 -0.0154914344 -0.00299983448
v 0.0125720408 -0.0167538375 -0.00220822776
v 0.0126694804 -0.0167964157 -0.00299984333
vn 0.867280483 -0.479845434 0.132562697
f 1297//433 1298//433 1299//433
v 0.0122558139 -0.0178047214 -0.00263237813
v 0.0123033049 -0.0178181827 -0.00299984775
v 0.0126694804 -0.0167964157 -0.00299984333
vn 0.933031976 -0.334375709 0.132831469
f 1300//434 1301//434 1302//434
v 0.0125720408 -0.0167538375 -0.00220822776
v 0.0122012123 -0.0177892447 -0.00220988621
v 0.0126694804 -0.0167964157 -0.00299984333
vn 0.933031917 -0.334375739 0.132831737
f 1303//435 1304//435 1305//435
v 0.0126694804 -0.0167964157 -0.00299984333
v 0.0122012123 -0.0177892447 -0.00220988621
v 0.0122558139 -0.0178047214 -0.00263237813
vn 0.933031976 -0.334375501 0.132832095
f 1306//436 1307//436 1308//436
v 0.0112206144 -0.0175112765 -0.000695075898
v 0.0117784152 -0.0176693946 -0.00127484347
v 0.0121695613 -0.0165779516 -0.00127483869
vn 0.666412294 -0.238828748 0.70629704
f 1309//437 1310//437 1311//437
v 0.0121695613 -0.0165779516 -0.00127483869
v 0.0117784152 -0.0176693946 -0.00127484347
v 0.0118026128 -0.0176762547 -0.0013282937
vn 0.852134407 -0.305385739 0.424978286
f 1312//438 1313//438 1314//438
v 0.00941699464 -0.0170000009 1.15916393e-07
v 0.010178606 -0.0172158964 -0.000106202082
v 0.00992409326 -0.0155963758 1.22068556e-07
vn 0.125494361 -0.0453426726 0.991057634
f 1315//439 1316//439 1317//439
v 0.00992409326 -0.0155963758 1.22068556e-07
v 0.010178606 -0.0172158964 -0.000106202082
v 0.0106458627 -0.0159120746 -0.000106196414
vn 0.126190558 -0.0452278033 0.990974486
f 1318//440 1319//440 1320//440
v 0.00992409326 -0.0155963758 1.22068556e-07
v 0.0106458627 -0.0159120746 -0.000106196414
v 0.00994475838 -0.0155391758 1.22319264e-07
vn 0.126052529 -0.0455444083 0.990977526
f 1321//441 1322//441 1323//441
v 0.00994475838 -0.0155391758 1.22319264e-07
v 0.0106458627 -0.0159120746 -0.000106196414
v 0.0106808553 -0.0141557287 1.31249664e-07
vn 0.117147714 -0.062337704 0.991156101
f 1324//442 1325//442 1326//442
v 0.0106808553 -0.0141557287 1.31249664e-07
v 0.0106458627 -0.0159120746 -0.000106196414
v 0.0115671856 -0.0142468559 -0.000106185231
vn 0.112551622 -0.0622785911 0.991692245
f 1327//443 1328//443 1329//443
v 0.0106808553 -0.0141557287 1.31249664e-07
v 0.0115671856 -0.0142468559 -0.000106185231
v 0.010931314 -0.0138139576 1.34288243e-07
vn 0.110494293 -0.080981873 0.990572035
f 1330//444 1331//444 1332//444
v 0.010931314 -0.0138139576 1.34288243e-07
v 0.0115671856 -0.0142468559 -0.000106185231
v 0.0116216531 -0.0128719341 1.42663495e-07
vn 0.110494293 -0.0809818804 0.990572035
f 1333//445 1334//445 1335//445
v 0.0116216531 -0.0128719341 1.42663495e-07
v 0.0115671856 -0.0142468559 -0.000106185231
v 0.0127815856 -0.0127815846 -0.000106170497
vn 0.0971966609 -0.0805654451 0.99199903
f 1336//446 1337//446 1338//446
v 0.0116216531 -0.0128719341 1.42663495e-07
v 0.0127815856 -0.0127815846 -0.000106170497
v 0.0122409295 -0.0122405635 1.50176618e-07
vn 0.0982920453 -0.0964210033 0.990475476
f 1339//447 1340//447 1341//447
v 0.0156016424 -0.0099370582 1.90949081e-07
v 0.0152702788 -0.0100684362 1.86928958e-07
v 0.0159120765 -0.0106458617 -0.000106132524
vn 0.0501913987 -0.126623899 0.990680158
f 1342//448 1343//448 1344//448
v 0.0159120765 -0.0106458617 -0.000106132524
v 0.0152702788 -0.0100684362 1.86928958e-07
v 0.01394259 -0.0108178724 1.70821309e-07
vn 0.0633252263 -0.112207234 0.991665006
f 1345//449 1346//449 1347//449
v 0.0159120765 -0.0106458617 -0.000106132524
v 0.01394259 -0.0108178724 1.70821309e-07
v 0.0142468568 -0.0115671847 -0.000106152722
vn 0.0635402352 -0.114865713 0.991346836
f 1348//450 1349//450 1350//450
v 0.0142468568 -0.0115671847 -0.000106152722
v 0.01394259 -0.0108178724 1.70821309e-07
v 0.0138071459 -0.0109216375 1.69178094e-07
vn 0.0821445137 -0.107238479 0.990834057
f 1351//451 1352//451 1353//451
v 0.0142468568 -0.0115671847 -0.000106152722
v 0.0138071459 -0.0109216375 1.69178094e-07
v 0.0127815856 -0.0127815846 -0.000106170497
vn 0.086436145 -0.104306668 0.990781963
f 1354//452 1355//452 1356//452
v 0.0127815856 -0.0127815846 -0.000106170497
v 0.0138071459 -0.0109216375 1.69178094e-07
v 0.0127106495 -0.01176167 1.55875298e-07
vn 0.0752324611 -0.0982168242 0.992317259
f 1357//453 1358//453 1359//453
v 0.0127815856 -0.0127815846 -0.000106170497
v 0.0127106495 -0.01176167 1.55875298e-07
v 0.0122409295 -0.0122405635 1.50176618e-07
vn 0.0982920602 -0.0964209959 0.990475476
f 1360//454 1361//454 1362//454
v 0.0156016424 -0.0099370582 1.90949081e-07
v 0.0159120765 -0.0106458617 -0.000106132524
v 0.0166364294 -0.00952679012 2.03503205e-07
vn 0.0501913168 -0.126623929 0.990680158
f 1363//455 1364//455 1365//455
v 0.0166364294 -0.00952679012 2.03503205e-07
v 0.0159120765 -0.0106458617 -0.000106132524
v 0.0172158983 -0.0101786051 -0.000106116706
vn 0.0439448915 -0.122656338 0.991475821
f 1366//456 1367//456 1368//456
v 0.0166364294 -0.00952679012 2.03503205e-07
v 0.0172158983 -0.0101786051 -0.000106116706
v 0.0170000009 -0.00941699464 2.07914098e-07
vn 0.0384781733 -0.127454624 0.991097748
f 1369//457 1370//457 1371//457
v 0.0167964529 -0.0126694441 -0.00299979327
v 0.0178046618 -0.0122554656 -0.00262985961
v 0.0167538635 -0.0125720138 -0.002208177
vn 0.334374338 -0.933033466 0.132824481
f 1372//458 1373//458 1374//458
v 0.0167538635 -0.0125720138 -0.002208177
v 0.0178046618 -0.0122554656 -0.00262985961
v 0.0177892093 -0.0122009721 -0.00220816443
vn 0.33437407 -0.933033705 0.132823586
f 1375//459 1376//459 1377//459
v 0.0167538635 -0.0125720138 -0.002208177
v 0.0177892093 -0.0122009721 -0.00220816443
v 0.0177884046 -0.0121981315 -0.00220189104
vn 0.305374473 -0.852123857 0.425007522
f 1378//460 1379//460 1380//460
v 0.0176741183 -0.011795002 -0.00131144375
v 0.0165779665 -0.0121695455 -0.00127478526
v 0.0177008659 -0.0118893487 -0.00151983614
vn 0.305377871 -0.852132499 0.424987704
f 1381//461 1382//461 1383//461
v 0.010178606 -0.0172158964 -0.000106202082
v 0.0103664193 -0.0172691364 -0.000198065463
v 0.0106458627 -0.0159120746 -0.000106196414
vn 0.401585132 -0.143921852 0.90444231
f 1384//462 1385//462 1386//462
v 0.0106458627 -0.0159120746 -0.000106196414
v 0.0103664193 -0.0172691364 -0.000198065463
v 0.0115011577 -0.0162858516 -0.000545412651
vn 0.401565105 -0.143918365 0.904451728
f 1387//463 1388//463 1389//463
v 0.0106458627 -0.0159120746 -0.000106196414
v 0.0115011577 -0.0162858516 -0.000545412651
v 0.0115671856 -0.0142468559 -0.000106185231
vn 0.373881966 -0.2068654 0.904112279
f 1390//464 1391//464 1392//464
v 0.0115671856 -0.0142468559 -0.000106185231
v 0.0115011577 -0.0162858516 -0.000545412651
v 0.0123382397 -0.0147728911 -0.000545402523
vn 0.373882115 -0.2068654 0.90411222
f 1393//465 1394//465 1395//465
v 0.0115671856 -0.0142468559 -0.000106185231
v 0.0123382397 -0.0147728911 -0.000545402523
v 0.0127815856 -0.0127815846 -0.000106170497
vn 0.328987747 -0.272670358 0.904111683
f 1396//466 1397//466 1398//466
v 0.0127815856 -0.0127815846 -0.000106170497
v 0.0123382397 -0.0147728911 -0.000545402523
v 0.0134416027 -0.0134415962 -0.000545389135
vn 0.32898736 -0.272670299 0.904111862
f 1399//467 1400//467 1401//467
v 0.0127815856 -0.0127815846 -0.000106170497
v 0.0134416027 -0.0134415962 -0.000545389135
v 0.0142468568 -0.0115671847 -0.000106152722
vn 0.272659183 -0.328998476 0.904111147
f 1402//468 1403//468 1404//468
v 0.0142468568 -0.0115671847 -0.000106152722
v 0.0134416027 -0.0134415962 -0.000545389135
v 0.0147728976 -0.0123382332 -0.000545372954
vn 0.27265957 -0.328998595 0.904110968
f 1405//469 1406//469 1407//469
v 0.0142468568 -0.0115671847 -0.000106152722
v 0.0147728976 -0.0123382332 -0.000545372954
v 0.0159120765 -0.0106458617 -0.000106132524
vn 0.206854492 -0.373893023 0.904110193
f 1408//470 1409//470 1410//470
v 0.0159120765 -0.0106458617 -0.000106132524
v 0.0147728976 -0.0123382332 -0.000545372954
v 0.016285859 -0.0115011511 -0.000545354618
vn 0.206854358 -0.373892963 0.904110253
f 1411//471 1412//471 1413//471
v 0.0159120765 -0.0106458617 -0.000106132524
v 0.016285859 -0.0115011511 -0.000545354618
v 0.0172691382 -0.0103664165 -0.000197981717
vn 0.143907398 -0.401576102 0.904448628
f 1414//472 1415//472 1416//472
v 0.0172691382 -0.0103664165 -0.000197981717
v 0.016285859 -0.0115011511 -0.000545354618
v 0.017470466 -0.011076618 -0.000545340241
vn 0.143902466 -0.401572555 0.904450953
f 1417//473 1418//473 1419//473
v 0.0110766245 -0.0174704585 -0.000545417832
v 0.0112206144 -0.0175112765 -0.000695075898
v 0.0115011577 -0.0162858516 -0.000545412651
vn 0.666405857 -0.238826066 0.706304014
f 1420//474 1421//474 1422//474
v 0.0115011577 -0.0162858516 -0.000545412651
v 0.0112206144 -0.0175112765 -0.000695075898
v 0.0121695613 -0.0165779516 -0.00127483869
vn 0.666411281 -0.238826647 0.706298709
f 1423//475 1424//475 1425//475
v 0.0115011577 -0.0162858516 -0.000545412651
v 0.0121695613 -0.0165779516 -0.00127483869
v 0.0123382397 -0.0147728911 -0.000545402523
vn 0.620060861 -0.343068421 0.705569744
f 1426//476 1427//476 1428//476
v 0.0123382397 -0.0147728911 -0.000545402523
v 0.0121695613 -0.0165779516 -0.00127483869
v 0.012940811 -0.0151839787 -0.00127482938
vn 0.620060623 -0.343068451 0.705569863
f 1429//477 1430//477 1431//477
v 0.0123382397 -0.0147728911 -0.000545402523
v 0.012940811 -0.0151839787 -0.00127482938
v 0.0134416027 -0.0134415962 -0.000545389135
vn 0.54560715 -0.452200472 0.705568969
f 1432//478 1433//478 1434//478
v 0.0134416027 -0.0134415962 -0.000545389135
v 0.012940811 -0.0151839787 -0.00127482938
v 0.0139573989 -0.0139573831 -0.00127481704
vn 0.545607865 -0.452200443 0.705568433
f 1435//479 1436//479 1437//479
v 0.0134416027 -0.0134415962 -0.000545389135
v 0.0139573989 -0.0139573831 -0.00127481704
v 0.0147728976 -0.0123382332 -0.000545372954
vn 0.452192247 -0.54561609 0.7055673
f 1438//480 1439//480 1440//480
v 0.0147728976 -0.0123382332 -0.000545372954
v 0.0139573989 -0.0139573831 -0.00127481704
v 0.0151839945 -0.0129407952 -0.00127480214
vn 0.452191532 -0.545615971 0.705567837
f 1441//481 1442//481 1443//481
v 0.0147728976 -0.0123382332 -0.000545372954
v 0.0151839945 -0.0129407952 -0.00127480214
v 0.016285859 -0.0115011511 -0.000545354618
vn 0.343059778 -0.620069265 0.705566525
f 1444//482 1445//482 1446//482
v 0.016285859 -0.0115011511 -0.000545354618
v 0.0151839945 -0.0129407952 -0.00127480214
v 0.0165779665 -0.0121695455 -0.00127478526
vn 0.343059987 -0.620069325 0.705566347
f 1447//483 1448//483 1449//483
v 0.016285859 -0.0115011511 -0.000545354618
v 0.0165779665 -0.0121695455 -0.00127478526
v 0.0175112858 -0.011220606 -0.00069499953
vn 0.238818079 -0.666419804 0.706293523
f 1450//484 1451//484 1452//484
v 0.0175112858 -0.011220606 -0.00069499953
v 0.0165779665 -0.0121695455 -0.00127478526
v 0.0176694095 -0.0117783993 -0.00127477199
vn 0.23882018 -0.666420877 0.706291854
f 1453//485 1454//485 1455//485
v 0.0118026128 -0.0176762547 -0.0013282937
v 0.0118893674 -0.0177008472 -0.00151990668
v 0.0121695613 -0.0165779516 -0.00127483869
vn 0.852124572 -0.305383474 0.424999595
f 1456//486 1457//486 1458//486
v 0.0121695613 -0.0165779516 -0.00127483869
v 0.0118893674 -0.0177008472 -0.00151990668
v 0.0125720408 -0.0167538375 -0.00220822776
vn 0.852131367 -0.305382371 0.42498672
f 1459//487 1460//487 1461//487
v 0.0121695613 -0.0165779516 -0.00127483869
v 0.0125720408 -0.0167538375 -0.00220822776
v 0.012940811 -0.0151839787 -0.00127482938
vn 0.792345464 -0.438387394 0.424270093
f 1462//488 1463//488 1464//488
v 0.012940811 -0.0151839787 -0.00127482938
v 0.0125720408 -0.0167538375 -0.00220822776
v 0.0133036505 -0.0154315112 -0.00220821891
vn 0.792345285 -0.438387513 0.424270362
f 1465//489 1466//489 1467//489
v 0.012940811 -0.0151839787 -0.00127482938
v 0.0133036505 -0.0154315112 -0.00220821891
v 0.0139573989 -0.0139573831 -0.00127481704
vn 0.69720602 -0.577840388 0.42426911
f 1468//490 1469//490 1470//490
v 0.0139573989 -0.0139573831 -0.00127481704
v 0.0133036505 -0.0154315112 -0.00220821891
v 0.0142679876 -0.0142679606 -0.00220820704
vn 0.69720602 -0.577840388 0.42426908
f 1471//491 1472//491 1473//491
v 0.0139573989 -0.0139573831 -0.00127481704
v 0.0142679876 -0.0142679606 -0.00220820704
v 0.0151839945 -0.0129407952 -0.00127480214
vn 0.577835262 -0.697211146 0.42426765
f 1474//492 1475//492 1476//492
v 0.0151839945 -0.0129407952 -0.00127480214
v 0.0142679876 -0.0142679606 -0.00220820704
v 0.0154315382 -0.0133036235 -0.00220819307
vn 0.577835202 -0.697211146 0.42426765
f 1477//493 1478//493 1479//493
v 0.0151839945 -0.0129407952 -0.00127480214
v 0.0154315382 -0.0133036235 -0.00220819307
v 0.0165779665 -0.0121695455 -0.00127478526
vn 0.438382179 -0.792350531 0.42426607
f 1480//494 1481//494 1482//494
v 0.0165779665 -0.0121695455 -0.00127478526
v 0.0154315382 -0.0133036235 -0.00220819307
v 0.0167538635 -0.0125720138 -0.002208177
vn 0.438382417 -0.792350531 0.424265802
f 1483//495 1484//495 1485//495
v 0.0165779665 -0.0121695455 -0.00127478526
v 0.0167538635 -0.0125720138 -0.002208177
v 0.0177008659 -0.0118893487 -0.00151983614
vn 0.305377215 -0.852136552 0.424980104
f 1486//496 1487//496 1488//496
v 0.0177008659 -0.0118893487 -0.00151983614
v 0.0167538635 -0.0125720138 -0.002208177
v 0.0177884046 -0.0121981315 -0.00220189104
vn 0.305379421 -0.852137029 0.424977571
f 1489//497 1490//497 1491//497
v 0.0117950179 0.0176741015 -0.00131151499
v 0.0117784152 0.0176693946 -0.00127484347
v 0.0121695613 0.0165779516 -0.00127483869
vn 0.852125466 0.30538252 0.424998552
f 1492//498 1493//498 1494//498
v 0.0112206144 0.0175112765 -0.000695075898
v 0.0110766245 0.0174704585 -0.000545417832
v 0.0115011577 0.0162858516 -0.000545412651
vn 0.666405857 0.238826066 0.706304014
f 1495//499 1496//499 1497//499
v 0.0103664193 0.0172691364 -0.000198065463
v 0.010178606 0.0172158964 -0.000106202082
v 0.0106458627 0.0159120746 -0.000106196414
vn 0.401585132 0.143921852 0.90444231
f 1498//500 1499//500 1500//500
v 0.0172691382 0.0103664165 -0.000197981717
v 0.017470466 0.011076618 -0.000545340241
v 0.016285859 0.0115011511 -0.000545354618
vn 0.143902466 0.401572555 0.904450953
f 1501//501 1502//501 1503//501
v 0.0177008659 0.0118893487 -0.00151983614
v 0.0177892707 0.0122011853 -0.00220981846
v 0.0167538635 0.0125720138 -0.002208177
vn 0.305904597 0.852251947 0.424368978
f 1504//502 1505//502 1506//502
v 0.0126694804 0.0167964157 -0.00299984333
v 0.0123033049 0.0178181827 -0.00299984775
v 0.0122554973 0.0178046301 -0.00262992689
vn 0.933031857 0.334375679 0.132832512
f 1507//503 1508//503 1509//503
v 0.0125720408 0.0167538375 -0.00220822776
v 0.0133036505 0.0154315112 -0.00220821891
v 0.0126694804 0.0167964157 -0.00299984333
vn 0.867280543 0.479845345 0.132562697
f 1510//504 1511//504 1512//504
v 0.0126694804 0.0167964157 -0.00299984333
v 0.0133036505 0.0154315112 -0.00220821891
v 0.0133914938 0.0154914344 -0.00299983448
vn 0.867280483 0.479845434 0.132562891
f 1513//505 1514//505 1515//505
v 0.0133914938 0.0154914344 -0.00299983448
v 0.0133036505 0.0154315112 -0.00220821891
v 0.0134778237 0.0153872706 -0.00299983355
vn 0.76314342 0.63248682 0.132561609
f 1516//506 1517//506 1518//506
v 0.0134778237 0.0153872706 -0.00299983355
v 0.0133036505 0.0154315112 -0.00220821891
v 0.0142679876 0.0142679606 -0.00220820704
vn 0.763144016 0.632486045 0.132561788
f 1519//507 1520//507 1521//507
v 0.0134778237 0.0153872706 -0.00299983355
v 0.0142679876 0.0142679606 -0.00220820704
v 0.0143431816 0.0143431453 -0.00299982284
vn 0.763144374 0.632485807 0.132561043
f 1522//508 1523//508 1524//508
v 0.0143431816 0.0143431453 -0.00299982284
v 0.0142679876 0.0142679606 -0.00220820704
v 0.0153873069 0.0134777874 -0.00299981027
vn 0.632484198 0.763145983 0.132559463
f 1525//509 1526//509 1527//509
v 0.0153873069 0.0134777874 -0.00299981027
v 0.0142679876 0.0142679606 -0.00220820704
v 0.0154315382 0.0133036235 -0.00220819307
vn 0.632484436 0.763145626 0.132560194
f 1528//510 1529//510 1530//510
v 0.0153873069 0.0134777874 -0.00299981027
v 0.0154315382 0.0133036235 -0.00220819307
v 0.0154914707 0.0133914575 -0.0029998091
vn 0.632485211 0.76314503 0.132560015
f 1531//511 1532//511 1533//511
v 0.0154914707 0.0133914575 -0.0029998091
v 0.0154315382 0.0133036235 -0.00220819307
v 0.0167538635 0.0125720138 -0.002208177
vn 0.479843736 0.867282152 0.132558197
f 1534//512 1535//512 1536//512
v 0.0154914707 0.0133914575 -0.0029998091
v 0.0167538635 0.0125720138 -0.002208177
v 0.0167964529 0.0126694441 -0.00299979327
vn 0.479843825 0.867282093 0.132558003
f 1537//513 1538//513 1539//513
v 0.017804753 0.0122557823 -0.00263231085
v 0.01781822 0.0123032685 -0.0029997807
v 0.0167964529 0.0126694441 -0.00299979327
vn 0.3343741 0.933033586 0.132824212
f 1540//514 1541//514 1542//514
v 0.0167538635 0.0125720138 -0.002208177
v 0.0177892707 0.0122011853 -0.00220981846
v 0.0167964529 0.0126694441 -0.00299979327
vn 0.33437413 0.933033526 0.132824481
f 1543//515 1544//515 1545//515
v 0.0167964529 0.0126694441 -0.00299979327
v 0.0177892707 0.0122011853 -0.00220981846
v 0.017804753 0.0122557823 -0.00263231085
vn 0.334373891 0.933033586 0.132824838
f 1546//516 1547//516 1548//516
v 0.0175112858 0.011220606 -0.00069499953
v 0.0176694095 0.0117783993 -0.00127477199
v 0.0165779665 0.0121695455 -0.00127478526
vn 0.23882018 0.666420877 0.706291854
f 1549//517 1550//517 1551//517
v 0.0165779665 0.0121695455 -0.00127478526
v 0.0176694095 0.0117783993 -0.00127477199
v 0.0176762715 0.011802597 -0.00132822245
vn 0.305380583 0.852139533 0.42497167
f 1552//518 1553//518 1554//518
v 0.0170000009 0.00941699464 2.07914098e-07
v 0.0172158983 0.0101786051 -0.000106116706
v 0.0155963758 0.00992409326 1.90885189e-07
vn 0.0453306511 0.125506386 0.991056621
f 1555//519 1556//519 1557//519
v 0.0155963758 0.00992409326 1.90885189e-07
v 0.0172158983 0.0101786051 -0.000106116706
v 0.0159120765 0.0106458617 -0.000106132524
vn 0.0452157818 0.126202583 0.990973473
f 1558//520 1559//520 1560//520
v 0.0155963758 0.00992409326 1.90885189e-07
v 0.0159120765 0.0106458617 -0.000106132524
v 0.0155391758 0.00994475838 1.9019123e-07
vn 0.0455323867 0.126064554 0.990976572
f 1561//521 1562//521 1563//521
v 0.0155391758 0.00994475838 1.9019123e-07
v 0.0159120765 0.0106458617 -0.000106132524
v 0.0141557287 0.0106808553 1.7340713e-07
vn 0.0623256788 0.117159739 0.991155446
f 1564//522 1565//522 1566//522
v 0.0141557287 0.0106808553 1.7340713e-07
v 0.0159120765 0.0106458617 -0.000106132524
v 0.0142468568 0.0115671847 -0.000106152722
vn 0.0622665621 0.112563655 0.991691649
f 1567//523 1568//523 1569//523
v 0.0141557287 0.0106808553 1.7340713e-07
v 0.0142468568 0.0115671847 -0.000106152722
v 0.0138139576 0.010931314 1.6926073e-07
vn 0.0809698552 0.110506311 0.990571678
f 1570//524 1571//524 1572//524
v 0.0138139576 0.010931314 1.6926073e-07
v 0.0142468568 0.0115671847 -0.000106152722
v 0.0128719341 0.0116216531 1.57832019e-07
vn 0.0809698626 0.110506311 0.990571678
f 1573//525 1574//525 1575//525
v 0.0128719341 0.0116216531 1.57832019e-07
v 0.0142468568 0.0115671847 -0.000106152722
v 0.0127815856 0.0127815846 -0.000106170497
vn 0.0805534124 0.0972086936 0.991998792
f 1576//526 1577//526 1578//526
v 0.0128719341 0.0116216531 1.57832019e-07
v 0.0127815856 0.0127815846 -0.000106170497
v 0.0122405635 0.0122409295 1.50172184e-07
vn 0.096408993 0.0983040631 0.990475476
f 1579//527 1580//527 1581//527
v 0.0099370582 0.0156016424 1.22225842e-07
v 0.0100684362 0.0152702788 1.23819731e-07
v 0.0106458627 0.0159120746 -0.000106196414
vn 0.126611874 0.0502034202 0.990681112
f 1582//528 1583//528 1584//528
v 0.0106458627 0.0159120746 -0.000106196414
v 0.0100684362 0.0152702788 1.23819731e-07
v 0.0108178724 0.01394259 1.32911964e-07
vn 0.112195209 0.063337259 0.991665602
f 1585//529 1586//529 1587//529
v 0.0106458627 0.0159120746 -0.000106196414
v 0.0108178724 0.01394259 1.32911964e-07
v 0.0115671856 0.0142468559 -0.000106185231
vn 0.114853688 0.0635522678 0.991347432
f 1588//530 1589//530 1590//530
v 0.0115671856 0.0142468559 -0.000106185231
v 0.0108178724 0.01394259 1.32911964e-07
v 0.0109216375 0.0138071459 1.34170847e-07
vn 0.107226454 0.0821565315 0.990834415
f 1591//531 1592//531 1593//531
v 0.0115671856 0.0142468559 -0.000106185231
v 0.0109216375 0.0138071459 1.34170847e-07
v 0.0127815856 0.0127815846 -0.000106170497
vn 0.10429465 0.0864481628 0.990782201
f 1594//532 1595//532 1596//532
v 0.0127815856 0.0127815846 -0.000106170497
v 0.0109216375 0.0138071459 1.34170847e-07
v 0.01176167 0.0127106495 1.44362204e-07
vn 0.0982047841 0.0752445012 0.992317557
f 1597//533 1598//533 1599//533
v 0.0127815856 0.0127815846 -0.000106170497
v 0.01176167 0.0127106495 1.44362204e-07
v 0.0122405635 0.0122409295 1.50172184e-07
vn 0.0964089781 0.0983040705 0.990475476
f 1600//534 1601//534 1602//534
v 0.0099370582 0.0156016424 1.22225842e-07
v 0.0106458627 0.0159120746 -0.000106196414
v 0.00952679012 0.0166364294 1.1724844e-07
vn 0.126611918 0.0502033383 0.990681112
f 1603//535 1604//535 1605//535
v 0.00952679012 0.0166364294 1.1724844e-07
v 0.0106458627 0.0159120746 -0.000106196414
v 0.010178606 0.0172158964 -0.000106202082
vn 0.122644313 0.0439569205 0.991476774
f 1606//536 1607//536 1608//536
v 0.00952679012 0.0166364294 1.1724844e-07
v 0.010178606 0.0172158964 -0.000106202082
v 0.00941699464 0.0170000009 1.15916393e-07
vn 0.127442598 0.0384901986 0.991098821
f 1609//537 1610//537 1611//537
v 0.0126694804 0.0167964157 -0.00299984333
v 0.0122554973 0.0178046301 -0.00262992689
v 0.0125720408 0.0167538375 -0.00220822776
vn 0.933031857 0.334375948 0.132831737
f 1612//538 1613//538 1614//538
v 0.0125720408 0.0167538375 -0.00220822776
v 0.0122554973 0.0178046301 -0.00262992689
v 0.0122009991 0.0177891832 -0.00220823218
vn 0.933032095 0.334375679 0.132830858
f 1615//539 1616//539 1617//539
v 0.0125720408 0.0167538375 -0.00220822776
v 0.0122009991 0.0177891832 -0.00220823218
v 0.0121981585 0.0177883785 -0.00220195879
vn 0.852118671 0.305379629 0.425014168
f 1618//540 1619//540 1620//540
v 0.0117950179 0.0176741015 -0.00131151499
v 0.0121695613 0.0165779516 -0.00127483869
v 0.0118893674 0.0177008472 -0.00151990668
vn 0.852127373 0.305383027 0.424994349
f 1621//541 1622//541 1623//541
v 0.0172158983 0.0101786051 -0.000106116706
v 0.0172691382 0.0103664165 -0.000197981717
v 0.0159120765 0.0106458617 -0.000106132524
vn 0.143910885 0.401596099 0.904439151
f 1624//542 1625//542 1626//542
v 0.0159120765 0.0106458617 -0.000106132524
v 0.0172691382 0.0103664165 -0.000197981717
v 0.016285859 0.0115011511 -0.000545354618
vn 0.143907398 0.401576102 0.904448628
f 1627//543 1628//543 1629//543
v 0.0159120765 0.0106458617 -0.000106132524
v 0.016285859 0.0115011511 -0.000545354618
v 0.0142468568 0.0115671847 -0.000106152722
vn 0.206854433 0.373892933 0.904110253
f 1630//544 1631//544 1632//544
v 0.0142468568 0.0115671847 -0.000106152722
v 0.016285859 0.0115011511 -0.000545354618
v 0.0147728976 0.0123382332 -0.000545372954
vn 0.206854418 0.373893082 0.904110193
f 1633//545 1634//545 1635//545
v 0.0142468568 0.0115671847 -0.000106152722
v 0.0147728976 0.0123382332 -0.000545372954
v 0.0127815856 0.0127815846 -0.000106170497
vn 0.272659391 0.328998715 0.904111028
f 1636//546 1637//546 1638//546
v 0.0127815856 0.0127815846 -0.000106170497
v 0.0147728976 0.0123382332 -0.000545372954
v 0.0134416027 0.0134415962 -0.000545389135
vn 0.272659332 0.328998327 0.904111147
f 1639//547 1640//547 1641//547
v 0.0127815856 0.0127815846 -0.000106170497
v 0.0134416027 0.0134415962 -0.000545389135
v 0.0115671856 0.0142468559 -0.000106185231
vn 0.328987509 0.27267015 0.904111862
f 1642//548 1643//548 1644//548
v 0.0115671856 0.0142468559 -0.000106185231
v 0.0134416027 0.0134415962 -0.000545389135
v 0.0123382397 0.0147728911 -0.000545402523
vn 0.328987628 0.272670537 0.904111683
f 1645//549 1646//549 1647//549
v 0.0115671856 0.0142468559 -0.000106185231
v 0.0123382397 0.0147728911 -0.000545402523
v 0.0106458627 0.0159120746 -0.000106196414
vn 0.373882055 0.20686546 0.90411222
f 1648//550 1649//550 1650//550
v 0.0106458627 0.0159120746 -0.000106196414
v 0.0123382397 0.0147728911 -0.000545402523
v 0.0115011577 0.0162858516 -0.000545412651
vn 0.373881996 0.206865326 0.904112279
f 1651//551 1652//551 1653//551
v 0.0106458627 0.0159120746 -0.000106196414
v 0.0115011577 0.0162858516 -0.000545412651
v 0.0103664193 0.0172691364 -0.000198065463
vn 0.401565105 0.143918365 0.904451728
f 1654//552 1655//552 1656//552
v 0.0103664193 0.0172691364 -0.000198065463
v 0.0115011577 0.0162858516 -0.000545412651
v 0.0110766245 0.0174704585 -0.000545417832
vn 0.401561558 0.143913433 0.904454112
f 1657//553 1658//553 1659//553
v 0.017470466 0.011076618 -0.000545340241
v 0.0175112858 0.011220606 -0.00069499953
v 0.016285859 0.0115011511 -0.000545354618
vn 0.238817498 0.66641438 0.706298828
f 1660//554 1661//554 1662//554
v 0.016285859 0.0115011511 -0.000545354618
v 0.0175112858 0.011220606 -0.00069499953
v 0.0165779665 0.0121695455 -0.00127478526
vn 0.238818079 0.666419804 0.706293523
f 1663//555 1664//555 1665//555
v 0.016285859 0.0115011511 -0.000545354618
v 0.0165779665 0.0121695455 -0.00127478526
v 0.0147728976 0.0123382332 -0.000545372954
vn 0.343059838 0.620069385 0.705566347
f 1666//556 1667//556 1668//556
v 0.0147728976 0.0123382332 -0.000545372954
v 0.0165779665 0.0121695455 -0.00127478526
v 0.0151839945 0.0129407952 -0.00127480214
vn 0.343059897 0.620069146 0.705566525
f 1669//557 1670//557 1671//557
v 0.0147728976 0.0123382332 -0.000545372954
v 0.0151839945 0.0129407952 -0.00127480214
v 0.0134416027 0.0134415962 -0.000545389135
vn 0.452191919 0.545615673 0.705567837
f 1672//558 1673//558 1674//558
v 0.0134416027 0.0134415962 -0.000545389135
v 0.0151839945 0.0129407952 -0.00127480214
v 0.0139573989 0.0139573831 -0.00127481704
vn 0.452191889 0.545616448 0.7055673
f 1675//559 1676//559 1677//559
v 0.0134416027 0.0134415962 -0.000545389135
v 0.0139573989 0.0139573831 -0.00127481704
v 0.0123382397 0.0147728911 -0.000545402523
vn 0.545607567 0.4522008 0.705568433
f 1678//560 1679//560 1680//560
v 0.0123382397 0.0147728911 -0.000545402523
v 0.0139573989 0.0139573831 -0.00127481704
v 0.012940811 0.0151839787 -0.00127482938
vn 0.545607448 0.452200085 0.705568969
f 1681//561 1682//561 1683//561
v 0.0123382397 0.0147728911 -0.000545402523
v 0.012940811 0.0151839787 -0.00127482938
v 0.0115011577 0.0162858516 -0.000545412651
vn 0.620060682 0.343068331 0.705569863
f 1684//562 1685//562 1686//562
v 0.0115011577 0.0162858516 -0.000545412651
v 0.012940811 0.0151839787 -0.00127482938
v 0.0121695613 0.0165779516 -0.00127483869
vn 0.620060802 0.34306854 0.705569685
f 1687//563 1688//563 1689//563
v 0.0115011577 0.0162858516 -0.000545412651
v 0.0121695613 0.0165779516 -0.00127483869
v 0.0112206144 0.0175112765 -0.000695075898
vn 0.666411281 0.238826647 0.706298709
f 1690//564 1691//564 1692//564
v 0.0112206144 0.0175112765 -0.000695075898
v 0.0121695613 0.0165779516 -0.00127483869
v 0.0117784152 0.0176693946 -0.00127484347
vn 0.666412294 0.238828748 0.70629704
f 1693//565 1694//565 1695//565
v 0.0176762715 0.011802597 -0.00132822245
v 0.0177008659 0.0118893487 -0.00151983614
v 0.0165779665 0.0121695455 -0.00127478526
vn 0.305378318 0.852129698 0.424992949
f 1696//566 1697//566 1698//566
v 0.0165779665 0.0121695455 -0.00127478526
v 0.0177008659 0.0118893487 -0.00151983614
v 0.0167538635 0.0125720138 -0.002208177
vn 0.305377215 0.852136552 0.424980104
f 1699//567 1700//567 1701//567
v 0.0165779665 0.0121695455 -0.00127478526
v 0.0167538635 0.0125720138 -0.002208177
v 0.0151839945 0.0129407952 -0.00127480214
vn 0.438382238 0.79235065 0.424265802
f 1702//568 1703//568 1704//568
v 0.0151839945 0.0129407952 -0.00127480214
v 0.0167538635 0.0125720138 -0.002208177
v 0.0154315382 0.0133036235 -0.00220819307
vn 0.438382357 0.792350411 0.42426607
f 1705//569 1706//569 1707//569
v 0.0151839945 0.0129407952 -0.00127480214
v 0.0154315382 0.0133036235 -0.00220819307
v 0.0139573989 0.0139573831 -0.00127481704
vn 0.577835202 0.697211146 0.42426765
f 1708//570 1709//570 1710//570
v 0.0139573989 0.0139573831 -0.00127481704
v 0.0154315382 0.0133036235 -0.00220819307
v 0.0142679876 0.0142679606 -0.00220820704
vn 0.577835202 0.697211146 0.42426765
f 1711//571 1712//571 1713//571
v 0.0139573989 0.0139573831 -0.00127481704
v 0.0142679876 0.0142679606 -0.00220820704
v 0.012940811 0.0151839787 -0.00127482938
vn 0.69720602 0.577840388 0.42426908
f 1714//572 1715//572 1716//572
v 0.012940811 0.0151839787 -0.00127482938
v 0.0142679876 0.0142679606 -0.00220820704
v 0.0133036505 0.0154315112 -0.00220821891
vn 0.69720602 0.577840388 0.42426911
f 1717//573 1718//573 1719//573
v 0.012940811 0.0151839787 -0.00127482938
v 0.0133036505 0.0154315112 -0.00220821891
v 0.0121695613 0.0165779516 -0.00127483869
vn 0.792345405 0.438387334 0.424270362
f 1720//574 1721//574 1722//574
v 0.0121695613 0.0165779516 -0.00127483869
v 0.0133036505 0.0154315112 -0.00220821891
v 0.0125720408 0.0167538375 -0.00220822776
vn 0.792345405 0.438387573 0.424270093
f 1723//575 1724//575 1725//575
v 0.0121695613 0.0165779516 -0.00127483869
v 0.0125720408 0.0167538375 -0.00220822776
v 0.0118893674 0.0177008472 -0.00151990668
vn 0.852131367 0.305382371 0.42498672
f 1726//576 1727//576 1728//576
v 0.0118893674 0.0177008472 -0.00151990668
v 0.0125720408 0.0167538375 -0.00220822776
v 0.0121981585 0.0177883785 -0.00220195879
vn 0.852131844 0.305384576 0.424984187
f 1729//577 1730//577 1731//577
v 0.00941703096 0.0199999996 -0.00299988268
v -0.00941695832 0.0199999996 -0.00300011132
v 0.00941701699 0.0197689254 -0.00184531091
vn -2.3808816e-06 0.980554581 0.196246639
f 1732//578 1733//578 1734//578
v 0.00941701699 0.0197689254 -0.00184531091
v -0.00941695832 0.0199999996 -0.00300011132
v -0.00941697229 0.0197716393 -0.00185206614
vn 7.13525442e-05 0.98078531 0.195090264
f 1735//579 1736//579 1737//579
v 0.00941701699 0.0197689254 -0.00184531091
v -0.00941697229 0.0197716393 -0.00185206614
v 0.00941701327 0.0195556059 -0.00152848242
vn -8.07913966e-05 0.829503477 0.558501601
f 1738//580 1739//580 1740//580
v 0.00941701327 0.0195556059 -0.00152848242
v -0.00941697229 0.0197716393 -0.00185206614
v -0.00941697601 0.0195554867 -0.00152856938
vn -7.82718689e-06 0.831470907 0.555568278
f 1741//581 1742//581 1743//581
v 0.00941701327 0.0195556059 -0.00152848242
v -0.00941697601 0.0195554867 -0.00152856938
v 0.00941700488 0.0191112999 -0.000868592004
vn -7.82827465e-06 0.829500973 0.558505297
f 1744//582 1745//582 1746//582
v 0.00941700488 0.0191112999 -0.000868592004
v -0.00941697601 0.0195554867 -0.00152856938
v -0.00941698439 0.0191213209 -0.000878796796
vn 0.000141375349 0.831468642 0.555571675
f 1747//583 1748//583 1749//583
v 0.00941700488 0.0191112999 -0.000868592004
v -0.00941698439 0.0191213209 -0.000878796796
v 0.00941700023 0.0184708051 -0.000446062098
vn -0.000159287854 0.55066365 0.834727228
f 1750//584 1751//584 1752//584
v 0.00941700023 0.0184708051 -0.000446062098
v -0.00941698439 0.0191213209 -0.000878796796
v -0.00941698905 0.0184715427 -0.000444629113
vn 8.50205106e-05 0.555570066 0.831469715
f 1753//585 1754//585 1755//585
v 0.00941700023 0.0184708051 -0.000446062098
v -0.00941698905 0.0184715427 -0.000444629113
v 0.00941699743 0.0181284305 -0.000220197748
vn 8.50761571e-05 0.550667405 0.834724784
f 1756//586 1757//586 1758//586
v 0.00941699743 0.0181284305 -0.000220197748
v -0.00941698905 0.0184715427 -0.000444629113
v -0.00941699184 0.0181480497 -0.000228472869
vn 0.000213421677 0.555579305 0.831463516
f 1759//587 1760//587 1761//587
v 0.00941699743 0.0181284305 -0.000220197748
v -0.00941699184 0.0181480497 -0.000228472869
v 0.00941699464 0.0170000009 1.15916393e-07
vn -0.000231619182 0.191621199 0.981468916
f 1762//588 1763//588 1764//588
v 0.00941699464 0.0170000009 1.15916393e-07
v -0.00941699184 0.0181480497 -0.000228472869
v -0.00941699464 0.0170000009 -1.12579229e-07
vn -1.18989756e-05 0.195089653 0.980785429
f 1765//589 1766//589 1767//589
v -0.0176740848 0.011795002 -0.00131187262
v -0.0176693797 0.0117783993 -0.00127520075
v -0.0165779367 0.0121695455 -0.00127518747
vn -0.305387676 0.852130592 0.424984485
f 1768//590 1769//590 1770//590
v -0.0175112672 0.011220606 -0.000695424445
v -0.0174704511 0.011076618 -0.000545764167
v -0.0162858441 0.0115011511 -0.00054574979
vn -0.238834634 0.66641438 0.706293046
f 1771//591 1772//591 1773//591
v -0.0172691345 0.0103664165 -0.000198400739
v -0.0172158945 0.0101786051 -0.000106534433
v -0.0159120727 0.0106458617 -0.000106518615
vn -0.143932819 0.401596099 0.904435694
f 1774//592 1775//592 1776//592
v -0.0103664137 0.0172691364 -0.000198316993
v -0.0110766115 0.0174704585 -0.000545686577
v -0.0115011446 0.0162858516 -0.000545691699
vn -0.401583523 0.143913433 0.904444337
f 1777//593 1778//593 1779//593
v -0.0118893301 0.0177008472 -0.00152019516
v -0.0122011583 0.0177892447 -0.00221018237
v -0.0125719868 0.0167538375 -0.00220853277
vn -0.852257073 0.305909753 0.424354911
f 1780//594 1781//594 1782//594
v -0.0167963784 0.0126694441 -0.00300020073
v -0.0178181455 0.0123032685 -0.00300021307
v -0.0178045984 0.0122554656 -0.00263029174
vn -0.334377289 0.933033466 0.132817134
f 1783//595 1784//595 1785//595
v -0.0167538114 0.0125720138 -0.00220858352
v -0.0154314842 0.0133036235 -0.00220856746
v -0.0167963784 0.0126694441 -0.00300020073
vn -0.479846954 0.867282152 0.132546365
f 1786//596 1787//596 1788//596
v -0.0167963784 0.0126694441 -0.00300020073
v -0.0154314842 0.0133036235 -0.00220856746
v -0.0154913981 0.0133914575 -0.00300018489
vn -0.479847044 0.867282093 0.132546544
f 1789//597 1790//597 1791//597
v -0.0154913981 0.0133914575 -0.00300018489
v -0.0154314842 0.0133036235 -0.00220856746
v -0.0153872343 0.0134777874 -0.00300018373
vn -0.63248843 0.76314503 0.132544681
f 1792//598 1793//598 1794//598
v -0.0153872343 0.0134777874 -0.00300018373
v -0.0154314842 0.0133036235 -0.00220856746
v -0.0142679336 0.0142679606 -0.00220855325
vn -0.632487655 0.763145626 0.132544845
f 1795//599 1796//599 1797//599
v -0.0153872343 0.0134777874 -0.00300018373
v -0.0142679336 0.0142679606 -0.00220855325
v -0.014343109 0.0143431453 -0.00300017092
vn -0.632487416 0.763145983 0.132544115
f 1798//600 1799//600 1800//600
v -0.014343109 0.0143431453 -0.00300017092
v -0.0142679336 0.0142679606 -0.00220855325
v -0.0134777511 0.0153872706 -0.00300016045
vn -0.763147593 0.632485807 0.132542521
f 1801//601 1802//601 1803//601
v -0.0134777511 0.0153872706 -0.00300016045
v -0.0142679336 0.0142679606 -0.00220855325
v -0.0133035965 0.0154315112 -0.00220854161
vn -0.763147235 0.632486045 0.132543266
f 1804//602 1805//602 1806//602
v -0.0134777511 0.0153872706 -0.00300016045
v -0.0133035965 0.0154315112 -0.00220854161
v -0.0133914212 0.0154914344 -0.00300015952
vn -0.763146579 0.63248682 0.132543087
f 1807//603 1808//603 1809//603
v -0.0133914212 0.0154914344 -0.00300015952
v -0.0133035965 0.0154315112 -0.00220854161
v -0.0125719868 0.0167538375 -0.00220853277
vn -0.867283762 0.479845345 0.13254185
f 1810//604 1811//604 1812//604
v -0.0133914212 0.0154914344 -0.00300015952
v -0.0125719868 0.0167538375 -0.00220853277
v -0.0126694078 0.0167964157 -0.00300015067
vn -0.867283702 0.479845434 0.132541656
f 1813//605 1814//605 1815//605
v -0.0122557506 0.0178047214 -0.00263267546
v -0.0123032322 0.0178181827 -0.00300014624
v -0.0126694078 0.0167964157 -0.00300015067
vn -0.933035195 0.334375709 0.132808834
f 1816//606 1817//606 1818//606
v -0.0125719868 0.0167538375 -0.00220853277
v -0.0122011583 0.0177892447 -0.00221018237
v -0.0126694078 0.0167964157 -0.00300015067
vn -0.933035135 0.334375739 0.132809103
f 1819//607 1820//607 1821//607
v -0.0126694078 0.0167964157 -0.00300015067
v -0.0122011583 0.0177892447 -0.00221018237
v -0.0122557506 0.0178047214 -0.00263267546
vn -0.933035195 0.334375501 0.13280946
f 1822//608 1823//608 1824//608
v -0.0112205977 0.0175112765 -0.000695348135
v -0.0117783835 0.0176693946 -0.00127512927
v -0.0121695297 0.0165779516 -0.00127513404
vn -0.6664294 0.238828748 0.706280887
f 1825//609 1826//609 1827//609
v -0.0121695297 0.0165779516 -0.00127513404
v -0.0117783835 0.0176693946 -0.00127512927
v -0.0118025811 0.0176762547 -0.00132858008
vn -0.852144718 0.305385739 0.424957603
f 1828//610 1829//610 1830//610
v -0.00941699464 0.0170000009 -1.12579229e-07
v -0.0101786042 0.0172158964 -0.000106449057
v -0.00992409326 0.0155963758 -1.187314e-07
vn -0.125518411 0.0453426726 0.991054595
f 1831//611 1832//611 1833//611
v -0.00992409326 0.0155963758 -1.187314e-07
v -0.0101786042 0.0172158964 -0.000106449057
v -0.0106458608 0.0159120746 -0.000106454725
vn -0.126214609 0.0452278033 0.990971386
f 1834//612 1835//612 1836//612
v -0.00992409326 0.0155963758 -1.187314e-07
v -0.0106458608 0.0159120746 -0.000106454725
v -0.00994475838 0.0155391758 -1.18982108e-07
vn -0.126076579 0.0455444083 0.990974486
f 1837//613 1838//613 1839//613
v -0.00994475838 0.0155391758 -1.18982108e-07
v -0.0106458608 0.0159120746 -0.000106454725
v -0.0106808553 0.0141557287 -1.279125e-07
vn -0.117171764 0.062337704 0.99115324
f 1840//614 1841//614 1842//614
v -0.0106808553 0.0141557287 -1.279125e-07
v -0.0106458608 0.0159120746 -0.000106454725
v -0.0115671838 0.0142468559 -0.000106465901
vn -0.112575687 0.0622785911 0.991689503
f 1843//615 1844//615 1845//615
v -0.0106808553 0.0141557287 -1.279125e-07
v -0.0115671838 0.0142468559 -0.000106465901
v -0.010931314 0.0138139576 -1.30951094e-07
vn -0.110518329 0.080981873 0.990569353
f 1846//616 1847//616 1848//616
v -0.010931314 0.0138139576 -1.30951094e-07
v -0.0115671838 0.0142468559 -0.000106465901
v -0.0116216531 0.0128719341 -1.39326346e-07
vn -0.110518329 0.0809818804 0.990569353
f 1849//617 1850//617 1851//617
v -0.0116216531 0.0128719341 -1.39326346e-07
v -0.0115671838 0.0142468559 -0.000106465901
v -0.0127815837 0.0127815846 -0.000106480635
vn -0.0972207338 0.0805654451 0.991996646
f 1852//618 1853//618 1854//618
v -0.0116216531 0.0128719341 -1.39326346e-07
v -0.0127815837 0.0127815846 -0.000106480635
v -0.0122409295 0.0122405635 -1.46839454e-07
vn -0.0983160734 0.0964210033 0.990473092
f 1855//619 1856//619 1857//619
v -0.0156016424 0.0099370582 -1.87611931e-07
v -0.0152702788 0.0100684362 -1.83591794e-07
v -0.0159120727 0.0106458617 -0.000106518615
vn -0.050215438 0.126623899 0.990678966
f 1858//620 1859//620 1860//620
v -0.0159120727 0.0106458617 -0.000106518615
v -0.0152702788 0.0100684362 -1.83591794e-07
v -0.01394259 0.0108178724 -1.6748416e-07
vn -0.0633492842 0.112207234 0.991663456
f 1861//621 1862//621 1863//621
v -0.0159120727 0.0106458617 -0.000106518615
v -0.01394259 0.0108178724 -1.6748416e-07
v -0.0142468549 0.0115671847 -0.00010649841
vn -0.0635642931 0.114865713 0.991345286
f 1864//622 1865//622 1866//622
v -0.0142468549 0.0115671847 -0.00010649841
v -0.01394259 0.0108178724 -1.6748416e-07
v -0.0138071459 0.0109216375 -1.6584093e-07
vn -0.0821685567 0.107238479 0.99083209
f 1867//623 1868//623 1869//623
v -0.0142468549 0.0115671847 -0.00010649841
v -0.0138071459 0.0109216375 -1.6584093e-07
v -0.0127815837 0.0127815846 -0.000106480635
vn -0.086460188 0.104306668 0.990779877
f 1870//624 1871//624 1872//624
v -0.0127815837 0.0127815846 -0.000106480635
v -0.0138071459 0.0109216375 -1.6584093e-07
v -0.0127106495 0.01176167 -1.52538149e-07
vn -0.0752565414 0.0982168242 0.992315412
f 1873//625 1874//625 1875//625
v -0.0127815837 0.0127815846 -0.000106480635
v -0.0127106495 0.01176167 -1.52538149e-07
v -0.0122409295 0.0122405635 -1.46839454e-07
vn -0.0983160883 0.0964209959 0.990473092
f 1876//626 1877//626 1878//626
v -0.0156016424 0.0099370582 -1.87611931e-07
v -0.0159120727 0.0106458617 -0.000106518615
v -0.0166364294 0.00952679012 -2.00166056e-07
vn -0.0502153561 0.126623929 0.990678966
f 1879//627 1880//627 1881//627
v -0.0166364294 0.00952679012 -2.00166056e-07
v -0.0159120727 0.0106458617 -0.000106518615
v -0.0172158945 0.0101786051 -0.000106534433
vn -0.0439689495 0.122656338 0.991474748
f 1882//628 1883//628 1884//628
v -0.0166364294 0.00952679012 -2.00166056e-07
v -0.0172158945 0.0101786051 -0.000106534433
v -0.0170000009 0.00941699464 -2.04576935e-07
vn -0.0385022238 0.127454624 0.991096795
f 1885//629 1886//629 1887//629
v -0.0167963784 0.0126694441 -0.00300020073
v -0.0178045984 0.0122554656 -0.00263029174
v -0.0167538114 0.0125720138 -0.00220858352
vn -0.334377557 0.933033466 0.132816359
f 1888//630 1889//630 1890//630
v -0.0167538114 0.0125720138 -0.00220858352
v -0.0178045984 0.0122554656 -0.00263029174
v -0.0177891571 0.0122009721 -0.0022085961
vn -0.334377289 0.933033705 0.13281548
f 1891//631 1892//631 1893//631
v -0.0167538114 0.0125720138 -0.00220858352
v -0.0177891571 0.0122009721 -0.0022085961
v -0.0177883524 0.0121981315 -0.00220232271
vn -0.305384785 0.852123857 0.425000101
f 1894//632 1895//632 1896//632
v -0.0176740848 0.011795002 -0.00131187262
v -0.0165779367 0.0121695455 -0.00127518747
v -0.0177008286 0.0118893487 -0.00152026559
vn -0.305388182 0.852132499 0.424980313
f 1897//633 1898//633 1899//633
v -0.0101786042 0.0172158964 -0.000106449057
v -0.0103664137 0.0172691364 -0.000198316993
v -0.0106458608 0.0159120746 -0.000106454725
vn -0.401607066 0.143921852 0.904432535
f 1900//634 1901//634 1902//634
v -0.0106458608 0.0159120746 -0.000106454725
v -0.0103664137 0.0172691364 -0.000198316993
v -0.0115011446 0.0162858516 -0.000545691699
vn -0.401587069 0.143918365 0.904442012
f 1903//635 1904//635 1905//635
v -0.0106458608 0.0159120746 -0.000106454725
v -0.0115011446 0.0162858516 -0.000545691699
v -0.0115671838 0.0142468559 -0.000106465901
vn -0.3739039 0.2068654 0.90410322
f 1906//636 1907//636 1908//636
v -0.0115671838 0.0142468559 -0.000106465901
v -0.0115011446 0.0162858516 -0.000545691699
v -0.0123382267 0.0147728911 -0.000545701885
vn -0.373904049 0.2068654 0.90410316
f 1909//637 1910//637 1911//637
v -0.0115671838 0.0142468559 -0.000106465901
v -0.0123382267 0.0147728911 -0.000545701885
v -0.0127815837 0.0127815846 -0.000106480635
vn -0.329009682 0.272670358 0.904103696
f 1912//638 1913//638 1914//638
v -0.0127815837 0.0127815846 -0.000106480635
v -0.0123382267 0.0147728911 -0.000545701885
v -0.0134415897 0.0134415962 -0.000545715273
vn -0.329009295 0.272670299 0.904103875
f 1915//639 1916//639 1917//639
v -0.0127815837 0.0127815846 -0.000106480635
v -0.0134415897 0.0134415962 -0.000545715273
v -0.0142468549 0.0115671847 -0.00010649841
vn -0.272681117 0.328998476 0.904104531
f 1918//640 1919//640 1920//640
v -0.0142468549 0.0115671847 -0.00010649841
v -0.0134415897 0.0134415962 -0.000545715273
v -0.0147728845 0.0123382332 -0.000545731396
vn -0.272681504 0.328998595 0.904104352
f 1921//641 1922//641 1923//641
v -0.0142468549 0.0115671847 -0.00010649841
v -0.0147728845 0.0123382332 -0.000545731396
v -0.0159120727 0.0106458617 -0.000106518615
vn -0.206876427 0.373893023 0.904105186
f 1924//642 1925//642 1926//642
v -0.0159120727 0.0106458617 -0.000106518615
v -0.0147728845 0.0123382332 -0.000545731396
v -0.0162858441 0.0115011511 -0.00054574979
vn -0.206876308 0.373892963 0.904105246
f 1927//643 1928//643 1929//643
v -0.0159120727 0.0106458617 -0.000106518615
v -0.0162858441 0.0115011511 -0.00054574979
v -0.0172691345 0.0103664165 -0.000198400739
vn -0.143929347 0.401576102 0.904445112
f 1930//644 1931//644 1932//644
v -0.0172691345 0.0103664165 -0.000198400739
v -0.0162858441 0.0115011511 -0.00054574979
v -0.0174704511 0.011076618 -0.000545764167
vn -0.143924415 0.401572555 0.904447496
f 1933//645 1934//645 1935//645
v -0.0110766115 0.0174704585 -0.000545686577
v -0.0112205977 0.0175112765 -0.000695348135
v -0.0115011446 0.0162858516 -0.000545691699
vn -0.666422963 0.238826066 0.706287861
f 1936//646 1937//646 1938//646
v -0.0115011446 0.0162858516 -0.000545691699
v -0.0112205977 0.0175112765 -0.000695348135
v -0.0121695297 0.0165779516 -0.00127513404
vn -0.666428387 0.238826647 0.706282556
f 1939//647 1940//647 1941//647
v -0.0115011446 0.0162858516 -0.000545691699
v -0.0121695297 0.0165779516 -0.00127513404
v -0.0123382267 0.0147728911 -0.000545701885
vn -0.620077968 0.343068421 0.705554664
f 1942//648 1943//648 1944//648
v -0.0123382267 0.0147728911 -0.000545701885
v -0.0121695297 0.0165779516 -0.00127513404
v -0.0129407793 0.0151839787 -0.00127514335
vn -0.620077729 0.343068451 0.705554843
f 1945//649 1946//649 1947//649
v -0.0123382267 0.0147728911 -0.000545701885
v -0.0129407793 0.0151839787 -0.00127514335
v -0.0134415897 0.0134415962 -0.000545715273
vn -0.545624256 0.452200472 0.705555737
f 1948//650 1949//650 1950//650
v -0.0134415897 0.0134415962 -0.000545715273
v -0.0129407793 0.0151839787 -0.00127514335
v -0.0139573673 0.0139573831 -0.00127515569
vn -0.545624971 0.452200443 0.705555201
f 1951//651 1952//651 1953//651
v -0.0134415897 0.0134415962 -0.000545715273
v -0.0139573673 0.0139573831 -0.00127515569
v -0.0147728845 0.0123382332 -0.000545731396
vn -0.452209353 0.54561609 0.705556333
f 1954//652 1955//652 1956//652
v -0.0147728845 0.0123382332 -0.000545731396
v -0.0139573673 0.0139573831 -0.00127515569
v -0.0151839629 0.0129407952 -0.00127517059
vn -0.452208638 0.545615971 0.70555687
f 1957//653 1958//653 1959//653
v -0.0147728845 0.0123382332 -0.000545731396
v -0.0151839629 0.0129407952 -0.00127517059
v -0.0162858441 0.0115011511 -0.00054574979
vn -0.343076885 0.620069265 0.705558181
f 1960//654 1961//654 1962//654
v -0.0162858441 0.0115011511 -0.00054574979
v -0.0151839629 0.0129407952 -0.00127517059
v -0.0165779367 0.0121695455 -0.00127518747
vn -0.343077093 0.620069325 0.705558002
f 1963//655 1964//655 1965//655
v -0.0162858441 0.0115011511 -0.00054574979
v -0.0165779367 0.0121695455 -0.00127518747
v -0.0175112672 0.011220606 -0.000695424445
vn -0.238835216 0.666419804 0.706287742
f 1966//656 1967//656 1968//656
v -0.0175112672 0.011220606 -0.000695424445
v -0.0165779367 0.0121695455 -0.00127518747
v -0.0176693797 0.0117783993 -0.00127520075
vn -0.238837317 0.666420877 0.706286073
f 1969//657 1970//657 1971//657
v -0.0118025811 0.0176762547 -0.00132858008
v -0.0118893301 0.0177008472 -0.00152019516
v -0.0121695297 0.0165779516 -0.00127513404
vn -0.852134883 0.305383474 0.424978912
f 1972//658 1973//658 1974//658
v -0.0121695297 0.0165779516 -0.00127513404
v -0.0118893301 0.0177008472 -0.00152019516
v -0.0125719868 0.0167538375 -0.00220853277
vn -0.852141678 0.305382371 0.424966067
f 1975//659 1976//659 1977//659
v -0.0121695297 0.0165779516 -0.00127513404
v -0.0125719868 0.0167538375 -0.00220853277
v -0.0129407793 0.0151839787 -0.00127514335
vn -0.792355776 0.438387394 0.424250871
f 1978//660 1979//660 1980//660
v -0.0129407793 0.0151839787 -0.00127514335
v -0.0125719868 0.0167538375 -0.00220853277
v -0.0133035965 0.0154315112 -0.00220854161
vn -0.792355597 0.438387513 0.424251139
f 1981//661 1982//661 1983//661
v -0.0129407793 0.0151839787 -0.00127514335
v -0.0133035965 0.0154315112 -0.00220854161
v -0.0139573673 0.0139573831 -0.00127515569
vn -0.697216332 0.577840388 0.424252182
f 1984//662 1985//662 1986//662
v -0.0139573673 0.0139573831 -0.00127515569
v -0.0133035965 0.0154315112 -0.00220854161
v -0.0142679336 0.0142679606 -0.00220855325
vn -0.697216332 0.577840388 0.424252182
f 1987//663 1988//663 1989//663
v -0.0139573673 0.0139573831 -0.00127515569
v -0.0142679336 0.0142679606 -0.00220855325
v -0.0151839629 0.0129407952 -0.00127517059
vn -0.577845514 0.697211146 0.424253613
f 1990//664 1991//664 1992//664
v -0.0151839629 0.0129407952 -0.00127517059
v -0.0142679336 0.0142679606 -0.00220855325
v -0.0154314842 0.0133036235 -0.00220856746
vn -0.577845514 0.697211146 0.424253643
f 1993//665 1994//665 1995//665
v -0.0151839629 0.0129407952 -0.00127517059
v -0.0154314842 0.0133036235 -0.00220856746
v -0.0165779367 0.0121695455 -0.00127518747
vn -0.43839249 0.792350531 0.424255431
f 1996//666 1997//666 1998//666
v -0.0165779367 0.0121695455 -0.00127518747
v -0.0154314842 0.0133036235 -0.00220856746
v -0.0167538114 0.0125720138 -0.00220858352
vn -0.438392729 0.792350531 0.424255162
f 1999//667 2000//667 2001//667
v -0.0165779367 0.0121695455 -0.00127518747
v -0.0167538114 0.0125720138 -0.00220858352
v -0.0177008286 0.0118893487 -0.00152026559
vn -0.305387527 0.852136552 0.424972683
f 2002//668 2003//668 2004//668
v -0.0177008286 0.0118893487 -0.00152026559
v -0.0167538114 0.0125720138 -0.00220858352
v -0.0177883524 0.0121981315 -0.00220232271
vn -0.305389732 0.852137029 0.42497015
f 2005//669 2006//669 2007//669
v -0.0170000009 -0.00941699464 -2.04576935e-07
v -0.0170000009 0.00941699464 -2.04576935e-07
v -0.0181480478 -0.00941699464 -0.000228578807
vn -0.195101559 9.64437855e-16 0.980783045
f 2008//670 2009//670 2010//670
v -0.0181480478 -0.00941699464 -0.000228578807
v -0.0170000009 0.00941699464 -2.04576935e-07
v -0.0181284286 0.00941699464 -0.000220531932
vn -0.191633105 -0.000219711917 0.981466591
f 2011//671 2012//671 2013//671
v -0.0181480478 -0.00941699464 -0.000228578807
v -0.0181284286 0.00941699464 -0.000220531932
v -0.0184715372 -0.00941699464 -0.00044473898
vn -0.555589378 0.000223509065 0.83145678
f 2014//672 2015//672 2016//672
v -0.0184715372 -0.00941699464 -0.00044473898
v -0.0181284286 0.00941699464 -0.000220531932
v -0.0184707996 0.00941699464 -0.000446400431
vn -0.550677538 9.52031114e-05 0.834718049
f 2017//673 2018//673 2019//673
v -0.0184715372 -0.00941699464 -0.00044473898
v -0.0184707996 0.00941699464 -0.000446400431
v -0.0191213097 -0.00941699464 -0.00087891455
vn -0.555580139 9.5107971e-05 0.831462979
f 2020//674 2021//674 2022//674
v -0.0191213097 -0.00941699464 -0.00087891455
v -0.0184707996 0.00941699464 -0.000446400431
v -0.0191112887 0.00941699464 -0.000868938107
vn -0.550673783 -0.000149160871 0.834720552
f 2023//675 2024//675 2025//675
v -0.0191213097 -0.00941699464 -0.00087891455
v -0.0191112887 0.00941699464 -0.000868938107
v -0.0195554681 -0.00941699464 -0.00152869243
vn -0.831475377 0.000148115607 0.555561602
f 2026//676 2027//676 2028//676
v -0.0195554681 -0.00941699464 -0.00152869243
v -0.0191112887 0.00941699464 -0.000868938107
v -0.0195555873 0.00941699464 -0.00152883399
vn -0.829507768 -1.05243976e-06 0.558495224
f 2029//677 2030//677 2031//677
v -0.0195554681 -0.00941699464 -0.00152869243
v -0.0195555873 0.00941699464 -0.00152883399
v -0.0197716169 -0.00941699464 -0.00185219175
vn -0.831477642 -1.08698373e-06 0.555558205
f 2032//678 2033//678 2034//678
v -0.0197716169 -0.00941699464 -0.00185219175
v -0.0195555873 0.00941699464 -0.00152883399
v -0.019768903 0.00941699464 -0.00184566504
vn -0.829510212 -7.40156102e-05 0.558491528
f 2035//679 2036//679 2037//679
v -0.0197716169 -0.00941699464 -0.00185219175
v -0.019768903 0.00941699464 -0.00184566504
v -0.0199999623 -0.00941699464 -0.00300023961
vn -0.980787635 7.37193986e-05 0.195078373
f 2038//680 2039//680 2040//680
v -0.0199999623 -0.00941699464 -0.00300023961
v -0.019768903 0.00941699464 -0.00184566504
v -0.0199999623 0.00941699464 -0.00300023961
vn -0.980556965 4.96541132e-15 0.196234748
f 2041//681 2042//681 2043//681
v -0.0118025811 -0.0176762547 -0.00132858008
v -0.0117783835 -0.0176693946 -0.00127512927
v -0.0121695297 -0.0165779516 -0.00127513404
vn -0.852144718 -0.305385739 0.424957603
f 2044//682 2045//682 2046//682
v -0.0112205977 -0.0175112765 -0.000695348135
v -0.0110766115 -0.0174704585 -0.000545686577
v -0.0115011446 -0.0162858516 -0.000545691699
vn -0.666422963 -0.238826066 0.706287861
f 2047//683 2048//683 2049//683
v -0.0103664137 -0.0172691364 -0.000198316993
v -0.0101786042 -0.0172158964 -0.000106449057
v -0.0106458608 -0.0159120746 -0.000106454725
vn -0.401607066 -0.143921852 0.904432535
f 2050//684 2051//684 2052//684
v -0.0172691345 -0.0103664165 -0.000198400739
v -0.0174704511 -0.011076618 -0.000545764167
v -0.0162858441 -0.0115011511 -0.00054574979
vn -0.143924415 -0.401572555 0.904447496
f 2053//685 2054//685 2055//685
v -0.0177008286 -0.0118893487 -0.00152026559
v -0.0177892186 -0.0122011853 -0.00221025012
v -0.0167538114 -0.0125720138 -0.00220858352
vn -0.305914909 -0.852251947 0.424361557
f 2056//686 2057//686 2058//686
v -0.0122011583 -0.0177892447 -0.00221018237
v -0.0125719868 -0.0167538375 -0.00220853277
v -0.0122557506 -0.0178047214 -0.00263267546
vn -0.933035135 -0.334375739 0.13280946
f 2059//687 2060//687 2061//687
v -0.0126694078 -0.0167964157 -0.00300015067
v -0.0123032322 -0.0178181827 -0.00300014624
v -0.0122557506 -0.0178047214 -0.00263267546
vn -0.933035195 -0.334375709 0.132808834
f 2062//688 2063//688 2064//688
v -0.0122557506 -0.0178047214 -0.00263267546
v -0.0125719868 -0.0167538375 -0.00220853277
v -0.0126694078 -0.0167964157 -0.00300015067
vn -0.933035195 -0.33437562 0.132809103
f 2065//689 2066//689 2067//689
v -0.0126694078 -0.0167964157 -0.00300015067
v -0.0125719868 -0.0167538375 -0.00220853277
v -0.0133035965 -0.0154315112 -0.00220854161
vn -0.867283762 -0.479845345 0.132541656
f 2068//690 2069//690 2070//690
v -0.0126694078 -0.0167964157 -0.00300015067
v -0.0133035965 -0.0154315112 -0.00220854161
v -0.0133914212 -0.0154914344 -0.00300015952
vn -0.867283702 -0.479845434 0.13254185
f 2071//691 2072//691 2073//691
v -0.0133914212 -0.0154914344 -0.00300015952
v -0.0133035965 -0.0154315112 -0.00220854161
v -0.0134777511 -0.0153872706 -0.00300016045
vn -0.763146579 -0.63248682 0.132543087
f 2074//692 2075//692 2076//692
v -0.0134777511 -0.0153872706 -0.00300016045
v -0.0133035965 -0.0154315112 -0.00220854161
v -0.0142679336 -0.0142679606 -0.00220855325
vn -0.763147235 -0.632486045 0.132543266
f 2077//693 2078//693 2079//693
v -0.0134777511 -0.0153872706 -0.00300016045
v -0.0142679336 -0.0142679606 -0.00220855325
v -0.014343109 -0.0143431453 -0.00300017092
vn -0.763147593 -0.632485807 0.132542521
f 2080//694 2081//694 2082//694
v -0.014343109 -0.0143431453 -0.00300017092
v -0.0142679336 -0.0142679606 -0.00220855325
v -0.0153872343 -0.0134777874 -0.00300018373
vn -0.632487416 -0.763145983 0.132544115
f 2083//695 2084//695 2085//695
v -0.0153872343 -0.0134777874 -0.00300018373
v -0.0142679336 -0.0142679606 -0.00220855325
v -0.0154314842 -0.0133036235 -0.00220856746
vn -0.632487655 -0.763145626 0.132544845
f 2086//696 2087//696 2088//696
v -0.0153872343 -0.0134777874 -0.00300018373
v -0.0154314842 -0.0133036235 -0.00220856746
v -0.0154913981 -0.0133914575 -0.00300018489
vn -0.63248843 -0.76314503 0.132544681
f 2089//697 2090//697 2091//697
v -0.0154913981 -0.0133914575 -0.00300018489
v -0.0154314842 -0.0133036235 -0.00220856746
v -0.0167538114 -0.0125720138 -0.00220858352
vn -0.479846954 -0.867282152 0.132546544
f 2092//698 2093//698 2094//698
v -0.0154913981 -0.0133914575 -0.00300018489
v -0.0167538114 -0.0125720138 -0.00220858352
v -0.0167963784 -0.0126694441 -0.00300020073
vn -0.479847044 -0.867282093 0.132546365
f 2095//699 2096//699 2097//699
v -0.0178046897 -0.0122557823 -0.00263274298
v -0.0178181455 -0.0123032685 -0.00300021307
v -0.0167963784 -0.0126694441 -0.00300020073
vn -0.334377319 -0.933033586 0.132816106
f 2098//700 2099//700 2100//700
v -0.0167538114 -0.0125720138 -0.00220858352
v -0.0177892186 -0.0122011853 -0.00221025012
v -0.0167963784 -0.0126694441 -0.00300020073
vn -0.334377378 -0.933033526 0.132816359
f 2101//701 2102//701 2103//701
v -0.0167963784 -0.0126694441 -0.00300020073
v -0.0177892186 -0.0122011853 -0.00221025012
v -0.0178046897 -0.0122557823 -0.00263274298
vn -0.33437711 -0.933033586 0.132816717
f 2104//702 2105//702 2106//702
v -0.0175112672 -0.011220606 -0.000695424445
v -0.0176693797 -0.0117783993 -0.00127520075
v -0.0165779367 -0.0121695455 -0.00127518747
vn -0.238837317 -0.666420877 0.706286073
f 2107//703 2108//703 2109//703
v -0.0165779367 -0.0121695455 -0.00127518747
v -0.0176693797 -0.0117783993 -0.00127520075
v -0.017676238 -0.011802597 -0.00132865133
vn -0.305390894 -0.852139533 0.424964249
f 2110//704 2111//704 2112//704
v -0.0170000009 -0.00941699464 -2.04576935e-07
v -0.0172158945 -0.0101786051 -0.000106534433
v -0.0155963758 -0.00992409326 -1.87548025e-07
vn -0.0453546979 -0.125506386 0.991055548
f 2113//705 2114//705 2115//705
v -0.0155963758 -0.00992409326 -1.87548025e-07
v -0.0172158945 -0.0101786051 -0.000106534433
v -0.0159120727 -0.0106458617 -0.000106518615
vn -0.0452398285 -0.126202583 0.9909724
f 2116//706 2117//706 2118//706
v -0.0155963758 -0.00992409326 -1.87548025e-07
v -0.0159120727 -0.0106458617 -0.000106518615
v -0.0155391758 -0.00994475838 -1.86854081e-07
vn -0.0455564298 -0.126064554 0.99097544
f 2119//707 2120//707 2121//707
v -0.0155391758 -0.00994475838 -1.86854081e-07
v -0.0159120727 -0.0106458617 -0.000106518615
v -0.0141557287 -0.0106808553 -1.70069967e-07
vn -0.0623497292 -0.117159739 0.991153955
f 2122//708 2123//708 2124//708
v -0.0141557287 -0.0106808553 -1.70069967e-07
v -0.0159120727 -0.0106458617 -0.000106518615
v -0.0142468549 -0.0115671847 -0.00010649841
vn -0.0622906238 -0.112563655 0.991690099
f 2125//709 2126//709 2127//709
v -0.0141557287 -0.0106808553 -1.70069967e-07
v -0.0142468549 -0.0115671847 -0.00010649841
v -0.0138139576 -0.010931314 -1.65923581e-07
vn -0.0809938908 -0.110506311 0.990569711
f 2128//710 2129//710 2130//710
v -0.0138139576 -0.010931314 -1.65923581e-07
v -0.0142468549 -0.0115671847 -0.00010649841
v -0.0128719341 -0.0116216531 -1.54494856e-07
vn -0.0809938982 -0.110506311 0.990569711
f 2131//711 2132//711 2133//711
v -0.0128719341 -0.0116216531 -1.54494856e-07
v -0.0142468549 -0.0115671847 -0.00010649841
v -0.0127815837 -0.0127815846 -0.000106480635
vn -0.0805774853 -0.0972086936 0.991996825
f 2134//712 2135//712 2136//712
v -0.0128719341 -0.0116216531 -1.54494856e-07
v -0.0127815837 -0.0127815846 -0.000106480635
v -0.0122405635 -0.0122409295 -1.46835021e-07
vn -0.0964330211 -0.0983040631 0.990473092
f 2137//713 2138//713 2139//713
v -0.0099370582 -0.0156016424 -1.18888686e-07
v -0.0100684362 -0.0152702788 -1.20482582e-07
v -0.0106458608 -0.0159120746 -0.000106454725
vn -0.126635909 -0.0502034202 0.990678012
f 2140//714 2141//714 2142//714
v -0.0106458608 -0.0159120746 -0.000106454725
v -0.0100684362 -0.0152702788 -1.20482582e-07
v -0.0108178724 -0.01394259 -1.29574801e-07
vn -0.112219267 -0.063337259 0.99166286
f 2143//715 2144//715 2145//715
v -0.0106458608 -0.0159120746 -0.000106454725
v -0.0108178724 -0.01394259 -1.29574801e-07
v -0.0115671838 -0.0142468559 -0.000106465901
vn -0.114877746 -0.0635522678 0.991344631
f 2146//716 2147//716 2148//716
v -0.0115671838 -0.0142468559 -0.000106465901
v -0.0108178724 -0.01394259 -1.29574801e-07
v -0.0109216375 -0.0138071459 -1.30833698e-07
vn -0.107250497 -0.0821565315 0.990831792
f 2149//717 2150//717 2151//717
v -0.0115671838 -0.0142468559 -0.000106465901
v -0.0109216375 -0.0138071459 -1.30833698e-07
v -0.0127815837 -0.0127815846 -0.000106480635
vn -0.104318686 -0.0864481628 0.990779638
f 2152//718 2153//718 2154//718
v -0.0127815837 -0.0127815846 -0.000106480635
v -0.0109216375 -0.0138071459 -1.30833698e-07
v -0.01176167 -0.0127106495 -1.41025041e-07
vn -0.0982288644 -0.0752445012 0.992315173
f 2155//719 2156//719 2157//719
v -0.0127815837 -0.0127815846 -0.000106480635
v -0.01176167 -0.0127106495 -1.41025041e-07
v -0.0122405635 -0.0122409295 -1.46835021e-07
vn -0.0964330062 -0.0983040705 0.990473092
f 2158//720 2159//720 2160//720
v -0.0099370582 -0.0156016424 -1.18888686e-07
v -0.0106458608 -0.0159120746 -0.000106454725
v -0.00952679012 -0.0166364294 -1.13911277e-07
vn -0.126635954 -0.0502033383 0.990678012
f 2161//721 2162//721 2163//721
v -0.00952679012 -0.0166364294 -1.13911277e-07
v -0.0106458608 -0.0159120746 -0.000106454725
v -0.0101786042 -0.0172158964 -0.000106449057
vn -0.122668371 -0.0439569205 0.991473794
f 2164//722 2165//722 2166//722
v -0.00952679012 -0.0166364294 -1.13911277e-07
v -0.0101786042 -0.0172158964 -0.000106449057
v -0.00941699464 -0.0170000009 -1.12579229e-07
vn -0.127466649 -0.0384901986 0.991095722
f 2167//723 2168//723 2169//723
v -0.0118025811 -0.0176762547 -0.00132858008
v -0.0121695297 -0.0165779516 -0.00127513404
v -0.0118893301 -0.0177008472 -0.00152019516
vn -0.852134883 -0.305383474 0.424978912
f 2170//724 2171//724 2172//724
v -0.0172158945 -0.0101786051 -0.000106534433
v -0.0172691345 -0.0103664165 -0.000198400739
v -0.0159120727 -0.0106458617 -0.000106518615
vn -0.143932819 -0.401596099 0.904435694
f 2173//725 2174//725 2175//725
v -0.0159120727 -0.0106458617 -0.000106518615
v -0.0172691345 -0.0103664165 -0.000198400739
v -0.0162858441 -0.0115011511 -0.00054574979
vn -0.143929347 -0.401576102 0.904445112
f 2176//726 2177//726 2178//726
v -0.0159120727 -0.0106458617 -0.000106518615
v -0.0162858441 -0.0115011511 -0.00054574979
v -0.0142468549 -0.0115671847 -0.00010649841
vn -0.206876367 -0.373892933 0.904105246
f 2179//727 2180//727 2181//727
v -0.0142468549 -0.0115671847 -0.00010649841
v -0.0162858441 -0.0115011511 -0.00054574979
v -0.0147728845 -0.0123382332 -0.000545731396
vn -0.206876367 -0.373893082 0.904105186
f 2182//728 2183//728 2184//728
v -0.0142468549 -0.0115671847 -0.00010649841
v -0.0147728845 -0.0123382332 -0.000545731396
v -0.0127815837 -0.0127815846 -0.000106480635
vn -0.272681326 -0.328998715 0.904104412
f 2185//729 2186//729 2187//729
v -0.0127815837 -0.0127815846 -0.000106480635
v -0.0147728845 -0.0123382332 -0.000545731396
v -0.0134415897 -0.0134415962 -0.000545715273
vn -0.272681266 -0.328998327 0.904104531
f 2188//730 2189//730 2190//730
v -0.0127815837 -0.0127815846 -0.000106480635
v -0.0134415897 -0.0134415962 -0.000545715273
v -0.0115671838 -0.0142468559 -0.000106465901
vn -0.329009444 -0.27267015 0.904103875
f 2191//731 2192//731 2193//731
v -0.0115671838 -0.0142468559 -0.000106465901
v -0.0134415897 -0.0134415962 -0.000545715273
v -0.0123382267 -0.0147728911 -0.000545701885
vn -0.329009563 -0.272670537 0.904103696
f 2194//732 2195//732 2196//732
v -0.0115671838 -0.0142468559 -0.000106465901
v -0.0123382267 -0.0147728911 -0.000545701885
v -0.0106458608 -0.0159120746 -0.000106454725
vn -0.37390399 -0.20686546 0.90410316
f 2197//733 2198//733 2199//733
v -0.0106458608 -0.0159120746 -0.000106454725
v -0.0123382267 -0.0147728911 -0.000545701885
v -0.0115011446 -0.0162858516 -0.000545691699
vn -0.37390393 -0.206865326 0.90410322
f 2200//734 2201//734 2202//734
v -0.0106458608 -0.0159120746 -0.000106454725
v -0.0115011446 -0.0162858516 -0.000545691699
v -0.0103664137 -0.0172691364 -0.000198316993
vn -0.401587069 -0.143918365 0.904442012
f 2203//735 2204//735 2205//735
v -0.0103664137 -0.0172691364 -0.000198316993
v -0.0115011446 -0.0162858516 -0.000545691699
v -0.0110766115 -0.0174704585 -0.000545686577
vn -0.401583523 -0.143913433 0.904444337
f 2206//736 2207//736 2208//736
v -0.0174704511 -0.011076618 -0.000545764167
v -0.0175112672 -0.011220606 -0.000695424445
v -0.0162858441 -0.0115011511 -0.00054574979
vn -0.238834634 -0.66641438 0.706293046
f 2209//737 2210//737 2211//737
v -0.0162858441 -0.0115011511 -0.00054574979
v -0.0175112672 -0.011220606 -0.000695424445
v -0.0165779367 -0.0121695455 -0.00127518747
vn -0.238835216 -0.666419804 0.706287742
f 2212//738 2213//738 2214//738
v -0.0162858441 -0.0115011511 -0.00054574979
v -0.0165779367 -0.0121695455 -0.00127518747
v -0.0147728845 -0.0123382332 -0.000545731396
vn -0.343076974 -0.620069385 0.705558002
f 2215//739 2216//739 2217//739
v -0.0147728845 -0.0123382332 -0.000545731396
v -0.0165779367 -0.0121695455 -0.00127518747
v -0.0151839629 -0.0129407952 -0.00127517059
vn -0.343077004 -0.620069146 0.705558181
f 2218//740 2219//740 2220//740
v -0.0147728845 -0.0123382332 -0.000545731396
v -0.0151839629 -0.0129407952 -0.00127517059
v -0.0134415897 -0.0134415962 -0.000545715273
vn -0.452209026 -0.545615673 0.70555687
f 2221//741 2222//741 2223//741
v -0.0134415897 -0.0134415962 -0.000545715273
v -0.0151839629 -0.0129407952 -0.00127517059
v -0.0139573673 -0.0139573831 -0.00127515569
vn -0.452209026 -0.545616448 0.705556333
f 2224//742 2225//742 2226//742
v -0.0134415897 -0.0134415962 -0.000545715273
v -0.0139573673 -0.0139573831 -0.00127515569
v -0.0123382267 -0.0147728911 -0.000545701885
vn -0.545624673 -0.4522008 0.705555201
f 2227//743 2228//743 2229//743
v -0.0123382267 -0.0147728911 -0.000545701885
v -0.0139573673 -0.0139573831 -0.00127515569
v -0.0129407793 -0.0151839787 -0.00127514335
vn -0.545624554 -0.452200085 0.705555737
f 2230//744 2231//744 2232//744
v -0.0123382267 -0.0147728911 -0.000545701885
v -0.0129407793 -0.0151839787 -0.00127514335
v -0.0115011446 -0.0162858516 -0.000545691699
vn -0.620077789 -0.343068331 0.705554843
f 2233//745 2234//745 2235//745
v -0.0115011446 -0.0162858516 -0.000545691699
v -0.0129407793 -0.0151839787 -0.00127514335
v -0.0121695297 -0.0165779516 -0.00127513404
vn -0.620077908 -0.34306854 0.705554664
f 2236//746 2237//746 2238//746
v -0.0115011446 -0.0162858516 -0.000545691699
v -0.0121695297 -0.0165779516 -0.00127513404
v -0.0112205977 -0.0175112765 -0.000695348135
vn -0.666428387 -0.238826647 0.706282556
f 2239//747 2240//747 2241//747
v -0.0112205977 -0.0175112765 -0.000695348135
v -0.0121695297 -0.0165779516 -0.00127513404
v -0.0117783835 -0.0176693946 -0.00127512927
vn -0.6664294 -0.238828748 0.706280887
f 2242//748 2243//748 2244//748
v -0.017676238 -0.011802597 -0.00132865133
v -0.0177008286 -0.0118893487 -0.00152026559
v -0.0165779367 -0.0121695455 -0.00127518747
vn -0.305388629 -0.852129698 0.424985558
f 2245//749 2246//749 2247//749
v -0.0165779367 -0.0121695455 -0.00127518747
v -0.0177008286 -0.0118893487 -0.00152026559
v -0.0167538114 -0.0125720138 -0.00220858352
vn -0.305387527 -0.852136552 0.424972683
f 2248//750 2249//750 2250//750
v -0.0165779367 -0.0121695455 -0.00127518747
v -0.0167538114 -0.0125720138 -0.00220858352
v -0.0151839629 -0.0129407952 -0.00127517059
vn -0.43839255 -0.79235065 0.424255162
f 2251//751 2252//751 2253//751
v -0.0151839629 -0.0129407952 -0.00127517059
v -0.0167538114 -0.0125720138 -0.00220858352
v -0.0154314842 -0.0133036235 -0.00220856746
vn -0.438392669 -0.792350411 0.424255431
f 2254//752 2255//752 2256//752
v -0.0151839629 -0.0129407952 -0.00127517059
v -0.0154314842 -0.0133036235 -0.00220856746
v -0.0139573673 -0.0139573831 -0.00127515569
vn -0.577845514 -0.697211146 0.424253643
f 2257//753 2258//753 2259//753
v -0.0139573673 -0.0139573831 -0.00127515569
v -0.0154314842 -0.0133036235 -0.00220856746
v -0.0142679336 -0.0142679606 -0.00220855325
vn -0.577845514 -0.697211146 0.424253613
f 2260//754 2261//754 2262//754
v -0.0139573673 -0.0139573831 -0.00127515569
v -0.0142679336 -0.0142679606 -0.00220855325
v -0.0129407793 -0.0151839787 -0.00127514335
vn -0.697216332 -0.577840388 0.424252182
f 2263//755 2264//755 2265//755
v -0.0129407793 -0.0151839787 -0.00127514335
v -0.0142679336 -0.0142679606 -0.00220855325
v -0.0133035965 -0.0154315112 -0.00220854161
vn -0.697216332 -0.577840388 0.424252182
f 2266//756 2267//756 2268//756
v -0.0129407793 -0.0151839787 -0.00127514335
v -0.0133035965 -0.0154315112 -0.00220854161
v -0.0121695297 -0.0165779516 -0.00127513404
vn -0.792355657 -0.438387334 0.424251139
f 2269//757 2270//757 2271//757
v -0.0121695297 -0.0165779516 -0.00127513404
v -0.0133035965 -0.0154315112 -0.00220854161
v -0.0125719868 -0.0167538375 -0.00220853277
vn -0.792355716 -0.438387573 0.424250871
f 2272//758 2273//758 2274//758
v -0.0121695297 -0.0165779516 -0.00127513404
v -0.0125719868 -0.0167538375 -0.00220853277
v -0.0118893301 -0.0177008472 -0.00152019516
vn -0.852141678 -0.305382371 0.424966067
f 2275//759 2276//759 2277//759
v -0.0118893301 -0.0177008472 -0.00152019516
v -0.0125719868 -0.0167538375 -0.00220853277
v -0.0122011583 -0.0177892447 -0.00221018237
vn -0.852257073 -0.305909753 0.424354911
f 2278//760 2279//760 2280//760
v 0.0123033049 -0.0178181827 -0.00299984775
v 0.0119030839 -0.0186791494 -0.00299985264
v 0.012304021 -0.0178181827 -0.06199985
vn 0.906813204 -0.42153272 1.1001538e-05
f 2281//761 2282//761 2283//761
v 0.012304021 -0.0178181827 -0.06199985
v 0.0119030839 -0.0186791494 -0.00299985264
v 0.0116972271 -0.0189503767 -0.0619998574
vn 0.881394863 -0.472379357 -0.000903716835
f 2284//762 2285//762 2286//762
v 0.0119030839 -0.0186791494 -0.00299985264
v 0.0116703017 -0.018925624 -0.00299985544
v 0.0116972271 -0.0189503767 -0.0619998574
vn 0.727011919 -0.686624527 0.000619841565
f 2287//763 2288//763 2289//763
v 0.0116972271 -0.0189503767 -0.0619998574
v 0.0116703017 -0.018925624 -0.00299985544
v 0.0112353796 -0.0193861276 -0.00299986056
vn 0.727011442 -0.686625063 0.000619841565
f 2290//764 2291//764 2292//764
v 0.0116972271 -0.0189503767 -0.0619998574
v 0.0112353796 -0.0193861276 -0.00299986056
v 0.0106725115 -0.0197249893 -0.0619998723
vn 0.603022516 -0.797723293 -0.001171262
f 2293//765 2294//765 2295//765
v 0.00941703096 -0.0199999996 -0.00299988268
v 0.00941774715 -0.0199999996 -0.0619998872
v 0.0103766182 -0.0198423918 -0.00299987104
vn 0.162073776 -0.986778617 1.96629344e-06
f 2296//766 2297//766 2298//766
v 0.0103766182 -0.0198423918 -0.00299987104
v 0.00941774715 -0.0199999996 -0.0619998872
v 0.0106725115 -0.0197249893 -0.0619998723
vn 0.214090943 -0.976813316 -0.000870040036
f 2299//767 2300//767 2301//767
v 0.0103766182 -0.0198423918 -0.00299987104
v 0.0106725115 -0.0197249893 -0.0619998723
v 0.0106554599 -0.0196942426 -0.00299986778
vn 0.469191074 -0.883096457 0.000595805992
f 2302//768 2303//768 2304//768
v 0.0106554599 -0.0196942426 -0.00299986778
v 0.0106725115 -0.0197249893 -0.0619998723
v 0.0112353796 -0.0193861276 -0.00299986056
vn 0.469193995 -0.883094907 0.000595805992
f 2305//769 2306//769 2307//769
v 0.01781822 -0.0123032685 -0.0029997807
v 0.0167964529 -0.0126694441 -0.00299979327
v 0.0178189352 -0.0123032685 -0.0619997829
vn 0.337364703 -0.941374004 4.09293852e-06
f 2308//770 2309//770 2310//770
v 0.0178189352 -0.0123032685 -0.0619997829
v 0.0167964529 -0.0126694441 -0.00299979327
v 0.0154914707 -0.0133914575 -0.0029998091
vn 0.484115124 -0.874999285 0.00295925559
f 2311//771 2312//771 2313//771
v 0.0178189352 -0.0123032685 -0.0619997829
v 0.0154914707 -0.0133914575 -0.0029998091
v 0.0153806796 -0.0134689268 -0.0619998127
vn 0.43131572 -0.902200997 0.000374690746
f 2314//772 2315//772 2316//772
v 0.0126694804 -0.0167964157 -0.00299984333
v 0.0123033049 -0.0178181827 -0.00299984775
v 0.012304021 -0.0178181827 -0.06199985
vn 0.941374004 -0.337364703 1.14208324e-05
f 2317//773 2318//773 2319//773
v 0.0154914707 -0.0133914575 -0.0029998091
v 0.0153873069 -0.0134777874 -0.00299981027
v 0.0153806796 -0.0134689268 -0.0619998127
vn 0.638117552 -0.769938946 -0.000187311263
f 2320//774 2321//774 2322//774
v 0.0153806796 -0.0134689268 -0.0619998127
v 0.0153873069 -0.0134777874 -0.00299981027
v 0.0143431816 -0.0143431453 -0.00299982284
vn 0.638116479 -0.76993984 -0.000187311278
f 2323//775 2324//775 2325//775
v 0.0153806796 -0.0134689268 -0.0619998127
v 0.0143431816 -0.0143431453 -0.00299982284
v 0.0134696793 -0.0153799271 -0.0619998351
vn 0.707105398 -0.707105458 0.00195687311
f 2326//776 2327//776 2328//776
v 0.0134696793 -0.0153799271 -0.0619998351
v 0.0143431816 -0.0143431453 -0.00299982284
v 0.0134778237 -0.0153872706 -0.00299983355
vn 0.76993984 -0.638116479 -0.000185711993
f 2329//777 2330//777 2331//777
v 0.0134696793 -0.0153799271 -0.0619998351
v 0.0134778237 -0.0153872706 -0.00299983355
v 0.012304021 -0.0178181827 -0.06199985
vn 0.902200997 -0.43131575 -0.000178230737
f 2332//778 2333//778 2334//778
v 0.012304021 -0.0178181827 -0.06199985
v 0.0134778237 -0.0153872706 -0.00299983355
v 0.0133914938 -0.0154914344 -0.00299983448
vn 0.769892514 -0.638079226 0.0109730866
f 2335//779 2336//779 2337//779
v 0.012304021 -0.0178181827 -0.06199985
v 0.0133914938 -0.0154914344 -0.00299983448
v 0.0126694804 -0.0167964157 -0.00299984333
vn 0.874999285 -0.484115154 0.00296399789
f 2338//780 2339//780 2340//780
v -0.0169992484 0.0199999996 -0.0620002076
v -0.0169991888 0.0199999996 -0.0670002028
v -0.0184991881 0.0195980761 -0.0670002252
vn -0.258818954 0.965925872 -3.14001431e-06
f 2341//781 2342//781 2343//781
v -0.0169992484 0.0199999996 -0.0620002076
v -0.0184991881 0.0195980761 -0.0670002252
v -0.0184992477 0.0195980761 -0.0620002262
vn -0.258818954 0.965925872 -3.14001431e-06
f 2344//782 2345//782 2346//782
v -0.0184992477 0.0195980761 -0.0620002262
v -0.0184991881 0.0195980761 -0.0670002252
v -0.019597264 0.0185000002 -0.0670002401
vn -0.707106769 0.707106769 -8.57868235e-06
f 2347//783 2348//783 2349//783
v -0.0184992477 0.0195980761 -0.0620002262
v -0.019597264 0.0185000002 -0.0670002401
v -0.0195973236 0.0185000002 -0.0620002374
vn -0.707106769 0.707106769 -8.57868235e-06
f 2350//784 2351//784 2352//784
v -0.0195973236 0.0185000002 -0.0620002374
v -0.019597264 0.0185000002 -0.0670002401
v -0.0199991874 0.0170000009 -0.0670002401
vn -0.965925872 0.258818954 -1.17186983e-05
f 2353//785 2354//785 2355//785
v -0.0195973236 0.0185000002 -0.0620002374
v -0.0199991874 0.0170000009 -0.0670002401
v -0.019999247 0.0170000009 -0.0620002411
vn -0.965925872 0.258818954 -1.17186983e-05
f 2356//786 2357//786 2358//786
v -0.0199991874 -0.0170000009 -0.0670002401
v -0.019999247 -0.0170000009 -0.0620002411
v -0.0199991874 -1.5506125e-15 -0.0670002401
vn -1 5.0688692e-15 -1.21320882e-05
f 2359//787 2360//787 2361//787
v -0.0199991874 -1.5506125e-15 -0.0670002401
v -0.019999247 -0.0170000009 -0.0620002411
v -0.019999247 -0.00941699464 -0.0620002411
vn -1 5.0688692e-15 -1.21320882e-05
f 2362//788 2363//788 2364//788
v -0.0199991874 -1.5506125e-15 -0.0670002401
v -0.019999247 -0.00941699464 -0.0620002411
v -0.0199999623 -0.00941699464 -0.00300023961
vn -1 5.0688692e-15 -1.21320882e-05
f 2365//789 2366//789 2367//789
v -0.019999247 0.0170000009 -0.0620002411
v -0.0199991874 0.0170000009 -0.0670002401
v -0.019999247 0.00941699464 -0.0620002411
vn -1 5.0688692e-15 -1.21320882e-05
f 2368//790 2369//790 2370//790
v -0.019999247 0.00941699464 -0.0620002411
v -0.0199991874 0.0170000009 -0.0670002401
v -0.0199991874 -1.5506125e-15 -0.0670002401
vn -1 5.0688692e-15 -1.21320882e-05
f 2371//791 2372//791 2373//791
v -0.019999247 0.00941699464 -0.0620002411
v -0.0199991874 -1.5506125e-15 -0.0670002401
v -0.0199999623 0.00941699464 -0.00300023961
vn -1 5.0688692e-15 -1.21320882e-05
f 2374//792 2375//792 2376//792
v -0.0199999623 0.00941699464 -0.00300023961
v -0.0199991874 -1.5506125e-15 -0.0670002401
v -0.0199999623 -0.00941699464 -0.00300023961
vn -1 5.0688692e-15 -1.21320882e-05
f 2377//793 2378//793 2379//793
v -0.019999247 -0.0170000009 -0.0620002411
v -0.0199991874 -0.0170000009 -0.0670002401
v -0.019597264 -0.0185000002 -0.0670002401
vn -0.965925872 -0.258818954 -1.17186983e-05
f 2380//794 2381//794 2382//794
v -0.019999247 -0.0170000009 -0.0620002411
v -0.019597264 -0.0185000002 -0.0670002401
v -0.0195973236 -0.0185000002 -0.0620002374
vn -0.965925872 -0.258818954 -1.17186983e-05
f 2383//795 2384//795 2385//795
v -0.0195973236 -0.0185000002 -0.0620002374
v -0.019597264 -0.0185000002 -0.0670002401
v -0.0184991881 -0.0195980761 -0.0670002252
vn -0.707106769 -0.707106769 -8.57868235e-06
f 2386//796 2387//796 2388//796
v -0.0195973236 -0.0185000002 -0.0620002374
v -0.0184991881 -0.0195980761 -0.0670002252
v -0.0184992477 -0.0195980761 -0.0620002262
vn -0.707106769 -0.707106769 -8.57868235e-06
f 2389//797 2390//797 2391//797
v -0.0184992477 -0.0195980761 -0.0620002262
v -0.0184991881 -0.0195980761 -0.0670002252
v -0.0169991888 -0.0199999996 -0.0670002028
vn -0.258818954 -0.965925872 -3.14001431e-06
f 2392//798 2393//798 2394//798
v -0.0184992477 -0.0195980761 -0.0620002262
v -0.0169991888 -0.0199999996 -0.0670002028
v -0.0169992484 -0.0199999996 -0.0620002076
vn -0.258818954 -0.965925872 -3.14001431e-06
f 2395//799 2396//799 2397//799
v 0.017000813 -0.0199999996 -0.0669997931
v 0.0170007534 -0.0199999996 -0.0619997941
v 8.12850715e-07 -0.0199999996 -0.0670000017
vn -5.06886877e-15 -1 -2.49865075e-17
f 2398//800 2399//800 2400//800
v 8.12850715e-07 -0.0199999996 -0.0670000017
v 0.0170007534 -0.0199999996 -0.0619997941
v 0.00941774715 -0.0199999996 -0.0619998872
vn -5.06886877e-15 -1 -2.49865075e-17
f 2401//801 2402//801 2403//801
v 8.12850715e-07 -0.0199999996 -0.0670000017
v 0.00941774715 -0.0199999996 -0.0619998872
v 0.00941703096 -0.0199999996 -0.00299988268
vn -5.06886877e-15 -1 -2.49865075e-17
f 2404//802 2405//802 2406//802
v -0.0169992484 -0.0199999996 -0.0620002076
v -0.0169991888 -0.0199999996 -0.0670002028
v -0.00941624213 -0.0199999996 -0.0620001145
vn -5.06886877e-15 -1 -2.49865075e-17
f 2407//803 2408//803 2409//803
v -0.00941624213 -0.0199999996 -0.0620001145
v -0.0169991888 -0.0199999996 -0.0670002028
v 8.12850715e-07 -0.0199999996 -0.0670000017
vn -5.06886877e-15 -1 -2.49865075e-17
f 2410//804 2411//804 2412//804
v -0.00941624213 -0.0199999996 -0.0620001145
v 8.12850715e-07 -0.0199999996 -0.0670000017
v -0.00941695832 -0.0199999996 -0.00300011132
vn -5.06886877e-15 -1 -2.49865075e-17
f 2413//805 2414//805 2415//805
v -0.00941695832 -0.0199999996 -0.00300011132
v 8.12850715e-07 -0.0199999996 -0.0670000017
v 0.00941703096 -0.0199999996 -0.00299988268
vn -5.06886877e-15 -1 -2.49865075e-17
f 2416//806 2417//806 2418//806
v -0.016262643 0.017963456 -0.0670001954
v -0.0162627026 0.017963456 -0.0620001964
v -0.0171126444 0.0177356992 -0.0670002103
vn 0.258818656 -0.965925932 3.14001068e-06
f 2419//807 2420//807 2421//807
v -0.0171126444 0.0177356992 -0.0670002103
v -0.0162627026 0.017963456 -0.0620001964
v -0.017112704 0.0177356992 -0.0620002076
vn 0.258818656 -0.965925932 3.14001068e-06
f 2422//808 2423//808 2424//808
v -0.0171126444 0.0177356992 -0.0670002103
v -0.017112704 0.0177356992 -0.0620002076
v -0.0177348871 0.0171134565 -0.0670002177
vn 0.707106769 -0.707106769 8.57868235e-06
f 2425//809 2426//809 2427//809
v -0.0177348871 0.0171134565 -0.0670002177
v -0.017112704 0.0177356992 -0.0620002076
v -0.0177349467 0.0171134565 -0.0620002151
vn 0.707106769 -0.707106769 8.57868235e-06
f 2428//810 2429//810 2430//810
v -0.0177348871 0.0171134565 -0.0670002177
v -0.0177349467 0.0171134565 -0.0620002151
v -0.0179626439 0.0162634552 -0.0670002177
vn 0.965925932 -0.258818656 1.17186992e-05
f 2431//811 2432//811 2433//811
v -0.0179626439 0.0162634552 -0.0670002177
v -0.0177349467 0.0171134565 -0.0620002151
v -0.0179627035 0.0162634552 -0.0620002188
vn 0.965925932 -0.258818656 1.17186992e-05
f 2434//812 2435//812 2436//812
v -0.0179626439 0.0162634552 -0.0670002177
v -0.0179627035 0.0162634552 -0.0620002188
v -0.0177348871 0.0154134557 -0.0670002177
vn 0.965925813 0.258819163 1.17186974e-05
f 2437//813 2438//813 2439//813
v -0.0177348871 0.0154134557 -0.0670002177
v -0.0179627035 0.0162634552 -0.0620002188
v -0.0177349467 0.0154134557 -0.0620002151
vn 0.965925813 0.258819163 1.17186974e-05
f 2440//814 2441//814 2442//814
v -0.0177348871 0.0154134557 -0.0670002177
v -0.0177349467 0.0154134557 -0.0620002151
v -0.0171126444 0.014791213 -0.0670002103
vn 0.707106769 0.707106769 8.57868235e-06
f 2443//815 2444//815 2445//815
v -0.0171126444 0.014791213 -0.0670002103
v -0.0177349467 0.0154134557 -0.0620002151
v -0.017112704 0.014791213 -0.0620002076
vn 0.707106769 0.707106769 8.57868235e-06
f 2446//816 2447//816 2448//816
v -0.0171126444 0.014791213 -0.0670002103
v -0.017112704 0.014791213 -0.0620002076
v -0.016262643 0.0145634562 -0.0670001954
vn 0.258818656 0.965925932 3.14001068e-06
f 2449//817 2450//817 2451//817
v -0.016262643 0.0145634562 -0.0670001954
v -0.017112704 0.014791213 -0.0620002076
v -0.0162627026 0.0145634562 -0.0620001964
vn 0.258818656 0.965925932 3.14001068e-06
f 2452//818 2453//818 2454//818
v -0.016262643 0.0145634562 -0.0670001954
v -0.0162627026 0.0145634562 -0.0620001964
v -0.0154126426 0.014791213 -0.0670001879
vn -0.258819163 0.965925813 -3.14001704e-06
f 2455//819 2456//819 2457//819
v -0.0154126426 0.014791213 -0.0670001879
v -0.0162627026 0.0145634562 -0.0620001964
v -0.0154127032 0.014791213 -0.0620001853
vn -0.258819163 0.965925813 -3.14001704e-06
f 2458//820 2459//820 2460//820
v -0.0154126426 0.014791213 -0.0670001879
v -0.0154127032 0.014791213 -0.0620001853
v -0.0147903999 0.0154134557 -0.0670001805
vn -0.707106769 0.707106769 -8.57868235e-06
f 2461//821 2462//821 2463//821
v -0.0147903999 0.0154134557 -0.0670001805
v -0.0154127032 0.014791213 -0.0620001853
v -0.0147904605 0.0154134557 -0.0620001778
vn -0.707106769 0.707106769 -8.57868235e-06
f 2464//822 2465//822 2466//822
v -0.0147903999 0.0154134557 -0.0670001805
v -0.0147904605 0.0154134557 -0.0620001778
v -0.0145626431 0.0162634552 -0.067000173
vn -0.965925813 0.258819163 -1.17186974e-05
f 2467//823 2468//823 2469//823
v -0.0145626431 0.0162634552 -0.067000173
v -0.0147904605 0.0154134557 -0.0620001778
v -0.0145627037 0.0162634552 -0.0620001778
vn -0.965925813 0.258819163 -1.17186974e-05
f 2470//824 2471//824 2472//824
v -0.0145626431 0.0162634552 -0.067000173
v -0.0145627037 0.0162634552 -0.0620001778
v -0.0147903999 0.0171134565 -0.0670001805
vn -0.965925932 -0.258818656 -1.17186992e-05
f 2473//825 2474//825 2475//825
v -0.0147903999 0.0171134565 -0.0670001805
v -0.0145627037 0.0162634552 -0.0620001778
v -0.0147904605 0.0171134565 -0.0620001778
vn -0.965925932 -0.258818656 -1.17186992e-05
f 2476//826 2477//826 2478//826
v -0.0147903999 0.0171134565 -0.0670001805
v -0.0147904605 0.0171134565 -0.0620001778
v -0.0154126426 0.0177356992 -0.0670001879
vn -0.707106769 -0.707106769 -8.57868235e-06
f 2479//827 2480//827 2481//827
v -0.0154126426 0.0177356992 -0.0670001879
v -0.0147904605 0.0171134565 -0.0620001778
v -0.0154127032 0.0177356992 -0.0620001853
vn -0.707106769 -0.707106769 -8.57868235e-06
f 2482//828 2483//828 2484//828
v -0.0154126426 0.0177356992 -0.0670001879
v -0.0154127032 0.0177356992 -0.0620001853
v -0.016262643 0.017963456 -0.0670001954
vn -0.258819163 -0.965925813 -3.14001704e-06
f 2485//829 2486//829 2487//829
v -0.016262643 0.017963456 -0.0670001954
v -0.0154127032 0.0177356992 -0.0620001853
v -0.0162627026 0.017963456 -0.0620001964
vn -0.258819163 -0.965925813 -3.14001704e-06
f 2488//830 2489//830 2490//830
v 0.0162642673 -0.0145634562 -0.0669998005
v 0.0162642077 -0.0145634562 -0.0619998015
v 0.0154142687 -0.014791213 -0.0669998154
vn 0.258819163 -0.965925813 3.14001704e-06
f 2491//831 2492//831 2493//831
v 0.0154142687 -0.014791213 -0.0669998154
v 0.0162642077 -0.0145634562 -0.0619998015
v 0.0154142082 -0.014791213 -0.0619998127
vn 0.258819163 -0.965925813 3.14001704e-06
f 2494//832 2495//832 2496//832
v 0.0154142687 -0.014791213 -0.0669998154
v 0.0154142082 -0.014791213 -0.0619998127
v 0.014792026 -0.0154134557 -0.0669998229
vn 0.707106769 -0.707106769 8.57868235e-06
f 2497//833 2498//833 2499//833
v 0.014792026 -0.0154134557 -0.0669998229
v 0.0154142082 -0.014791213 -0.0619998127
v 0.0147919655 -0.0154134557 -0.0619998202
vn 0.707106769 -0.707106769 8.57868235e-06
f 2500//834 2501//834 2502//834
v 0.014792026 -0.0154134557 -0.0669998229
v 0.0147919655 -0.0154134557 -0.0619998202
v 0.0145642692 -0.0162634552 -0.0669998229
vn 0.965925813 -0.258819163 1.17186974e-05
f 2503//835 2504//835 2505//835
v 0.0145642692 -0.0162634552 -0.0669998229
v 0.0147919655 -0.0154134557 -0.0619998202
v 0.0145642087 -0.0162634552 -0.0619998239
vn 0.965925813 -0.258819163 1.17186974e-05
f 2506//836 2507//836 2508//836
v 0.0145642692 -0.0162634552 -0.0669998229
v 0.0145642087 -0.0162634552 -0.0619998239
v 0.014792026 -0.0171134565 -0.0669998229
vn 0.965925932 0.258818656 1.17186992e-05
f 2509//837 2510//837 2511//837
v 0.014792026 -0.0171134565 -0.0669998229
v 0.0145642087 -0.0162634552 -0.0619998239
v 0.0147919655 -0.0171134565 -0.0619998202
vn 0.965925932 0.258818656 1.17186992e-05
f 2512//838 2513//838 2514//838
v 0.014792026 -0.0171134565 -0.0669998229
v 0.0147919655 -0.0171134565 -0.0619998202
v 0.0154142687 -0.0177356992 -0.0669998154
vn 0.707106769 0.707106769 8.57868235e-06
f 2515//839 2516//839 2517//839
v 0.0154142687 -0.0177356992 -0.0669998154
v 0.0147919655 -0.0171134565 -0.0619998202
v 0.0154142082 -0.0177356992 -0.0619998127
vn 0.707106769 0.707106769 8.57868235e-06
f 2518//840 2519//840 2520//840
v 0.0154142687 -0.0177356992 -0.0669998154
v 0.0154142082 -0.0177356992 -0.0619998127
v 0.0162642673 -0.017963456 -0.0669998005
vn 0.258819163 0.965925813 3.14001704e-06
f 2521//841 2522//841 2523//841
v 0.0162642673 -0.017963456 -0.0669998005
v 0.0154142082 -0.0177356992 -0.0619998127
v 0.0162642077 -0.017963456 -0.0619998015
vn 0.258819163 0.965925813 3.14001704e-06
f 2524//842 2525//842 2526//842
v 0.0162642673 -0.017963456 -0.0669998005
v 0.0162642077 -0.017963456 -0.0619998015
v 0.0171142686 -0.0177356992 -0.0669997931
vn -0.258818656 0.965925932 -3.14001068e-06
f 2527//843 2528//843 2529//843
v 0.0171142686 -0.0177356992 -0.0669997931
v 0.0162642077 -0.017963456 -0.0619998015
v 0.017114209 -0.0177356992 -0.0619997941
vn -0.258818656 0.965925932 -3.14001068e-06
f 2530//844 2531//844 2532//844
v 0.0171142686 -0.0177356992 -0.0669997931
v 0.017114209 -0.0177356992 -0.0619997941
v 0.0177365113 -0.0171134565 -0.0669997856
vn -0.707106769 0.707106769 -8.57868235e-06
f 2533//845 2534//845 2535//845
v 0.0177365113 -0.0171134565 -0.0669997856
v 0.017114209 -0.0177356992 -0.0619997941
v 0.0177364517 -0.0171134565 -0.0619997866
vn -0.707106769 0.707106769 -8.57868235e-06
f 2536//846 2537//846 2538//846
v 0.0177365113 -0.0171134565 -0.0669997856
v 0.0177364517 -0.0171134565 -0.0619997866
v 0.0179642681 -0.0162634552 -0.0669997856
vn -0.965925932 0.258818656 -1.17186992e-05
f 2539//847 2540//847 2541//847
v 0.0179642681 -0.0162634552 -0.0669997856
v 0.0177364517 -0.0171134565 -0.0619997866
v 0.0179642085 -0.0162634552 -0.0619997829
vn -0.965925932 0.258818656 -1.17186992e-05
f 2542//848 2543//848 2544//848
v 0.0179642681 -0.0162634552 -0.0669997856
v 0.0179642085 -0.0162634552 -0.0619997829
v 0.0177365113 -0.0154134557 -0.0669997856
vn -0.965925813 -0.258819163 -1.17186974e-05
f 2545//849 2546//849 2547//849
v 0.0177365113 -0.0154134557 -0.0669997856
v 0.0179642085 -0.0162634552 -0.0619997829
v 0.0177364517 -0.0154134557 -0.0619997866
vn -0.965925813 -0.258819163 -1.17186974e-05
f 2548//850 2549//850 2550//850
v 0.0177365113 -0.0154134557 -0.0669997856
v 0.0177364517 -0.0154134557 -0.0619997866
v 0.0171142686 -0.014791213 -0.0669997931
vn -0.707106769 -0.707106769 -8.57868235e-06
f 2551//851 2552//851 2553//851
v 0.0171142686 -0.014791213 -0.0669997931
v 0.0177364517 -0.0154134557 -0.0619997866
v 0.017114209 -0.014791213 -0.0619997941
vn -0.707106769 -0.707106769 -8.57868235e-06
f 2554//852 2555//852 2556//852
v 0.0171142686 -0.014791213 -0.0669997931
v 0.017114209 -0.014791213 -0.0619997941
v 0.0162642673 -0.0145634562 -0.0669998005
vn -0.258818656 -0.965925932 -3.14001068e-06
f 2557//853 2558//853 2559//853
v 0.0162642673 -0.0145634562 -0.0669998005
v 0.017114209 -0.014791213 -0.0619997941
v 0.0162642077 -0.0145634562 -0.0619998015
vn -0.258818656 -0.965925932 -3.14001068e-06
f 2560//854 2561//854 2562//854
v -0.016262643 -0.0145634562 -0.0670001954
v -0.0162627026 -0.0145634562 -0.0620001964
v -0.0171126444 -0.014791213 -0.0670002103
vn 0.258818656 -0.965925932 3.14001068e-06
f 2563//855 2564//855 2565//855
v -0.0171126444 -0.014791213 -0.0670002103
v -0.0162627026 -0.0145634562 -0.0620001964
v -0.017112704 -0.014791213 -0.0620002076
vn 0.258818656 -0.965925932 3.14001068e-06
f 2566//856 2567//856 2568//856
v -0.0171126444 -0.014791213 -0.0670002103
v -0.017112704 -0.014791213 -0.0620002076
v -0.0177348871 -0.0154134557 -0.0670002177
vn 0.707106769 -0.707106769 8.57868235e-06
f 2569//857 2570//857 2571//857
v -0.0177348871 -0.0154134557 -0.0670002177
v -0.017112704 -0.014791213 -0.0620002076
v -0.0177349467 -0.0154134557 -0.0620002151
vn 0.707106769 -0.707106769 8.57868235e-06
f 2572//858 2573//858 2574//858
v -0.0177348871 -0.0154134557 -0.0670002177
v -0.0177349467 -0.0154134557 -0.0620002151
v -0.0179626439 -0.0162634552 -0.0670002177
vn 0.965925813 -0.258819163 1.17186974e-05
f 2575//859 2576//859 2577//859
v -0.0179626439 -0.0162634552 -0.0670002177
v -0.0177349467 -0.0154134557 -0.0620002151
v -0.0179627035 -0.0162634552 -0.0620002188
vn 0.965925813 -0.258819163 1.17186974e-05
f 2578//860 2579//860 2580//860
v -0.0179626439 -0.0162634552 -0.0670002177
v -0.0179627035 -0.0162634552 -0.0620002188
v -0.0177348871 -0.0171134565 -0.0670002177
vn 0.965925932 0.258818656 1.17186992e-05
f 2581//861 2582//861 2583//861
v -0.0177348871 -0.0171134565 -0.0670002177
v -0.0179627035 -0.0162634552 -0.0620002188
v -0.0177349467 -0.0171134565 -0.0620002151
vn 0.965925932 0.258818656 1.17186992e-05
f 2584//862 2585//862 2586//862
v -0.0177348871 -0.0171134565 -0.0670002177
v -0.0177349467 -0.0171134565 -0.0620002151
v -0.0171126444 -0.0177356992 -0.0670002103
vn 0.707106769 0.707106769 8.57868235e-06
f 2587//863 2588//863 2589//863
v -0.0171126444 -0.0177356992 -0.0670002103
v -0.0177349467 -0.0171134565 -0.0620002151
v -0.017112704 -0.0177356992 -0.0620002076
vn 0.707106769 0.707106769 8.57868235e-06
f 2590//864 2591//864 2592//864
v -0.0171126444 -0.0177356992 -0.0670002103
v -0.017112704 -0.0177356992 -0.0620002076
v -0.016262643 -0.017963456 -0.0670001954
vn 0.258818656 0.965925932 3.14001068e-06
f 2593//865 2594//865 2595//865
v -0.016262643 -0.017963456 -0.0670001954
v -0.017112704 -0.0177356992 -0.0620002076
v -0.0162627026 -0.017963456 -0.0620001964
vn 0.258818656 0.965925932 3.14001068e-06
f 2596//866 2597//866 2598//866
v -0.016262643 -0.017963456 -0.0670001954
v -0.0162627026 -0.017963456 -0.0620001964
v -0.0154126426 -0.0177356992 -0.0670001879
vn -0.258819163 0.965925813 -3.14001704e-06
f 2599//867 2600//867 2601//867
v -0.0154126426 -0.0177356992 -0.0670001879
v -0.0162627026 -0.017963456 -0.0620001964
v -0.0154127032 -0.0177356992 -0.0620001853
vn -0.258819163 0.965925813 -3.14001704e-06
f 2602//868 2603//868 2604//868
v -0.0154126426 -0.0177356992 -0.0670001879
v -0.0154127032 -0.0177356992 -0.0620001853
v -0.0147903999 -0.0171134565 -0.0670001805
vn -0.707106769 0.707106769 -8.57868235e-06
f 2605//869 2606//869 2607//869
v -0.0147903999 -0.0171134565 -0.0670001805
v -0.0154127032 -0.0177356992 -0.0620001853
v -0.0147904605 -0.0171134565 -0.0620001778
vn -0.707106769 0.707106769 -8.57868235e-06
f 2608//870 2609//870 2610//870
v -0.0147903999 -0.0171134565 -0.0670001805
v -0.0147904605 -0.0171134565 -0.0620001778
v -0.0145626431 -0.0162634552 -0.067000173
vn -0.965925932 0.258818656 -1.17186992e-05
f 2611//871 2612//871 2613//871
v -0.0145626431 -0.0162634552 -0.067000173
v -0.0147904605 -0.0171134565 -0.0620001778
v -0.0145627037 -0.0162634552 -0.0620001778
vn -0.965925932 0.258818656 -1.17186992e-05
f 2614//872 2615//872 2616//872
v -0.0145626431 -0.0162634552 -0.067000173
v -0.0145627037 -0.0162634552 -0.0620001778
v -0.0147903999 -0.0154134557 -0.0670001805
vn -0.965925813 -0.258819163 -1.17186974e-05
f 2617//873 2618//873 2619//873
v -0.0147903999 -0.0154134557 -0.0670001805
v -0.0145627037 -0.0162634552 -0.0620001778
v -0.0147904605 -0.0154134557 -0.0620001778
vn -0.965925813 -0.258819163 -1.17186974e-05
f 2620//874 2621//874 2622//874
v -0.0147903999 -0.0154134557 -0.0670001805
v -0.0147904605 -0.0154134557 -0.0620001778
v -0.0154126426 -0.014791213 -0.0670001879
vn -0.707106769 -0.707106769 -8.57868235e-06
f 2623//875 2624//875 2625//875
v -0.0154126426 -0.014791213 -0.0670001879
v -0.0147904605 -0.0154134557 -0.0620001778
v -0.0154127032 -0.014791213 -0.0620001853
vn -0.707106769 -0.707106769 -8.57868235e-06
f 2626//876 2627//876 2628//876
v -0.0154126426 -0.014791213 -0.0670001879
v -0.0154127032 -0.014791213 -0.0620001853
v -0.016262643 -0.0145634562 -0.0670001954
vn -0.258819163 -0.965925813 -3.14001704e-06
f 2629//877 2630//877 2631//877
v -0.016262643 -0.0145634562 -0.0670001954
v -0.0154127032 -0.014791213 -0.0620001853
v -0.0162627026 -0.0145634562 -0.0620001964
vn -0.258819163 -0.965925813 -3.14001704e-06
f 2632//878 2633//878 2634//878
v 0.00188084773 0.0148817208 -0.0699999779
v 0.0055226814 0.0139466468 -0.0669999346
v 0.00552271772 0.0139466468 -0.0699999332
vn 0.248690054 0.968583107 3.01712976e-06
f 2635//879 2636//879 2637//879
v 0.00552271772 0.0139466468 -0.0699999332
v 0.0055226814 0.0139466468 -0.0669999346
v 0.0088175917 0.0121352552 -0.0669998899
vn 0.481753558 0.876306772 5.84467671e-06
f 2638//880 2639//880 2640//880
v 0.00552271772 0.0139466468 -0.0699999332
v 0.0088175917 0.0121352552 -0.0669998899
v 0.00881762803 0.0121352552 -0.069999896
vn 0.481753558 0.876306772 5.84467671e-06
f 2641//881 2642//881 2643//881
v 0.00881762803 0.0121352552 -0.069999896
v 0.0088175917 0.0121352552 -0.0669998899
v 0.0115585113 0.00956135988 -0.0669998601
vn 0.684547186 0.728968561 8.3049872e-06
f 2644//882 2645//882 2646//882
v 0.00881762803 0.0121352552 -0.069999896
v 0.0115585113 0.00956135988 -0.0669998601
v 0.0115585476 0.00956135988 -0.0699998587
vn 0.684547186 0.728968561 8.3049872e-06
f 2647//883 2648//883 2649//883
v 0.0115585476 0.00956135988 -0.0699998587
v 0.0115585113 0.00956135988 -0.0669998601
v 0.0135732191 0.00638668938 -0.0669998378
vn 0.844327867 0.535826921 1.02434606e-05
f 2650//884 2651//884 2652//884
v 0.0115585476 0.00956135988 -0.0699998587
v 0.0135732191 0.00638668938 -0.0669998378
v 0.0135732554 0.00638668938 -0.0699998364
vn 0.844327867 0.535826921 1.02434606e-05
f 2653//885 2654//885 2655//885
v 0.0135732554 0.00638668938 -0.0699998364
v 0.0135732191 0.00638668938 -0.0669998378
v 0.0147351222 0.00281071966 -0.0669998229
vn 0.95105648 0.309017032 1.15383018e-05
f 2656//886 2657//886 2658//886
v 0.0135732554 0.00638668938 -0.0699998364
v 0.0147351222 0.00281071966 -0.0669998229
v 0.0147351585 0.00281071966 -0.0699998215
vn 0.95105648 0.309017032 1.15383018e-05
f 2659//887 2660//887 2661//887
v 0.0147351585 0.00281071966 -0.0699998215
v 0.0147351222 0.00281071966 -0.0669998229
v 0.0149119571 -1.72713893e-15 -0.0669998154
vn 0.998026729 0.0627903044 1.21081484e-05
f 2662//888 2663//888 2664//888
v 0.0147351585 0.00281071966 -0.0699998215
v 0.0149119571 -1.72713893e-15 -0.0669998154
v 0.0149712507 -0.000941857812 -0.0699998215
vn 0.998026729 0.062790513 1.23069203e-05
f 2665//889 2666//889 2667//889
v -0.00187918567 0.0148817208 -0.067000024
v 8.12850715e-07 0.0148817208 -0.0670000017
v 0.00188084773 0.0148817208 -0.0699999779
vn 5.06886877e-15 1 2.49865075e-17
f 2668//890 2669//890 2670//890
v 0.00188084773 0.0148817208 -0.0699999779
v 8.12850715e-07 0.0148817208 -0.0670000017
v 0.00188081129 0.0148817208 -0.0669999793
vn 5.06886877e-15 1 2.49865075e-17
f 2671//891 2672//891 2673//891
v 0.00188084773 0.0148817208 -0.0699999779
v 0.00188081129 0.0148817208 -0.0669999793
v 0.0055226814 0.0139466468 -0.0669999346
vn 0.248690054 0.968583107 3.01712976e-06
f 2674//892 2675//892 2676//892
v -0.0147334598 0.00281071966 -0.0700001791
v -0.013571593 0.00638668938 -0.0670001656
v -0.0135715567 0.00638668938 -0.0700001642
vn -0.95105648 0.309017032 -1.15383018e-05
f 2677//893 2678//893 2679//893
v -0.0135715567 0.00638668938 -0.0700001642
v -0.013571593 0.00638668938 -0.0670001656
v -0.0115568852 0.00956135988 -0.0670001432
vn -0.844327867 0.535826921 -1.02434606e-05
f 2680//894 2681//894 2682//894
v -0.0135715567 0.00638668938 -0.0700001642
v -0.0115568852 0.00956135988 -0.0670001432
v -0.0115568489 0.00956135988 -0.0700001419
vn -0.844327867 0.535826921 -1.02434606e-05
f 2683//895 2684//895 2685//895
v -0.0115568489 0.00956135988 -0.0700001419
v -0.0115568852 0.00956135988 -0.0670001432
v -0.00881596562 0.0121352552 -0.067000106
vn -0.684547186 0.728968561 -8.3049872e-06
f 2686//896 2687//896 2688//896
v -0.0115568489 0.00956135988 -0.0700001419
v -0.00881596562 0.0121352552 -0.067000106
v -0.00881592929 0.0121352552 -0.0700001046
vn -0.684547186 0.728968561 -8.3049872e-06
f 2689//897 2690//897 2691//897
v -0.00881592929 0.0121352552 -0.0700001046
v -0.00881596562 0.0121352552 -0.067000106
v -0.00552105531 0.0139466468 -0.0670000687
vn -0.481753558 0.876306772 -5.84467671e-06
f 2692//898 2693//898 2694//898
v -0.00881592929 0.0121352552 -0.0700001046
v -0.00552105531 0.0139466468 -0.0670000687
v -0.00552101899 0.0139466468 -0.0700000674
vn -0.481753558 0.876306772 -5.84467671e-06
f 2695//899 2696//899 2697//899
v -0.00552101899 0.0139466468 -0.0700000674
v -0.00552105531 0.0139466468 -0.0670000687
v -0.00187918567 0.0148817208 -0.067000024
vn -0.248690054 0.968583107 -3.01712976e-06
f 2698//900 2699//900 2700//900
v -0.00552101899 0.0139466468 -0.0700000674
v -0.00187918567 0.0148817208 -0.067000024
v -0.00187914923 0.0148817208 -0.0700000226
vn -0.248690054 0.968583107 -3.01712976e-06
f 2701//901 2702//901 2703//901
v -0.00187914923 0.0148817208 -0.0700000226
v -0.00187918567 0.0148817208 -0.067000024
v 0.00188084773 0.0148817208 -0.0699999779
vn 5.06886877e-15 1 2.49865075e-17
f 2704//902 2705//902 2706//902
v 0.0149119571 -1.72713893e-15 -0.0669998154
v 0.0149712143 -0.000941857812 -0.0669998154
v 0.0149712507 -0.000941857812 -0.0699998215
vn 0.998026669 0.0627911463 1.21081484e-05
f 2707//903 2708//903 2709//903
v 0.0149712507 -0.000941857812 -0.0699998215
v 0.0149712143 -0.000941857812 -0.0669998154
v 0.0142666604 -0.00463525485 -0.0669998303
vn 0.982287228 -0.187381506 1.19171955e-05
f 2710//904 2711//904 2712//904
v 0.0149712507 -0.000941857812 -0.0699998215
v 0.0142666604 -0.00463525485 -0.0669998303
v 0.0142666968 -0.00463525485 -0.0699998289
vn 0.982287228 -0.187381506 1.19171955e-05
f 2713//905 2714//905 2715//905
v 0.0142666968 -0.00463525485 -0.0699998289
v 0.0142666604 -0.00463525485 -0.0669998303
v 0.0126657318 -0.00803740229 -0.0669998452
vn 0.904827118 -0.425779194 1.09774419e-05
f 2716//906 2717//906 2718//906
v 0.0142666968 -0.00463525485 -0.0699998289
v 0.0126657318 -0.00803740229 -0.0669998452
v 0.0126657682 -0.00803740229 -0.0699998438
vn 0.904827118 -0.425779194 1.09774419e-05
f 2719//907 2720//907 2721//907
v 0.0126657682 -0.00803740229 -0.0699998438
v 0.0126657318 -0.00803740229 -0.0669998452
v 0.0102690198 -0.0109345298 -0.066999875
vn 0.770513296 -0.637423933 9.34793479e-06
f 2722//908 2723//908 2724//908
v 0.0126657682 -0.00803740229 -0.0699998438
v 0.0102690198 -0.0109345298 -0.066999875
v 0.0102690561 -0.0109345298 -0.0699998736
vn 0.770513296 -0.637423933 9.34793479e-06
f 2725//909 2726//909 2727//909
v 0.0102690561 -0.0109345298 -0.0699998736
v 0.0102690198 -0.0109345298 -0.066999875
v 0.00722711813 -0.0131446002 -0.0669999123
vn 0.587785184 -0.809017062 7.13106147e-06
f 2728//910 2729//910 2730//910
v 0.0102690561 -0.0109345298 -0.0699998736
v 0.00722711813 -0.0131446002 -0.0669999123
v 0.00722715445 -0.0131446002 -0.0699999109
vn 0.587785184 -0.809017062 7.13106147e-06
f 2731//911 2732//911 2733//911
v 0.00722715445 -0.0131446002 -0.0699999109
v 0.00722711813 -0.0131446002 -0.0669999123
v 0.00373116112 -0.0145287476 -0.066999957
vn 0.368124604 -0.92977649 4.46612012e-06
f 2734//912 2735//912 2736//912
v 0.00722715445 -0.0131446002 -0.0699999109
v 0.00373116112 -0.0145287476 -0.066999957
v 0.00373119744 -0.0145287476 -0.0699999556
vn 0.368124604 -0.92977649 4.46612012e-06
f 2737//913 2738//913 2739//913
v 0.00373119744 -0.0145287476 -0.0699999556
v 0.00373116112 -0.0145287476 -0.066999957
v 8.12850715e-07 -0.0149999997 -0.0670000017
vn 0.125333086 -0.992114723 1.52055202e-06
f 2740//914 2741//914 2742//914
v 0.00373119744 -0.0145287476 -0.0699999556
v 8.12850715e-07 -0.0149999997 -0.0670000017
v 8.49246987e-07 -0.0149999997 -0.0700000003
vn 0.125333086 -0.992114723 1.52055202e-06
f 2743//915 2744//915 2745//915
v 8.49246987e-07 -0.0149999997 -0.0700000003
v 8.12850715e-07 -0.0149999997 -0.0670000017
v -0.0037295355 -0.0145287476 -0.0670000464
vn -0.125333086 -0.992114723 -1.52055202e-06
f 2746//916 2747//916 2748//916
v 8.49246987e-07 -0.0149999997 -0.0700000003
v -0.0037295355 -0.0145287476 -0.0670000464
v -0.00372949918 -0.0145287476 -0.070000045
vn -0.125333086 -0.992114723 -1.52055202e-06
f 2749//917 2750//917 2751//917
v -0.00372949918 -0.0145287476 -0.070000045
v -0.0037295355 -0.0145287476 -0.0670000464
v -0.00722549204 -0.0131446002 -0.0670000911
vn -0.368124604 -0.92977649 -4.46612012e-06
f 2752//918 2753//918 2754//918
v -0.00372949918 -0.0145287476 -0.070000045
v -0.00722549204 -0.0131446002 -0.0670000911
v -0.00722545572 -0.0131446002 -0.0700000897
vn -0.368124604 -0.92977649 -4.46612012e-06
f 2755//919 2756//919 2757//919
v -0.00722545572 -0.0131446002 -0.0700000897
v -0.00722549204 -0.0131446002 -0.0670000911
v -0.0102673937 -0.0109345298 -0.0670001209
vn -0.587785184 -0.809017062 -7.13106147e-06
f 2758//920 2759//920 2760//920
v -0.00722545572 -0.0131446002 -0.0700000897
v -0.0102673937 -0.0109345298 -0.0670001209
v -0.0102673573 -0.0109345298 -0.070000127
vn -0.587785184 -0.809017062 -7.13106147e-06
f 2761//921 2762//921 2763//921
v -0.0102673573 -0.0109345298 -0.070000127
v -0.0102673937 -0.0109345298 -0.0670001209
v -0.0126641057 -0.00803740229 -0.0670001507
vn -0.770513296 -0.637423933 -9.34793479e-06
f 2764//922 2765//922 2766//922
v -0.0102673573 -0.0109345298 -0.070000127
v -0.0126641057 -0.00803740229 -0.0670001507
v -0.0126640694 -0.00803740229 -0.0700001568
vn -0.770513296 -0.637423933 -9.34793479e-06
f 2767//923 2768//923 2769//923
v -0.0126640694 -0.00803740229 -0.0700001568
v -0.0126641057 -0.00803740229 -0.0670001507
v -0.0142650343 -0.00463525485 -0.067000173
vn -0.904827118 -0.425779194 -1.09774419e-05
f 2770//924 2771//924 2772//924
v -0.0126640694 -0.00803740229 -0.0700001568
v -0.0142650343 -0.00463525485 -0.067000173
v -0.014264998 -0.00463525485 -0.0700001717
vn -0.904827118 -0.425779194 -1.09774419e-05
f 2773//925 2774//925 2775//925
v -0.014264998 -0.00463525485 -0.0700001717
v -0.0142650343 -0.00463525485 -0.067000173
v -0.0149695883 -0.000941857812 -0.0670001805
vn -0.982287228 -0.187381506 -1.19171955e-05
f 2776//926 2777//926 2778//926
v -0.014264998 -0.00463525485 -0.0700001717
v -0.0149695883 -0.000941857812 -0.0670001805
v -0.0149695519 -0.000941857812 -0.0700001791
vn -0.982287228 -0.187381506 -1.19171955e-05
f 2779//927 2780//927 2781//927
v -0.0149695519 -0.000941857812 -0.0700001791
v -0.0149695883 -0.000941857812 -0.0670001805
v -0.014910331 -1.5764073e-15 -0.0670001805
vn -0.998026669 0.0627911463 -1.21081484e-05
f 2782//928 2783//928 2784//928
v -0.0149695519 -0.000941857812 -0.0700001791
v -0.014910331 -1.5764073e-15 -0.0670001805
v -0.0147334598 0.00281071966 -0.0700001791
vn -0.998026729 0.062790513 -1.19093766e-05
f 2785//929 2786//929 2787//929
v -0.0147334598 0.00281071966 -0.0700001791
v -0.014910331 -1.5764073e-15 -0.0670001805
v -0.0147334961 0.00281071966 -0.0670001805
vn -0.998026729 0.0627903044 -1.21081484e-05
f 2788//930 2789//930 2790//930
v -0.0147334598 0.00281071966 -0.0700001791
v -0.0147334961 0.00281071966 -0.0670001805
v -0.013571593 0.00638668938 -0.0670001656
vn -0.95105648 0.309017032 -1.15383018e-05
f 2791//931 2792//931 2793//931
v -0.0169991888 0.0199999996 -0.0670002028
v -0.0169992484 0.0199999996 -0.0620002076
v 8.12850715e-07 0.0199999996 -0.0670000017
vn 5.06886877e-15 1 2.49865075e-17
f 2794//932 2795//932 2796//932
v 8.12850715e-07 0.0199999996 -0.0670000017
v -0.0169992484 0.0199999996 -0.0620002076
v -0.00941624213 0.0199999996 -0.0620001145
vn 5.06886877e-15 1 2.49865075e-17
f 2797//933 2798//933 2799//933
v 8.12850715e-07 0.0199999996 -0.0670000017
v -0.00941624213 0.0199999996 -0.0620001145
v -0.00941695832 0.0199999996 -0.00300011132
vn 5.06886877e-15 1 2.49865075e-17
f 2800//934 2801//934 2802//934
v 0.0170007534 0.0199999996 -0.0619997941
v 0.017000813 0.0199999996 -0.0669997931
v 0.00941774715 0.0199999996 -0.0619998872
vn 5.06886877e-15 1 2.49865075e-17
f 2803//935 2804//935 2805//935
v 0.00941774715 0.0199999996 -0.0619998872
v 0.017000813 0.0199999996 -0.0669997931
v 8.12850715e-07 0.0199999996 -0.0670000017
vn 5.06886877e-15 1 2.49865075e-17
f 2806//936 2807//936 2808//936
v 0.00941774715 0.0199999996 -0.0619998872
v 8.12850715e-07 0.0199999996 -0.0670000017
v 0.00941703096 0.0199999996 -0.00299988268
vn 5.06886877e-15 1 2.49865075e-17
f 2809//937 2810//937 2811//937
v 0.00941703096 0.0199999996 -0.00299988268
v 8.12850715e-07 0.0199999996 -0.0670000017
v -0.00941695832 0.0199999996 -0.00300011132
vn 5.06886877e-15 1 2.49865075e-17
f 2812//938 2813//938 2814//938
v 0.0123033049 0.0178181827 -0.00299984775
v 0.012304021 0.0178181827 -0.06199985
v 0.0119030839 0.0186791494 -0.00299985264
vn 0.906813204 0.42153272 1.1001538e-05
f 2815//939 2816//939 2817//939
v 0.0119030839 0.0186791494 -0.00299985264
v 0.012304021 0.0178181827 -0.06199985
v 0.0116972271 0.0189503767 -0.0619998574
vn 0.881394863 0.472379357 -0.000903716835
f 2818//940 2819//940 2820//940
v 0.0119030839 0.0186791494 -0.00299985264
v 0.0116972271 0.0189503767 -0.0619998574
v 0.0116703017 0.018925624 -0.00299985544
vn 0.727011919 0.686624527 0.000619841565
f 2821//941 2822//941 2823//941
v 0.0116703017 0.018925624 -0.00299985544
v 0.0116972271 0.0189503767 -0.0619998574
v 0.0112353796 0.0193861276 -0.00299986056
vn 0.727011442 0.686625063 0.000619841565
f 2824//942 2825//942 2826//942
v 0.0112353796 0.0193861276 -0.00299986056
v 0.0116972271 0.0189503767 -0.0619998574
v 0.0106725115 0.0197249893 -0.0619998723
vn 0.603022516 0.797723293 -0.001171262
f 2827//943 2828//943 2829//943
v 0.0112353796 0.0193861276 -0.00299986056
v 0.0106725115 0.0197249893 -0.0619998723
v 0.0106554599 0.0196942426 -0.00299986778
vn 0.469193995 0.883094907 0.000595805992
f 2830//944 2831//944 2832//944
v 0.0106554599 0.0196942426 -0.00299986778
v 0.0106725115 0.0197249893 -0.0619998723
v 0.0103766182 0.0198423918 -0.00299987104
vn 0.469191074 0.883096457 0.000595805992
f 2833//945 2834//945 2835//945
v 0.0103766182 0.0198423918 -0.00299987104
v 0.0106725115 0.0197249893 -0.0619998723
v 0.00941774715 0.0199999996 -0.0619998872
vn 0.214090943 0.976813316 -0.000870040036
f 2836//946 2837//946 2838//946
v 0.0103766182 0.0198423918 -0.00299987104
v 0.00941774715 0.0199999996 -0.0619998872
v 0.00941703096 0.0199999996 -0.00299988268
vn 0.162073776 0.986778617 1.96629344e-06
f 2839//947 2840//947 2841//947
v 0.0162642673 0.017963456 -0.0669998005
v 0.0162642077 0.017963456 -0.0619998015
v 0.0154142687 0.0177356992 -0.0669998154
vn 0.258819163 -0.965925813 3.14001704e-06
f 2842//948 2843//948 2844//948
v 0.0154142687 0.0177356992 -0.0669998154
v 0.0162642077 0.017963456 -0.0619998015
v 0.0154142082 0.0177356992 -0.0619998127
vn 0.258819163 -0.965925813 3.14001704e-06
f 2845//949 2846//949 2847//949
v 0.0154142687 0.0177356992 -0.0669998154
v 0.0154142082 0.0177356992 -0.0619998127
v 0.014792026 0.0171134565 -0.0669998229
vn 0.707106769 -0.707106769 8.57868235e-06
f 2848//950 2849//950 2850//950
v 0.014792026 0.0171134565 -0.0669998229
v 0.0154142082 0.0177356992 -0.0619998127
v 0.0147919655 0.0171134565 -0.0619998202
vn 0.707106769 -0.707106769 8.57868235e-06
f 2851//951 2852//951 2853//951
v 0.014792026 0.0171134565 -0.0669998229
v 0.0147919655 0.0171134565 -0.0619998202
v 0.0145642692 0.0162634552 -0.0669998229
vn 0.965925932 -0.258818656 1.17186992e-05
f 2854//952 2855//952 2856//952
v 0.0145642692 0.0162634552 -0.0669998229
v 0.0147919655 0.0171134565 -0.0619998202
v 0.0145642087 0.0162634552 -0.0619998239
vn 0.965925932 -0.258818656 1.17186992e-05
f 2857//953 2858//953 2859//953
v 0.0145642692 0.0162634552 -0.0669998229
v 0.0145642087 0.0162634552 -0.0619998239
v 0.014792026 0.0154134557 -0.0669998229
vn 0.965925813 0.258819163 1.17186974e-05
f 2860//954 2861//954 2862//954
v 0.014792026 0.0154134557 -0.0669998229
v 0.0145642087 0.0162634552 -0.0619998239
v 0.0147919655 0.0154134557 -0.0619998202
vn 0.965925813 0.258819163 1.17186974e-05
f 2863//955 2864//955 2865//955
v 0.014792026 0.0154134557 -0.0669998229
v 0.0147919655 0.0154134557 -0.0619998202
v 0.0154142687 0.014791213 -0.0669998154
vn 0.707106769 0.707106769 8.57868235e-06
f 2866//956 2867//956 2868//956
v 0.0154142687 0.014791213 -0.0669998154
v 0.0147919655 0.0154134557 -0.0619998202
v 0.0154142082 0.014791213 -0.0619998127
vn 0.707106769 0.707106769 8.57868235e-06
f 2869//957 2870//957 2871//957
v 0.0154142687 0.014791213 -0.0669998154
v 0.0154142082 0.014791213 -0.0619998127
v 0.0162642673 0.0145634562 -0.0669998005
vn 0.258819163 0.965925813 3.14001704e-06
f 2872//958 2873//958 2874//958
v 0.0162642673 0.0145634562 -0.0669998005
v 0.0154142082 0.014791213 -0.0619998127
v 0.0162642077 0.0145634562 -0.0619998015
vn 0.258819163 0.965925813 3.14001704e-06
f 2875//959 2876//959 2877//959
v 0.0162642673 0.0145634562 -0.0669998005
v 0.0162642077 0.0145634562 -0.0619998015
v 0.0171142686 0.014791213 -0.0669997931
vn -0.258818656 0.965925932 -3.14001068e-06
f 2878//960 2879//960 2880//960
v 0.0171142686 0.014791213 -0.0669997931
v 0.0162642077 0.0145634562 -0.0619998015
v 0.017114209 0.014791213 -0.0619997941
vn -0.258818656 0.965925932 -3.14001068e-06
f 2881//961 2882//961 2883//961
v 0.0171142686 0.014791213 -0.0669997931
v 0.017114209 0.014791213 -0.0619997941
v 0.0177365113 0.0154134557 -0.0669997856
vn -0.707106769 0.707106769 -8.57868235e-06
f 2884//962 2885//962 2886//962
v 0.0177365113 0.0154134557 -0.0669997856
v 0.017114209 0.014791213 -0.0619997941
v 0.0177364517 0.0154134557 -0.0619997866
vn -0.707106769 0.707106769 -8.57868235e-06
f 2887//963 2888//963 2889//963
v 0.0177365113 0.0154134557 -0.0669997856
v 0.0177364517 0.0154134557 -0.0619997866
v 0.0179642681 0.0162634552 -0.0669997856
vn -0.965925813 0.258819163 -1.17186974e-05
f 2890//964 2891//964 2892//964
v 0.0179642681 0.0162634552 -0.0669997856
v 0.0177364517 0.0154134557 -0.0619997866
v 0.0179642085 0.0162634552 -0.0619997829
vn -0.965925813 0.258819163 -1.17186974e-05
f 2893//965 2894//965 2895//965
v 0.0179642681 0.0162634552 -0.0669997856
v 0.0179642085 0.0162634552 -0.0619997829
v 0.0177365113 0.0171134565 -0.0669997856
vn -0.965925932 -0.258818656 -1.17186992e-05
f 2896//966 2897//966 2898//966
v 0.0177365113 0.0171134565 -0.0669997856
v 0.0179642085 0.0162634552 -0.0619997829
v 0.0177364517 0.0171134565 -0.0619997866
vn -0.965925932 -0.258818656 -1.17186992e-05
f 2899//967 2900//967 2901//967
v 0.0177365113 0.0171134565 -0.0669997856
v 0.0177364517 0.0171134565 -0.0619997866
v 0.0171142686 0.0177356992 -0.0669997931
vn -0.707106769 -0.707106769 -8.57868235e-06
f 2902//968 2903//968 2904//968
v 0.0171142686 0.0177356992 -0.0669997931
v 0.0177364517 0.0171134565 -0.0619997866
v 0.017114209 0.0177356992 -0.0619997941
vn -0.707106769 -0.707106769 -8.57868235e-06
f 2905//969 2906//969 2907//969
v 0.0171142686 0.0177356992 -0.0669997931
v 0.017114209 0.0177356992 -0.0619997941
v 0.0162642673 0.017963456 -0.0669998005
vn -0.258818656 -0.965925932 -3.14001068e-06
f 2908//970 2909//970 2910//970
v 0.0162642673 0.017963456 -0.0669998005
v 0.017114209 0.0177356992 -0.0619997941
v 0.0162642077 0.017963456 -0.0619998015
vn -0.258818656 -0.965925932 -3.14001068e-06
f 2911//971 2912//971 2913//971
v 0.0123033049 0.0178181827 -0.00299984775
v 0.0126694804 0.0167964157 -0.00299984333
v 0.012304021 0.0178181827 -0.06199985
vn 0.941374004 0.337364703 1.14208324e-05
f 2914//972 2915//972 2916//972
v 0.012304021 0.0178181827 -0.06199985
v 0.0126694804 0.0167964157 -0.00299984333
v 0.0133914938 0.0154914344 -0.00299983448
vn 0.874999285 0.484115154 0.00296399789
f 2917//973 2918//973 2919//973
v 0.012304021 0.0178181827 -0.06199985
v 0.0133914938 0.0154914344 -0.00299983448
v 0.0134696793 0.0153799271 -0.0619998351
vn 0.902200997 0.43131572 0.000380403566
f 2920//974 2921//974 2922//974
v 0.0167964529 0.0126694441 -0.00299979327
v 0.01781822 0.0123032685 -0.0029997807
v 0.0178189352 0.0123032685 -0.0619997829
vn 0.337364703 0.941374004 4.09293852e-06
f 2923//975 2924//975 2925//975
v 0.0133914938 0.0154914344 -0.00299983448
v 0.0134778237 0.0153872706 -0.00299983355
v 0.0134696793 0.0153799271 -0.0619998351
vn 0.769938946 0.638117552 -0.000185711993
f 2926//976 2927//976 2928//976
v 0.0134696793 0.0153799271 -0.0619998351
v 0.0134778237 0.0153872706 -0.00299983355
v 0.0143431816 0.0143431453 -0.00299982284
vn 0.76993984 0.638116479 -0.000185711993
f 2929//977 2930//977 2931//977
v 0.0134696793 0.0153799271 -0.0619998351
v 0.0143431816 0.0143431453 -0.00299982284
v 0.0153806796 0.0134689268 -0.0619998127
vn 0.707105398 0.707105458 0.00195687311
f 2932//978 2933//978 2934//978
v 0.0153806796 0.0134689268 -0.0619998127
v 0.0143431816 0.0143431453 -0.00299982284
v 0.0153873069 0.0134777874 -0.00299981027
vn 0.638116479 0.76993984 -0.000187311278
f 2935//979 2936//979 2937//979
v 0.0153806796 0.0134689268 -0.0619998127
v 0.0153873069 0.0134777874 -0.00299981027
v 0.0178189352 0.0123032685 -0.0619997829
vn 0.43131575 0.902200997 -0.000183943557
f 2938//980 2939//980 2940//980
v 0.0178189352 0.0123032685 -0.0619997829
v 0.0153873069 0.0134777874 -0.00299981027
v 0.0154914707 0.0133914575 -0.0029998091
vn 0.638079107 0.769892633 0.0109714875
f 2941//981 2942//981 2943//981
v 0.0178189352 0.0123032685 -0.0619997829
v 0.0154914707 0.0133914575 -0.0029998091
v 0.0167964529 0.0126694441 -0.00299979327
vn 0.484115124 0.874999285 0.00295925559
f 2944//982 2945//982 2946//982
v 0.0177884046 -0.0121981315 -0.00220189104
v 0.0181817524 -0.0119030476 -0.00180685648
v 0.0177008659 -0.0118893487 -0.00151983614
vn 0.229151323 -0.875363588 0.425709158
f 2947//983 2948//983 2949//983
v 0.0177884046 -0.0121981315 -0.00220189104
v 0.0177892093 -0.0122009721 -0.00220816443
v 0.0185498409 -0.0119030476 -0.00235353829
vn 0.399445534 -0.814798653 0.420174271
f 2950//984 2951//984 2952//984
v 0.0185498409 -0.0119030476 -0.00235353829
v 0.0177892093 -0.0122009721 -0.00220816443
v 0.0178046618 -0.0122554656 -0.00262985961
vn 0.383302748 -0.914116859 0.132171944
f 2953//985 2954//985 2955//985
v 0.0185498409 -0.0119030476 -0.00235353829
v 0.0178046618 -0.0122554656 -0.00262985961
v 0.01781822 -0.0123032685 -0.0029997807
vn 0.383302033 -0.914116859 0.132173896
f 2956//986 2957//986 2958//986
v 0.0176741183 -0.011795002 -0.00131144375
v 0.0178975351 -0.0112353433 -0.00078888709
v 0.0176694095 -0.0117783993 -0.00127477199
vn 0.690859377 -0.621187866 0.369917512
f 2959//987 2960//987 2961//987
v 0.0176694095 -0.0117783993 -0.00127477199
v 0.0178975351 -0.0112353433 -0.00078888709
v 0.0175112858 -0.011220606 -0.00069499953
vn 0.145233348 -0.692906618 0.706248999
f 2962//988 2963//988 2964//988
v 0.0175112858 -0.011220606 -0.00069499953
v 0.0178975351 -0.0112353433 -0.00078888709
v 0.017470466 -0.011076618 -0.000545340241
vn 0.145235211 -0.692899525 0.706255615
f 2965//989 2966//989 2967//989
v 0.017470466 -0.011076618 -0.000545340241
v 0.0178975351 -0.0112353433 -0.00078888709
v 0.0180691499 -0.0103765819 -0.0003661316
vn 0.299565464 -0.468903601 0.830897093
f 2968//990 2969//990 2970//990
v 0.017470466 -0.011076618 -0.000545340241
v 0.0180691499 -0.0103765819 -0.0003661316
v 0.0172691382 -0.0103664165 -0.000197981717
vn 0.184748888 -0.389041513 0.902504623
f 2971//991 2972//991 2973//991
v 0.0172691382 -0.0103664165 -0.000197981717
v 0.0180691499 -0.0103765819 -0.0003661316
v 0.0172158983 -0.0101786051 -0.000106116706
vn 0.184746221 -0.389068365 0.902493596
f 2974//992 2975//992 2976//992
v 0.0172158983 -0.0101786051 -0.000106116706
v 0.0180691499 -0.0103765819 -0.0003661316
v 0.0181284323 -0.00941699464 -0.000220092057
vn 0.253371119 -0.160828039 0.953906417
f 2977//993 2978//993 2979//993
v 0.0172158983 -0.0101786051 -0.000106116706
v 0.0181284323 -0.00941699464 -0.000220092057
v 0.0170000009 -0.00941699464 2.07914098e-07
vn 0.190957367 -0.0824206471 0.97813195
f 2980//994 2981//994 2982//994
v 0.01781822 -0.0123032685 -0.0029997807
v 0.0186791867 -0.0119030476 -0.00299977046
v 0.0185498409 -0.0119030476 -0.00235353829
vn 0.420039535 -0.903603196 0.0840715617
f 2983//995 2984//995 2985//995
v 0.0185498409 -0.0119030476 -0.00235353829
v 0.0186791867 -0.0119030476 -0.00299977046
v 0.0189256612 -0.0116702653 -0.00299976743
vn 0.6802302 -0.720243216 0.136149123
f 2986//996 2987//996 2988//996
v 0.0185498409 -0.0119030476 -0.00235353829
v 0.0189256612 -0.0116702653 -0.00299976743
v 0.0192023627 -0.0112353433 -0.00208144262
vn 0.680230081 -0.720243335 0.136149019
f 2989//997 2990//997 2991//997
v 0.0177884046 -0.0121981315 -0.00220189104
v 0.0185498409 -0.0119030476 -0.00235353829
v 0.0181817524 -0.0119030476 -0.00180685648
vn 0.393877625 -0.880072296 0.265204012
f 2992//998 2993//998 2994//998
v 0.0181817524 -0.0119030476 -0.00180685648
v 0.0185498409 -0.0119030476 -0.00235353829
v 0.0192023627 -0.0112353433 -0.00208144262
vn 0.575438976 -0.720243573 0.387452126
f 2995//999 2996//999 2997//999
v 0.0181817524 -0.0119030476 -0.00180685648
v 0.0192023627 -0.0112353433 -0.00208144262
v 0.0186792929 -0.0112353433 -0.00130459189
vn 0.575438917 -0.720242798 0.387453735
f 2998//1000 2999//1000 3000//1000
v 0.0186792929 -0.0112353433 -0.00130459189
v 0.0192023627 -0.0112353433 -0.00208144262
v 0.0196234807 -0.0103765819 -0.00190584233
vn 0.735648453 -0.462032169 0.495325804
f 3001//1001 3002//1001 3003//1001
v 0.0186792929 -0.0112353433 -0.00130459189
v 0.0196234807 -0.0103765819 -0.00190584233
v 0.0190003924 -0.0103765819 -0.000980443088
vn 0.735648453 -0.462032288 0.495325685
f 3004//1002 3005//1002 3006//1002
v 0.0189256612 -0.0116702653 -0.00299976743
v 0.0193861648 -0.0112353433 -0.00299976184
v 0.0192023627 -0.0112353433 -0.00208144262
vn 0.680230737 -0.720242798 0.136148557
f 3007//1003 3008//1003 3009//1003
v 0.0192023627 -0.0112353433 -0.00208144262
v 0.0193861648 -0.0112353433 -0.00299976184
v 0.0196942799 -0.0106554236 -0.00299975812
vn 0.869615138 -0.462033242 0.174053952
f 3010//1004 3011//1004 3012//1004
v 0.0192023627 -0.0112353433 -0.00208144262
v 0.0196942799 -0.0106554236 -0.00299975812
v 0.0196234807 -0.0103765819 -0.00190584233
vn 0.869615257 -0.462032914 0.174054205
f 3013//1005 3014//1005 3015//1005
v 0.0196234807 -0.0103765819 -0.00190584233
v 0.0196942799 -0.0106554236 -0.00299975812
v 0.0198424291 -0.0103765819 -0.00299975625
vn 0.869616747 -0.462030381 0.174053669
f 3016//1006 3017//1006 3018//1006
v 0.0196234807 -0.0103765819 -0.00190584233
v 0.0198424291 -0.0103765819 -0.00299975625
v 0.0200000368 -0.00941699464 -0.00299975439
vn 0.968077958 -0.159002662 0.193760663
f 3019//1007 3020//1007 3021//1007
v 0.0200000368 -0.00941699464 -0.00299975439
v 0.0197689477 -0.00941699464 -0.0018451853
v 0.0196234807 -0.0103765819 -0.00190584233
vn 0.968077958 -0.15900135 0.193761811
f 3022//1008 3023//1008 3024//1008
v 0.0196234807 -0.0103765819 -0.00190584233
v 0.0197689477 -0.00941699464 -0.0018451853
v 0.0195556246 -0.00941699464 -0.00152835948
vn 0.818944156 -0.159001037 0.551406503
f 3025//1009 3026//1009 3027//1009
v 0.0196234807 -0.0103765819 -0.00190584233
v 0.0195556246 -0.00941699464 -0.00152835948
v 0.0190003924 -0.0103765819 -0.000980443088
vn 0.818942308 -0.15900214 0.551408947
f 3028//1010 3029//1010 3030//1010
v 0.0190003924 -0.0103765819 -0.000980443088
v 0.0195556246 -0.00941699464 -0.00152835948
v 0.0191113111 -0.00941699464 -0.000868474366
vn 0.818941712 -0.159001127 0.551410139
f 3031//1011 3032//1011 3033//1011
v 0.0190003924 -0.0103765819 -0.000980443088
v 0.0191113111 -0.00941699464 -0.000868474366
v 0.0184708107 -0.00941699464 -0.000445952261
vn 0.543648362 -0.159000695 0.824114799
f 3034//1012 3035//1012 3036//1012
v 0.0177008659 -0.0118893487 -0.00151983614
v 0.0181817524 -0.0119030476 -0.00180685648
v 0.0176741183 -0.011795002 -0.00131144375
vn 0.229157418 -0.875357151 0.425719053
f 3037//1013 3038//1013 3039//1013
v 0.0176741183 -0.011795002 -0.00131144375
v 0.0181817524 -0.0119030476 -0.00180685648
v 0.0186792929 -0.0112353433 -0.00130459189
vn 0.398237824 -0.722180068 0.565563977
f 3040//1014 3041//1014 3042//1014
v 0.0176741183 -0.011795002 -0.00131144375
v 0.0186792929 -0.0112353433 -0.00130459189
v 0.0178975351 -0.0112353433 -0.00078888709
vn 0.389521778 -0.706830621 0.590477169
f 3043//1015 3044//1015 3045//1015
v 0.0178975351 -0.0112353433 -0.00078888709
v 0.0186792929 -0.0112353433 -0.00130459189
v 0.0190003924 -0.0103765819 -0.000980443088
vn 0.488352835 -0.462032557 0.740295529
f 3046//1016 3047//1016 3048//1016
v 0.0178975351 -0.0112353433 -0.00078888709
v 0.0190003924 -0.0103765819 -0.000980443088
v 0.0180691499 -0.0103765819 -0.0003661316
vn 0.488351345 -0.462030083 0.740298033
f 3049//1017 3050//1017 3051//1017
v 0.0180691499 -0.0103765819 -0.0003661316
v 0.0190003924 -0.0103765819 -0.000980443088
v 0.0184708107 -0.00941699464 -0.000445952261
vn 0.543644071 -0.159004271 0.824116945
f 3052//1018 3053//1018 3054//1018
v 0.0180691499 -0.0103765819 -0.0003661316
v 0.0184708107 -0.00941699464 -0.000445952261
v 0.0181284323 -0.00941699464 -0.000220092057
vn 0.543651462 -0.159007818 0.824111402
f 3055//1019 3056//1019 3057//1019
v 0.0195555054 0.00941699464 -0.00152821792
v 0.0197716616 0.00941699464 -0.001851712
v 0.0196260493 0.0103765819 -0.0019120262
vn 0.820881426 0.159039825 0.548507035
f 3058//1020 3059//1020 3060//1020
v 0.0180877391 0.0103765819 -0.000373753341
v 0.0172691382 0.0103664165 -0.000197981717
v 0.0172158983 0.0101786051 -0.000106116706
vn 0.188907385 0.387745798 0.902201295
f 3061//1021 3062//1021 3063//1021
v 0.0176762715 0.011802597 -0.00132822245
v 0.0176694095 0.0117783993 -0.00127477199
v 0.0179131404 0.0112353433 -0.000795286964
vn 0.676973104 0.633962452 0.373897076
f 3064//1022 3065//1022 3066//1022
v 0.0179131404 0.0112353433 -0.000795286964
v 0.0176694095 0.0117783993 -0.00127477199
v 0.0175112858 0.011220606 -0.00069499953
vn 0.150941119 0.691488862 0.7064417
f 3067//1023 3068//1023 3069//1023
v 0.0179131404 0.0112353433 -0.000795286964
v 0.0175112858 0.011220606 -0.00069499953
v 0.0180877391 0.0103765819 -0.000373753341
vn 0.198420435 0.464092225 0.863277316
f 3070//1024 3071//1024 3072//1024
v 0.0180877391 0.0103765819 -0.000373753341
v 0.0175112858 0.011220606 -0.00069499953
v 0.017470466 0.011076618 -0.000545340241
vn 0.461592108 0.573009074 0.677195191
f 3073//1025 3074//1025 3075//1025
v 0.0180877391 0.0103765819 -0.000373753341
v 0.017470466 0.011076618 -0.000545340241
v 0.0172691382 0.0103664165 -0.000197981717
vn 0.188910067 0.387718946 0.902212262
f 3076//1026 3077//1026 3078//1026
v 0.0176762715 0.011802597 -0.00132822245
v 0.018687265 0.0112353433 -0.00131252664
v 0.0177008659 0.0118893487 -0.00151983614
vn 0.43990165 0.795547307 0.416642576
f 3079//1027 3080//1027 3081//1027
v 0.0177008659 0.0118893487 -0.00151983614
v 0.018687265 0.0112353433 -0.00131252664
v 0.0181873608 0.0119030476 -0.0018124443
vn 0.345789105 0.714373767 0.608358502
f 3082//1028 3083//1028 3084//1028
v 0.0177008659 0.0118893487 -0.00151983614
v 0.0181873608 0.0119030476 -0.0018124443
v 0.0177892707 0.0122011853 -0.00220981846
vn 0.231054559 0.875146687 0.425125897
f 3085//1029 3086//1029 3087//1029
v 0.018551359 0.0119030476 -0.00235718908
v 0.017804753 0.0122557823 -0.00263231085
v 0.0177892707 0.0122011853 -0.00220981846
vn 0.383191019 0.914163232 0.132175148
f 3088//1030 3089//1030 3090//1030
v 0.0197716616 0.00941699464 -0.001851712
v 0.0200000368 0.00941699464 -0.00299975439
v 0.0198424291 0.0103765819 -0.00299975625
vn 0.968299806 0.159039095 0.192618966
f 3091//1031 3092//1031 3093//1031
v 0.0184715483 0.00941699464 -0.000444290781
v 0.0180877391 0.0103765819 -0.000373753341
v 0.0181480516 0.00941699464 -0.000228138451
vn 0.548497856 0.159042001 0.820887208
f 3094//1032 3095//1032 3096//1032
v 0.0181480516 0.00941699464 -0.000228138451
v 0.0180877391 0.0103765819 -0.000373753341
v 0.0172158983 0.0101786051 -0.000106116706
vn 0.256107718 0.160741135 0.953189969
f 3097//1033 3098//1033 3099//1033
v 0.0181480516 0.00941699464 -0.000228138451
v 0.0172158983 0.0101786051 -0.000106116706
v 0.0170000009 0.00941699464 2.07914098e-07
vn 0.194431141 0.0813528374 0.977536798
f 3100//1034 3101//1034 3102//1034
v 0.0197716616 0.00941699464 -0.001851712
v 0.0198424291 0.0103765819 -0.00299975625
v 0.0196260493 0.0103765819 -0.0019120262
vn 0.968299329 0.15904057 0.192620158
f 3103//1035 3104//1035 3105//1035
v 0.0196260493 0.0103765819 -0.0019120262
v 0.0198424291 0.0103765819 -0.00299975625
v 0.0196942799 0.0106554236 -0.00299975812
vn 0.869777322 0.462115705 0.173021555
f 3106//1036 3107//1036 3108//1036
v 0.0196260493 0.0103765819 -0.0019120262
v 0.0196942799 0.0106554236 -0.00299975812
v 0.0192045216 0.0112353433 -0.00208663568
vn 0.869776905 0.46211645 0.173021719
f 3109//1037 3110//1037 3111//1037
v 0.0176762715 0.011802597 -0.00132822245
v 0.0179131404 0.0112353433 -0.000795286964
v 0.018687265 0.0112353433 -0.00131252664
vn 0.390264332 0.71171385 0.584086597
f 3112//1038 3113//1038 3114//1038
v 0.018687265 0.0112353433 -0.00131252664
v 0.0179131404 0.0112353433 -0.000795286964
v 0.0180877391 0.0103765819 -0.000373753341
vn 0.492681801 0.46211639 0.737369001
f 3115//1039 3116//1039 3117//1039
v 0.018687265 0.0112353433 -0.00131252664
v 0.0180877391 0.0103765819 -0.000373753341
v 0.0190098863 0.0103765819 -0.000989897759
vn 0.492682427 0.462115854 0.737368941
f 3118//1040 3119//1040 3120//1040
v 0.0190098863 0.0103765819 -0.000989897759
v 0.0180877391 0.0103765819 -0.000373753341
v 0.0184715483 0.00941699464 -0.000444290781
vn 0.548490107 0.159038484 0.820893049
f 3121//1041 3122//1041 3123//1041
v 0.0190098863 0.0103765819 -0.000989897759
v 0.0184715483 0.00941699464 -0.000444290781
v 0.0191213321 0.00941699464 -0.000878450577
vn 0.548488915 0.159039497 0.820893645
f 3124//1042 3125//1042 3126//1042
v 0.01781822 0.0123032685 -0.0029997807
v 0.017804753 0.0122557823 -0.00263231085
v 0.0186791867 0.0119030476 -0.00299977046
vn 0.417872101 0.898941755 0.131478459
f 3127//1043 3128//1043 3129//1043
v 0.0186791867 0.0119030476 -0.00299977046
v 0.017804753 0.0122557823 -0.00263231085
v 0.018551359 0.0119030476 -0.00235718908
vn 0.401591837 0.912327826 0.0798871294
f 3130//1044 3131//1044 3132//1044
v 0.0186791867 0.0119030476 -0.00299977046
v 0.018551359 0.0119030476 -0.00235718908
v 0.0189256612 0.0116702653 -0.00299976743
vn 0.68030715 0.720324755 0.135330915
f 3133//1045 3134//1045 3135//1045
v 0.0189256612 0.0116702653 -0.00299976743
v 0.018551359 0.0119030476 -0.00235718908
v 0.0192045216 0.0112353433 -0.00208663568
vn 0.680306792 0.720325112 0.135330573
f 3136//1046 3137//1046 3138//1046
v 0.0189256612 0.0116702653 -0.00299976743
v 0.0192045216 0.0112353433 -0.00208663568
v 0.0193861648 0.0112353433 -0.00299976184
vn 0.680307746 0.720324337 0.135329917
f 3139//1047 3140//1047 3141//1047
v 0.0193861648 0.0112353433 -0.00299976184
v 0.0192045216 0.0112353433 -0.00208663568
v 0.0196942799 0.0106554236 -0.00299975812
vn 0.86977607 0.462118715 0.173019826
f 3142//1048 3143//1048 3144//1048
v 0.0177892707 0.0122011853 -0.00220981846
v 0.0181873608 0.0119030476 -0.0018124443
v 0.018551359 0.0119030476 -0.00235718908
vn 0.395254612 0.879783988 0.264109612
f 3145//1049 3146//1049 3147//1049
v 0.018551359 0.0119030476 -0.00235718908
v 0.0181873608 0.0119030476 -0.0018124443
v 0.018687265 0.0112353433 -0.00131252664
vn 0.576731205 0.720325708 0.38537249
f 3148//1050 3149//1050 3150//1050
v 0.018551359 0.0119030476 -0.00235718908
v 0.018687265 0.0112353433 -0.00131252664
v 0.0192045216 0.0112353433 -0.00208663568
vn 0.576733768 0.720324337 0.385371268
f 3151//1051 3152//1051 3153//1051
v 0.0192045216 0.0112353433 -0.00208663568
v 0.018687265 0.0112353433 -0.00131252664
v 0.0190098863 0.0103765819 -0.000989897759
vn 0.737357438 0.462116182 0.492699355
f 3154//1052 3155//1052 3156//1052
v 0.0192045216 0.0112353433 -0.00208663568
v 0.0190098863 0.0103765819 -0.000989897759
v 0.0196260493 0.0103765819 -0.0019120262
vn 0.737357199 0.46211642 0.492699474
f 3157//1053 3158//1053 3159//1053
v 0.0196260493 0.0103765819 -0.0019120262
v 0.0190098863 0.0103765819 -0.000989897759
v 0.0191213321 0.00941699464 -0.000878450577
vn 0.820880115 0.159039512 0.548509181
f 3160//1054 3161//1054 3162//1054
v 0.0196260493 0.0103765819 -0.0019120262
v 0.0191213321 0.00941699464 -0.000878450577
v 0.0195555054 0.00941699464 -0.00152821792
vn 0.820878983 0.159041315 0.548510313
f 3163//1055 3164//1055 3165//1055
v -0.00994475838 0.0155391758 -1.18982108e-07
v -0.0106808553 0.0141557287 -1.279125e-07
v 0.0170000009 -0.00941699464 2.07914098e-07
vn -1.21320882e-05 -2.49250115e-17 1
f 3166//1056 3167//1056 3168//1056
v 0.0170000009 0.00941699464 2.07914098e-07
v 0.0155963758 0.00992409326 1.90885189e-07
v 0.0170000009 -0.00941699464 2.07914098e-07
vn -1.21320882e-05 -2.49250115e-17 1
f 3169//1057 3170//1057 3171//1057
v 0.0170000009 -0.00941699464 2.07914098e-07
v 0.0155963758 0.00992409326 1.90885189e-07
v 0.0155391758 0.00994475838 1.9019123e-07
vn -1.21320882e-05 -2.49250115e-17 1
f 3172//1058 3173//1058 3174//1058
v 0.0170000009 -0.00941699464 2.07914098e-07
v 0.0155391758 0.00994475838 1.9019123e-07
v 0.0141557287 0.0106808553 1.7340713e-07
vn -1.21320882e-05 -2.49250115e-17 1
f 3175//1059 3176//1059 3177//1059
v 0.00994475838 -0.0155391758 1.22319264e-07
v 0.0106808553 -0.0141557287 1.31249664e-07
v -0.0106808553 0.0141557287 -1.279125e-07
vn -1.21320882e-05 -2.49250115e-17 1
f 3178//1060 3179//1060 3180//1060
v -0.0106808553 0.0141557287 -1.279125e-07
v 0.0106808553 -0.0141557287 1.31249664e-07
v 0.010931314 -0.0138139576 1.34288243e-07
vn -1.21320882e-05 -2.49250115e-17 1
f 3181//1061 3182//1061 3183//1061
v 0.0141557287 0.0106808553 1.7340713e-07
v 0.0138139576 0.010931314 1.6926073e-07
v 0.0170000009 -0.00941699464 2.07914098e-07
vn -1.21320882e-05 -2.49250115e-17 1
f 3184//1062 3185//1062 3186//1062
v 0.0170000009 -0.00941699464 2.07914098e-07
v 0.0138139576 0.010931314 1.6926073e-07
v 0.0128719341 0.0116216531 1.57832019e-07
vn -1.21320882e-05 -2.49250115e-17 1
f 3187//1063 3188//1063 3189//1063
v 0.0170000009 -0.00941699464 2.07914098e-07
v 0.0128719341 0.0116216531 1.57832019e-07
v -0.00994475838 0.0155391758 -1.18982108e-07
vn -1.21320882e-05 -2.49250115e-17 1
f 3190//1064 3191//1064 3192//1064
v -0.00994475838 0.0155391758 -1.18982108e-07
v 0.0128719341 0.0116216531 1.57832019e-07
v 0.0122405635 0.0122409295 1.50172184e-07
vn -1.21320882e-05 -2.49250115e-17 1
f 3193//1065 3194//1065 3195//1065
v -0.00994475838 0.0155391758 -1.18982108e-07
v 0.0122405635 0.0122409295 1.50172184e-07
v 0.01176167 0.0127106495 1.44362204e-07
vn -1.21320882e-05 -2.49250115e-17 1
f 3196//1066 3197//1066 3198//1066
v -0.0106808553 0.0141557287 -1.279125e-07
v -0.010931314 0.0138139576 -1.30951094e-07
v -0.0141557287 -0.0106808553 -1.70069967e-07
vn -1.21320882e-05 -2.49250115e-17 1
f 3199//1067 3200//1067 3201//1067
v -0.0141557287 -0.0106808553 -1.70069967e-07
v -0.010931314 0.0138139576 -1.30951094e-07
v -0.0116216531 0.0128719341 -1.39326346e-07
vn -1.21320882e-05 -2.49250115e-17 1
f 3202//1068 3203//1068 3204//1068
v -0.0141557287 -0.0106808553 -1.70069967e-07
v -0.0116216531 0.0128719341 -1.39326346e-07
v -0.0155391758 -0.00994475838 -1.86854081e-07
vn -1.21320882e-05 -2.49250115e-17 1
f 3205//1069 3206//1069 3207//1069
v -0.0155391758 -0.00994475838 -1.86854081e-07
v -0.0116216531 0.0128719341 -1.39326346e-07
v -0.0122409295 0.0122405635 -1.46839454e-07
vn -1.21320882e-05 -2.49250115e-17 1
f 3208//1070 3209//1070 3210//1070
v -0.0155391758 -0.00994475838 -1.86854081e-07
v -0.0122409295 0.0122405635 -1.46839454e-07
v -0.0127106495 0.01176167 -1.52538149e-07
vn -1.21320882e-05 -2.49250115e-17 1
f 3211//1071 3212//1071 3213//1071
v 0.010931314 -0.0138139576 1.34288243e-07
v 0.0116216531 -0.0128719341 1.42663495e-07
v -0.0106808553 0.0141557287 -1.279125e-07
vn -1.21320882e-05 -2.49250115e-17 1
f 3214//1072 3215//1072 3216//1072
v -0.0106808553 0.0141557287 -1.279125e-07
v 0.0116216531 -0.0128719341 1.42663495e-07
v 0.0122409295 -0.0122405635 1.50176618e-07
vn -1.21320882e-05 -2.49250115e-17 1
f 3217//1073 3218//1073 3219//1073
v -0.0106808553 0.0141557287 -1.279125e-07
v 0.0122409295 -0.0122405635 1.50176618e-07
v 0.0127106495 -0.01176167 1.55875298e-07
vn -1.21320882e-05 -2.49250115e-17 1
f 3220//1074 3221//1074 3222//1074
v 0.01176167 0.0127106495 1.44362204e-07
v 0.0109216375 0.0138071459 1.34170847e-07
v -0.00994475838 0.0155391758 -1.18982108e-07
vn -1.21320882e-05 -2.49250115e-17 1
f 3223//1075 3224//1075 3225//1075
v -0.00994475838 0.0155391758 -1.18982108e-07
v 0.0109216375 0.0138071459 1.34170847e-07
v 0.0108178724 0.01394259 1.32911964e-07
vn -1.21320882e-05 -2.49250115e-17 1
f 3226//1076 3227//1076 3228//1076
v -0.00994475838 0.0155391758 -1.18982108e-07
v 0.0108178724 0.01394259 1.32911964e-07
v 0.0100684362 0.0152702788 1.23819731e-07
vn -1.21320882e-05 -2.49250115e-17 1
f 3229//1077 3230//1077 3231//1077
v -0.0127106495 0.01176167 -1.52538149e-07
v -0.0138071459 0.0109216375 -1.6584093e-07
v -0.0155391758 -0.00994475838 -1.86854081e-07
vn -1.21320882e-05 -2.49250115e-17 1
f 3232//1078 3233//1078 3234//1078
v -0.0155391758 -0.00994475838 -1.86854081e-07
v -0.0138071459 0.0109216375 -1.6584093e-07
v -0.01394259 0.0108178724 -1.6748416e-07
vn -1.21320882e-05 -2.49250115e-17 1
f 3235//1079 3236//1079 3237//1079
v -0.0155391758 -0.00994475838 -1.86854081e-07
v -0.01394259 0.0108178724 -1.6748416e-07
v -0.0152702788 0.0100684362 -1.83591794e-07
vn -1.21320882e-05 -2.49250115e-17 1
f 3238//1080 3239//1080 3240//1080
v -0.0141557287 -0.0106808553 -1.70069967e-07
v -0.0138139576 -0.010931314 -1.65923581e-07
v -0.0106808553 0.0141557287 -1.279125e-07
vn -1.21320882e-05 -2.49250115e-17 1
f 3241//1081 3242//1081 3243//1081
v -0.0106808553 0.0141557287 -1.279125e-07
v -0.0138139576 -0.010931314 -1.65923581e-07
v -0.0128719341 -0.0116216531 -1.54494856e-07
vn -1.21320882e-05 -2.49250115e-17 1
f 3244//1082 3245//1082 3246//1082
v -0.0106808553 0.0141557287 -1.279125e-07
v -0.0128719341 -0.0116216531 -1.54494856e-07
v 0.00994475838 -0.0155391758 1.22319264e-07
vn -1.21320882e-05 -2.49250115e-17 1
f 3247//1083 3248//1083 3249//1083
v 0.00994475838 -0.0155391758 1.22319264e-07
v -0.0128719341 -0.0116216531 -1.54494856e-07
v -0.0122405635 -0.0122409295 -1.46835021e-07
vn -1.21320882e-05 -2.49250115e-17 1
f 3250//1084 3251//1084 3252//1084
v 0.00994475838 -0.0155391758 1.22319264e-07
v -0.0122405635 -0.0122409295 -1.46835021e-07
v -0.01176167 -0.0127106495 -1.41025041e-07
vn -1.21320882e-05 -2.49250115e-17 1
f 3253//1085 3254//1085 3255//1085
v 0.0127106495 -0.01176167 1.55875298e-07
v 0.0138071459 -0.0109216375 1.69178094e-07
v -0.0106808553 0.0141557287 -1.279125e-07
vn -1.21320882e-05 -2.49250115e-17 1
f 3256//1086 3257//1086 3258//1086
v -0.0106808553 0.0141557287 -1.279125e-07
v 0.0138071459 -0.0109216375 1.69178094e-07
v 0.01394259 -0.0108178724 1.70821309e-07
vn -1.21320882e-05 -2.49250115e-17 1
f 3259//1087 3260//1087 3261//1087
v -0.0106808553 0.0141557287 -1.279125e-07
v 0.01394259 -0.0108178724 1.70821309e-07
v 0.0152702788 -0.0100684362 1.86928958e-07
vn -1.21320882e-05 -2.49250115e-17 1
f 3262//1088 3263//1088 3264//1088
v -0.01176167 -0.0127106495 -1.41025041e-07
v -0.0109216375 -0.0138071459 -1.30833698e-07
v 0.00994475838 -0.0155391758 1.22319264e-07
vn -1.21320882e-05 -2.49250115e-17 1
f 3265//1089 3266//1089 3267//1089
v 0.00994475838 -0.0155391758 1.22319264e-07
v -0.0109216375 -0.0138071459 -1.30833698e-07
v -0.0108178724 -0.01394259 -1.29574801e-07
vn -1.21320882e-05 -2.49250115e-17 1
f 3268//1090 3269//1090 3270//1090
v 0.00994475838 -0.0155391758 1.22319264e-07
v -0.0108178724 -0.01394259 -1.29574801e-07
v -0.0100684362 -0.0152702788 -1.20482582e-07
vn -1.21320882e-05 -2.49250115e-17 1
f 3271//1091 3272//1091 3273//1091
v 0.0100684362 0.0152702788 1.23819731e-07
v 0.0099370582 0.0156016424 1.22225842e-07
v -0.00994475838 0.0155391758 -1.18982108e-07
vn -1.21320882e-05 -2.49250115e-17 1
f 3274//1092 3275//1092 3276//1092
v -0.00994475838 0.0155391758 -1.18982108e-07
v 0.0099370582 0.0156016424 1.22225842e-07
v 0.00952679012 0.0166364294 1.1724844e-07
vn -1.21320882e-05 -2.49250115e-17 1
f 3277//1093 3278//1093 3279//1093
v -0.00994475838 0.0155391758 -1.18982108e-07
v 0.00952679012 0.0166364294 1.1724844e-07
v -0.00992409326 0.0155963758 -1.187314e-07
vn -1.21320882e-05 -2.49250115e-17 1
f 3280//1094 3281//1094 3282//1094
v -0.00992409326 0.0155963758 -1.187314e-07
v 0.00952679012 0.0166364294 1.1724844e-07
v 0.00941699464 0.0170000009 1.15916393e-07
vn -1.21320882e-05 -2.49250115e-17 1
f 3283//1095 3284//1095 3285//1095
v -0.00992409326 0.0155963758 -1.187314e-07
v 0.00941699464 0.0170000009 1.15916393e-07
v -0.00941699464 0.0170000009 -1.12579229e-07
vn -1.21320882e-05 -2.49250115e-17 1
f 3286//1096 3287//1096 3288//1096
v -0.0152702788 0.0100684362 -1.83591794e-07
v -0.0156016424 0.0099370582 -1.87611931e-07
v -0.0155391758 -0.00994475838 -1.86854081e-07
vn -1.21320882e-05 -2.49250115e-17 1
f 3289//1097 3290//1097 3291//1097
v -0.0155391758 -0.00994475838 -1.86854081e-07
v -0.0156016424 0.0099370582 -1.87611931e-07
v -0.0166364294 0.00952679012 -2.00166056e-07
vn -1.21320882e-05 -2.49250115e-17 1
f 3292//1098 3293//1098 3294//1098
v -0.0155391758 -0.00994475838 -1.86854081e-07
v -0.0166364294 0.00952679012 -2.00166056e-07
v -0.0155963758 -0.00992409326 -1.87548025e-07
vn -1.21320882e-05 -2.49250115e-17 1
f 3295//1099 3296//1099 3297//1099
v -0.0155963758 -0.00992409326 -1.87548025e-07
v -0.0166364294 0.00952679012 -2.00166056e-07
v -0.0170000009 0.00941699464 -2.04576935e-07
vn -1.21320882e-05 -2.49250115e-17 1
f 3298//1100 3299//1100 3300//1100
v -0.0155963758 -0.00992409326 -1.87548025e-07
v -0.0170000009 0.00941699464 -2.04576935e-07
v -0.0170000009 -0.00941699464 -2.04576935e-07
vn -1.21320882e-05 -2.49250115e-17 1
f 3301//1101 3302//1101 3303//1101
v 0.0152702788 -0.0100684362 1.86928958e-07
v 0.0156016424 -0.0099370582 1.90949081e-07
v -0.0106808553 0.0141557287 -1.279125e-07
vn -1.21320882e-05 -2.49250115e-17 1
f 3304//1102 3305//1102 3306//1102
v -0.0106808553 0.0141557287 -1.279125e-07
v 0.0156016424 -0.0099370582 1.90949081e-07
v 0.0166364294 -0.00952679012 2.03503205e-07
vn -1.21320882e-05 -2.49250115e-17 1
f 3307//1103 3308//1103 3309//1103
v -0.0106808553 0.0141557287 -1.279125e-07
v 0.0166364294 -0.00952679012 2.03503205e-07
v 0.0170000009 -0.00941699464 2.07914098e-07
vn -1.21320882e-05 -2.49250115e-17 1
f 3310//1104 3311//1104 3312//1104
v -0.0100684362 -0.0152702788 -1.20482582e-07
v -0.0099370582 -0.0156016424 -1.18888686e-07
v 0.00994475838 -0.0155391758 1.22319264e-07
vn -1.21320882e-05 -2.49250115e-17 1
f 3313//1105 3314//1105 3315//1105
v 0.00994475838 -0.0155391758 1.22319264e-07
v -0.0099370582 -0.0156016424 -1.18888686e-07
v -0.00952679012 -0.0166364294 -1.13911277e-07
vn -1.21320882e-05 -2.49250115e-17 1
f 3316//1106 3317//1106 3318//1106
v 0.00994475838 -0.0155391758 1.22319264e-07
v -0.00952679012 -0.0166364294 -1.13911277e-07
v 0.00992409326 -0.0155963758 1.22068556e-07
vn -1.21320882e-05 -2.49250115e-17 1
f 3319//1107 3320//1107 3321//1107
v 0.00992409326 -0.0155963758 1.22068556e-07
v -0.00952679012 -0.0166364294 -1.13911277e-07
v -0.00941699464 -0.0170000009 -1.12579229e-07
vn -1.21320882e-05 -2.49250115e-17 1
f 3322//1108 3323//1108 3324//1108
v 0.00992409326 -0.0155963758 1.22068556e-07
v -0.00941699464 -0.0170000009 -1.12579229e-07
v 0.00941699464 -0.0170000009 1.15916393e-07
vn -1.21320882e-05 -2.49250115e-17 1
f 3325//1109 3326//1109 3327//1109
v 0.01781822 -0.0123032685 -0.0029997807
v 0.0178189352 -0.0123032685 -0.0619997829
v 0.0186791867 -0.0119030476 -0.00299977046
vn 0.42153272 -0.906813204 5.11407234e-06
f 3328//1110 3329//1110 3330//1110
v 0.0186791867 -0.0119030476 -0.00299977046
v 0.0178189352 -0.0123032685 -0.0619997829
v 0.0189511292 -0.0116964746 -0.0619997717
vn 0.472379357 -0.881394863 -0.000908679038
f 3331//1111 3332//1111 3333//1111
v 0.0186791867 -0.0119030476 -0.00299977046
v 0.0189511292 -0.0116964746 -0.0619997717
v 0.0189256612 -0.0116702653 -0.00299976743
vn 0.686624527 -0.727011979 0.000619351573
f 3334//1112 3335//1112 3336//1112
v 0.0189256612 -0.0116702653 -0.00299976743
v 0.0189511292 -0.0116964746 -0.0619997717
v 0.0193861648 -0.0112353433 -0.00299976184
vn 0.686625063 -0.727011442 0.000619351573
f 3337//1113 3338//1113 3339//1113
v 0.0193861648 -0.0112353433 -0.00299976184
v 0.0189511292 -0.0116964746 -0.0619997717
v 0.0197257418 -0.010671759 -0.0619997606
vn 0.797723293 -0.603022516 -0.00116889994
f 3340//1114 3341//1114 3342//1114
v 0.0193861648 -0.0112353433 -0.00299976184
v 0.0197257418 -0.010671759 -0.0619997606
v 0.0196942799 -0.0106554236 -0.00299975812
vn 0.883094907 -0.469193995 0.000600827509
f 3343//1115 3344//1115 3345//1115
v 0.0196942799 -0.0106554236 -0.00299975812
v 0.0197257418 -0.010671759 -0.0619997606
v 0.0198424291 -0.0103765819 -0.00299975625
vn 0.883096457 -0.469191074 0.000600827509
f 3346//1116 3347//1116 3348//1116
v 0.0198424291 -0.0103765819 -0.00299975625
v 0.0197257418 -0.010671759 -0.0619997606
v 0.0200007521 -0.00941699464 -0.0619997568
vn 0.976813376 -0.214090928 -0.000860786648
f 3349//1117 3350//1117 3351//1117
v 0.0198424291 -0.0103765819 -0.00299975625
v 0.0200007521 -0.00941699464 -0.0619997568
v 0.0200000368 -0.00941699464 -0.00299975439
vn 0.986778617 -0.162073776 1.1971686e-05
f 3352//1118 3353//1118 3354//1118
v 0.0179642085 -0.0162634552 -0.0619997829
v 0.0197257418 -0.010671759 -0.0619997606
v 0.0177364517 -0.0154134557 -0.0619997866
vn -1.21320882e-05 -2.49250115e-17 1
f 3355//1119 3356//1119 3357//1119
v 0.0177364517 -0.0154134557 -0.0619997866
v 0.0197257418 -0.010671759 -0.0619997606
v 0.0189511292 -0.0116964746 -0.0619997717
vn -1.21320882e-05 -2.49250115e-17 1
f 3358//1120 3359//1120 3360//1120
v 0.0200007521 -0.00941699464 -0.0619997568
v 0.0197257418 -0.010671759 -0.0619997606
v 0.0200007521 -0.0170000009 -0.0619997568
vn -1.21320882e-05 -2.49250115e-17 1
f 3361//1121 3362//1121 3363//1121
v 0.0200007521 -0.0170000009 -0.0619997568
v 0.0197257418 -0.010671759 -0.0619997606
v 0.0179642085 -0.0162634552 -0.0619997829
vn -1.21320882e-05 -2.49250115e-17 1
f 3364//1122 3365//1122 3366//1122
v 0.0200007521 -0.0170000009 -0.0619997568
v 0.0179642085 -0.0162634552 -0.0619997829
v 0.0195988286 -0.0185000002 -0.0619997606
vn -1.21320882e-05 -2.49250115e-17 1
f 3367//1123 3368//1123 3369//1123
v 0.0195988286 -0.0185000002 -0.0619997606
v 0.0179642085 -0.0162634552 -0.0619997829
v 0.0177364517 -0.0171134565 -0.0619997866
vn -1.21320882e-05 -2.49250115e-17 1
f 3370//1124 3371//1124 3372//1124
v 0.0195988286 -0.0185000002 -0.0619997606
v 0.0177364517 -0.0171134565 -0.0619997866
v 0.0185007527 -0.0195980761 -0.0619997755
vn -1.21320882e-05 -2.49250115e-17 1
f 3373//1125 3374//1125 3375//1125
v 0.0185007527 -0.0195980761 -0.0619997755
v 0.0177364517 -0.0171134565 -0.0619997866
v 0.017114209 -0.0177356992 -0.0619997941
vn -1.21320882e-05 -2.49250115e-17 1
f 3376//1126 3377//1126 3378//1126
v 0.0185007527 -0.0195980761 -0.0619997755
v 0.017114209 -0.0177356992 -0.0619997941
v 0.0170007534 -0.0199999996 -0.0619997941
vn -1.21320882e-05 -2.49250115e-17 1
f 3379//1127 3380//1127 3381//1127
v 0.0170007534 -0.0199999996 -0.0619997941
v 0.017114209 -0.0177356992 -0.0619997941
v 0.0162642077 -0.017963456 -0.0619998015
vn -1.21320882e-05 -2.49250115e-17 1
f 3382//1128 3383//1128 3384//1128
v 0.0170007534 -0.0199999996 -0.0619997941
v 0.0162642077 -0.017963456 -0.0619998015
v 0.0154142082 -0.0177356992 -0.0619998127
vn -1.21320882e-05 -2.49250115e-17 1
f 3385//1129 3386//1129 3387//1129
v 0.00941774715 -0.0199999996 -0.0619998872
v 0.0170007534 -0.0199999996 -0.0619997941
v 0.0106725115 -0.0197249893 -0.0619998723
vn -1.21320882e-05 -2.49250115e-17 1
f 3388//1130 3389//1130 3390//1130
v 0.0106725115 -0.0197249893 -0.0619998723
v 0.0170007534 -0.0199999996 -0.0619997941
v 0.0154142082 -0.0177356992 -0.0619998127
vn -1.21320882e-05 -2.49250115e-17 1
f 3391//1131 3392//1131 3393//1131
v 0.0106725115 -0.0197249893 -0.0619998723
v 0.0154142082 -0.0177356992 -0.0619998127
v 0.0116972271 -0.0189503767 -0.0619998574
vn -1.21320882e-05 -2.49250115e-17 1
f 3394//1132 3395//1132 3396//1132
v 0.0116972271 -0.0189503767 -0.0619998574
v 0.0154142082 -0.0177356992 -0.0619998127
v 0.0147919655 -0.0171134565 -0.0619998202
vn -1.21320882e-05 -2.49250115e-17 1
f 3397//1133 3398//1133 3399//1133
v 0.0116972271 -0.0189503767 -0.0619998574
v 0.0147919655 -0.0171134565 -0.0619998202
v 0.012304021 -0.0178181827 -0.06199985
vn -1.21320882e-05 -2.49250115e-17 1
f 3400//1134 3401//1134 3402//1134
v 0.012304021 -0.0178181827 -0.06199985
v 0.0147919655 -0.0171134565 -0.0619998202
v 0.0145642087 -0.0162634552 -0.0619998239
vn -1.21320882e-05 -2.49250115e-17 1
f 3403//1135 3404//1135 3405//1135
v 0.012304021 -0.0178181827 -0.06199985
v 0.0145642087 -0.0162634552 -0.0619998239
v 0.0134696793 -0.0153799271 -0.0619998351
vn -1.21320882e-05 -2.49250115e-17 1
f 3406//1136 3407//1136 3408//1136
v 0.0134696793 -0.0153799271 -0.0619998351
v 0.0145642087 -0.0162634552 -0.0619998239
v 0.0147919655 -0.0154134557 -0.0619998202
vn -1.21320882e-05 -2.49250115e-17 1
f 3409//1137 3410//1137 3411//1137
v 0.0134696793 -0.0153799271 -0.0619998351
v 0.0147919655 -0.0154134557 -0.0619998202
v 0.0153806796 -0.0134689268 -0.0619998127
vn -1.21320882e-05 -2.49250115e-17 1
f 3412//1138 3413//1138 3414//1138
v 0.0153806796 -0.0134689268 -0.0619998127
v 0.0147919655 -0.0154134557 -0.0619998202
v 0.0154142082 -0.014791213 -0.0619998127
vn -1.21320882e-05 -2.49250115e-17 1
f 3415//1139 3416//1139 3417//1139
v 0.0153806796 -0.0134689268 -0.0619998127
v 0.0154142082 -0.014791213 -0.0619998127
v 0.0178189352 -0.0123032685 -0.0619997829
vn -1.21320882e-05 -2.49250115e-17 1
f 3418//1140 3419//1140 3420//1140
v 0.0178189352 -0.0123032685 -0.0619997829
v 0.0154142082 -0.014791213 -0.0619998127
v 0.0162642077 -0.0145634562 -0.0619998015
vn -1.21320882e-05 -2.49250115e-17 1
f 3421//1141 3422//1141 3423//1141
v 0.0178189352 -0.0123032685 -0.0619997829
v 0.0162642077 -0.0145634562 -0.0619998015
v 0.0189511292 -0.0116964746 -0.0619997717
vn -1.21320882e-05 -2.49250115e-17 1
f 3424//1142 3425//1142 3426//1142
v 0.0189511292 -0.0116964746 -0.0619997717
v 0.0162642077 -0.0145634562 -0.0619998015
v 0.017114209 -0.014791213 -0.0619997941
vn -1.21320882e-05 -2.49250115e-17 1
f 3427//1143 3428//1143 3429//1143
v 0.0189511292 -0.0116964746 -0.0619997717
v 0.017114209 -0.014791213 -0.0619997941
v 0.0177364517 -0.0154134557 -0.0619997866
vn -1.21320882e-05 -2.49250115e-17 1
f 3430//1144 3431//1144 3432//1144
v 0.0170007534 -0.0199999996 -0.0619997941
v 0.017000813 -0.0199999996 -0.0669997931
v 0.0185008124 -0.0195980761 -0.0669997782
vn 0.258818954 -0.965925872 3.14001431e-06
f 3433//1145 3434//1145 3435//1145
v 0.0170007534 -0.0199999996 -0.0619997941
v 0.0185008124 -0.0195980761 -0.0669997782
v 0.0185007527 -0.0195980761 -0.0619997755
vn 0.258818954 -0.965925872 3.14001431e-06
f 3436//1146 3437//1146 3438//1146
v 0.0185007527 -0.0195980761 -0.0619997755
v 0.0185008124 -0.0195980761 -0.0669997782
v 0.0195988882 -0.0185000002 -0.0669997633
vn 0.707106769 -0.707106769 8.57868235e-06
f 3439//1147 3440//1147 3441//1147
v 0.0185007527 -0.0195980761 -0.0619997755
v 0.0195988882 -0.0185000002 -0.0669997633
v 0.0195988286 -0.0185000002 -0.0619997606
vn 0.707106769 -0.707106769 8.57868235e-06
f 3442//1148 3443//1148 3444//1148
v 0.0195988286 -0.0185000002 -0.0619997606
v 0.0195988882 -0.0185000002 -0.0669997633
v 0.0200008117 -0.0170000009 -0.0669997558
vn 0.965925872 -0.258818954 1.17186983e-05
f 3445//1149 3446//1149 3447//1149
v 0.0195988286 -0.0185000002 -0.0619997606
v 0.0200008117 -0.0170000009 -0.0669997558
v 0.0200007521 -0.0170000009 -0.0619997568
vn 0.965925872 -0.258818954 1.17186983e-05
f 3448//1150 3449//1150 3450//1150
v -0.0171126444 0.014791213 -0.0670002103
v -0.016262643 0.0145634562 -0.0670001954
v -0.014910331 -1.5764073e-15 -0.0670001805
vn 1.21320882e-05 2.49250115e-17 -1
f 3451//1151 3452//1151 3453//1151
v 0.0149712143 -0.000941857812 -0.0669998154
v 0.0149119571 -1.72713893e-15 -0.0669998154
v 0.0162642673 -0.0145634562 -0.0669998005
vn 1.21320882e-05 2.49250115e-17 -1
f 3454//1152 3455//1152 3456//1152
v 0.0145642692 -0.0162634552 -0.0669998229
v 0.014792026 -0.0171134565 -0.0669998229
v 8.12850715e-07 -0.0199999996 -0.0670000017
vn 1.21320882e-05 2.49250115e-17 -1
f 3457//1153 3458//1153 3459//1153
v 8.12850715e-07 -0.0199999996 -0.0670000017
v 0.014792026 -0.0171134565 -0.0669998229
v 0.0154142687 -0.0177356992 -0.0669998154
vn 1.21320882e-05 2.49250115e-17 -1
f 3460//1154 3461//1154 3462//1154
v 8.12850715e-07 -0.0199999996 -0.0670000017
v 0.0154142687 -0.0177356992 -0.0669998154
v 0.017000813 -0.0199999996 -0.0669997931
vn 1.21320882e-05 2.49250115e-17 -1
f 3463//1155 3464//1155 3465//1155
v 0.017000813 -0.0199999996 -0.0669997931
v 0.0154142687 -0.0177356992 -0.0669998154
v 0.0162642673 -0.017963456 -0.0669998005
vn 1.21320882e-05 2.49250115e-17 -1
f 3466//1156 3467//1156 3468//1156
v 0.017000813 -0.0199999996 -0.0669997931
v 0.0162642673 -0.017963456 -0.0669998005
v 0.0185008124 -0.0195980761 -0.0669997782
vn 1.21320882e-05 2.49250115e-17 -1
f 3469//1157 3470//1157 3471//1157
v 0.0185008124 -0.0195980761 -0.0669997782
v 0.0162642673 -0.017963456 -0.0669998005
v 0.0171142686 -0.0177356992 -0.0669997931
vn 1.21320882e-05 2.49250115e-17 -1
f 3472//1158 3473//1158 3474//1158
v 0.0185008124 -0.0195980761 -0.0669997782
v 0.0171142686 -0.0177356992 -0.0669997931
v 0.0195988882 -0.0185000002 -0.0669997633
vn 1.21320882e-05 2.49250115e-17 -1
f 3475//1159 3476//1159 3477//1159
v 0.0195988882 -0.0185000002 -0.0669997633
v 0.0171142686 -0.0177356992 -0.0669997931
v 0.0177365113 -0.0171134565 -0.0669997856
vn 1.21320882e-05 2.49250115e-17 -1
f 3478//1160 3479//1160 3480//1160
v 0.0195988882 -0.0185000002 -0.0669997633
v 0.0177365113 -0.0171134565 -0.0669997856
v 0.0200008117 -0.0170000009 -0.0669997558
vn 1.21320882e-05 2.49250115e-17 -1
f 3481//1161 3482//1161 3483//1161
v 0.0200008117 -0.0170000009 -0.0669997558
v 0.0177365113 -0.0171134565 -0.0669997856
v 0.0179642681 -0.0162634552 -0.0669997856
vn 1.21320882e-05 2.49250115e-17 -1
f 3484//1162 3485//1162 3486//1162
v 0.0200008117 -0.0170000009 -0.0669997558
v 0.0179642681 -0.0162634552 -0.0669997856
v 0.0200008117 -1.75336731e-15 -0.0669997558
vn 1.21320882e-05 2.49250115e-17 -1
f 3487//1163 3488//1163 3489//1163
v 0.0200008117 -1.75336731e-15 -0.0669997558
v 0.0179642681 -0.0162634552 -0.0669997856
v 0.0177365113 -0.0154134557 -0.0669997856
vn 1.21320882e-05 2.49250115e-17 -1
f 3490//1164 3491//1164 3492//1164
v 0.0200008117 -1.75336731e-15 -0.0669997558
v 0.0177365113 -0.0154134557 -0.0669997856
v 0.0171142686 -0.014791213 -0.0669997931
vn 1.21320882e-05 2.49250115e-17 -1
f 3493//1165 3494//1165 3495//1165
v 0.014792026 -0.0154134557 -0.0669998229
v 0.0102690198 -0.0109345298 -0.066999875
v 0.0154142687 -0.014791213 -0.0669998154
vn 1.21320882e-05 2.49250115e-17 -1
f 3496//1166 3497//1166 3498//1166
v 0.0154142687 -0.014791213 -0.0669998154
v 0.0102690198 -0.0109345298 -0.066999875
v 0.0126657318 -0.00803740229 -0.0669998452
vn 1.21320882e-05 2.49250115e-17 -1
f 3499//1167 3500//1167 3501//1167
v 0.0154142687 -0.014791213 -0.0669998154
v 0.0126657318 -0.00803740229 -0.0669998452
v 0.0162642673 -0.0145634562 -0.0669998005
vn 1.21320882e-05 2.49250115e-17 -1
f 3502//1168 3503//1168 3504//1168
v 0.0162642673 -0.0145634562 -0.0669998005
v 0.0126657318 -0.00803740229 -0.0669998452
v 0.0142666604 -0.00463525485 -0.0669998303
vn 1.21320882e-05 2.49250115e-17 -1
f 3505//1169 3506//1169 3507//1169
v 0.0162642673 -0.0145634562 -0.0669998005
v 0.0142666604 -0.00463525485 -0.0669998303
v 0.0149712143 -0.000941857812 -0.0669998154
vn 1.21320882e-05 2.49250115e-17 -1
f 3508//1170 3509//1170 3510//1170
v 8.12850715e-07 -0.0199999996 -0.0670000017
v 8.12850715e-07 -0.0149999997 -0.0670000017
v 0.0145642692 -0.0162634552 -0.0669998229
vn 1.21320882e-05 2.49250115e-17 -1
f 3511//1171 3512//1171 3513//1171
v 0.0145642692 -0.0162634552 -0.0669998229
v 8.12850715e-07 -0.0149999997 -0.0670000017
v 0.00373116112 -0.0145287476 -0.066999957
vn 1.21320882e-05 2.49250115e-17 -1
f 3514//1172 3515//1172 3516//1172
v 0.0145642692 -0.0162634552 -0.0669998229
v 0.00373116112 -0.0145287476 -0.066999957
v 0.014792026 -0.0154134557 -0.0669998229
vn 1.21320882e-05 2.49250115e-17 -1
f 3517//1173 3518//1173 3519//1173
v 0.014792026 -0.0154134557 -0.0669998229
v 0.00373116112 -0.0145287476 -0.066999957
v 0.00722711813 -0.0131446002 -0.0669999123
vn 1.21320882e-05 2.49250115e-17 -1
f 3520//1174 3521//1174 3522//1174
v 0.014792026 -0.0154134557 -0.0669998229
v 0.00722711813 -0.0131446002 -0.0669999123
v 0.0102690198 -0.0109345298 -0.066999875
vn 1.21320882e-05 2.49250115e-17 -1
f 3523//1175 3524//1175 3525//1175
v 0.0162642673 0.0145634562 -0.0669998005
v 0.0200008117 -1.75336731e-15 -0.0669997558
v 0.0149119571 -1.72713893e-15 -0.0669998154
vn 1.21320882e-05 2.49250115e-17 -1
f 3526//1176 3527//1176 3528//1176
v 0.0149119571 -1.72713893e-15 -0.0669998154
v 0.0200008117 -1.75336731e-15 -0.0669997558
v 0.0171142686 -0.014791213 -0.0669997931
vn 1.21320882e-05 2.49250115e-17 -1
f 3529//1177 3530//1177 3531//1177
v 0.0149119571 -1.72713893e-15 -0.0669998154
v 0.0171142686 -0.014791213 -0.0669997931
v 0.0162642673 -0.0145634562 -0.0669998005
vn 1.21320882e-05 2.49250115e-17 -1
f 3532//1178 3533//1178 3534//1178
v 0.00188081129 0.0148817208 -0.0669999793
v 8.12850715e-07 0.0148817208 -0.0670000017
v 0.0145642692 0.0162634552 -0.0669998229
vn 1.21320882e-05 2.49250115e-17 -1
f 3535//1179 3536//1179 3537//1179
v 0.0162642673 0.0145634562 -0.0669998005
v 0.0171142686 0.014791213 -0.0669997931
v 0.0200008117 -1.75336731e-15 -0.0669997558
vn 1.21320882e-05 2.49250115e-17 -1
f 3538//1180 3539//1180 3540//1180
v 0.0200008117 -1.75336731e-15 -0.0669997558
v 0.0171142686 0.014791213 -0.0669997931
v 0.0177365113 0.0154134557 -0.0669997856
vn 1.21320882e-05 2.49250115e-17 -1
f 3541//1181 3542//1181 3543//1181
v 0.0200008117 -1.75336731e-15 -0.0669997558
v 0.0177365113 0.0154134557 -0.0669997856
v 0.0200008117 0.0170000009 -0.0669997558
vn 1.21320882e-05 2.49250115e-17 -1
f 3544//1182 3545//1182 3546//1182
v 0.0200008117 0.0170000009 -0.0669997558
v 0.0177365113 0.0154134557 -0.0669997856
v 0.0179642681 0.0162634552 -0.0669997856
vn 1.21320882e-05 2.49250115e-17 -1
f 3547//1183 3548//1183 3549//1183
v 0.0200008117 0.0170000009 -0.0669997558
v 0.0179642681 0.0162634552 -0.0669997856
v 0.0195988882 0.0185000002 -0.0669997633
vn 1.21320882e-05 2.49250115e-17 -1
f 3550//1184 3551//1184 3552//1184
v 0.0195988882 0.0185000002 -0.0669997633
v 0.0179642681 0.0162634552 -0.0669997856
v 0.0177365113 0.0171134565 -0.0669997856
vn 1.21320882e-05 2.49250115e-17 -1
f 3553//1185 3554//1185 3555//1185
v 0.0195988882 0.0185000002 -0.0669997633
v 0.0177365113 0.0171134565 -0.0669997856
v 0.0185008124 0.0195980761 -0.0669997782
vn 1.21320882e-05 2.49250115e-17 -1
f 3556//1186 3557//1186 3558//1186
v 0.0185008124 0.0195980761 -0.0669997782
v 0.0177365113 0.0171134565 -0.0669997856
v 0.0171142686 0.0177356992 -0.0669997931
vn 1.21320882e-05 2.49250115e-17 -1
f 3559//1187 3560//1187 3561//1187
v 0.0185008124 0.0195980761 -0.0669997782
v 0.0171142686 0.0177356992 -0.0669997931
v 0.017000813 0.0199999996 -0.0669997931
vn 1.21320882e-05 2.49250115e-17 -1
f 3562//1188 3563//1188 3564//1188
v 0.017000813 0.0199999996 -0.0669997931
v 0.0171142686 0.0177356992 -0.0669997931
v 0.0162642673 0.017963456 -0.0669998005
vn 1.21320882e-05 2.49250115e-17 -1
f 3565//1189 3566//1189 3567//1189
v 0.017000813 0.0199999996 -0.0669997931
v 0.0162642673 0.017963456 -0.0669998005
v 8.12850715e-07 0.0199999996 -0.0670000017
vn 1.21320882e-05 2.49250115e-17 -1
f 3568//1190 3569//1190 3570//1190
v 8.12850715e-07 0.0199999996 -0.0670000017
v 0.0162642673 0.017963456 -0.0669998005
v 0.0154142687 0.0177356992 -0.0669998154
vn 1.21320882e-05 2.49250115e-17 -1
f 3571//1191 3572//1191 3573//1191
v 8.12850715e-07 0.0199999996 -0.0670000017
v 0.0154142687 0.0177356992 -0.0669998154
v 0.014792026 0.0171134565 -0.0669998229
vn 1.21320882e-05 2.49250115e-17 -1
f 3574//1192 3575//1192 3576//1192
v 0.0149119571 -1.72713893e-15 -0.0669998154
v 0.0147351222 0.00281071966 -0.0669998229
v 0.0162642673 0.0145634562 -0.0669998005
vn 1.21320882e-05 2.49250115e-17 -1
f 3577//1193 3578//1193 3579//1193
v 0.0162642673 0.0145634562 -0.0669998005
v 0.0147351222 0.00281071966 -0.0669998229
v 0.0135732191 0.00638668938 -0.0669998378
vn 1.21320882e-05 2.49250115e-17 -1
f 3580//1194 3581//1194 3582//1194
v 0.0162642673 0.0145634562 -0.0669998005
v 0.0135732191 0.00638668938 -0.0669998378
v 0.0154142687 0.014791213 -0.0669998154
vn 1.21320882e-05 2.49250115e-17 -1
f 3583//1195 3584//1195 3585//1195
v 0.0154142687 0.014791213 -0.0669998154
v 0.0135732191 0.00638668938 -0.0669998378
v 0.0115585113 0.00956135988 -0.0669998601
vn 1.21320882e-05 2.49250115e-17 -1
f 3586//1196 3587//1196 3588//1196
v 0.0154142687 0.014791213 -0.0669998154
v 0.0115585113 0.00956135988 -0.0669998601
v 0.014792026 0.0154134557 -0.0669998229
vn 1.21320882e-05 2.49250115e-17 -1
f 3589//1197 3590//1197 3591//1197
v 0.014792026 0.0154134557 -0.0669998229
v 0.0115585113 0.00956135988 -0.0669998601
v 0.0088175917 0.0121352552 -0.0669998899
vn 1.21320882e-05 2.49250115e-17 -1
f 3592//1198 3593//1198 3594//1198
v 0.014792026 0.0154134557 -0.0669998229
v 0.0088175917 0.0121352552 -0.0669998899
v 0.0145642692 0.0162634552 -0.0669998229
vn 1.21320882e-05 2.49250115e-17 -1
f 3595//1199 3596//1199 3597//1199
v 0.0145642692 0.0162634552 -0.0669998229
v 0.0088175917 0.0121352552 -0.0669998899
v 0.0055226814 0.0139466468 -0.0669999346
vn 1.21320882e-05 2.49250115e-17 -1
f 3598//1200 3599//1200 3600//1200
v 0.0145642692 0.0162634552 -0.0669998229
v 0.0055226814 0.0139466468 -0.0669999346
v 0.00188081129 0.0148817208 -0.0669999793
vn 1.21320882e-05 2.49250115e-17 -1
f 3601//1201 3602//1201 3603//1201
v -0.014910331 -1.5764073e-15 -0.0670001805
v -0.016262643 0.0145634562 -0.0670001954
v -0.0147334961 0.00281071966 -0.0670001805
vn 1.21320882e-05 2.49250115e-17 -1
f 3604//1202 3605//1202 3606//1202
v -0.0145626431 0.0162634552 -0.067000173
v 8.12850715e-07 0.0199999996 -0.0670000017
v 8.12850715e-07 0.0148817208 -0.0670000017
vn 1.21320882e-05 2.49250115e-17 -1
f 3607//1203 3608//1203 3609//1203
v 8.12850715e-07 0.0148817208 -0.0670000017
v 8.12850715e-07 0.0199999996 -0.0670000017
v 0.014792026 0.0171134565 -0.0669998229
vn 1.21320882e-05 2.49250115e-17 -1
f 3610//1204 3611//1204 3612//1204
v 8.12850715e-07 0.0148817208 -0.0670000017
v 0.014792026 0.0171134565 -0.0669998229
v 0.0145642692 0.0162634552 -0.0669998229
vn 1.21320882e-05 2.49250115e-17 -1
f 3613//1205 3614//1205 3615//1205
v -0.0177348871 0.0154134557 -0.0670002177
v -0.0199991874 -1.5506125e-15 -0.0670002401
v -0.0179626439 0.0162634552 -0.0670002177
vn 1.21320882e-05 2.49250115e-17 -1
f 3616//1206 3617//1206 3618//1206
v -0.0179626439 0.0162634552 -0.0670002177
v -0.0199991874 -1.5506125e-15 -0.0670002401
v -0.0199991874 0.0170000009 -0.0670002401
vn 1.21320882e-05 2.49250115e-17 -1
f 3619//1207 3620//1207 3621//1207
v -0.0179626439 0.0162634552 -0.0670002177
v -0.0199991874 0.0170000009 -0.0670002401
v -0.0177348871 0.0171134565 -0.0670002177
vn 1.21320882e-05 2.49250115e-17 -1
f 3622//1208 3623//1208 3624//1208
v -0.0177348871 0.0171134565 -0.0670002177
v -0.0199991874 0.0170000009 -0.0670002401
v -0.019597264 0.0185000002 -0.0670002401
vn 1.21320882e-05 2.49250115e-17 -1
f 3625//1209 3626//1209 3627//1209
v -0.0177348871 0.0171134565 -0.0670002177
v -0.019597264 0.0185000002 -0.0670002401
v -0.0171126444 0.0177356992 -0.0670002103
vn 1.21320882e-05 2.49250115e-17 -1
f 3628//1210 3629//1210 3630//1210
v -0.0171126444 0.0177356992 -0.0670002103
v -0.019597264 0.0185000002 -0.0670002401
v -0.0184991881 0.0195980761 -0.0670002252
vn 1.21320882e-05 2.49250115e-17 -1
f 3631//1211 3632//1211 3633//1211
v -0.0171126444 0.0177356992 -0.0670002103
v -0.0184991881 0.0195980761 -0.0670002252
v -0.016262643 0.017963456 -0.0670001954
vn 1.21320882e-05 2.49250115e-17 -1
f 3634//1212 3635//1212 3636//1212
v -0.016262643 0.017963456 -0.0670001954
v -0.0184991881 0.0195980761 -0.0670002252
v -0.0169991888 0.0199999996 -0.0670002028
vn 1.21320882e-05 2.49250115e-17 -1
f 3637//1213 3638//1213 3639//1213
v -0.016262643 0.017963456 -0.0670001954
v -0.0169991888 0.0199999996 -0.0670002028
v -0.0154126426 0.0177356992 -0.0670001879
vn 1.21320882e-05 2.49250115e-17 -1
f 3640//1214 3641//1214 3642//1214
v -0.0154126426 0.0177356992 -0.0670001879
v -0.0169991888 0.0199999996 -0.0670002028
v 8.12850715e-07 0.0199999996 -0.0670000017
vn 1.21320882e-05 2.49250115e-17 -1
f 3643//1215 3644//1215 3645//1215
v -0.0154126426 0.0177356992 -0.0670001879
v 8.12850715e-07 0.0199999996 -0.0670000017
v -0.0147903999 0.0171134565 -0.0670001805
vn 1.21320882e-05 2.49250115e-17 -1
f 3646//1216 3647//1216 3648//1216
v -0.0147903999 0.0171134565 -0.0670001805
v 8.12850715e-07 0.0199999996 -0.0670000017
v -0.0145626431 0.0162634552 -0.067000173
vn 1.21320882e-05 2.49250115e-17 -1
f 3649//1217 3650//1217 3651//1217
v 8.12850715e-07 0.0148817208 -0.0670000017
v -0.00187918567 0.0148817208 -0.067000024
v -0.0145626431 0.0162634552 -0.067000173
vn 1.21320882e-05 2.49250115e-17 -1
f 3652//1218 3653//1218 3654//1218
v -0.0145626431 0.0162634552 -0.067000173
v -0.00187918567 0.0148817208 -0.067000024
v -0.00552105531 0.0139466468 -0.0670000687
vn 1.21320882e-05 2.49250115e-17 -1
f 3655//1219 3656//1219 3657//1219
v -0.0145626431 0.0162634552 -0.067000173
v -0.00552105531 0.0139466468 -0.0670000687
v -0.0147903999 0.0154134557 -0.0670001805
vn 1.21320882e-05 2.49250115e-17 -1
f 3658//1220 3659//1220 3660//1220
v -0.0147903999 0.0154134557 -0.0670001805
v -0.00552105531 0.0139466468 -0.0670000687
v -0.00881596562 0.0121352552 -0.067000106
vn 1.21320882e-05 2.49250115e-17 -1
f 3661//1221 3662//1221 3663//1221
v -0.0147903999 0.0154134557 -0.0670001805
v -0.00881596562 0.0121352552 -0.067000106
v -0.0154126426 0.014791213 -0.0670001879
vn 1.21320882e-05 2.49250115e-17 -1
f 3664//1222 3665//1222 3666//1222
v -0.0154126426 0.014791213 -0.0670001879
v -0.00881596562 0.0121352552 -0.067000106
v -0.0115568852 0.00956135988 -0.0670001432
vn 1.21320882e-05 2.49250115e-17 -1
f 3667//1223 3668//1223 3669//1223
v -0.0154126426 0.014791213 -0.0670001879
v -0.0115568852 0.00956135988 -0.0670001432
v -0.016262643 0.0145634562 -0.0670001954
vn 1.21320882e-05 2.49250115e-17 -1
f 3670//1224 3671//1224 3672//1224
v -0.016262643 0.0145634562 -0.0670001954
v -0.0115568852 0.00956135988 -0.0670001432
v -0.013571593 0.00638668938 -0.0670001656
vn 1.21320882e-05 2.49250115e-17 -1
f 3673//1225 3674//1225 3675//1225
v -0.016262643 0.0145634562 -0.0670001954
v -0.013571593 0.00638668938 -0.0670001656
v -0.0147334961 0.00281071966 -0.0670001805
vn 1.21320882e-05 2.49250115e-17 -1
f 3676//1226 3677//1226 3678//1226
v -0.016262643 -0.0145634562 -0.0670001954
v -0.0171126444 -0.014791213 -0.0670002103
v -0.0199991874 -1.5506125e-15 -0.0670002401
vn 1.21320882e-05 2.49250115e-17 -1
f 3679//1227 3680//1227 3681//1227
v -0.0199991874 -1.5506125e-15 -0.0670002401
v -0.0171126444 -0.014791213 -0.0670002103
v -0.0177348871 -0.0154134557 -0.0670002177
vn 1.21320882e-05 2.49250115e-17 -1
f 3682//1228 3683//1228 3684//1228
v -0.0199991874 -1.5506125e-15 -0.0670002401
v -0.0177348871 -0.0154134557 -0.0670002177
v -0.0199991874 -0.0170000009 -0.0670002401
vn 1.21320882e-05 2.49250115e-17 -1
f 3685//1229 3686//1229 3687//1229
v -0.0199991874 -0.0170000009 -0.0670002401
v -0.0177348871 -0.0154134557 -0.0670002177
v -0.0179626439 -0.0162634552 -0.0670002177
vn 1.21320882e-05 2.49250115e-17 -1
f 3688//1230 3689//1230 3690//1230
v -0.0199991874 -0.0170000009 -0.0670002401
v -0.0179626439 -0.0162634552 -0.0670002177
v -0.019597264 -0.0185000002 -0.0670002401
vn 1.21320882e-05 2.49250115e-17 -1
f 3691//1231 3692//1231 3693//1231
v -0.019597264 -0.0185000002 -0.0670002401
v -0.0179626439 -0.0162634552 -0.0670002177
v -0.0177348871 -0.0171134565 -0.0670002177
vn 1.21320882e-05 2.49250115e-17 -1
f 3694//1232 3695//1232 3696//1232
v -0.019597264 -0.0185000002 -0.0670002401
v -0.0177348871 -0.0171134565 -0.0670002177
v -0.0184991881 -0.0195980761 -0.0670002252
vn 1.21320882e-05 2.49250115e-17 -1
f 3697//1233 3698//1233 3699//1233
v -0.0184991881 -0.0195980761 -0.0670002252
v -0.0177348871 -0.0171134565 -0.0670002177
v -0.0171126444 -0.0177356992 -0.0670002103
vn 1.21320882e-05 2.49250115e-17 -1
f 3700//1234 3701//1234 3702//1234
v -0.0184991881 -0.0195980761 -0.0670002252
v -0.0171126444 -0.0177356992 -0.0670002103
v -0.0169991888 -0.0199999996 -0.0670002028
vn 1.21320882e-05 2.49250115e-17 -1
f 3703//1235 3704//1235 3705//1235
v -0.0169991888 -0.0199999996 -0.0670002028
v -0.0171126444 -0.0177356992 -0.0670002103
v -0.016262643 -0.017963456 -0.0670001954
vn 1.21320882e-05 2.49250115e-17 -1
f 3706//1236 3707//1236 3708//1236
v -0.0169991888 -0.0199999996 -0.0670002028
v -0.016262643 -0.017963456 -0.0670001954
v 8.12850715e-07 -0.0199999996 -0.0670000017
vn 1.21320882e-05 2.49250115e-17 -1
f 3709//1237 3710//1237 3711//1237
v -0.0145626431 -0.0162634552 -0.067000173
v -0.0147903999 -0.0154134557 -0.0670001805
v -0.00722549204 -0.0131446002 -0.0670000911
vn 1.21320882e-05 2.49250115e-17 -1
f 3712//1238 3713//1238 3714//1238
v -0.0177348871 0.0154134557 -0.0670002177
v -0.0171126444 0.014791213 -0.0670002103
v -0.0199991874 -1.5506125e-15 -0.0670002401
vn 1.21320882e-05 2.49250115e-17 -1
f 3715//1239 3716//1239 3717//1239
v -0.0199991874 -1.5506125e-15 -0.0670002401
v -0.0171126444 0.014791213 -0.0670002103
v -0.014910331 -1.5764073e-15 -0.0670001805
vn 1.21320882e-05 2.49250115e-17 -1
f 3718//1240 3719//1240 3720//1240
v -0.0199991874 -1.5506125e-15 -0.0670002401
v -0.014910331 -1.5764073e-15 -0.0670001805
v -0.016262643 -0.0145634562 -0.0670001954
vn 1.21320882e-05 2.49250115e-17 -1
f 3721//1241 3722//1241 3723//1241
v -0.016262643 -0.0145634562 -0.0670001954
v -0.014910331 -1.5764073e-15 -0.0670001805
v -0.0149695883 -0.000941857812 -0.0670001805
vn 1.21320882e-05 2.49250115e-17 -1
f 3724//1242 3725//1242 3726//1242
v -0.016262643 -0.0145634562 -0.0670001954
v -0.0149695883 -0.000941857812 -0.0670001805
v -0.0154126426 -0.014791213 -0.0670001879
vn 1.21320882e-05 2.49250115e-17 -1
f 3727//1243 3728//1243 3729//1243
v -0.016262643 -0.017963456 -0.0670001954
v -0.0154126426 -0.0177356992 -0.0670001879
v 8.12850715e-07 -0.0199999996 -0.0670000017
vn 1.21320882e-05 2.49250115e-17 -1
f 3730//1244 3731//1244 3732//1244
v 8.12850715e-07 -0.0199999996 -0.0670000017
v -0.0154126426 -0.0177356992 -0.0670001879
v -0.0147903999 -0.0171134565 -0.0670001805
vn 1.21320882e-05 2.49250115e-17 -1
f 3733//1245 3734//1245 3735//1245
v 8.12850715e-07 -0.0199999996 -0.0670000017
v -0.0147903999 -0.0171134565 -0.0670001805
v 8.12850715e-07 -0.0149999997 -0.0670000017
vn 1.21320882e-05 2.49250115e-17 -1
f 3736//1246 3737//1246 3738//1246
v 8.12850715e-07 -0.0149999997 -0.0670000017
v -0.0147903999 -0.0171134565 -0.0670001805
v -0.0145626431 -0.0162634552 -0.067000173
vn 1.21320882e-05 2.49250115e-17 -1
f 3739//1247 3740//1247 3741//1247
v 8.12850715e-07 -0.0149999997 -0.0670000017
v -0.0145626431 -0.0162634552 -0.067000173
v -0.0037295355 -0.0145287476 -0.0670000464
vn 1.21320882e-05 2.49250115e-17 -1
f 3742//1248 3743//1248 3744//1248
v -0.0037295355 -0.0145287476 -0.0670000464
v -0.0145626431 -0.0162634552 -0.067000173
v -0.00722549204 -0.0131446002 -0.0670000911
vn 1.21320882e-05 2.49250115e-17 -1
f 3745//1249 3746//1249 3747//1249
v -0.0149695883 -0.000941857812 -0.0670001805
v -0.0142650343 -0.00463525485 -0.067000173
v -0.0154126426 -0.014791213 -0.0670001879
vn 1.21320882e-05 2.49250115e-17 -1
f 3748//1250 3749//1250 3750//1250
v -0.0154126426 -0.014791213 -0.0670001879
v -0.0142650343 -0.00463525485 -0.067000173
v -0.0126641057 -0.00803740229 -0.0670001507
vn 1.21320882e-05 2.49250115e-17 -1
f 3751//1251 3752//1251 3753//1251
v -0.0154126426 -0.014791213 -0.0670001879
v -0.0126641057 -0.00803740229 -0.0670001507
v -0.0147903999 -0.0154134557 -0.0670001805
vn 1.21320882e-05 2.49250115e-17 -1
f 3754//1252 3755//1252 3756//1252
v -0.0147903999 -0.0154134557 -0.0670001805
v -0.0126641057 -0.00803740229 -0.0670001507
v -0.0102673937 -0.0109345298 -0.0670001209
vn 1.21320882e-05 2.49250115e-17 -1
f 3757//1253 3758//1253 3759//1253
v -0.0147903999 -0.0154134557 -0.0670001805
v -0.0102673937 -0.0109345298 -0.0670001209
v -0.00722549204 -0.0131446002 -0.0670000911
vn 1.21320882e-05 2.49250115e-17 -1
f 3760//1254 3761//1254 3762//1254
v 0.0200007521 0.0170000009 -0.0619997568
v 0.0200008117 0.0170000009 -0.0669997558
v 0.0195988882 0.0185000002 -0.0669997633
vn 0.965925872 0.258818954 1.17186983e-05
f 3763//1255 3764//1255 3765//1255
v 0.0200007521 0.0170000009 -0.0619997568
v 0.0195988882 0.0185000002 -0.0669997633
v 0.0195988286 0.0185000002 -0.0619997606
vn 0.965925872 0.258818954 1.17186983e-05
f 3766//1256 3767//1256 3768//1256
v 0.0195988286 0.0185000002 -0.0619997606
v 0.0195988882 0.0185000002 -0.0669997633
v 0.0185008124 0.0195980761 -0.0669997782
vn 0.707106769 0.707106769 8.57868235e-06
f 3769//1257 3770//1257 3771//1257
v 0.0195988286 0.0185000002 -0.0619997606
v 0.0185008124 0.0195980761 -0.0669997782
v 0.0185007527 0.0195980761 -0.0619997755
vn 0.707106769 0.707106769 8.57868235e-06
f 3772//1258 3773//1258 3774//1258
v 0.0185007527 0.0195980761 -0.0619997755
v 0.0185008124 0.0195980761 -0.0669997782
v 0.017000813 0.0199999996 -0.0669997931
vn 0.258818954 0.965925872 3.14001431e-06
f 3775//1259 3776//1259 3777//1259
v 0.0185007527 0.0195980761 -0.0619997755
v 0.017000813 0.0199999996 -0.0669997931
v 0.0170007534 0.0199999996 -0.0619997941
vn 0.258818954 0.965925872 3.14001431e-06
f 3778//1260 3779//1260 3780//1260
v 0.0162642077 0.017963456 -0.0619998015
v 0.0106725115 0.0197249893 -0.0619998723
v 0.0154142082 0.0177356992 -0.0619998127
vn -1.21320882e-05 -2.49250115e-17 1
f 3781//1261 3782//1261 3783//1261
v 0.0154142082 0.0177356992 -0.0619998127
v 0.0106725115 0.0197249893 -0.0619998723
v 0.0116972271 0.0189503767 -0.0619998574
vn -1.21320882e-05 -2.49250115e-17 1
f 3784//1262 3785//1262 3786//1262
v 0.00941774715 0.0199999996 -0.0619998872
v 0.0106725115 0.0197249893 -0.0619998723
v 0.0170007534 0.0199999996 -0.0619997941
vn -1.21320882e-05 -2.49250115e-17 1
f 3787//1263 3788//1263 3789//1263
v 0.0170007534 0.0199999996 -0.0619997941
v 0.0106725115 0.0197249893 -0.0619998723
v 0.0162642077 0.017963456 -0.0619998015
vn -1.21320882e-05 -2.49250115e-17 1
f 3790//1264 3791//1264 3792//1264
v 0.0170007534 0.0199999996 -0.0619997941
v 0.0162642077 0.017963456 -0.0619998015
v 0.0185007527 0.0195980761 -0.0619997755
vn -1.21320882e-05 -2.49250115e-17 1
f 3793//1265 3794//1265 3795//1265
v 0.0185007527 0.0195980761 -0.0619997755
v 0.0162642077 0.017963456 -0.0619998015
v 0.017114209 0.0177356992 -0.0619997941
vn -1.21320882e-05 -2.49250115e-17 1
f 3796//1266 3797//1266 3798//1266
v 0.0185007527 0.0195980761 -0.0619997755
v 0.017114209 0.0177356992 -0.0619997941
v 0.0195988286 0.0185000002 -0.0619997606
vn -1.21320882e-05 -2.49250115e-17 1
f 3799//1267 3800//1267 3801//1267
v 0.0195988286 0.0185000002 -0.0619997606
v 0.017114209 0.0177356992 -0.0619997941
v 0.0177364517 0.0171134565 -0.0619997866
vn -1.21320882e-05 -2.49250115e-17 1
f 3802//1268 3803//1268 3804//1268
v 0.0195988286 0.0185000002 -0.0619997606
v 0.0177364517 0.0171134565 -0.0619997866
v 0.0200007521 0.0170000009 -0.0619997568
vn -1.21320882e-05 -2.49250115e-17 1
f 3805//1269 3806//1269 3807//1269
v 0.0200007521 0.0170000009 -0.0619997568
v 0.0177364517 0.0171134565 -0.0619997866
v 0.0179642085 0.0162634552 -0.0619997829
vn -1.21320882e-05 -2.49250115e-17 1
f 3808//1270 3809//1270 3810//1270
v 0.0200007521 0.0170000009 -0.0619997568
v 0.0179642085 0.0162634552 -0.0619997829
v 0.0177364517 0.0154134557 -0.0619997866
vn -1.21320882e-05 -2.49250115e-17 1
f 3811//1271 3812//1271 3813//1271
v 0.0200007521 0.00941699464 -0.0619997568
v 0.0200007521 0.0170000009 -0.0619997568
v 0.0197257418 0.010671759 -0.0619997606
vn -1.21320882e-05 -2.49250115e-17 1
f 3814//1272 3815//1272 3816//1272
v 0.0197257418 0.010671759 -0.0619997606
v 0.0200007521 0.0170000009 -0.0619997568
v 0.0177364517 0.0154134557 -0.0619997866
vn -1.21320882e-05 -2.49250115e-17 1
f 3817//1273 3818//1273 3819//1273
v 0.0197257418 0.010671759 -0.0619997606
v 0.0177364517 0.0154134557 -0.0619997866
v 0.0189511292 0.0116964746 -0.0619997717
vn -1.21320882e-05 -2.49250115e-17 1
f 3820//1274 3821//1274 3822//1274
v 0.0189511292 0.0116964746 -0.0619997717
v 0.0177364517 0.0154134557 -0.0619997866
v 0.017114209 0.014791213 -0.0619997941
vn -1.21320882e-05 -2.49250115e-17 1
f 3823//1275 3824//1275 3825//1275
v 0.0189511292 0.0116964746 -0.0619997717
v 0.017114209 0.014791213 -0.0619997941
v 0.0178189352 0.0123032685 -0.0619997829
vn -1.21320882e-05 -2.49250115e-17 1
f 3826//1276 3827//1276 3828//1276
v 0.0178189352 0.0123032685 -0.0619997829
v 0.017114209 0.014791213 -0.0619997941
v 0.0162642077 0.0145634562 -0.0619998015
vn -1.21320882e-05 -2.49250115e-17 1
f 3829//1277 3830//1277 3831//1277
v 0.0178189352 0.0123032685 -0.0619997829
v 0.0162642077 0.0145634562 -0.0619998015
v 0.0153806796 0.0134689268 -0.0619998127
vn -1.21320882e-05 -2.49250115e-17 1
f 3832//1278 3833//1278 3834//1278
v 0.0153806796 0.0134689268 -0.0619998127
v 0.0162642077 0.0145634562 -0.0619998015
v 0.0154142082 0.014791213 -0.0619998127
vn -1.21320882e-05 -2.49250115e-17 1
f 3835//1279 3836//1279 3837//1279
v 0.0153806796 0.0134689268 -0.0619998127
v 0.0154142082 0.014791213 -0.0619998127
v 0.0134696793 0.0153799271 -0.0619998351
vn -1.21320882e-05 -2.49250115e-17 1
f 3838//1280 3839//1280 3840//1280
v 0.0134696793 0.0153799271 -0.0619998351
v 0.0154142082 0.014791213 -0.0619998127
v 0.0147919655 0.0154134557 -0.0619998202
vn -1.21320882e-05 -2.49250115e-17 1
f 3841//1281 3842//1281 3843//1281
v 0.0134696793 0.0153799271 -0.0619998351
v 0.0147919655 0.0154134557 -0.0619998202
v 0.012304021 0.0178181827 -0.06199985
vn -1.21320882e-05 -2.49250115e-17 1
f 3844//1282 3845//1282 3846//1282
v 0.012304021 0.0178181827 -0.06199985
v 0.0147919655 0.0154134557 -0.0619998202
v 0.0145642087 0.0162634552 -0.0619998239
vn -1.21320882e-05 -2.49250115e-17 1
f 3847//1283 3848//1283 3849//1283
v 0.012304021 0.0178181827 -0.06199985
v 0.0145642087 0.0162634552 -0.0619998239
v 0.0116972271 0.0189503767 -0.0619998574
vn -1.21320882e-05 -2.49250115e-17 1
f 3850//1284 3851//1284 3852//1284
v 0.0116972271 0.0189503767 -0.0619998574
v 0.0145642087 0.0162634552 -0.0619998239
v 0.0147919655 0.0171134565 -0.0619998202
vn -1.21320882e-05 -2.49250115e-17 1
f 3853//1285 3854//1285 3855//1285
v 0.0116972271 0.0189503767 -0.0619998574
v 0.0147919655 0.0171134565 -0.0619998202
v 0.0154142082 0.0177356992 -0.0619998127
vn -1.21320882e-05 -2.49250115e-17 1
f 3856//1286 3857//1286 3858//1286
v 0.01781822 0.0123032685 -0.0029997807
v 0.0186791867 0.0119030476 -0.00299977046
v 0.0178189352 0.0123032685 -0.0619997829
vn 0.42153272 0.906813204 5.11407234e-06
f 3859//1287 3860//1287 3861//1287
v 0.0178189352 0.0123032685 -0.0619997829
v 0.0186791867 0.0119030476 -0.00299977046
v 0.0189511292 0.0116964746 -0.0619997717
vn 0.472379357 0.881394863 -0.000908679038
f 3862//1288 3863//1288 3864//1288
v 0.0186791867 0.0119030476 -0.00299977046
v 0.0189256612 0.0116702653 -0.00299976743
v 0.0189511292 0.0116964746 -0.0619997717
vn 0.686624527 0.727011979 0.000619351573
f 3865//1289 3866//1289 3867//1289
v 0.0189511292 0.0116964746 -0.0619997717
v 0.0189256612 0.0116702653 -0.00299976743
v 0.0193861648 0.0112353433 -0.00299976184
vn 0.686625063 0.727011442 0.000619351573
f 3868//1290 3869//1290 3870//1290
v 0.0189511292 0.0116964746 -0.0619997717
v 0.0193861648 0.0112353433 -0.00299976184
v 0.0197257418 0.010671759 -0.0619997606
vn 0.797723293 0.603022516 -0.00116889994
f 3871//1291 3872//1291 3873//1291
v 0.0200000368 0.00941699464 -0.00299975439
v 0.0200007521 0.00941699464 -0.0619997568
v 0.0198424291 0.0103765819 -0.00299975625
vn 0.986778617 0.162073776 1.1971686e-05
f 3874//1292 3875//1292 3876//1292
v 0.0198424291 0.0103765819 -0.00299975625
v 0.0200007521 0.00941699464 -0.0619997568
v 0.0197257418 0.010671759 -0.0619997606
vn 0.976813376 0.214090928 -0.000860786648
f 3877//1293 3878//1293 3879//1293
v 0.0198424291 0.0103765819 -0.00299975625
v 0.0197257418 0.010671759 -0.0619997606
v 0.0196942799 0.0106554236 -0.00299975812
vn 0.883096457 0.469191074 0.000600827509
f 3880//1294 3881//1294 3882//1294
v 0.0196942799 0.0106554236 -0.00299975812
v 0.0197257418 0.010671759 -0.0619997606
v 0.0193861648 0.0112353433 -0.00299976184
vn 0.883094907 0.469193995 0.000600827509
f 3883//1295 3884//1295 3885//1295
v 0.0200000368 -0.00941699464 -0.00299975439
v 0.0200000368 0.00941699464 -0.00299975439
v 0.0197689477 -0.00941699464 -0.0018451853
vn 0.980552197 -4.97519413e-15 0.19625853
f 3886//1296 3887//1296 3888//1296
v 0.0197689477 -0.00941699464 -0.0018451853
v 0.0200000368 0.00941699464 -0.00299975439
v 0.0197716616 0.00941699464 -0.001851712
vn 0.980782926 -7.37193986e-05 0.19510217
f 3889//1297 3890//1297 3891//1297
v 0.0197689477 -0.00941699464 -0.0018451853
v 0.0197716616 0.00941699464 -0.001851712
v 0.0195556246 -0.00941699464 -0.00152835948
vn 0.829496682 7.40156102e-05 0.558511615
f 3892//1298 3893//1298 3894//1298
v 0.0195556246 -0.00941699464 -0.00152835948
v 0.0197716616 0.00941699464 -0.001851712
v 0.0195555054 0.00941699464 -0.00152821792
vn 0.831464171 1.08698373e-06 0.555578351
f 3895//1299 3896//1299 3897//1299
v 0.0195556246 -0.00941699464 -0.00152835948
v 0.0195555054 0.00941699464 -0.00152821792
v 0.0191113111 -0.00941699464 -0.000868474366
vn 0.829494178 1.05243976e-06 0.55851531
f 3898//1300 3899//1300 3900//1300
v 0.0191113111 -0.00941699464 -0.000868474366
v 0.0195555054 0.00941699464 -0.00152821792
v 0.0191213321 0.00941699464 -0.000878450577
vn 0.831461906 -0.000148115607 0.555581808
f 3901//1301 3902//1301 3903//1301
v 0.0191113111 -0.00941699464 -0.000868474366
v 0.0191213321 0.00941699464 -0.000878450577
v 0.0184708107 -0.00941699464 -0.000445952261
vn 0.550653517 0.000149160871 0.834733903
f 3904//1302 3905//1302 3906//1302
v 0.0184708107 -0.00941699464 -0.000445952261
v 0.0191213321 0.00941699464 -0.000878450577
v 0.0184715483 0.00941699464 -0.000444290781
vn 0.555559933 -9.5107971e-05 0.83147645
f 3907//1303 3908//1303 3909//1303
v 0.0184708107 -0.00941699464 -0.000445952261
v 0.0184715483 0.00941699464 -0.000444290781
v 0.0181284323 -0.00941699464 -0.000220092057
vn 0.550657272 -9.52031114e-05 0.83473146
f 3910//1304 3911//1304 3912//1304
v 0.0181284323 -0.00941699464 -0.000220092057
v 0.0184715483 0.00941699464 -0.000444290781
v 0.0181480516 0.00941699464 -0.000228138451
vn 0.555569232 -0.000223509065 0.831470251
f 3913//1305 3914//1305 3915//1305
v 0.0181284323 -0.00941699464 -0.000220092057
v 0.0181480516 0.00941699464 -0.000228138451
v 0.0170000009 -0.00941699464 2.07914098e-07
vn 0.191609293 0.000219711917 0.981471241
f 3916//1306 3917//1306 3918//1306
v 0.0170000009 -0.00941699464 2.07914098e-07
v 0.0181480516 0.00941699464 -0.000228138451
v 0.0170000009 0.00941699464 2.07914098e-07
vn 0.195077762 -1.01333008e-15 0.980787754
f 3919//1307 3920//1307 3921//1307
v 0.0200008117 0.0170000009 -0.0669997558
v 0.0200007521 0.0170000009 -0.0619997568
v 0.0200008117 -1.75336731e-15 -0.0669997558
vn 1 -5.0688692e-15 1.21320882e-05
f 3922//1308 3923//1308 3924//1308
v 0.0200008117 -1.75336731e-15 -0.0669997558
v 0.0200007521 0.0170000009 -0.0619997568
v 0.0200007521 0.00941699464 -0.0619997568
vn 1 -5.0688692e-15 1.21320882e-05
f 3925//1309 3926//1309 3927//1309
v 0.0200008117 -1.75336731e-15 -0.0669997558
v 0.0200007521 0.00941699464 -0.0619997568
v 0.0200000368 0.00941699464 -0.00299975439
vn 1 -5.0688692e-15 1.21320882e-05
f 3928//1310 3929//1310 3930//1310
v 0.0200007521 -0.0170000009 -0.0619997568
v 0.0200008117 -0.0170000009 -0.0669997558
v 0.0200007521 -0.00941699464 -0.0619997568
vn 1 -5.0688692e-15 1.21320882e-05
f 3931//1311 3932//1311 3933//1311
v 0.0200007521 -0.00941699464 -0.0619997568
v 0.0200008117 -0.0170000009 -0.0669997558
v 0.0200008117 -1.75336731e-15 -0.0669997558
vn 1 -5.0688692e-15 1.21320882e-05
f 3934//1312 3935//1312 3936//1312
v 0.0200007521 -0.00941699464 -0.0619997568
v 0.0200008117 -1.75336731e-15 -0.0669997558
v 0.0200000368 -0.00941699464 -0.00299975439
vn 1 -5.0688692e-15 1.21320882e-05
f 3937//1313 3938//1313 3939//1313
v 0.0200000368 -0.00941699464 -0.00299975439
v 0.0200008117 -1.75336731e-15 -0.0669997558
v 0.0200000368 0.00941699464 -0.00299975439
vn 1 -5.0688692e-15 1.21320882e-05
f 3940//1314 3941//1314 3942//1314
